重复序号,有效标志,抽样技术误差标准差,达标事件数,一组方案贝叶斯信息准则,两组方案贝叶斯信息准则,贝叶斯信息准则两组挑战胜出标志,两组切点,两组低BMI组人数,两组高BMI组人数,固定效应_孕周标准化,固定效应_首次BMI标准化,固定效应_首次年龄标准化,固定效应_首次身高标准化,固定效应_首次生产次数,一组第1组_12周0天已达标比例,一组第1组_13周0天已达标比例,一组第1组_25周0天已达标比例,两组第1组_12周0天已达标比例,两组第1组_13周0天已达标比例,两组第1组_25周0天已达标比例,两组第2组_12周0天已达标比例,两组第2组_13周0天已达标比例,两组第2组_25周0天已达标比例,失败信息
1,1,0.005514184765269046,486,204.2137635529677,210.55187660411053,0,36.43617476,151,16,0.3554797938555834,-0.10082394532551983,-0.10255228570412404,-0.06696331061593565,0.1991056423263662,0.6311233222277258,0.6645074750183628,0.9243509895711954,0.6580746174256793,0.6911518878585411,0.9346433945979099,0.3971902601662328,0.4260398024269928,0.790871421635416,
2,1,0.004596228240775824,494,202.9211053232369,208.54307071871273,0,36.696902405,152,15,0.3456729560342459,-0.12370394761962576,-0.07772610062401873,-0.043818529606836264,0.1741368891968804,0.6450038119784314,0.6811101556340348,0.9271600800962911,0.674025808084472,0.7094672747521384,0.9371007130554189,0.43353814604916013,0.4678417516131603,0.8261561964532217,
3,1,0.004795181620145966,482,211.20779419403212,214.43361081816738,0,31.269159645000002,90,77,0.33819869990593665,-0.13392985568431126,-0.08672974432165537,-0.04684673627900591,0.1795718664834896,0.6351745146891677,0.6696547111635301,0.9137517587195403,0.7528859521116975,0.7828431611104533,0.9533289868122139,0.5191517789439801,0.5545006892892128,0.8612880015735659,
4,1,0.004179521674603277,485,210.3377847837565,217.28002807024785,0,29.756464415,48,119,0.3495038944752693,-0.12277577475925232,-0.08828907609297887,-0.05234219510773766,0.18028183905936784,0.6234480657480101,0.6588141493883213,0.9246179940680787,0.7228204079212895,0.7551680833530939,0.9568121052135288,0.5839448260881952,0.6197705974981955,0.9088306336309958,
5,1,0.004728318966828087,484,212.8948193100071,218.71852985159643,0,36.999319045,153,14,0.3490726124088513,-0.12898243403985188,-0.07622000993032528,-0.025640641401410466,0.18964397977240058,0.636261915993491,0.667087157181563,0.9213565245206045,0.6624500450890776,0.6923410202552249,0.9311156035519667,0.3430106631642968,0.3745127244115305,0.7493853580470452,
6,1,0.006005917542351808,477,213.00826743825846,217.8023697371999,0,36.43617476,151,16,0.3627717966257473,-0.12014016913658469,-0.0772987678059664,-0.04240062273743336,0.17888775735563095,0.5990876490440655,0.6364271920851557,0.9201080860449791,0.6308024713200855,0.6676999868241263,0.9315159976322404,0.3485569750216557,0.380657740064549,0.7825027072854571,
7,1,0.004483773932620183,479,213.93311350443705,220.5277826730993,0,36.43617476,151,16,0.3469524765231099,-0.12450315519958421,-0.0817183165464765,-0.03833592471062181,0.18769996113434742,0.6187160044189158,0.6533660610181307,0.9123664402983916,0.6450024686667827,0.679067052652262,0.9224060907181386,0.43155258487900333,0.46571049562596245,0.8182391096719266,
8,1,0.005547872792986714,491,208.20500395836078,213.11030712473809,0,36.43617476,151,16,0.35258290249631913,-0.1245246672648068,-0.07936205526733747,-0.03765203039783497,0.17040415863399241,0.6435857859165952,0.6789326440773178,0.9288345536843574,0.6743342012155685,0.7089535285701413,0.9393388350280368,0.34936054133299355,0.379800981488039,0.7674383900506514,
9,1,0.005207869300741737,482,214.52685568078357,218.9746164094517,0,36.999319045,153,14,0.34092043298739916,-0.12642935510038913,-0.08759079602578713,-0.05483892735280399,0.18409463414011987,0.6222638098746944,0.6577364412164314,0.9120903956190871,0.6548835074406517,0.689635180117888,0.9243092426963291,0.33720769492160857,0.3681256561402853,0.7501807500263068,
10,1,0.00456401968605737,483,210.47154609004656,216.589159579269,0,36.43617476,151,16,0.33689451339704274,-0.1269506115058261,-0.09455252776627214,-0.03796324419387628,0.20279189511427922,0.6337119443593121,0.6680705408103046,0.9099119674191928,0.6601107482186541,0.6938705231629646,0.9201020141319247,0.4354566778126784,0.46903145088926285,0.8099001203157054,
11,1,0.003744830704611922,484,210.81596777455226,215.95744875111905,0,36.43617476,151,16,0.35580104587542777,-0.12476454673369702,-0.0852579540398419,-0.039695749037250906,0.1779904755859878,0.6129770987152102,0.6497413281046251,0.9187415943859526,0.6445864435464254,0.6809816323755287,0.9303638371864573,0.3444740708743643,0.37438169138530664,0.7663108475042704,
12,1,0.003984912244306306,487,210.4777022652637,215.96029568281887,0,36.43617476,151,16,0.36064608038385737,-0.12398395316370242,-0.09283354553819684,-0.0450325437607901,0.1777337717798146,0.6212200049857126,0.6582648538203835,0.9239149655715275,0.6520791822377194,0.6885485637440414,0.9346353962562367,0.34033748593309565,0.37159950821426807,0.7703376716215562,
13,1,0.006485733828687036,476,216.7153931683541,221.96082166644624,0,36.43617476,151,16,0.3406875276087532,-0.13050250457872523,-0.06181983695904263,-0.04393826750832668,0.18803988168792038,0.6100061522314522,0.6448597335014447,0.9037821442053683,0.6400155921865667,0.674371205407643,0.9158167257160428,0.33324712417959446,0.3628699632305987,0.7393517668009812,
14,1,0.008171798074771993,479,213.20728921590037,219.46705355828578,0,29.756464415,48,119,0.35188611010846416,-0.10468654566773254,-0.0930031351131014,-0.048541465255988715,0.20247849357251518,0.621148037886426,0.6541091383675444,0.9052273935716763,0.7686577043633109,0.7963073305382556,0.9572853088312828,0.5765660330776241,0.6100193836430645,0.8850504840846208,
15,1,0.004863189469709719,483,211.45265444153407,217.44224382567745,0,29.716817785,44,123,0.34423952411225456,-0.1440505437460272,-0.08641473721521221,-0.029144883926770844,0.1814191253979465,0.6207678089597835,0.6569158119141442,0.9142765490837832,0.7494178107884033,0.7811136762755507,0.9563658273981747,0.5777740193304333,0.6143754297671882,0.8967023527045184,
16,1,0.003675906569549812,480,212.67152279699823,218.47265000909022,0,36.43617476,151,16,0.35821607070123007,-0.11479989402448118,-0.08770729350263146,-0.03563635186469912,0.18867132325469155,0.6062135566335699,0.6439580363390323,0.9178889673495848,0.63241856690875,0.6698161037912477,0.9274084877746978,0.3643216403873625,0.39712094493444194,0.7896114411928308,
17,1,0.004622212278560836,480,214.87887036254216,220.89926075659065,0,36.43617476,151,16,0.347852699983621,-0.13846320837126946,-0.08678014988645952,-0.037972413566634125,0.1801426577576332,0.6130905935373704,0.6492493665268564,0.9141012601492122,0.6398866858662074,0.6756003666370031,0.9241705409592097,0.4091301748743757,0.4429239249108339,0.8098349996743496,
18,1,0.005735575689828134,491,206.46615737804868,212.03767291250614,0,36.43617476,151,16,0.3577214802537807,-0.13605827334198367,-0.08373996337786004,-0.029676543848604013,0.18786280136273867,0.6460394268878147,0.6796132611857195,0.9233729118573025,0.6749355278022835,0.7077722591565971,0.9338376344787113,0.4115394237935127,0.4437510410978814,0.8017498054609014,
19,1,0.0053188083685390694,479,213.57593550255348,218.54945093757658,0,29.716817785,44,123,0.3386645286552844,-0.11536555084788118,-0.09140889511692211,-0.05108888253202973,0.17874279781602667,0.6108035786407181,0.6460023973542821,0.9093311282272653,0.7223985281491553,0.7547610086274243,0.9490743309455762,0.5638363468885256,0.5992507845368445,0.8887185387510214,
20,1,0.00634263405444699,484,213.8429157891015,220.43805819709576,0,29.716817785,44,123,0.36079166532602003,-0.13126943615219586,-0.08780087819028705,-0.045475648392866684,0.174641013085981,0.6163151757857835,0.6516520992733832,0.9254157468923762,0.7123049254337487,0.7449014280358474,0.9565736548232965,0.5773431942403638,0.6131099039284317,0.9098645424212397,
21,1,0.006326528991869554,488,208.09593099310004,213.00645544638007,0,36.43617476,151,16,0.3486483656543255,-0.1157895633436633,-0.10636569123791738,-0.058062817687572675,0.196345432453615,0.6369689388087568,0.6683491258866487,0.9257958759521946,0.6613338338562842,0.6924554128797029,0.9354524635008066,0.3766389106243407,0.40256964566309983,0.7625016026627772,
22,1,0.006459880689430719,480,213.74040269079424,219.35819021256208,0,36.43617476,151,16,0.3699940495497848,-0.11961252204372952,-0.08207930865954671,-0.04819367833537956,0.19278468654006414,0.6014035834194499,0.6374628333306874,0.9233099225452677,0.6299337527805615,0.6655601715684789,0.9336430948121786,0.3474286911732486,0.37879779678963166,0.7799511611504637,
23,1,0.005192743625251551,485,209.6357265353594,215.29901392576562,0,36.43617476,151,16,0.36364665258324563,-0.11584409146708298,-0.08803696016909673,-0.049137777292896354,0.16763946219705375,0.6155673358483255,0.651924151603785,0.9296795322350729,0.6434453277142709,0.6794858628337854,0.939417108085214,0.3564243715671059,0.386502320423716,0.7851542027148466,
24,1,0.0044402391339758525,484,213.0980939284375,218.34078828376096,0,29.756464415,48,119,0.35255370044526346,-0.11554259863611853,-0.08302849356058303,-0.041850444436464296,0.17548705949282414,0.6205772749674704,0.6575709900672153,0.9175253771283575,0.7194426284159806,0.7535871661619357,0.9503269309990099,0.5679690795679666,0.605384057411654,0.8962589329153064,
25,1,0.004518054666747628,487,209.8225355014599,216.0461623388956,0,36.43617476,151,16,0.34801095314168223,-0.12722629914395048,-0.08189019924846874,-0.037653582204710656,0.18119955528114826,0.6241383947243686,0.6592747473701033,0.9208160811413175,0.651494851639549,0.6861332371853495,0.9308804871970803,0.4278829756573378,0.46126662387890827,0.8219316480469692,
26,1,0.005381917340295744,482,210.6952392095041,215.24717448646322,0,36.696902405,152,15,0.33945746475361765,-0.13544837646334798,-0.07655207550777932,-0.04663514673719436,0.18269869666074187,0.6301820061843394,0.664265296991639,0.913995206574779,0.662060261692423,0.6953001278091373,0.9259301435919562,0.32105389568606424,0.3511025135174549,0.7325949883097085,
27,1,0.004058884601613563,480,214.2854957908348,220.1298522107067,0,36.43617476,151,16,0.3586100079524403,-0.14355478681321787,-0.08500534083257481,-0.035318599933679896,0.18627347335082856,0.604736240637182,0.6412991307116719,0.9186296192102221,0.63671541573636,0.6728920037809636,0.9304458153357402,0.3966864159146507,0.42962754400571235,0.8095549435722939,
28,1,0.004364283149754443,491,205.25625132854515,210.78589668991015,0,36.43617476,151,16,0.3494752561340562,-0.13503754784565536,-0.07656910120179636,-0.04783161201881524,0.19000927381272378,0.6451670748856433,0.6804923435638703,0.9228282965327728,0.6752148133628753,0.7098575631860002,0.9335197851603875,0.413263226863415,0.4461755240282346,0.8059367853143207,
29,1,0.005327995519100067,486,211.270063767386,216.46637906881642,0,36.43617476,151,16,0.3467897795477589,-0.13636244368517358,-0.08454941350736929,-0.04691725228048461,0.18632265509300475,0.6233733606875267,0.6592613612433327,0.9089618625019302,0.6553397835853931,0.6905503038090391,0.9210283859716994,0.4064243873243787,0.4402766009772634,0.7982873735452842,
30,1,0.007173984522098655,495,202.9503945475234,207.7973168292528,0,36.43617476,151,16,0.35801557189182287,-0.12147404792344449,-0.0876767710207905,-0.0617440489462917,0.17672752171604297,0.64377871218481,0.6791853055786221,0.9342330346295964,0.6763953989990685,0.711006275407148,0.9449014474200258,0.3468938810474556,0.3773444105906576,0.7724119434856074,
31,1,0.003960160600127079,489,206.96666312182873,211.40919036875073,0,36.43617476,151,16,0.34479149790808195,-0.12674650744165866,-0.08695329763849978,-0.052142110107160404,0.1857000288383864,0.6402018357773566,0.6747292704868101,0.9250079865171033,0.6739170611428549,0.7076551547065265,0.936938135585902,0.3434298106180105,0.37311185104943745,0.756481875815145,
32,1,0.004213330483053419,481,207.58553556339905,212.62644486456355,0,36.43617476,151,16,0.35827419345213507,-0.12586641496036166,-0.07688546782960706,-0.038930104412486156,0.1894226454203275,0.6161832049648682,0.6533281395700177,0.9170421210644217,0.6490108848005152,0.6854809177143847,0.9287686539617818,0.3361658473779864,0.3681664281380443,0.7638832050524421,
33,1,0.004241657697692107,486,210.19721702111033,215.78241965601057,0,29.716817785,44,123,0.3474824056595817,-0.13233671577673833,-0.08577763405709153,-0.036417272854050296,0.18785403373470858,0.6251848463250776,0.6609298835616196,0.9220159049494074,0.7303152432974547,0.7629036310207368,0.9562504662719483,0.5783581517796184,0.6145439378523536,0.9031322736636649,
34,1,0.005909189985181446,483,208.08414927144992,212.0199167099383,0,35.689195755,145,22,0.3637884020646987,-0.13244277918733352,-0.08514308890528363,-0.05601790821910907,0.18359664976405946,0.6162409932302173,0.6542234490107027,0.9273479731799734,0.6590286566024709,0.6961771172408182,0.9414772110783565,0.3905701177053965,0.4250215143613733,0.8159472008143355,
35,1,0.004011582128966437,483,208.62457587070827,214.72595356928832,0,36.43617476,151,16,0.35300120420528036,-0.11272179215935617,-0.0871173777340971,-0.03697812126780512,0.19017868731186857,0.617301512985353,0.6536974179019137,0.9225647324835501,0.6448692861618532,0.6807652880988687,0.9323978019530466,0.37510766874520257,0.40787804952181117,0.794941834095803,
36,1,0.0054787375098929135,481,213.6521858755168,218.01397820704653,0,36.43617476,151,16,0.35589108201330866,-0.12117256663668395,-0.0785537485443036,-0.033158093964668914,0.17671282263397586,0.6076378441673853,0.6448637241365227,0.9187915228890836,0.6418028210777234,0.6786190553248683,0.9312123325571114,0.3506948782457133,0.3816658501884489,0.7761201844932312,
37,1,0.004260000595537756,487,205.15851407253948,210.1889257511932,0,36.43617476,151,16,0.3571726045568219,-0.13653833829762113,-0.08443414208073818,-0.0387634708324182,0.19178418411118667,0.6341625155351039,0.6693351261997874,0.9294128264634952,0.6664495612844643,0.7008106680001988,0.9403633898047125,0.40954299675298333,0.4433245424211198,0.8180410780922682,
38,1,0.00438177377828518,489,205.90225613507195,211.9803646560078,0,29.756464415,48,119,0.34397183870410886,-0.1409018035395311,-0.09175443113194347,-0.040253861276126006,0.1949016302693162,0.6394805516031264,0.6744629759574039,0.9208604166869577,0.7467298407630926,0.7778443186810765,0.9558321202940295,0.59145334152073,0.6271451979615741,0.9015964497670305,
39,1,0.004749194801353478,484,210.730774990934,215.5906055416429,0,36.43617476,151,16,0.3459344990709739,-0.13005161763277667,-0.09701507200182961,-0.05172208513891598,0.17971892314007273,0.6280911273742524,0.6631586150057717,0.9204947973807627,0.6607932283057367,0.6952754412387533,0.9324942584299939,0.3381095770570635,0.3671061244440007,0.7517907651229261,
40,1,0.0045459510682088625,487,206.44599624607525,211.72112700898646,0,36.43617476,151,16,0.3587445758865263,-0.13178508786060922,-0.08573539294191489,-0.036449946714186054,0.18898613681438142,0.6268374935823293,0.6626799163133901,0.9288977712021628,0.6577005082077969,0.6927974728550417,0.9393373461191586,0.41864477177778003,0.45340561781706856,0.8285436932449534,
41,1,0.0051744807876316235,489,208.9286297998685,213.41112674457634,0,36.43617476,151,16,0.34897924065933017,-0.12541100176930184,-0.08637899407307777,-0.04846663441748875,0.17784379642317777,0.6380531570176243,0.6738804794338347,0.921937511441008,0.6696553124127778,0.7046827913402536,0.9329998727938577,0.33909377770680443,0.37021887730930764,0.7583515929526157,
42,1,0.004025920686495935,488,208.92331098068152,214.1735455886564,0,36.43617476,151,16,0.33979786452799954,-0.11509240957134294,-0.080649746151634,-0.032151659954752144,0.17805528189154943,0.6314221502777413,0.6670067145370088,0.9179074831428492,0.6621475939707571,0.6970331001322648,0.9290591278341797,0.37207188520899964,0.40434723428127745,0.7798927183427196,
43,1,0.003947275341166678,487,208.71698064022831,214.82418107723572,0,36.43617476,151,16,0.34480518241244634,-0.1196024947374082,-0.08427179535290323,-0.03820800626371565,0.17344302854420032,0.6300828159145939,0.6658719600634659,0.9194475662324928,0.6563885761809098,0.6915816694375156,0.9289209287135696,0.3597529288151535,0.391830982517484,0.7742602557157875,
44,1,0.004743122407769603,477,214.2269194840006,219.16039606811,0,36.43617476,151,16,0.33809078873651927,-0.12745973766211519,-0.07846615132929431,-0.044304883402832076,0.17840084217784222,0.6143432778446075,0.6492058932509016,0.9062070020404679,0.6472430665060089,0.6815987173776624,0.9192782128034531,0.34164275504742475,0.37094689180592,0.7451855200818691,
45,1,0.0052534964971480075,489,208.64200823078835,212.217100016522,0,36.43617476,151,16,0.3451739775190292,-0.11994583121526803,-0.0883102162213758,-0.04280687988454745,0.1709894289805369,0.6370353182139803,0.6726467025826566,0.9183299796494692,0.6750003549646711,0.7098997367108937,0.9321932517837893,0.3571415371978629,0.38685639874175304,0.7620350523089483,
46,1,0.003435519455871596,489,210.0343848096429,215.45985159792838,0,29.756464415,48,119,0.34370277228135443,-0.11866588721791693,-0.07813036869661054,-0.04093174959462183,0.17488946147152717,0.6257837639235666,0.6623476710401288,0.9200066240649678,0.7342714030906011,0.7676135153166711,0.955302175608396,0.574997826522172,0.6119209961340863,0.8994853800920739,
47,1,0.004589831377932283,489,210.8558250597037,214.70652253986407,0,36.43617476,151,16,0.34573248619968183,-0.11988247377670165,-0.09065648425561688,-0.04857956171299106,0.17194352550998238,0.6337560641093901,0.6693661399839141,0.9212389577054125,0.6664023027840469,0.7013614021075322,0.9329691397689547,0.35296050102657617,0.3832729597313702,0.7654533752273573,
48,1,0.004670074408248143,486,212.102022157446,217.17448414320194,0,36.43617476,151,16,0.3524253875028235,-0.11866997315551868,-0.09261403915627954,-0.04783496105833985,0.1770243157235077,0.6151801091586506,0.6515058667173605,0.9224782384136246,0.6453478186418574,0.6812905781958309,0.9334127158627055,0.35758585271986787,0.38803530781228174,0.778827463416617,
49,1,0.00423916465328844,483,214.14848951947192,219.04252936900292,0,36.43617476,151,16,0.3645914353474862,-0.11177328013246933,-0.1013894570040401,-0.039494575758912465,0.19030043917126796,0.6122783286310725,0.6479299356873329,0.9224966056933602,0.6423342446204799,0.677846501456533,0.93384781902875,0.3765174102150859,0.4056130303537212,0.787616920496772,
50,1,0.006424665245445213,466,220.47019172163053,223.51564032375114,0,36.43617476,151,16,0.3645799090534791,-0.14653738304322553,-0.08592400396290811,-0.044190287078623554,0.17854624859250465,0.577782460178533,0.6144020235384332,0.9044170793157728,0.6160961928616594,0.6524067213864467,0.9196883097585924,0.28451199307965847,0.31203663127943954,0.7152128745976766,
51,1,0.004354703034238968,477,216.23939735332405,221.02665408127257,0,36.43617476,151,16,0.34378016997948124,-0.12840172629478805,-0.08423681894473972,-0.03876568287009329,0.18462545626107715,0.6090776635921624,0.6449876948434896,0.9119511565782573,0.6399918544377963,0.6754745348976531,0.9238142291740614,0.3380326099207008,0.3679051609626333,0.7543143260601037,
52,1,0.003949258591842025,486,210.22271731611576,216.35602857987743,0,36.999319045,153,14,0.3541560768616765,-0.1140070130509192,-0.08424721234580225,-0.04032581404864946,0.18026905487329226,0.6245527394851805,0.6604184437293338,0.9242786132165691,0.6517055318103255,0.6869973034230124,0.9338698422507956,0.36558739550630254,0.3978901384366863,0.7852908317229405,
53,1,0.004582779984386002,485,210.2999727469526,216.57567780690664,0,36.43617476,151,16,0.3470416723663994,-0.11537155267172124,-0.08207193534151523,-0.03981946223948812,0.18111333105412158,0.6312206813533653,0.6665098253643258,0.9130774978356464,0.6600413655985663,0.6946083740182812,0.9237525733437164,0.3660470141673305,0.39856182997229755,0.7712697337147658,
54,1,0.005554968955058064,489,207.62388036702902,211.4778378426464,0,36.43617476,151,16,0.3583781710312422,-0.133545778928222,-0.0841204852976822,-0.03739083350590603,0.18279562510685782,0.6369710555882617,0.6710735691547859,0.9261596207970678,0.6734981834903945,0.7065651003835972,0.9388248095714586,0.324833274873531,0.35502581203372063,0.7461263889657156,
55,1,0.00554907598262839,479,214.6768882131561,219.49387502759282,0,36.43617476,151,16,0.35098432162516713,-0.1574229393820176,-0.09864361257152918,-0.02572333930800633,0.20119004745642913,0.6244237717065462,0.6552488739655691,0.9193944288778206,0.6564325917955337,0.686252876412814,0.9316323894379577,0.38294972086227796,0.4145921838218602,0.7821230680231577,
56,1,0.005492711436427239,482,210.55875803920293,216.8580122825104,0,36.43617476,151,16,0.3621700237576128,-0.13146922450552354,-0.09140839359470383,-0.04286967139573666,0.17964278902963776,0.6175512174246534,0.6524623314345204,0.928755496196164,0.6435060598079625,0.6779591049026596,0.9379569282436345,0.40899362525618,0.44176676109685764,0.8214427438981806,
57,1,0.0046371924867864255,489,206.80703570634722,212.57601249350677,0,36.43617476,151,16,0.3466693723159524,-0.12415419087443809,-0.08484497294237346,-0.04392021938652205,0.18339791123676058,0.6359717154499782,0.6711598459819726,0.9250228937006019,0.6652556617416581,0.6997686307800605,0.9353229818966527,0.43710830285558644,0.4712684757278571,0.8288866055905524,
58,1,0.00593374848610955,474,217.61650266545445,224.8376432599797,0,36.43617476,151,16,0.34487263075133134,-0.12003967506182174,-0.0847561193543044,-0.04443748721469561,0.18846335343009352,0.6164832359784306,0.6520479375743375,0.9085116580666118,0.6388916591819455,0.6740071245124244,0.9171511677574918,0.43526130793844126,0.47003961276545847,0.8188498399639499,
59,1,0.00507419003388455,489,210.69752791728584,216.7868790979772,0,36.43617476,151,16,0.3448228880401008,-0.1392504850459523,-0.08141235343364067,-0.0504614928894951,0.16588832106659862,0.636614948934202,0.6709489320255392,0.9216960635310664,0.6637450479482994,0.6976007640868152,0.93178011657409,0.4103428407193592,0.4416616150214562,0.8016242776551239,
60,1,0.004395961893001306,488,206.7243193667491,213.31653986349545,0,36.43617476,151,16,0.33548426868514014,-0.12283690141236288,-0.08711419970003793,-0.03709528852476405,0.18941648342409637,0.6360112600126886,0.6704936133911288,0.9148653199583625,0.6613702620411845,0.6951832961318853,0.9242966840768667,0.44534964265927934,0.47996322028041843,0.8224491087122554,
61,1,0.0036165691702286116,485,205.96980098335118,212.0129149198823,0,36.43617476,151,16,0.356979823507534,-0.12794139807440802,-0.08815127564743613,-0.03621361180211532,0.18671404255393373,0.6226449913809948,0.6589074782132159,0.9268495124747661,0.6469570749787853,0.6827261349887918,0.9352895757698144,0.41998310633292274,0.45466527455855477,0.8287317072292444,
62,1,0.004349667116013616,492,208.65675177429466,214.42628178087028,0,29.10103014,28,139,0.3476189022128712,-0.1327569681792628,-0.0819677088835395,-0.0463539936811253,0.17937883672896082,0.6357079943807615,0.669775100050396,0.9307640273441463,0.8197559311483387,0.8453661243502294,0.9805271294714087,0.6040627680991367,0.6386032168942706,0.918687029815986,
63,1,0.004471704430079352,481,210.11841964118952,216.04856391879576,0,36.43617476,151,16,0.359827749031157,-0.13331300775750501,-0.08915007829253196,-0.04563710047048951,0.18393404217515275,0.6116967105118456,0.6478468276566852,0.9205741000575736,0.6377323988129998,0.6735218696258206,0.9301535796507553,0.4102500244923783,0.4435617557625541,0.8174237332923739,
64,1,0.004951358815096713,489,208.96718408149417,216.02202472846005,0,36.43617476,151,16,0.346443334800717,-0.11374478802766498,-0.08445609266931146,-0.044121248736575275,0.17685862951099537,0.6346519247549723,0.669535673787036,0.9262787280214396,0.6565298072347057,0.6908482686914474,0.9339309716374057,0.450458548252321,0.4855062275152522,0.8402792264922642,
65,1,0.00580729365006271,482,213.12923467135525,220.02164201904674,0,36.43617476,151,16,0.3485723720918438,-0.12082481268367175,-0.08203783823494151,-0.03343847703638739,0.19113733578550654,0.6178360633019696,0.653983564976248,0.9159077583851735,0.6428246635667498,0.6784572861195927,0.9251126185667587,0.441080102478822,0.47652730336718896,0.8312018091681916,
66,1,0.004187439875963418,487,205.6069108708197,211.01832745944347,0,36.43617476,151,16,0.34740696709629576,-0.13068793986509228,-0.08387831358662605,-0.04702569449189026,0.19026246800129187,0.6343885506478694,0.6694261918640497,0.9190266045200095,0.6656359264711021,0.6998607268580829,0.9302672789612582,0.42190712092384375,0.4561871328511363,0.8141420692445867,
67,1,0.0037635038365993936,488,207.56086754025023,212.01657028723116,0,36.43617476,151,16,0.3448080381373124,-0.12470531923541704,-0.08316005767150833,-0.033112024345429376,0.17904770683375731,0.6322740921214144,0.6683446236753883,0.9213612775184676,0.6659470809208471,0.7011495830227521,0.9331060901217557,0.34821861660319553,0.3804562151845402,0.7690384658948914,
68,1,0.007278612703458194,474,215.7909530072432,219.0998332751489,0,36.43617476,151,16,0.3649246663244877,-0.16836134469511632,-0.09045397248603974,-0.036604207380231873,0.21284712976510234,0.6142359560028645,0.6484778805615851,0.9045490268509894,0.6504887491050664,0.6843029478790654,0.9193766810542927,0.3620652353082045,0.39088138649187626,0.7546470301003131,
69,1,0.00555857485401179,482,211.9863038686084,217.24253497149732,0,36.43617476,151,16,0.35427022501666733,-0.11533779083831519,-0.08283685441307789,-0.05635695334561012,0.17362343396183758,0.617769664642914,0.6532772516237405,0.9198571943957623,0.6460945203336217,0.6810889964870328,0.9302453643795541,0.3612426528760832,0.3925938785779677,0.7781120976263147,
70,1,0.005270061648389056,481,210.42389739914424,214.65930551183504,0,36.43617476,151,16,0.3629912898435533,-0.11842796859097937,-0.09982739306154216,-0.057569952715205264,0.18225257503936665,0.6056261117094183,0.6410670342877415,0.9251848061026492,0.6395534006205841,0.6745592387031067,0.9374605080826391,0.34867948772849033,0.3785497280044991,0.7763911062278837,
71,1,0.004746200954251292,481,210.37323487439448,217.1195382314233,0,36.43617476,151,16,0.35461856812916437,-0.11896186274723243,-0.08244908487775642,-0.05124567315953673,0.1755240893499982,0.6109835089876565,0.6479649759398304,0.9180573702194735,0.6366331166858069,0.6731568510321029,0.9273410317697972,0.433561416829849,0.46920210938702633,0.8334103338499048,
72,1,0.005670019380343091,486,209.7701324955805,215.79069947494742,0,31.247618505,88,79,0.3455804847591404,-0.12434775188141105,-0.08650928129066165,-0.0369991310040611,0.18609623895012814,0.6294683160641849,0.6648051103101819,0.918688634769774,0.7109404791711413,0.7442493550970775,0.9470716308073773,0.5425878783828683,0.5780893446254204,0.8803742352959835,
73,1,0.005124505609342903,485,208.37930528305472,213.28728157242347,0,36.43617476,151,16,0.36229348872116607,-0.1326679428378112,-0.08724282849503026,-0.048700840776229756,0.1920353612537601,0.6228689338316852,0.6583505459748656,0.9295439230056066,0.6539615818392527,0.6888594687511554,0.9402834512879968,0.40781957904542915,0.4408811863450617,0.8205591172951588,
74,1,0.004711977077502091,485,210.3917730733861,216.69183705879453,0,36.43617476,151,16,0.3550142804754684,-0.13003907717949248,-0.0752664301945343,-0.036703863452633434,0.18114818002169197,0.6206436730210991,0.6572084612956515,0.9181834936462338,0.6470808257923376,0.6830554622522985,0.9276613387429388,0.4152512148206804,0.450493269339135,0.8181155767867884,
75,1,0.003699216887847124,489,210.05305826054237,214.7949850145351,0,36.43617476,151,16,0.3448007646568258,-0.1333698490699421,-0.08982096281576246,-0.039489374459405625,0.18424102336782783,0.6294602880248669,0.6652159026880808,0.9197425254810907,0.6593258013955606,0.6944642267832577,0.9305373860754684,0.3273621359967628,0.3571422172653552,0.7469836486115466,
76,1,0.0054611493756739835,488,210.86348022454857,215.73484920760484,0,36.43617476,151,16,0.3514632863559918,-0.13218854950290881,-0.08355547285040678,-0.04266117552483826,0.18487793250656223,0.6276497355796128,0.6631667104893582,0.9167502853394498,0.6604993126114336,0.6952833558001121,0.928751971942224,0.3277235120609676,0.3578773545098252,0.7452606451348235,
77,1,0.006669962237691761,483,209.64621363939,213.9709780909953,0,31.247618505,88,79,0.36367624461376835,-0.1237772452726164,-0.09421486256814308,-0.05428183462519663,0.17921133180684717,0.6194968821404856,0.6563285574577987,0.9222081109423413,0.715185019514172,0.7499019560201845,0.9538903405642091,0.5184776562671124,0.5547260009669644,0.8773754420734942,
78,1,0.005338033325858339,477,215.26697030970007,222.17695252582143,0,36.43617476,151,16,0.3637855369527896,-0.11372604344643199,-0.08803049914330406,-0.03641799326973241,0.1840816034224946,0.5957762149834954,0.6317757192856367,0.9177020388647856,0.6189076913032596,0.654818172263561,0.9267191986639047,0.4366761382430642,0.4697693397002601,0.8359739256462828,
79,1,0.0048348924459087625,484,210.8257786167005,215.83840901555453,0,36.43617476,151,16,0.3533308425617772,-0.11204798999619926,-0.0758180704939739,-0.04135444563899965,0.1758760561305303,0.6249914832115702,0.6595314497235973,0.9227870119329246,0.6568706744712065,0.6907496796949253,0.9343574677334167,0.37192226432665443,0.40319051111424054,0.7833394962743683,
80,1,0.004877187177847899,484,212.49015034946123,216.15000007124036,0,36.43617476,151,16,0.35734465421982325,-0.13609098461319413,-0.09070991946630244,-0.05455086895029633,0.18169953175085357,0.6151061980935509,0.6514315058643732,0.9205364362362953,0.6508384974277571,0.6867406315668602,0.9335887325026793,0.31796001994272804,0.3457048751609636,0.7420967012063991,
81,1,0.006065553510917075,484,210.2941316792342,216.45049775407364,0,36.999319045,153,14,0.34413869781562895,-0.09492469487805824,-0.0942272660077409,-0.030258087255701928,0.1805177408698857,0.6183672587109814,0.6538267137029453,0.9244909502074292,0.6430456874172334,0.6780307845444871,0.9333674827661431,0.3915739104992265,0.42456706760314855,0.8054810529460807,
82,1,0.0050863597296506345,488,207.41064545861178,214.4762609129079,0,36.43617476,151,16,0.33778620785550023,-0.1222468325855512,-0.08333575167447539,-0.04150102490365493,0.17340795582064034,0.639179309035734,0.6738073180163702,0.9174665818897405,0.662111125918471,0.69624116421801,0.9260286572277028,0.43561247798944297,0.46900448849645326,0.8158843493439892,
83,1,0.005588164057765889,486,211.11135494724408,215.7431383827958,0,36.43617476,151,16,0.33875010099113195,-0.1273018029978075,-0.08789125391365216,-0.04992917871476608,0.17613799391385465,0.6433282490250039,0.6771616678137872,0.9179526455773327,0.6750709776417161,0.7080691517273785,0.9296465436434882,0.3444924072681912,0.3745241484003311,0.7482869183881755,
84,1,0.004479159114030184,489,209.52052958798794,215.7211556571341,0,36.43617476,151,16,0.3345159428006312,-0.11892621790245361,-0.08626725669932249,-0.05058492616220815,0.18298678476002883,0.6368326375013266,0.6709975104890292,0.9173158531581083,0.6645883849060321,0.6980137755623864,0.9275389595294898,0.4463785288376079,0.48068205975626266,0.8248035098344593,
85,1,0.00517333989254997,484,213.06520330556177,218.95073489266235,0,36.43617476,151,16,0.34787055540227585,-0.11970638927776749,-0.08459654099344227,-0.046139975208557775,0.16045859878335586,0.6175358158079731,0.6535775069071699,0.9192496635384819,0.6474858063078145,0.6830471879617839,0.9302202344811633,0.3574476472710599,0.38840565532295346,0.7750153197393294,
86,1,0.0057461227293391,480,212.77381562486914,217.97469055648355,0,36.43617476,151,16,0.3416161510504107,-0.13352585946231876,-0.0875551484949336,-0.027409332133730764,0.20642850925077322,0.6314049512196716,0.6639485707767385,0.9106338288114585,0.6600421128702535,0.6918018534612318,0.9218301070007613,0.4226650782504403,0.4554712412394278,0.8010339081938265,
87,1,0.004507740969681338,486,207.79773322734152,212.04147056866537,0,36.43617476,151,16,0.35394522893220043,-0.1378434544040024,-0.10629586156103636,-0.05196948187953093,0.18957149552832697,0.6189994999150737,0.6542871289545192,0.9224976923282215,0.6544704261801965,0.6894239462351498,0.9356797520599311,0.3256982149760802,0.35220374142592425,0.7414291767907494,
88,1,0.0046776477962898735,490,205.27583455264343,209.50630021601165,0,36.43617476,151,16,0.3483754935709529,-0.12779710441707737,-0.08043991324177194,-0.04342667734146948,0.18283688383222907,0.640446278072439,0.6760012221277683,0.9234960064871288,0.6752769011977934,0.7100535776668276,0.9357541500541485,0.34070511340671406,0.37051243022489544,0.7555983661852418,
89,1,0.0060920460711820675,482,212.11037891659848,217.1695575611742,0,36.999319045,153,14,0.3580314869220315,-0.1325804637949742,-0.09317178132332746,-0.036428842767527926,0.19341633371928624,0.628575359960034,0.6622510109452874,0.912359753200116,0.6592227599810309,0.6921180457702745,0.9240806705045742,0.32511012577831094,0.35495965055699946,0.7321776106737142,
90,1,0.0038199101063477294,486,206.965502299919,212.3993107500578,0,36.43617476,151,16,0.3599419344528034,-0.1341089277878516,-0.09202966917561399,-0.050218112050268486,0.188401074407083,0.6214997850213598,0.657329910523107,0.9270910938456082,0.652806690389519,0.6880413285427834,0.9379877346203912,0.41044077154873754,0.4439926607974666,0.821292857199729,
91,1,0.004521598819738175,484,209.23399592541165,214.35225338086502,0,36.43617476,151,16,0.3456424367802782,-0.12218599270579554,-0.07563106578269088,-0.040356137574803636,0.18071527088024952,0.616118279392411,0.6529396721769345,0.9166654784836651,0.6454849501645604,0.6817796116478508,0.9273593492583001,0.34816101482856043,0.37992671607349654,0.7700993621222443,
92,1,0.005779283741805785,477,213.86363112293208,219.46625019773364,0,36.43617476,151,16,0.3422609859773442,-0.11466700910971339,-0.08430268315103263,-0.045973353336812406,0.18054168080632096,0.61817194583872,0.6528608917586339,0.9048209044500791,0.6499622962031217,0.6839253650231091,0.9172328061877982,0.3716829327063186,0.40399368096081356,0.7697904852200919,
93,1,0.00562349896357003,484,211.79844617648848,217.8994297763283,0,29.716817785,44,123,0.33855645566191606,-0.11991468991157617,-0.0706759048821226,-0.04895726626785362,0.1799978753621334,0.6373161366784856,0.6716920913670601,0.9088980641721246,0.7311896794382672,0.7622979372520511,0.9423706461004548,0.591161568316706,0.6263152698426356,0.8896200943958603,
94,1,0.0034710621744669695,486,207.581104062776,212.29239244841102,0,36.999319045,153,14,0.34531704436632493,-0.12188324767500461,-0.08997085049127676,-0.04976838258990903,0.18519510662479047,0.6274654752785411,0.663130428848392,0.92116252575543,0.6584644070070381,0.6934972746977086,0.9323197412762531,0.3541118845850413,0.38520519500897515,0.769758095906342,
95,1,0.006154938075537843,490,206.5193233162718,208.99160364175094,0,36.43617476,151,16,0.3583771669732499,-0.15321727065934185,-0.09498379848566625,-0.04318079764790576,0.19561025101978724,0.6534587550240001,0.6872975940924355,0.9244360330561088,0.6879624233106921,0.7208601433189781,0.9366599776810685,0.3860305422580399,0.417361274753854,0.7822552119176434,
96,1,0.0037233578924615366,490,206.58177400338104,211.0139247026466,0,36.43617476,151,16,0.35133616768001125,-0.13302208411997546,-0.0891959809572157,-0.03901693267111409,0.18532455791769867,0.6315309291042583,0.6679568146140161,0.9244880776994847,0.6651369096974136,0.7007631305243885,0.9360184311906994,0.3239219694402362,0.35460236587881017,0.7531953109925928,
97,1,0.004629221891081998,490,206.21077584603717,211.7438233173977,0,29.756464415,48,119,0.3589434767381617,-0.12692101014403034,-0.08629327665712598,-0.0496808015497016,0.1725877616206717,0.6274473728091952,0.6640380459442684,0.9296952728239837,0.7231800793379408,0.7569773675477595,0.9592809598530329,0.5755130586433236,0.6125606825413423,0.9096592493438199,
98,1,0.005228694381949414,486,210.7362816270386,217.21446898954036,0,29.756464415,48,119,0.3541413868986721,-0.12084139857232448,-0.08564811410629429,-0.03974275586169923,0.1754663192181828,0.6268908801979699,0.6622260180267505,0.9254598334716506,0.7098962488612767,0.7432134256186664,0.9532144006285185,0.5802731564631987,0.615942799338299,0.9065925627357201,
99,1,0.0045416352703312665,491,205.914527627236,211.1206112563471,0,36.43617476,151,16,0.35103073443255056,-0.13340240311461177,-0.07742208643937011,-0.04446147733921186,0.17615166560587023,0.6385133106459214,0.6739522287844872,0.9238423149954722,0.6693734677875258,0.704076539464845,0.9346727278718062,0.4139882483228145,0.4476109143995678,0.8121823771797789,
100,1,0.004969497646422238,484,210.7763399859669,215.26949293338066,0,36.43617476,151,16,0.34402793847367263,-0.13438288638755497,-0.08318770533372569,-0.050892920184169965,0.18839073468373393,0.6214864380403406,0.6571282534540248,0.9116176236411034,0.6573007825573628,0.6921746360620746,0.925001017336829,0.3233618789195296,0.3534310541686279,0.7394569386228909,
101,1,0.0042833817359915465,485,211.72477597908136,217.06554477826455,0,31.269159645000002,90,77,0.35123289194249163,-0.1364354349345866,-0.08794047666748894,-0.03405449574448558,0.16895893590913597,0.618177132048383,0.6549198073527649,0.9186707399317925,0.7114196092229809,0.7458567777675912,0.9500279754566525,0.5245239820803349,0.561123612849219,0.8775985735898679,
102,1,0.006454022157052233,487,208.14772417936942,214.0318582938579,0,36.43617476,151,16,0.336197102695739,-0.13242481305224696,-0.08552987431143884,-0.042778035592283985,0.185406038593302,0.6443474030026031,0.6784797482827818,0.9167006372033771,0.671212320959571,0.7047358991629485,0.9267946448572938,0.4237534816863359,0.45624725074850914,0.8034516678988219,
103,1,0.006129092688960703,483,212.68440936650433,220.04510338910467,0,36.43617476,151,16,0.35555412042717527,-0.11675645121311758,-0.07987926625114203,-0.03154869431644522,0.19821489722615013,0.6181334919431231,0.6537024675581781,0.9169166853064706,0.6390756588960146,0.6744968318416995,0.9250890340558726,0.44305652472415014,0.4756189422374729,0.8269852070369282,
104,1,0.005341974515131466,485,208.44387211814026,214.9234509824983,0,29.756464415,48,119,0.34503285316995924,-0.11990545759596617,-0.0900714209821164,-0.04161394085533454,0.18811179043391504,0.6241969310811767,0.6596410498684852,0.9167035006180345,0.7206562886105438,0.753895889113164,0.9503945106734116,0.5793389393051972,0.6149336965517526,0.8976577059000792,
105,1,0.007014959466186462,490,209.2625881199536,214.3132084459661,0,30.84344416,80,87,0.344658674445553,-0.13280832656532143,-0.07363405046269417,-0.04134363498745833,0.17560951007227224,0.648787524234462,0.6826963695391272,0.9177483289242236,0.7395324569345093,0.7702071149802813,0.948820252141474,0.5585174942989306,0.5934645971296162,0.8789708320353292,
106,1,0.0043997452213786,473,219.43152970870096,225.24370786543926,0,29.716817785,44,123,0.34919247907994744,-0.1350131386426165,-0.09273888047733174,-0.03459145990202931,0.18522077058026892,0.5980763218303518,0.6343751217130112,0.9108817800659944,0.728216079811775,0.7611985405969443,0.9551337420832108,0.556624617509051,0.593005539311024,0.8929735907163909,
107,1,0.004064931383835513,488,209.17500589529047,215.17666968151832,0,36.43617476,151,16,0.34557063554149164,-0.12250999512531194,-0.089499070789905,-0.048319532643906385,0.19301942368522657,0.63793096746995,0.6726333747270627,0.9209801898242943,0.6625924188625154,0.696632187553362,0.9298323409144843,0.4333638540367397,0.46791744832901494,0.8219224125434768,
108,1,0.005262735867487082,477,209.4818030833675,215.5705862641783,0,36.43617476,151,16,0.3631410157554882,-0.10428523717955829,-0.0901892862801082,-0.05314872431198922,0.18755130634085376,0.6035189587919652,0.6399155403180137,0.9219902222580397,0.6284447288892122,0.6646003348456035,0.9312001540362357,0.38013762581166144,0.4119175015613311,0.801071972000422,
109,1,0.005015886830698897,477,212.60222861234408,219.3707175448357,0,29.756464415,48,119,0.366024525007494,-0.11824496324659924,-0.09037825016900775,-0.05006302347312578,0.1877461539382437,0.5941729839246408,0.6322143876025154,0.9115443087447533,0.7049463898773677,0.7406149351123927,0.9492758999458383,0.5522393359037863,0.5902744853185624,0.893905978252387,
110,1,0.004245106124104238,485,211.6468974886527,216.93302779679715,0,36.43617476,151,16,0.34435945980589244,-0.1372490495474367,-0.08016726430711775,-0.04803476706130661,0.1822787896742957,0.6225684621803962,0.6573289966076937,0.9202663572878569,0.6527757048119727,0.6868914012319222,0.9313330250713951,0.40961807006953543,0.44278086094629476,0.8104434636767337,
111,1,0.005651719704988148,480,212.04283695804696,218.32224935372432,0,36.43617476,151,16,0.3504287209938894,-0.12854757300037706,-0.09622945004673958,-0.05232348717115611,0.18497063362269875,0.6101034726054314,0.6450541794160141,0.9120490246736379,0.6387996284486961,0.6733833041732369,0.9233092515006374,0.4167455604713395,0.4490677295538333,0.80929667265432,
112,1,0.006009824266067414,491,206.2969363830428,211.6117878695306,0,36.43617476,151,16,0.35096069735264906,-0.10624991732413512,-0.08895325791789445,-0.06015021823483288,0.18367159402690703,0.6414214412792233,0.6750974741327139,0.9256509718985885,0.6704401035368817,0.7035350289022712,0.936212056070641,0.386802732055046,0.41695443280678535,0.7853752061499033,
113,1,0.004174744528055601,491,208.754142476327,214.7283689369121,0,36.43617476,151,16,0.3530725831626454,-0.11894532340478567,-0.08223278098165147,-0.047585262582436984,0.1691282670153624,0.6293637084625983,0.6658411490251221,0.9268894462328292,0.6598791360842177,0.6955901084981034,0.9371731429094028,0.4321683486837392,0.4679202053868249,0.8353204159626713,
114,1,0.004385020693483119,484,209.8250163991049,215.743608493497,0,36.999319045,153,14,0.3541981972938903,-0.12705393148794708,-0.09260503035283307,-0.04662510165771759,0.1885554320536731,0.610777157111292,0.647289616664369,0.9175289426601605,0.6368039542259653,0.6730459882235388,0.9273230116470235,0.33620518316950015,0.3655439793191811,0.7572938709723023,
115,1,0.0054558023612444224,487,209.07698372466902,213.98931570435798,0,29.756464415,48,119,0.3512985152447043,-0.11859523171529372,-0.08797360621124894,-0.036698004636172635,0.19152682310457392,0.6268706818157569,0.6637507238823279,0.9187044148754967,0.8221281927805322,0.8496290611996802,0.97474081306223,0.5711531010041477,0.6085346902528217,0.8963355590951603,
116,1,0.004743769874922207,487,211.19283495569874,215.8075915095916,0,36.43617476,151,16,0.3431227585419705,-0.1380455164659032,-0.07847532367883844,-0.037114290341102654,0.17447859557349155,0.6300127711378486,0.665518985644754,0.9200015509626599,0.6654772355189509,0.7002630468777749,0.9328135717281046,0.40896822068596445,0.44192920557115667,0.806758856487733,
117,1,0.0045407726920589616,489,207.32195734353812,212.54677307784874,0,36.43617476,151,16,0.36108796193155,-0.1286966651560147,-0.08394459195692217,-0.03827196147574372,0.18986500592641423,0.6249836489187146,0.6609243139335058,0.9267052021163855,0.6564851384007196,0.691743357345215,0.9375765203536227,0.41546976110258144,0.44971664054514315,0.8237733986321838,
118,1,0.005012162815228945,481,212.95800892953068,218.579594508156,0,36.999319045,153,14,0.35087789934608743,-0.12598192742548878,-0.08006716354668882,-0.03546664844127793,0.18795488564604107,0.6180784393284355,0.6547246258577377,0.9151085967398899,0.6452939388404513,0.6812625135010212,0.9249288681074981,0.3382264217470863,0.37134512988424423,0.7633992003897021,
119,1,0.00456032538911978,484,211.17590694274563,217.99388563792945,0,29.716817785,44,123,0.3401719930585399,-0.12918458406658942,-0.08228292630912042,-0.035002031157795294,0.18840277429511915,0.6283319890411363,0.6634839016520834,0.9148080825393953,0.7353520765782453,0.7670212558447725,0.9512115054808848,0.5901341046127049,0.6257752418233195,0.8991181418723352,
120,1,0.004449965427313134,490,206.93038156937908,212.69766656290147,0,36.43617476,151,16,0.342578675007899,-0.12861220499969853,-0.0836722629657566,-0.040006535029253144,0.1875354553539864,0.6402992938438294,0.6749044542040202,0.9205218611072788,0.6693117926787088,0.7032445328124509,0.9310909143623047,0.42760510043730304,0.4608552541998038,0.813878365579976,
121,1,0.0045103191286665996,491,203.40738800582952,207.67840082291644,0,36.43617476,151,16,0.34674430523873784,-0.1165891708629106,-0.08609741734389595,-0.04160958079053304,0.1784848834480006,0.6375698506177833,0.6725939591485897,0.9246992810902145,0.6724526415977384,0.7067352064096213,0.9370466530850073,0.36893326873923815,0.39966201512582566,0.7780163534193926,
122,1,0.0035852965260346273,482,211.36182388513666,217.3826058248011,0,36.43617476,151,16,0.3539236418740157,-0.12305669873012187,-0.0835762787053746,-0.046968013837954535,0.18400685978535913,0.6094780204505299,0.6465899647370659,0.9172333505770133,0.6374686939427363,0.6740931773832176,0.9273844277404394,0.3420596320744361,0.37405937370531483,0.7704941961133585,
123,1,0.005216313416422692,488,207.79069110552578,213.99176943511554,0,29.756464415,48,119,0.35273534157872766,-0.12184471001853098,-0.08378836218904692,-0.0413839332805563,0.17893852343173886,0.6285238365463934,0.6641945709707421,0.9265286303660943,0.7118024205342226,0.7456527794805169,0.9542628834582733,0.5801323831013061,0.6159961372282229,0.906919927587613,
124,1,0.005356151636831315,490,206.46870442988333,212.3558164280273,0,36.43617476,151,16,0.34283955246722597,-0.11548202314083067,-0.09125805952699532,-0.044209935721873095,0.1718369202398729,0.6353601875154654,0.6706022445912512,0.9277359554250144,0.6614671823435193,0.6960523730344788,0.9367118714705545,0.36812780500986114,0.40054052375544863,0.7869738319623423,
125,1,0.005332189291129214,486,210.9064573996994,215.192829545287,0,36.43617476,151,16,0.3524143340080094,-0.11933770962445532,-0.06874388905827646,-0.04105222460529134,0.17712105464359537,0.61966134183328,0.6555209077769112,0.9216976741469918,0.6522297728131327,0.687486467222328,0.9333987360701756,0.3583285088315437,0.3896779576643018,0.7778390712908252,
126,1,0.005851860164439565,490,210.07634132974988,213.61988801560705,0,36.43617476,151,16,0.3519271311631526,-0.13753197763323602,-0.09945922841111435,-0.029698074800275132,0.18461715259996891,0.6240276045226237,0.6609051872579614,0.9235153569624655,0.66028744379334,0.6964453324029848,0.9360734264097624,0.32225623790102714,0.3523759781845492,0.7532079197647297,
127,1,0.003822296667668696,489,207.01283633380064,211.09797961865598,0,36.43617476,151,16,0.35337671514534297,-0.15749271591158512,-0.08909735405924359,-0.03423366257813271,0.1917515150861796,0.6359624248639804,0.6717907542779812,0.928021984010129,0.6693471582516726,0.7044160009675482,0.939404826225662,0.37848040198724203,0.410832255176866,0.7940468233877109,
128,1,0.00441708489707772,488,204.60174530944462,210.59185986113414,0,36.696902405,152,15,0.34926992442569094,-0.13460367944593815,-0.0825122797522121,-0.045556457228025274,0.18001559638530076,0.6348996726228207,0.6701705925622321,0.9254957463010132,0.6615161914992028,0.6960556001960571,0.9346928305185059,0.41058820383556627,0.44515384431980926,0.8154827480892874,
129,1,0.006035168046337215,490,207.04547913279595,212.33536736122988,0,36.43617476,151,16,0.34592927804872575,-0.13270831876385872,-0.09645483217766818,-0.057806963861220625,0.19436990475932345,0.642601972712981,0.6760713946591942,0.9212960727585995,0.6726206840730261,0.7053112099782299,0.9322681543792306,0.41473861616283764,0.44720145303884806,0.803599905484794,
130,1,0.004888853267908802,477,215.05190482344022,220.69209085077978,0,36.43617476,151,16,0.3560412965644236,-0.12289324659499559,-0.08408919255793831,-0.04187962366782436,0.17248682580404065,0.6033530999762792,0.6391686731669218,0.919861972659284,0.6311929437865074,0.6667065029841192,0.930314477419236,0.35157954079913006,0.38172516039468674,0.7747338858826498,
131,1,0.005118332291739224,482,212.35869622925625,216.7243742578578,0,36.43617476,151,16,0.3604080607298897,-0.11016791489191145,-0.08861870252047076,-0.05207315693324437,0.1900534125157063,0.6132672613950564,0.6493870971810916,0.92116702879513,0.6477928887644941,0.6834188863970344,0.9337058540407673,0.3359258151361535,0.36551161657106623,0.7606767974739652,
132,1,0.004681483597650067,482,211.85602860235164,216.6611766757751,0,36.43617476,151,16,0.3483025685759193,-0.1428292407202406,-0.09297795542895333,-0.04387261413176463,0.18987180162624834,0.6217354690440215,0.657489182796842,0.921538419743795,0.6547823950782158,0.6899240513361352,0.9334353657102538,0.4002734103691091,0.4332243913056167,0.8071054663253192,
133,1,0.0035550684512308615,486,208.92895348236686,213.69131551710433,0,29.756464415,48,119,0.34972706004141524,-0.1268627572544236,-0.08488593031474194,-0.04499603619696846,0.17953696254827922,0.6193148309882011,0.656378464883755,0.9166978946419477,0.730712083125827,0.7648355293727187,0.9536524680415943,0.5662164714008981,0.6034286268849897,0.8947453242889428,
134,1,0.0035908278917748124,479,212.57987885003462,218.74046254191512,0,36.43617476,151,16,0.35715597129029475,-0.11840885606328404,-0.08746746854438228,-0.04065754582318063,0.1821809220637397,0.6067100120167919,0.6423393055470865,0.9183520933375714,0.6342489623164763,0.6695011291486382,0.9287112427349601,0.3530360963100353,0.3836710953290472,0.7735511973028752,
135,1,0.003809304431991555,485,210.68175005606068,216.6084154206597,0,36.43617476,151,16,0.35067331067600327,-0.13458001862498567,-0.08770301344379379,-0.03979552607487115,0.1785231943126839,0.6275337644746338,0.6636955934185371,0.9226584373449898,0.6551467293428449,0.690744033416827,0.9324413875433274,0.41221766681898664,0.44623543541593125,0.8158470309337633,
136,1,0.0038760488235098137,487,209.39202203261317,215.11265128972292,0,36.999319045,153,14,0.34809481850744517,-0.12795414291811333,-0.07934270912150254,-0.04946739787924286,0.18317842776818208,0.6261089354128099,0.6623015856361417,0.9193400343127865,0.6519989685227933,0.6876418012039711,0.9286750212232192,0.33600818390592513,0.3671375881978588,0.757589102360171,
137,1,0.0045561598820189,490,207.17587053012605,212.92614977259143,0,36.43617476,151,16,0.34043035094692053,-0.1268839672777316,-0.09180234307588014,-0.04523129099715463,0.189257917287871,0.6386645944511291,0.6732263591243755,0.9224939105428155,0.668839911385119,0.7026246444307007,0.9332594577963476,0.4406518165217037,0.474843866697195,0.8266043128537517,
138,1,0.004617380922534797,490,209.54322597472387,213.43480439945773,0,29.756464415,48,119,0.3460059963622836,-0.1351143489707551,-0.08656729282320573,-0.039992987940063986,0.1781708620885696,0.6302977746819161,0.66557301677405,0.9180886565655826,0.8370158479364725,0.8625001724915736,0.9782255016052869,0.572754511990712,0.6084073846848712,0.8939050493834197,
139,1,0.005200974553608991,483,209.9740565784397,214.66359582325344,0,36.43617476,151,16,0.3336626683495447,-0.12880179061432104,-0.0967314560430993,-0.03571193519471683,0.19195221270215354,0.636380777921435,0.6706753849773925,0.9143734233438993,0.6670743150927723,0.7006059936986926,0.9258704318901978,0.3467890487530642,0.37736620896817863,0.7511170108345375,
140,1,0.003590379758207705,488,208.38132761429497,213.6680584641847,0,36.43617476,151,16,0.3550640552002907,-0.1204469115333091,-0.08243125456893832,-0.040439976503490696,0.1756133525316695,0.6268657450651655,0.6635249871014786,0.9271950252158421,0.6568803745494897,0.6928569302252905,0.9373582530251082,0.3538402129825765,0.3863489487765097,0.7829957271087445,
141,1,0.004759909129860651,494,205.93371128189847,210.88303554185575,0,36.43617476,151,16,0.341148646162942,-0.11473302226696315,-0.08897459976701128,-0.049792811037544966,0.16628007695701222,0.6390837987848573,0.6740160225068257,0.9305617496916894,0.6730002701342406,0.707166273313582,0.9420957011904609,0.3739140724638675,0.40508256109210083,0.788637076507245,
142,1,0.004568492034085926,482,209.6744933737205,216.55766074734362,0,36.43617476,151,16,0.35477001809138775,-0.11738132563869019,-0.08453874797952197,-0.044722562011532935,0.1894608994796352,0.617133844277029,0.6533336619504909,0.9215011076880348,0.6419567393714025,0.677739128923605,0.930498093566424,0.4413123104736819,0.4761088195676013,0.8368961439563347,
143,1,0.0036476419455551542,482,211.00024229539315,216.3747573107732,0,36.43617476,151,16,0.3463543421200435,-0.12806943615839636,-0.0782103390910477,-0.042382986367679405,0.1724263812563611,0.6176618330254535,0.6533793514281246,0.9177752481383938,0.6460247815863884,0.6811079483639924,0.928104996438319,0.33586558144532097,0.36740589742779617,0.7596507248957634,
144,1,0.004759572458357709,482,210.53435104222316,215.6272404978834,0,36.43617476,151,16,0.3566157996363174,-0.12565513457958705,-0.08645251236125229,-0.04319922087478184,0.1858293162364098,0.6117146072665176,0.6491026661904734,0.9178924432700802,0.6443829416001279,0.6812803196119331,0.9296779590779741,0.3339220326423866,0.36468858990605146,0.7625138817123227,
145,1,0.006271336543178288,484,210.3889648554751,215.45145528213448,0,36.43617476,151,16,0.35692555888733507,-0.12538889633495065,-0.09043817024381676,-0.04811430054168335,0.18424185837807638,0.6258317283076096,0.6606174108324789,0.9218161890144796,0.6566065225773215,0.6907983730166961,0.933058465844963,0.33537392898684715,0.3647128714370506,0.7522182222792051,
146,1,0.005828162589773617,476,220.90878191085912,226.0614434106011,0,36.43617476,151,16,0.35768845956859535,-0.13102916487231842,-0.08723512602001227,-0.05396142522077107,0.17403464426717247,0.594323486229916,0.62933581038051,0.9148519502859381,0.6274389140923495,0.6620200592527029,0.9276789940728238,0.3244935771866735,0.35361831609823907,0.7489304307607718,
147,1,0.005048304865152176,483,209.42754145644128,214.92609390461843,0,36.43617476,151,16,0.35672491708957893,-0.1339606268246253,-0.08396550752795863,-0.035927288854524134,0.19120405332948232,0.6234923720287194,0.6598893660695306,0.9208562616388092,0.6523732827429951,0.6880566911495014,0.9309946153103598,0.41080230566926423,0.4461209537447434,0.8175245569190204,
148,1,0.005490825615003126,485,213.45510313917765,217.88377553275132,0,36.43617476,151,16,0.34343988592015684,-0.12539660221126747,-0.08350612688711714,-0.04568783988164448,0.18060501080703675,0.6205462685672437,0.6561151259397671,0.9168321375420379,0.6537869797985292,0.6886854436211264,0.929058394467775,0.33956719182767325,0.3701906397814141,0.7573919224827736,
149,1,0.005295903451865498,487,208.89215401337825,214.95430445183268,0,36.999319045,153,14,0.3403937505196145,-0.1156794038070633,-0.09218519916824822,-0.04561232390187982,0.17329960908540432,0.6339987646518271,0.6692444090717182,0.9181534843913992,0.6612069270505051,0.6958145029479439,0.9280830085960317,0.36843074604389986,0.40044118358563324,0.7751532300364696,
150,1,0.004480978472773595,478,214.21517530455483,219.03085493143084,0,36.43617476,151,16,0.3580318918126607,-0.14201009148109178,-0.07890265340229435,-0.03492169275839075,0.1824261148624126,0.6042759732793359,0.641515475464667,0.9147235134262163,0.6399879014850477,0.6767008102040073,0.9278393770237583,0.3953230675696307,0.4292588882985472,0.8073618358507586,
151,1,0.0059880813762105455,483,217.87386887191232,223.69970337843478,0,36.999319045,153,14,0.34027122050359754,-0.12365915108489656,-0.08065458436941503,-0.04175321495900807,0.18265297059194202,0.6292936682646392,0.6629146472925959,0.9127131628820091,0.6578144758895789,0.6906791362999517,0.9235886697920628,0.35287371952408464,0.3842082910258173,0.755956216859951,
152,1,0.003320610690980428,489,207.13543440525996,210.74450671380993,0,36.43617476,151,16,0.35784476473003307,-0.12260818632164289,-0.08602151491794734,-0.047557948127826176,0.17466135670495553,0.6292521202518591,0.6660897240912965,0.9302799840146833,0.6677835642217744,0.7036755994773299,0.9428417672220747,0.34340231908270563,0.37551654809656543,0.7783821722244315,
153,1,0.004189312095749411,479,213.58570100248505,217.48485160314925,0,36.43617476,151,16,0.349850580541723,-0.12021838226715371,-0.08613949877066551,-0.039279515985894235,0.19330580678184658,0.6166634985909609,0.651985859454221,0.91168608587707,0.6495287426575262,0.6841378019613079,0.9240778592086564,0.3544967879156993,0.38636209305697644,0.7661029657613114,
154,1,0.004028619133416819,484,209.4504454958501,212.7923291331947,0,36.43617476,151,16,0.35215244817776653,-0.13003603044166545,-0.08145087168003966,-0.03322677419371469,0.1877971514259655,0.6221066475343638,0.6581143738828652,0.9209296388879392,0.6577363023955668,0.693000136419815,0.933611280054381,0.33225861355062425,0.36284706849890996,0.756869221032894,
155,1,0.0042574129624596896,491,205.82319166633894,210.35296569621096,0,36.43617476,151,16,0.34207801365018253,-0.13290430934324432,-0.08772287176924985,-0.05783248206969158,0.17754112850949844,0.6438973440427209,0.6787610723440626,0.9245253672419171,0.676066453857174,0.7100549733600189,0.935720262654695,0.4147201374089955,0.44841769272041393,0.8111400147325276,
156,1,0.004370938725947014,484,210.94080957595062,216.23207225427132,0,36.43617476,151,16,0.346553735975951,-0.1291483888581892,-0.07542902498789919,-0.04338521706002514,0.17736487833625492,0.6142803078066141,0.6501521827616179,0.9179188938974447,0.6441263133297807,0.6796072917250615,0.9290907354925965,0.3359479839844963,0.36512518421388773,0.7550244690572464,
157,1,0.004205613853524015,476,213.4368858045257,217.50457034347414,0,36.43617476,151,16,0.3490109743181457,-0.1416620275924519,-0.0854547416289034,-0.04322043414492848,0.1828511292709953,0.61377738564832,0.6494691664561734,0.9140403692411473,0.6493022937731932,0.6842611751929362,0.9272249464019467,0.3054360902535382,0.334871538555315,0.7298533944698031,
158,1,0.0046626986331899985,488,208.25767984562063,210.86529865352634,0,36.43617476,151,16,0.33915688509861275,-0.12027061021475827,-0.0806956620753354,-0.03167376458016511,0.18380566205290944,0.63918012903844,0.674319560354412,0.9225221021548894,0.6780616325412608,0.7121179350536969,0.9360531019058994,0.32092861186871946,0.35116428789400067,0.7417992979159739,
159,1,0.004794500335253469,483,209.02600459930454,213.98161270811323,0,36.43617476,151,16,0.3568913951959781,-0.12683752213817312,-0.08986143857453796,-0.039909169985612725,0.19208270452334208,0.6184626994618811,0.6545420117701577,0.9198041229293222,0.6492453456526627,0.6848519624516559,0.931074767508644,0.3393711957119085,0.3692149014621501,0.7601011695439079,
160,1,0.004754342786967052,483,211.91014436196477,218.72003127317254,0,29.756464415,48,119,0.3582297966077855,-0.1201242689179127,-0.09349015675564741,-0.04392465627568194,0.18827488062035755,0.6136396752850042,0.650409351379049,0.9205457761546981,0.7064594170045781,0.7413851587132464,0.9519483970279673,0.5732297033675153,0.6100468829636294,0.9039150889373149,
161,1,0.005272997103338723,480,214.84335677975594,221.48480869871554,0,36.43617476,151,16,0.3528635595151687,-0.12695089386018613,-0.08506811897644437,-0.05202234113642151,0.18333714069191212,0.6215620579176314,0.6561460913654473,0.9106044344585319,0.6516821125026727,0.685506086272804,0.9220263860349042,0.41698957458001196,0.45112333970397683,0.8066307444680194,
162,1,0.006526663383447376,482,213.22459851707382,218.8684313681107,0,36.43617476,151,16,0.361191850663982,-0.13154200478287992,-0.07989698884852307,-0.054834857453502105,0.17232827702778555,0.609704863258005,0.6449371076112963,0.9188514918119057,0.6414201382088125,0.6762581367388623,0.9308165700443023,0.40613393507366863,0.43813632268219405,0.8101138672578174,
163,1,0.004923905902896051,495,203.86759109594405,208.77933464569747,0,36.43617476,151,16,0.35795874350641654,-0.12488989464717211,-0.09563201245399441,-0.057908793582047556,0.18096368421543985,0.6372462770126032,0.6730248668297477,0.9367461509445829,0.6703542708046845,0.7053716179945024,0.9473501772968824,0.42163776452365703,0.45557267805053325,0.8340852593272647,
164,1,0.004859280481526379,485,206.94034867064903,212.80734754919558,0,36.43617476,151,16,0.3660621576837199,-0.15030753456041324,-0.09596135328856552,-0.03646641981150999,0.2041838876784036,0.6177504891431882,0.6546992147733014,0.9225390560170877,0.6461736153136315,0.6825656904654143,0.9325217262147243,0.40817783940974034,0.4430128582911037,0.819740912830759,
165,1,0.005258828844243454,483,211.2670596701101,215.53297899108793,0,36.43617476,151,16,0.3610906754951355,-0.12756760587394922,-0.08446915321708935,-0.03388825187948001,0.18531629719396853,0.617301614296119,0.6533426540686386,0.9220359052292065,0.6501483825103572,0.6855840507826063,0.9337853488218314,0.3368959785010923,0.3674600093611703,0.7630116491267244,
166,1,0.005068932706318419,490,208.3549876429162,211.19925543703556,0,36.43617476,151,16,0.35079589224137,-0.12822334931102322,-0.08831728922590262,-0.046668331184698125,0.18694452286849103,0.6400072837920809,0.6748989623681112,0.9239743540230945,0.6775110865326938,0.7115141950276451,0.9371861430766933,0.33840148280698323,0.36800857502433465,0.7526095884485986,
167,1,0.004575360333634084,484,211.43284099187105,217.48620080745553,0,36.43617476,151,16,0.35352508404719557,-0.12476628994761382,-0.08383900042230924,-0.029901682467470606,0.17947558529977936,0.6221996843155968,0.6578511934656476,0.9254100031920773,0.6487286572187599,0.6839162194106813,0.9348742860949043,0.43302516665715896,0.4669706085089234,0.8326104155017082,
168,1,0.003999778374135083,486,210.37706322081138,215.7937696414137,0,36.43617476,151,16,0.34927779413075116,-0.12814196684180956,-0.0841995171812367,-0.0464640550494189,0.19498918357002795,0.6261009306330867,0.6620342768124957,0.9205823787570677,0.6543611794422011,0.6897179416543554,0.9307505154280878,0.4226746360540843,0.4569316959369462,0.8202975565240138,
169,1,0.005132585171670064,483,212.69598855455004,219.02241177283332,0,29.756464415,48,119,0.35682636325332473,-0.11482685229467274,-0.08409770577750125,-0.0497508794102498,0.1793098043464618,0.6112081749622235,0.6468490605105183,0.91868879564279,0.6954916551854744,0.7299941096504877,0.9489169632917612,0.5673229572962388,0.6028040335970597,0.899645098505265,
170,1,0.004869350487745581,479,212.75703503902244,218.52923007552369,0,29.756464415,48,119,0.35805838773633475,-0.10939424897071667,-0.08257785893472636,-0.04617516862024861,0.16418996090739046,0.5964855250901537,0.6340549073636118,0.9172278053758427,0.7071276085595529,0.7425536403526376,0.9541247601844459,0.5490202972040579,0.5864548590028893,0.8972578188175168,
171,1,0.003972354759364044,479,213.70423136310166,219.2493094514811,0,36.43617476,151,16,0.3458102487983567,-0.12391177105720887,-0.08049567307327961,-0.04640144338064895,0.18129356315239953,0.6134960337677208,0.6489666682227118,0.9137331453569706,0.6409019524162638,0.6757734514477067,0.9239933434596661,0.34177816007585077,0.3735743646820401,0.7610927400500496,
172,1,0.0037373098061193833,483,207.64901201564965,211.85829468208266,0,36.43617476,151,16,0.3553566004115247,-0.13536343124356096,-0.08403133729011814,-0.042456532549951145,0.1899803635591196,0.6173091542261804,0.6543252043574999,0.9229454868894983,0.6493721346773775,0.6857157835330667,0.9340691814671261,0.31872723498174726,0.3497745714473151,0.7552849521313172,
173,1,0.007074644553867542,479,213.96781997662498,218.02944786726414,0,36.999319045,153,14,0.3750065164030852,-0.1234954175291046,-0.08983067779414898,-0.05309310210910075,0.16969791998231484,0.6100047512953315,0.6454145825448819,0.9204482727757894,0.640457921715341,0.6756950436549227,0.9320946042718867,0.33719155002317386,0.36429585541289977,0.7525176349600569,
174,1,0.006914835792524349,487,209.06580210532377,214.46471831651587,0,36.43617476,151,16,0.35773086388337266,-0.12984670776694382,-0.07459882615000245,-0.03474884059124185,0.17207650405871505,0.6304466740066519,0.6661644749434934,0.9189967765915927,0.6617258985774975,0.6966860184447115,0.9301921662654695,0.41323048038846566,0.44752882158658264,0.811221081331557,
175,1,0.00543705254792116,494,204.9831265368515,211.2078023710647,0,36.43617476,151,16,0.3445986259325289,-0.12970050717249373,-0.08673553096970185,-0.04422394663551971,0.1804613082049105,0.6413466038046434,0.6769876269931353,0.9231655489539183,0.672774120153839,0.7075300078272297,0.934017075389738,0.4250195929443621,0.46003895105575854,0.8199601778501929,
176,1,0.0040598378496516305,485,209.34307136835645,213.14017476137752,0,36.43617476,151,16,0.34036848926274904,-0.12555027246860798,-0.0844452379669846,-0.044050886787512046,0.18040843556228764,0.6350661739045501,0.6704235025739316,0.9182174452132569,0.6721353108997353,0.7065799753484168,0.9315365568319979,0.3477197727355785,0.3787623404490769,0.7597672559802071,
177,1,0.005003711245204065,489,208.51722862851292,214.16277763423506,0,36.43617476,151,16,0.35377869373934634,-0.13705962143930958,-0.07705119877663923,-0.03224350736127793,0.1963641028072644,0.6299563856274086,0.6664574978971677,0.9249496701912653,0.6578978661354375,0.6938532847766408,0.9347087781717237,0.40437781137382006,0.43806910371621033,0.8122801473645451,
178,1,0.005818437638832749,484,210.42241222657654,215.12465015194772,0,36.43617476,151,16,0.3371345166043295,-0.12737706861247347,-0.09760554625803503,-0.035490321581720094,0.19156619524195487,0.6290917646567108,0.6642846448444413,0.9104620716103858,0.6601378369284889,0.6947568595251923,0.9223809834133017,0.3467494044967808,0.3765210509437761,0.7494414067836002,
179,1,0.0051323869740704875,491,203.77542128004814,209.40846096684209,0,36.999319045,153,14,0.35253799770001293,-0.1101284617451834,-0.0806885519376941,-0.05715757271109255,0.1643879350325273,0.6257830263313817,0.6615525980824676,0.9315424802428582,0.6548846733656808,0.6901833473869899,0.9415245898592973,0.3771280763447635,0.4083595987573513,0.7979711187433749,
180,1,0.005081048044469212,489,206.54624930547948,212.10983227975618,0,36.43617476,151,16,0.3357181658018323,-0.11262192808747114,-0.0854563418188786,-0.05658701923937276,0.17712442878398138,0.638337227703625,0.6721190069736085,0.9139907906651101,0.67089223081373,0.7038075952619293,0.9262009490222551,0.3741845057235582,0.4057991925606458,0.7700913277857344,
181,1,0.006411972060721453,481,210.64921177447604,216.355183904292,0,36.43617476,151,16,0.3448206319563523,-0.10368067195427147,-0.0844557631858516,-0.03793443728595932,0.19170304564019414,0.6224581989908804,0.6570572821044396,0.9145102444930485,0.6508086303397469,0.6849189485969938,0.9254093052890582,0.397092488535547,0.4288193032442984,0.7925784744198813,
182,1,0.006145580850020206,488,211.44039066535686,215.75644851864052,0,36.43617476,151,16,0.35426553512450015,-0.13131653754132763,-0.08489539133441489,-0.04056338831307967,0.19164466052813672,0.6303303144414435,0.6665310038512755,0.9260172310961188,0.6665241140760187,0.7018108857522252,0.9382831445604466,0.3285705615316685,0.3598051194727667,0.759314911197684,
183,1,0.0044774722116719375,487,210.34016656915466,217.05438287534736,0,29.716817785,44,123,0.34311926968526796,-0.10802823619869201,-0.08755612821205021,-0.05241515221482857,0.1753231539986129,0.6292119162596745,0.6638344323230668,0.9202748861627941,0.798172681723419,0.8262350751480578,0.9718976005199678,0.590060170071132,0.624988532501697,0.9039849923521103,
184,1,0.004516863764945728,483,215.62229092697356,219.09260038584324,0,36.999319045,153,14,0.37093105142978355,-0.1390618862375152,-0.08500671413598915,-0.057268782094963104,0.17111078387012496,0.5975074186446169,0.6348405416626314,0.9271711102154513,0.6333117111142058,0.6703224426081199,0.9396831966553432,0.30090715484567676,0.32881859372861705,0.7455131031550385,
185,1,0.004004019648413858,482,211.71044754885855,216.7985024504033,0,36.43617476,151,16,0.33942378947717855,-0.12340069062175035,-0.08885332827425635,-0.03979486639984032,0.18548348407686863,0.6217426571026131,0.6573799859118395,0.9133216106601052,0.6539226453337966,0.6889353101379305,0.9253818194579091,0.3534260526570497,0.3845401535774621,0.763967131638239,
186,1,0.0057712294272261435,487,207.1266552059921,211.381512965725,0,36.43617476,151,16,0.35801637175261186,-0.13930755932812156,-0.0838328723331901,-0.039208082213275604,0.1961970013269073,0.6384871635772006,0.6733278295312384,0.9284217844176792,0.6728087743672603,0.7067043695719213,0.940074354598179,0.40120931019721323,0.43477829866782713,0.8092570599621359,
187,1,0.004760032862768126,481,211.2301467653655,217.60869234850895,0,36.43617476,151,16,0.3716903222504232,-0.1242013493158456,-0.09231489298481489,-0.02883283057575677,0.1798957550181199,0.6026364212689451,0.639912844645591,0.9293927012639678,0.6281471206182283,0.6650913187892378,0.9381854223903625,0.4238147114048457,0.45885866833532607,0.8438756387380487,
188,1,0.004146139586879506,484,211.543898740085,215.09285751360613,0,36.696902405,152,15,0.3532234922139749,-0.1350405806305936,-0.08621176396822594,-0.04737131471541552,0.17754138185920093,0.6174022966761916,0.6540542507763486,0.9222295503010972,0.6524086512813847,0.6884747878958699,0.9346374839884248,0.31637866276924803,0.345587029608316,0.7465220563723686,
189,1,0.006307553076591414,480,215.00012279810645,220.20710582970912,0,36.43617476,151,16,0.353034339243972,-0.14313344581890597,-0.08276201744804725,-0.03290932724135782,0.1941748115819533,0.6177335439998497,0.6533063020116056,0.913507103017193,0.6482820409161654,0.683156957809362,0.9248607263165979,0.4014019400889973,0.4355429430162533,0.8027494523829213,
190,1,0.006048637971623641,484,212.95363205203716,219.26095357286596,0,29.10103014,28,139,0.3684411936441158,-0.11156520816408483,-0.0929970990584219,-0.050167694501207956,0.1762497443955536,0.6147812587465276,0.6505734816121267,0.9277861052025048,0.7611119166607525,0.792408413025069,0.9708800621782292,0.5863579375416258,0.6223136146496695,0.9167258803316766,
191,1,0.005113380365532609,484,212.03679465734717,218.44126539162153,0,36.43617476,151,16,0.33982142596687503,-0.12034100597259952,-0.09267753237698954,-0.05172635374714275,0.1808702575978951,0.6254164438869205,0.6605163331508128,0.9136423579743206,0.651713938552792,0.6863353793270224,0.9236580810330679,0.43883465228968244,0.47248634459144384,0.8202619739082649,
192,1,0.004154901206261592,484,212.03581241254946,217.0448682024333,0,36.999319045,153,14,0.33880167381077314,-0.12651776089055153,-0.08206252880785546,-0.04214743742146214,0.17060344355253756,0.6213063595545287,0.6566939047445848,0.9167508497072467,0.6532480640951748,0.6881089737627477,0.9287249476896963,0.3463750152183094,0.3761525692940979,0.7580958844820328,
193,1,0.004052372739787377,486,209.5146622408148,215.97911381968993,0,29.716817785,44,123,0.3521255040441507,-0.12444144584595947,-0.08943991663865619,-0.044221715238047125,0.19681670360310383,0.6177248517999608,0.6541514126656757,0.9190429658404324,0.7194501513047761,0.7533164139959493,0.9530872496765508,0.575473083599016,0.612124990972096,0.9017453082218854,
194,1,0.006120869420686915,476,215.2962337247904,222.6014169068808,0,29.716817785,44,123,0.39382686227545477,-0.10520165370637165,-0.11555428045767448,-0.0686526822586237,0.1814990370607881,0.5940911851118943,0.6260339762185436,0.9377065725519474,0.697246026555713,0.7287208012203564,0.971556108549974,0.5609761898558173,0.5924947564733355,0.9227571382464063,
195,1,0.004703159249294314,481,211.29102443110327,215.72370087835384,0,36.43617476,151,16,0.3477420681371329,-0.12650332977187295,-0.09132315348785605,-0.036124354197799115,0.18446967290387128,0.6178029842797371,0.6533486041642739,0.9150108182903004,0.6479876293434764,0.6831459855966301,0.9265427773719119,0.34593757558735255,0.3751033502752917,0.7567552246096978,
196,1,0.004770974459460823,480,214.7363534717981,221.54997398135123,0,36.43617476,151,16,0.3552605227100486,-0.11889057819690478,-0.0798034275666536,-0.036468495353718315,0.1763622510589577,0.6072731492007579,0.6439249950039715,0.9170586449124303,0.6326065136405362,0.6687572206336172,0.9262984427776066,0.4350911940239547,0.4709990115354651,0.8348925032594,
197,1,0.007419949568999994,478,212.10140062281624,218.84552438589344,0,36.43617476,151,16,0.3734879016830007,-0.14331994391330505,-0.08593284179668945,-0.04339815430817044,0.1811548213503546,0.6029397097613642,0.6385967975777729,0.9235051347713874,0.6290803660063716,0.6645288790639741,0.9332717771322901,0.4042884880871507,0.43614402171964795,0.81733709463058,
198,1,0.006247061807634718,480,213.38335037013675,219.34386389782668,0,36.43617476,151,16,0.3776254263894212,-0.13022910214877198,-0.08783075688389995,-0.030903207602490258,0.18525075424739207,0.6012388494097431,0.6382391847007874,0.9248092018703732,0.6310681348911801,0.6675864275273099,0.9352856936473646,0.40400530426303605,0.43869030045788815,0.8266316441094267,
199,1,0.004154458329788324,490,206.9078136342578,212.89312892633774,0,36.43617476,151,16,0.35505955133751105,-0.12512627089609019,-0.08122919417002815,-0.04306631594483205,0.18472900184009405,0.6281029461117842,0.6641555173034184,0.9257800825405054,0.6547108273379783,0.6902708548849732,0.9351372016870054,0.4241667016891201,0.45808888649115875,0.8257222904834534,
200,1,0.0040153739554591615,484,212.29101267895746,218.61840156036317,0,36.43617476,151,16,0.350604572457921,-0.12639388747144137,-0.08467626248609215,-0.042815421605628824,0.17538577936903207,0.6217645803418234,0.6577981646514409,0.9185698839560229,0.6480724849002898,0.683592213411347,0.9281581761480565,0.4205280457703451,0.4548285719142855,0.8188515564700919,
201,1,0.00408472975599688,482,212.18462957639724,216.94004746078588,0,36.43617476,151,16,0.3509570902744567,-0.13007896349440132,-0.09048208099978608,-0.054810147206602766,0.18529006644994178,0.6185814572237789,0.6535021392235112,0.9156971899020567,0.6508412942723523,0.6851332893027445,0.927809776914996,0.32604191440002045,0.3554950351642096,0.7427258804907434,
202,1,0.005879597931682566,485,212.94273042699146,215.0616925970907,0,36.43617476,151,16,0.35657254139998984,-0.12313374248440342,-0.08328557563458237,-0.04195525006337127,0.17851314184255251,0.6209404181731838,0.6562144802385387,0.9207586548521903,0.6609210213442939,0.6956088214594665,0.9354347216451707,0.3117851903617992,0.3387095870647501,0.7296478480600501,
203,1,0.0049424918494229845,491,204.41528786439892,208.69306854043197,0,36.43617476,151,16,0.35495414263301833,-0.10336868421239072,-0.08323863826258006,-0.04785742229705709,0.18596760370899168,0.6373879214703593,0.6728538216064255,0.9302541168942573,0.671636132371452,0.7062405320217356,0.9417153623952591,0.3573299621761223,0.38900344453286717,0.7803912047216475,
204,1,0.004477866902070467,481,212.49146043447328,217.7440655593158,0,36.43617476,151,16,0.3535170458234421,-0.12027627351759168,-0.09677663969185055,-0.05975388804706456,0.19574560242641956,0.6173339510174654,0.6526065612531777,0.9172991196351898,0.6486277118441713,0.6833626456962875,0.9289879384029595,0.3485664284284403,0.3788551552694265,0.7638093949013697,
205,1,0.006472391119391844,488,206.00690031330902,211.8070802550257,0,36.43617476,151,16,0.3486612536480558,-0.1420249096000442,-0.09083912881903602,-0.04363941245583272,0.2064703569779639,0.6384869195169409,0.6726970781446127,0.9198592246051709,0.6673033837750397,0.7007302330747569,0.930312731008671,0.4028208710098371,0.43608159926417034,0.798913775273935,
206,1,0.003728577528139209,487,206.89195149883767,212.16653272677905,0,36.43617476,151,16,0.35443966234606267,-0.13212857836729433,-0.08966681461399442,-0.05000244961378662,0.17784586730729238,0.6270460907734564,0.66386752921323,0.9267444517469225,0.6588389454393895,0.6950247509341873,0.9375873910640653,0.40999398022124456,0.444233492189179,0.8207444291304454,
207,1,0.0037072093054942037,489,206.83126399779553,212.5963603330964,0,36.43617476,151,16,0.3483712063622479,-0.1353335912046954,-0.0856747444441245,-0.036801767799040534,0.19548005970724588,0.6314810481859363,0.6664839293481151,0.925168081021406,0.6631434256790745,0.6973688552464323,0.9362604401842713,0.41664093174406225,0.45053752378335143,0.8183666012999384,
208,1,0.00457894005540554,478,212.55275564521062,218.12130939500491,0,36.43617476,151,16,0.34627903503608626,-0.12543316404728622,-0.09513081838537522,-0.0453774471347018,0.18234667902686688,0.6135447019053233,0.648782334631963,0.9117572858174836,0.6417754673642462,0.6765898858671513,0.9227031834341809,0.34205956527758863,0.3717471119419561,0.7532944291039856,
209,1,0.006108877514973311,484,210.9117510188705,217.97435547843992,0,36.43617476,151,16,0.3356545483817984,-0.13605153151210284,-0.08877423677666411,-0.05249977697879009,0.18908969258528696,0.6266707840644324,0.6597479744222138,0.9112454133576608,0.65143614906461,0.6840068901568523,0.9210832144421853,0.4342598445791419,0.46652156313024784,0.8101149578387354,
210,1,0.005751266224320102,488,211.45219037401318,216.37346796427278,0,36.43617476,151,16,0.34968650932069484,-0.13555364582627158,-0.08727082354571732,-0.057640082570171676,0.16921696072948125,0.6346077889696773,0.6702638139668025,0.9206809560833922,0.664946631802809,0.6997963225254812,0.9313548931885746,0.3985706986604813,0.4327028374188544,0.8028296613642621,
211,1,0.0052812584950597255,487,205.72964749605595,212.6734032176812,0,36.43617476,151,16,0.33987201759471053,-0.12967548219935982,-0.08294496671043813,-0.044107734488963456,0.1849003420064057,0.6447459035297699,0.6779292599960007,0.9229511367492254,0.6693305475294388,0.7018843358293634,0.9319629785129466,0.44698074775995467,0.4800585717482476,0.8249294986668256,
212,1,0.004220732814647823,480,211.40935861801597,215.54747968998333,0,36.43617476,151,16,0.3534784775631361,-0.1314729032688592,-0.08145723273371616,-0.04755830825991948,0.17701770290562055,0.6050363958382005,0.6421360170437395,0.9152891820624518,0.6371862663810443,0.673884081083458,0.9272067322117602,0.32429027479273453,0.3540723703037512,0.7526113231590827,
213,1,0.0063709606804181595,489,208.0919801998934,214.69523712918595,0,36.43617476,151,16,0.35000210629929973,-0.1251399493082303,-0.0841223600539153,-0.04285610018663186,0.17978482328888504,0.6336290735961269,0.669338390821718,0.9212790756286034,0.6568784352290072,0.6921345707845281,0.9297033482418804,0.4281201856607282,0.4619307667228586,0.8199174804406179,
214,1,0.0049370662134267,485,211.3842765545333,216.73304858378464,0,29.760862715000002,49,118,0.34473511517670774,-0.14111977847348636,-0.0857340084221893,-0.04856589190510197,0.18997306372100814,0.6246012526808076,0.6598297541149319,0.9131586832744568,0.7351296460619584,0.7671298549103686,0.9513886663908149,0.5711783801097207,0.6067826096327941,0.8902753706960976,
215,1,0.0038610703234174043,482,212.8866841112774,217.24269675725014,0,29.716817785,44,123,0.3459414391145104,-0.1353680740284066,-0.08365929277105097,-0.038086022356425143,0.1787945950148037,0.6123407417755952,0.6489101760415441,0.9176021435132418,0.7367521208394706,0.7698204626156513,0.958089267396899,0.5621517040501727,0.5989069411900597,0.896749708858597,
216,1,0.005851418013967594,482,214.8757207763752,220.32004508327321,0,36.43617476,151,16,0.3472948304389658,-0.12415992481568372,-0.08396883929648241,-0.03756988156083298,0.1785295188985946,0.6183939072655311,0.6520902816005765,0.9158060639417039,0.6501543664088187,0.6831909995336013,0.9279695195951994,0.3462991150324739,0.37627949035117136,0.7555100064814526,
217,1,0.0049451227222179085,488,209.3817410462554,213.11807158742226,0,36.43617476,151,16,0.335625846762235,-0.13353052032198356,-0.08965910795353392,-0.03482715435528665,0.17853555435222457,0.6349816359019979,0.669793013461596,0.921928849095545,0.6706284420470449,0.7045487129545795,0.9346091267228906,0.33377745624431115,0.36397904752787935,0.7506047590163637,
218,1,0.004623193117234692,481,213.11545577613364,218.3072592160454,0,36.43617476,151,16,0.34254971326370465,-0.13561385029789935,-0.08572758454629416,-0.03446430050952559,0.18300458109017742,0.6227403785481002,0.6583344828640884,0.9108957196745401,0.6517976089433148,0.6868586694420798,0.9219778366664614,0.415889159986607,0.44931529518021834,0.8048433180758116,
219,1,0.0035351715282393365,489,205.7399247881313,210.2820243601421,0,36.43617476,151,16,0.35247148098291786,-0.13655999819888806,-0.08775685402279686,-0.048777284263047005,0.17769999844136392,0.6282992057873152,0.6648675578708884,0.9277001830124632,0.6648604856415308,0.7006594920035162,0.9400511558490908,0.4077627496809374,0.4417398506211501,0.8192557169035095,
220,1,0.00617862387612654,485,208.43785327406925,213.40113153946703,0,36.43617476,151,16,0.36471254424357064,-0.12948953964649282,-0.09555412680570066,-0.040556623998039026,0.1877203951472784,0.6140016175739582,0.6506764787267217,0.9278322068848668,0.6436404268683399,0.6799676653123454,0.9382278168512024,0.3279463043054141,0.3568643213239344,0.7615278003808701,
221,1,0.004380046011049686,494,203.39510117598266,207.32954216981062,0,36.43617476,151,16,0.34453284531047185,-0.13819529735359665,-0.0885703013757588,-0.03413669959751793,0.19130587024616427,0.6469193377494182,0.682385934905462,0.9243461989829215,0.6801959803117942,0.7147824383689659,0.9358683931250311,0.4131891869051537,0.4469574279217695,0.8091700713420686,
222,1,0.004885049920285583,491,206.20954872671234,211.97134420490136,0,36.43617476,151,16,0.3500374602389768,-0.13885304862725775,-0.08585207236909541,-0.059927880231398854,0.18968992064151077,0.6454034725582842,0.6803233492385403,0.9208939731457909,0.673904799471006,0.7079390824881662,0.9308840778755498,0.3954030194863827,0.42958262083350274,0.7962664888006914,
223,1,0.0055519265236286044,485,208.90978821697885,214.51189510502473,0,36.43617476,151,16,0.3688803806177192,-0.1182945229700762,-0.0901844841632667,-0.05951624528185903,0.1768405379172835,0.6250069145574332,0.6605783139518233,0.9291898427469301,0.6559297632703703,0.6909268481587896,0.939865507982757,0.35323362702135236,0.3838063073382636,0.7785015991387833,
224,1,0.004180847205326899,490,205.5576257896673,209.91224980749018,0,36.43617476,151,16,0.35897813361812075,-0.11426186259086284,-0.07776752389025407,-0.046402404868089275,0.17256715701659647,0.6307006566484826,0.6676874336155588,0.9307022375959483,0.6656875416540312,0.7018472547194958,0.9421249216788039,0.3588323043861147,0.39158701309103383,0.790069401111855,
225,1,0.005529091422148772,492,205.90861815995254,211.28289275451533,0,36.43617476,151,16,0.35764060820926835,-0.13562204063056416,-0.08357231450456268,-0.028902387289749625,0.17892184814681839,0.6427937218567933,0.6772888013236216,0.932489198905289,0.6732754481730867,0.7070434862123336,0.9428035842966096,0.41798031132973446,0.45080376723982607,0.8202495444443596,
226,1,0.004416545936778742,489,206.12897205790563,211.229587718831,0,36.43617476,151,16,0.34230259709440186,-0.1234958090489206,-0.08048498654161082,-0.04193436021534023,0.197763041262597,0.64469413400039,0.6794854272961962,0.9208907772375523,0.6744063854697133,0.7082929834963373,0.9313590949113948,0.3489292280153463,0.3811373934958787,0.7620368461087352,
227,1,0.0035442024373706416,491,205.27498048248123,209.542502178449,0,36.43617476,151,16,0.35086145474741715,-0.1262285892198266,-0.08912078262653615,-0.039051959788858205,0.18398203025301416,0.6349731175078869,0.6713555729187115,0.9248039768747742,0.6684827036981671,0.7040705532166447,0.9362935598857881,0.3436282130122025,0.3750346642055136,0.7673263536029455,
228,1,0.005530153043879007,488,210.3120609852238,216.49911132288014,0,36.43617476,151,16,0.34812445694983457,-0.1184583868966606,-0.07825277599060503,-0.04978622614895986,0.1709470056424922,0.6276841271510037,0.6635470942803194,0.9215981501473856,0.6539938622449873,0.6893475187107764,0.9310638347351828,0.43717352338891663,0.4715444171903558,0.8292737164264297,
229,1,0.005653550699842855,484,208.74557393071254,213.08877975571608,0,36.43617476,151,16,0.34946877008347527,-0.14373538642955125,-0.09125575431359739,-0.04375285110845478,0.19767499183852935,0.623990955552879,0.6598083704449891,0.9150226378787172,0.6564427927109215,0.691610936590633,0.9270221787959345,0.31006645113972575,0.3390519594445655,0.7299129646698487,
230,1,0.004707008805572308,483,209.66850093474963,214.8121121584635,0,36.43617476,151,16,0.3463739622660734,-0.11856502406323294,-0.07768498477854267,-0.05447498446554949,0.17565763818782984,0.625465132236304,0.6611464844417867,0.9189275458161731,0.6555283102704484,0.6905315199621549,0.9297718950957755,0.35178788093114927,0.38353173001499397,0.7693001296433536,
231,1,0.006767418090636712,482,211.36097378141395,217.4200581587599,0,36.696902405,152,15,0.3554409845764434,-0.11797194247639564,-0.08176830706351003,-0.05360390685793241,0.18121536878538597,0.6243943804972807,0.6583561495073664,0.9261801624711848,0.6513353502192823,0.6846866694889895,0.9358607161593326,0.3543345839084127,0.38517146302462885,0.772884746276478,
232,1,0.004612413881806899,483,210.04144579087637,216.36771082446728,0,36.43617476,151,16,0.3388877312436604,-0.14104728414247328,-0.09295364598876649,-0.049656891669239527,0.18406002628426457,0.630172359544354,0.6647318291921274,0.9150222860084987,0.6586389236624249,0.6923527420882298,0.9254337721387836,0.4029757998234848,0.43747326292895816,0.8005167189207678,
233,1,0.004038211034822551,491,208.3635429106076,212.92580408114083,0,36.43617476,151,16,0.3428229578488118,-0.11704474498760842,-0.0848691194927124,-0.0400685575437454,0.184670649460824,0.6334026687006679,0.6690823599936846,0.9190895695361626,0.6679793461598992,0.702797690897902,0.9314041985103166,0.36609123308125713,0.3985068467104919,0.7772854284785506,
234,1,0.005475667600743143,488,210.02185870520296,217.52408625505268,0,36.43617476,151,16,0.3524694666130753,-0.11450997404603454,-0.08085192796473009,-0.024452232988266716,0.1702726970255797,0.6281231653575047,0.6647720353688059,0.9255655508956351,0.6488872648074534,0.6852167409236496,0.9329256165622004,0.4594121795066213,0.49452625938344924,0.8472873614823173,
235,1,0.005139410685972821,479,211.52323241974324,214.74243047026573,0,36.43617476,151,16,0.35073122751323754,-0.12346804516903007,-0.07879309504941208,-0.04131279052474188,0.1748363960965028,0.6096969916929067,0.6461684568370897,0.9167237763079049,0.6460287394648959,0.6817973466220933,0.929905319465255,0.3038174743616316,0.3335166586837687,0.7357058509734808,
236,1,0.003349324871749645,481,213.2234746090288,218.70052114893565,0,36.43617476,151,16,0.3548274479260257,-0.1265305673328555,-0.07944050126477865,-0.04040237857342565,0.17956321354296592,0.6076933786893665,0.6446912720960367,0.9164435575444198,0.6361450156058557,0.6726776101950994,0.926861944750726,0.3370082707135922,0.36847579893492827,0.7653354837916543,
237,1,0.006675663369196295,471,221.65366654518346,227.62342093283462,0,30.119388739999998,60,107,0.3517536456131217,-0.14311769232112978,-0.08194535358375689,-0.03606876455047683,0.19399525955461341,0.6033382030930913,0.6372766329576371,0.9028695750801966,0.7227516543629408,0.7528791189384664,0.9464267243475735,0.546003074610714,0.5805357260466609,0.8766177247178719,
238,1,0.004754438430915034,475,212.63223820464034,218.77529905824144,0,36.43617476,151,16,0.36819186859146397,-0.130770913993726,-0.09860555116093071,-0.03908873561710569,0.19307226428203028,0.5993354302032551,0.6364162289320986,0.9206058094398666,0.6264152844455434,0.663226757091338,0.9305414967642258,0.4101908243768557,0.4440905360559889,0.8247903733104889,
239,1,0.004406802265962569,485,206.1612858481935,209.5080689186346,0,36.43617476,151,16,0.343844998482708,-0.11661357957148517,-0.08382467908326517,-0.04318969033626587,0.17400116774677726,0.6242157070969475,0.6604605272889458,0.920113711599982,0.6615966778439131,0.6970974934415175,0.9334282324472862,0.3289217205199049,0.35892168520994955,0.7521709696118833,
240,1,0.004630674744017875,491,206.95551313532894,212.76486155506228,0,29.756464415,48,119,0.34719167539275053,-0.12718114369345412,-0.08711646011237797,-0.04480911805080502,0.17975814126729717,0.6289955874845745,0.6646062116201114,0.9281333970378631,0.7337886476043253,0.7661219875475259,0.9608154863032657,0.5836713012531999,0.6197589853985711,0.9103495460524887,
241,1,0.006946405452093596,494,206.11456484245562,210.53257659622722,0,36.43617476,151,16,0.35839528302080836,-0.13751493755215885,-0.08845548386265963,-0.061180326213157527,0.18074385892942307,0.6426389604231726,0.6769019133745255,0.9285911558593821,0.678599350774776,0.7120231882397247,0.94106677503424,0.4027568086942494,0.43452826464739713,0.8037274194349635,
242,1,0.004291608312296672,489,210.38662540401535,214.3953822774713,0,36.43617476,151,16,0.3587466096119407,-0.14387675507854344,-0.0994785220523904,-0.055384749781245086,0.19467918019248448,0.6265928994372141,0.661975613049934,0.9237110252727387,0.6638286067720949,0.6985912113832934,0.9370656125479178,0.3943483147722067,0.42588124949251294,0.8001955552497377,
243,1,0.004401481084660644,483,214.35216226420715,220.72460620464295,0,36.43617476,151,16,0.3538167153614267,-0.11741228773038037,-0.08938608731776816,-0.037330965238127,0.1924266332599342,0.6163961007843459,0.6524832707430693,0.9187923929671659,0.6430601470106126,0.678532004744382,0.9283961239924187,0.3608543983064414,0.39415832311293564,0.7828586536846137,
244,1,0.004758755922758489,488,205.9253444627844,212.04926894282386,0,31.247618505,88,79,0.34976704349711296,-0.11696230294796904,-0.08791953461831725,-0.0475389102903348,0.18171244786920163,0.6318069741474287,0.6684778214184638,0.9263986872793283,0.7135207504691462,0.7479920126361944,0.9528311669221757,0.5483954268520745,0.5853335462055367,0.8919053149653388,
245,1,0.007129413504925654,482,209.10609049797606,214.81823652442807,0,36.43617476,151,16,0.36966239331111334,-0.12456392999153665,-0.11371747757088534,-0.06631407617480281,0.18722319544000662,0.6177840013062847,0.6525663675055895,0.9303150903720149,0.646469457632221,0.6809369747248677,0.9405833660822877,0.4119157197134302,0.4431104141906371,0.8215559828581638,
246,1,0.00438571528327024,484,209.42774668300282,213.4585649792383,0,36.43617476,151,16,0.3449414705752982,-0.14039414577861453,-0.08322061973193912,-0.04017442145789375,0.189149409096291,0.6328836555946663,0.6683102864421424,0.9185847131185932,0.6694320860730063,0.7038995900425364,0.9316106158940186,0.3098141299635957,0.3396846332961436,0.7318409120375453,
247,1,0.00471945576965004,484,211.09802269669015,216.3725217373546,0,36.43617476,151,16,0.35049107222037795,-0.12386437279913899,-0.1008352389313016,-0.04970211532637064,0.18626671971147213,0.6170707205939453,0.6522908024468618,0.9166549057971741,0.6489686610688787,0.6837089164735553,0.9287006429531757,0.34649610706231593,0.37603552609561114,0.7596298394164231,
248,1,0.005350795709363714,484,207.0830414130125,212.2966064261051,0,29.756464415,48,119,0.3542685638650004,-0.12981151494990428,-0.10307583381683297,-0.04619162375353539,0.18044014953530074,0.622211055897811,0.6580058237283974,0.9233232670609253,0.7233307425802078,0.756252744719295,0.9562864628065461,0.5710718112194172,0.6072750433445392,0.9025254823131917,
249,1,0.005352727356998489,482,213.87115216217435,220.01197500957835,0,29.531086350000002,40,127,0.3560392826435989,-0.12387111087994254,-0.07474617304242512,-0.05200555241828064,0.17929921354215755,0.6123496135188436,0.6481646905053297,0.9190836207396124,0.7143985295764091,0.7475937079036898,0.9533143748893436,0.5695801282501952,0.6056670129528414,0.9014520200280732,
250,1,0.005329004900628919,486,208.43389265178087,213.94241300670626,0,36.43617476,151,16,0.3363968302885853,-0.13005145576331298,-0.0877587860638817,-0.035916853607512136,0.1911601520163515,0.6386751134832159,0.6718916232343289,0.9150985959645729,0.6667181561352501,0.6991441607388785,0.9256576447062671,0.43573775609881393,0.4693003791776121,0.8131480149187141,
251,1,0.00585031836552667,484,209.84012543028774,213.31129908185312,0,36.43617476,151,16,0.3593455200953722,-0.12697059348365033,-0.0874628064812794,-0.045762410474020486,0.18833003581630536,0.620294230765634,0.6558622995985496,0.918585060460312,0.6554400324006738,0.6906677972710114,0.9318539552362871,0.3427900544193988,0.37050291931681933,0.7532235254926498,
252,1,0.005155370469875891,487,208.915977143178,214.33736958846993,0,36.43617476,151,16,0.3584794417152315,-0.1264722881688449,-0.08587291164984158,-0.04177625377705391,0.17876589757689354,0.634482167393409,0.6693932259085666,0.9257962620690368,0.6630167992108195,0.6971346799064007,0.9356659905232084,0.41857890859704905,0.45312664963716554,0.8206340439133193,
253,1,0.004394836548130668,488,210.21206700239185,215.6953935507603,0,36.43617476,151,16,0.34512356601051425,-0.1198410359569193,-0.07711072395615345,-0.03473617444165949,0.18239611410566722,0.6301298479861231,0.6659088501371723,0.9167230034783349,0.6596863608144724,0.6948256664593752,0.9275298608595252,0.3606533826805438,0.3923832160658857,0.7708140240669261,
254,1,0.005080012825528498,487,208.38602260470972,214.55548093174906,0,36.43617476,151,16,0.3449883375926557,-0.1277946952452449,-0.06697645512165351,-0.0457635102285906,0.180116924172051,0.6343016979928708,0.6693356355014064,0.9225357207480264,0.6611957273735017,0.6955139517765119,0.9320491918533819,0.42610494690541834,0.4607491395475485,0.8214220280644666,
255,1,0.0049825584261402505,494,207.7133030380351,212.18036054178418,0,36.43617476,151,16,0.33796961967715616,-0.11169587596074486,-0.08238929096336273,-0.04216281208604378,0.17281032766575566,0.6328913531172609,0.6682382409508875,0.920476146834404,0.6663196320121196,0.7011738706229044,0.9328274654084306,0.3829561095615365,0.4131601412656778,0.7831174872411688,
256,1,0.005186137596243733,487,210.1569216371336,216.10843560015326,0,36.43617476,151,16,0.35342917828796,-0.1256756121364587,-0.08599650630846088,-0.04631197790072226,0.1700602813845111,0.6206734737886896,0.6564774369808608,0.9187852503277909,0.6501005198908829,0.6854326326771618,0.9296421436091307,0.42110139066812946,0.4544302083427234,0.8176502415180567,
257,1,0.0037665065410542437,487,207.75698819560952,213.13123450891493,0,36.43617476,151,16,0.35150812999578024,-0.12144308543477995,-0.07926368300105792,-0.043977418529246325,0.18218674945019506,0.6276893806392904,0.6635977163323249,0.9264378589647851,0.6601635883671467,0.6953841831603257,0.9376689872504831,0.35366090947297457,0.3850462363522461,0.7772553728890469,
258,1,0.005492546624470662,476,214.74766089092657,221.8359932290544,0,29.716817785,44,123,0.3596768960285631,-0.13125227734901532,-0.08615975089480354,-0.03418854474307295,0.1860190429669085,0.6061938821551962,0.6417541120100825,0.9179692360293276,0.7109587457446986,0.7437465391302727,0.9533930771522393,0.5694634452678623,0.6053154235096847,0.9026822155883066,
259,1,0.0038300260277874553,486,209.23498586008367,214.91922765644722,0,36.43617476,151,16,0.34506026626551006,-0.12184181556340326,-0.08119317619210463,-0.05198868074958731,0.18271158437494459,0.6342272632725702,0.6685584432752125,0.9208201739151407,0.6613505917895021,0.6950693996059439,0.9307670870430513,0.3517197877887147,0.3820827482373697,0.7613685367821263,
260,1,0.00606588715477206,483,209.60825660092056,214.69266838151424,0,36.43617476,151,16,0.3554871077388975,-0.1217568555330977,-0.08159741306905073,-0.04242546085403772,0.16760829732457758,0.6192577682676799,0.6553375486454089,0.9206106550221361,0.6512022662394242,0.6867299601593921,0.9321546788355699,0.34775468966737366,0.3784264962255914,0.7686354532477401,
261,1,0.003701142052494456,485,209.1716248739321,215.22906467386576,0,36.43617476,151,16,0.34085019222363533,-0.1211614912282121,-0.08581281198188134,-0.034717977479832754,0.1911114775676229,0.630328554414113,0.666042360808404,0.9150029735483983,0.6563830723711265,0.6915238821924352,0.9246346726184134,0.4449630121169541,0.4799191760163351,0.825868718559696,
262,1,0.0065850118952644025,485,209.91041881960942,214.77043913182763,0,29.756464415,48,119,0.33557787598853994,-0.13572581421930346,-0.08341546690169828,-0.0355323889522674,0.18708126126790303,0.6348689077935372,0.6685938034584162,0.9105198220353872,0.7356400495754776,0.7661803083902118,0.9467144717127317,0.5838720285538166,0.6182072204330565,0.8884580582850525,
263,1,0.005449405832192563,488,210.13894776775078,215.71878058059593,0,36.43617476,151,16,0.33497470032576665,-0.1325391828859103,-0.07717474112405685,-0.05581880360067641,0.16863826019775743,0.6331077015926565,0.668270812541894,0.9111725872106758,0.662737596374118,0.6973952372714529,0.922578030704845,0.41622710168822846,0.4484205550787472,0.7979092232214645,
264,1,0.00493186357629382,484,211.6749709581465,217.4094698926359,0,36.999319045,153,14,0.342543007255096,-0.11619255702214132,-0.08617102511378166,-0.04029073531388264,0.17250165638262613,0.6207569623466965,0.6562199553679601,0.9138183897135145,0.647781414943996,0.6828200928662003,0.9241485807323332,0.36906691884790244,0.4000102067275379,0.7735153997472566,
265,1,0.005554380883522563,484,208.62072627543876,213.04185916450996,0,36.43617476,151,16,0.3660870626992196,-0.11814523852245486,-0.0896951170819901,-0.05267346169066383,0.1731268094631045,0.6114486089139084,0.6487368304300626,0.9234049255966406,0.6460794007602846,0.6828055123676335,0.935476369099964,0.3492094258587047,0.3809582031055146,0.7810871095248949,
266,1,0.006341322947432057,482,211.7640823780962,216.35433708367736,0,36.43617476,151,16,0.3748482918361933,-0.1230660828352563,-0.09134587067157078,-0.042069081946685113,0.17457856040439074,0.5990601989707445,0.6366640754790409,0.9282747967937599,0.6307739118826549,0.6680539945217964,0.9392198281481142,0.3388240907345258,0.36960354503121673,0.7827574094253702,
267,1,0.007451840212718985,479,212.1121690368856,217.25882634474584,0,36.09730783,148,19,0.3569626918808458,-0.14530282707402495,-0.09247094719461187,-0.02959424762833283,0.19310734917993197,0.6200395321243961,0.6559442200776336,0.9132827562289525,0.652476165313934,0.6879861957518019,0.9256779660183296,0.37971774308773387,0.4103919889377353,0.7805079068962525,
268,1,0.004347825752470003,482,210.410214544706,215.14260223386844,0,36.43617476,151,16,0.35044250158661944,-0.13121302049420316,-0.08189788461763459,-0.041143926423714144,0.17250660449033328,0.6098368450003181,0.646360575078965,0.913777447551647,0.6411088462680644,0.677085254136858,0.925388698532635,0.32688428784103185,0.3575356247454553,0.7518255218264285,
269,1,0.005051041439191259,481,210.75913333999296,215.2309115485129,0,36.43617476,151,16,0.34699226063336064,-0.13112371778046678,-0.07861578395872247,-0.033482522797584416,0.1762570154182626,0.6170290146109274,0.6528685119019468,0.9123775740616733,0.6523055247505927,0.6875024307738956,0.9256353182995819,0.3361638431283466,0.366405510088454,0.7512932233927513,
270,1,0.005089026975682799,479,215.69035754582052,220.49824518975493,0,29.716817785,44,123,0.3389906410269134,-0.13310489427933303,-0.08836689389957705,-0.04625510285549874,0.18859821365568336,0.6183848971169363,0.6531683826728485,0.9079959980387821,0.7305291899382179,0.762474358004981,0.9484946809853466,0.5691955980760494,0.6041676776202134,0.8861675391284443,
271,1,0.005663465236628286,479,211.8360766982416,217.93058023865592,0,36.43617476,151,16,0.35930354966701616,-0.13438818950762638,-0.08999218398419115,-0.04617051025856776,0.18267778255560582,0.6265540385732811,0.6582645632528689,0.9339403998531732,0.6539125770094352,0.6848552800582081,0.9434900844933785,0.40789637223422165,0.43998719951036236,0.8182437822015048,
272,1,0.005681675809811523,486,211.8866336999208,218.23608330329017,0,36.43617476,151,16,0.3409975471692739,-0.13220499691455453,-0.086539115859364,-0.040732742447449184,0.17963159178668123,0.6322514597869091,0.666689611822429,0.9106658983402203,0.6555433188427966,0.6894265004543607,0.9195907178315058,0.4223639133837902,0.4559852256131783,0.8040625068075216,
273,1,0.003960643316851545,488,208.00232319563895,213.94852946070705,0,36.43617476,151,16,0.3557565509346203,-0.1404829547161388,-0.08650878381617351,-0.04688511089596688,0.1867908097449798,0.6245016364389115,0.6613900748870194,0.9216881173381736,0.6516794706260415,0.6880927682361739,0.931347366587441,0.3966329459306728,0.43010951685479104,0.8064044194808078,
274,1,0.004652846575680661,489,208.42178102344295,213.51274344242591,0,36.43617476,151,16,0.34663664654922594,-0.13446547453841087,-0.07970826027110764,-0.03640874495966049,0.1909439690100095,0.6364357504258872,0.6723167940778921,0.9218649942185648,0.6669489744604257,0.7020083028287145,0.9324995555167697,0.41939930175360324,0.45444220723234896,0.8173140690777796,
275,1,0.0063360225726711095,476,217.22202102039267,221.49967874033172,0,36.43617476,151,16,0.3331821916017986,-0.110565806730046,-0.08011117985462977,-0.02805023205473715,0.19802460776561331,0.6141553345572957,0.6481824530912605,0.8999564747952115,0.6476982699933977,0.6809841641250051,0.9135051586891612,0.34829601953387385,0.3792180732761774,0.7460070444310275,
276,1,0.004727475153648427,487,208.11483797229678,211.9844256369816,0,36.43617476,151,16,0.3561199683489536,-0.11157728336059303,-0.08712428668870159,-0.0497020703942311,0.17592874405388784,0.6270066565086669,0.6629896768311538,0.9272834936978666,0.6618260375715752,0.697169512959759,0.9393296434882714,0.3678909106023689,0.3991510615726689,0.7876669257915729,
277,1,0.003949975877752936,486,207.7976656173194,213.73662766261003,0,36.43617476,151,16,0.35561201792703045,-0.12103022872824667,-0.07975424946776016,-0.04268801405048227,0.1827015471847092,0.6281297000253134,0.6644922813860596,0.9257953419722651,0.657730620610426,0.6934366497962418,0.9359817101492018,0.4330649023896179,0.46822834103363786,0.8335718255345264,
278,1,0.0042344816506134095,483,212.89017774689424,218.82235921369676,0,29.716817785,44,123,0.34830276873982363,-0.11872181509166123,-0.08547905833930633,-0.04118167780832108,0.17973160237043698,0.6144888986211308,0.6500215992151193,0.9190674121933448,0.7158356348367728,0.7486570911355699,0.9532412459301441,0.5704632304585004,0.6063343266248608,0.9008058686067237,
279,1,0.006181370097686499,492,205.87474012437517,210.43272393361013,0,36.43617476,151,16,0.34412600025420104,-0.12429171676089765,-0.08055506425084749,-0.054387894319415306,0.18153363757243576,0.6392719599057036,0.6740977885612727,0.9229771787904215,0.6739486709082674,0.7080138783177207,0.9353841954750608,0.3475897795410774,0.3772362759338424,0.75803444069747,
280,1,0.005065511804916511,492,204.7619119364081,210.36960529360033,0,36.43617476,151,16,0.3532155685723296,-0.12340956560992973,-0.09214490556861668,-0.047186851882064056,0.1851415749610878,0.6395537765228744,0.6752099551530446,0.9296846670342,0.6698044434837659,0.7045615298384524,0.9396778441642006,0.43001827291587047,0.4656611039387788,0.8327049615668268,
281,1,0.004053389890509744,483,211.49448959684858,216.86454025680882,0,36.43617476,151,16,0.351575872482408,-0.11611988652782414,-0.07426156832124517,-0.04915653510482844,0.17712782420519324,0.6148144681959973,0.6510802287947411,0.9176654696824713,0.6442605113257995,0.6799317754553075,0.9283609774656235,0.35621121770931224,0.38861937178423395,0.7774951656103102,
282,1,0.00530279512108784,494,203.21015102985643,208.84426427781392,0,29.756464415,48,119,0.34293576845460505,-0.13254480021334894,-0.08498711294604816,-0.03703991362445547,0.1866073794269875,0.6518836319236643,0.6864647417145695,0.925807340884702,0.8409594668640984,0.8652980559683027,0.9785102602741182,0.5980278526170033,0.6335165631486971,0.9047344257693721,
283,1,0.005250225823312182,485,209.2394949734251,214.4870896888657,0,36.43617476,151,16,0.35128653921083625,-0.11334732013134347,-0.07426478648324518,-0.041870104505630466,0.1696325813371446,0.6340244733856193,0.6699076863236897,0.9220043209512513,0.6634110543497981,0.6986713452022236,0.9324552902360831,0.3691883097265032,0.4009588672812208,0.7808326726599542,
284,1,0.0047564393330927785,492,207.69680967510413,214.66146077788466,0,29.756464415,48,119,0.34217629196318755,-0.13086920909737065,-0.082082518115608,-0.04594593925680433,0.18675307009645606,0.6395025732709254,0.6746133620635709,0.9167390563063131,0.7312963248476301,0.7636633404286383,0.9484581969451827,0.5974164654000812,0.63300308843953,0.8994765153949388,
285,1,0.005059470968987313,489,205.7185059331246,210.55853089195512,0,36.43617476,151,16,0.34781764525331504,-0.1461135820453439,-0.0785115306077302,-0.031027765989035068,0.1844968652522047,0.6420439285760747,0.676758538738421,0.9273492359063099,0.6752457069442284,0.7090414924963366,0.9387276375700991,0.39679500331550976,0.430000696462573,0.8028120358839002,
286,1,0.005989948657330812,480,214.72208155064277,219.53289775464708,0,36.43617476,151,16,0.35257865680930994,-0.12346084563854462,-0.08781492385447132,-0.039110536802381024,0.1702100540603358,0.6041895533068266,0.6394865134683404,0.9159500265950029,0.6349716088061389,0.6700269859265363,0.9279280009000731,0.35090621718495185,0.37969354111819337,0.7650766711323156,
287,1,0.00426455949437561,482,211.87056618990894,216.7152998535447,0,36.43617476,151,16,0.36120717354345605,-0.14012149193290627,-0.08367152210236899,-0.05133926041864723,0.17315272391299558,0.6090842446536797,0.6454812151984529,0.9204065390802145,0.6423760525628539,0.6782237408006929,0.9324144755570669,0.3908092107568753,0.42405619396096816,0.8068660259544702,
288,1,0.007247507435760671,477,216.46043069978424,222.14581637009627,0,36.43617476,151,16,0.37070681582297577,-0.11940656523728166,-0.0999647861571089,-0.0473284667917301,0.18788344298238144,0.6034872167427228,0.6397288583338473,0.9170028011462642,0.6344825521108588,0.6701224596231284,0.9283571336720671,0.3438127611373435,0.3760479823601856,0.772495445953711,
289,1,0.005419063287948854,475,212.7490975537954,218.54923473736125,0,36.43617476,151,16,0.368606195858257,-0.12160468445354644,-0.08964102997659215,-0.04951102359127863,0.17981618302890529,0.5977764516596817,0.6347083179498021,0.9220866935462414,0.6250074780562036,0.6616563944374153,0.9320055475294093,0.33918953643586913,0.36978384649363943,0.7746055267140975,
290,1,0.005304885073399673,483,210.35053710173017,215.64233318757476,0,36.43617476,151,16,0.35476309725305133,-0.12956443086034053,-0.08703545670329156,-0.05598406956050756,0.19602313780974812,0.6251348953734829,0.6594345578585227,0.9234622769770738,0.653306944906692,0.6870295450645383,0.9337411084151384,0.3348343500141524,0.36433517870531745,0.7530273016221201,
291,1,0.004996931726607129,490,206.7321548253584,211.73781105239647,0,36.43617476,151,16,0.3502946132134984,-0.12808223048721332,-0.08304370942980538,-0.03866519607738383,0.17636154279139282,0.6392535742773285,0.6754233542923053,0.9289524812089063,0.6684730520501644,0.7038895390257847,0.9387214348153939,0.4226553936347653,0.457630082074715,0.826536214755961,
292,1,0.005350805763928574,485,210.91368112699203,216.24615088660994,0,29.756464415,48,119,0.3324902998673334,-0.11536030187119158,-0.07850056933213838,-0.04787452412149128,0.17905603426899283,0.6272465222395299,0.6617733574728647,0.9103431369062702,0.7344153380069507,0.7656098058274824,0.9482411566267809,0.5766524714532559,0.6117029827137511,0.888553626617381,
293,1,0.0061250568307407655,480,213.95403191640116,220.05710485417558,0,36.43617476,151,16,0.3606483001444251,-0.13146030567741898,-0.09042069092358061,-0.049772812853427294,0.18445519456619175,0.6093573381238225,0.645371766613123,0.9190063836253102,0.6365934596458294,0.6721909437999536,0.9290765195211255,0.4058580948873779,0.4392816608879726,0.8141930668192348,
294,1,0.0042903183189307486,484,210.8168391117329,215.14915495727024,0,36.43617476,151,16,0.35451725081115215,-0.12502650669233206,-0.08429970470855018,-0.057582143297551694,0.1918926643246844,0.6294062817152725,0.6641689952468912,0.9236364004090623,0.660371616076129,0.6944022351593101,0.9346578169505066,0.34182285644848714,0.37251678114372566,0.7613351423340577,
295,1,0.006376097017521359,492,209.03163837090554,213.6260678369921,0,36.43617476,151,16,0.3323757618364269,-0.1535133108226945,-0.09048183852686073,-0.04513890437328894,0.1818500486758187,0.6479718488749834,0.6803123751928662,0.9176415733754092,0.680503842404076,0.7118719620876854,0.9297818488264413,0.39070918301712393,0.422271168799028,0.7785301741710932,
296,1,0.005181136630427693,490,205.8040201133668,212.90269677146813,0,36.43617476,151,16,0.3651272199412325,-0.12236821253695203,-0.09336116036803543,-0.04993427268034063,0.17273608152304026,0.624062773708219,0.6590512327598073,0.9349036469118822,0.6470694406718283,0.6818297735892334,0.9429442842978165,0.42726709823590414,0.4588456469100518,0.8344612236723545,
297,1,0.0052560490752749656,487,211.78214005593665,216.0967032433852,0,30.119388739999998,60,107,0.338361049248493,-0.13821447776002926,-0.08740322587539454,-0.044845671520351855,0.1905170160233116,0.63068684016683,0.6650003609938339,0.9171446544000518,0.7432511509297172,0.7738387897467256,0.9551299538408105,0.5650540595623422,0.5999886409290588,0.8889248718842235,
298,1,0.004288035392623973,486,210.9375961060411,216.37914293723406,0,29.716817785,44,123,0.3466545278277371,-0.1310287407955233,-0.08723017762673699,-0.03579486463681666,0.18213462139922168,0.6269283746385006,0.6621272938818664,0.9181188914485872,0.7274064480231005,0.7595811963293766,0.9520721261825369,0.5774637835606989,0.6131720858475119,0.8977074831836241,
299,1,0.005056995662874684,484,215.0464167649874,220.98044959593295,0,36.43617476,151,16,0.3612636806455891,-0.12865415088004767,-0.08198299766324439,-0.04478735594207805,0.17023689395698524,0.6119223876831789,0.6478270295169313,0.9240207008120147,0.6417508801910109,0.6772243649668563,0.9347735817206269,0.4109588990438494,0.44408245586277206,0.8211343033621645,
300,1,0.005522894741011006,487,208.7477042272968,214.87487355674222,0,29.006466625,25,142,0.3527723607519003,-0.12297309649555878,-0.09302261744917514,-0.0416612605075986,0.18893413131285386,0.6288265087204873,0.6641127010704536,0.920570836371762,0.8021615780521469,0.8303499753686012,0.9723793144772102,0.6010555506842901,0.6366580918237942,0.9096155324645615,
301,1,0.004435316361782042,492,205.59939215986483,210.93043990544675,0,36.43617476,151,16,0.3507393424650888,-0.13680965631387168,-0.09517042050419006,-0.041015222773737516,0.193704478252288,0.6460290486679089,0.6803681176105228,0.9289233535187017,0.675057436172399,0.7086011269157156,0.9388834985274398,0.4106936116131353,0.4439447786173434,0.8113247035189872,
302,1,0.0048286502624228286,497,204.66021848382474,210.7100056367413,0,30.119388739999998,60,107,0.3618167711113443,-0.12411630644346368,-0.08942088991646696,-0.03927405918841856,0.186503857440043,0.6425837601005592,0.6788208576834929,0.9361987084869232,0.7199794984352449,0.7536847179680747,0.9593152783722082,0.5875792360183918,0.624610916159537,0.9160514995436044,
303,1,0.004488568459399908,478,212.36953422567663,218.3372949726206,0,29.716817785,44,123,0.35510794632045195,-0.13367289973437024,-0.07989837252881064,-0.039485351505811755,0.18601831207884623,0.6102087499379728,0.6454515536064575,0.9183226982547675,0.7183401644423006,0.7506272541468175,0.9547616266277138,0.5673277163219207,0.6029005280309043,0.900323164533513,
304,1,0.006454875991846046,478,212.70700151056673,217.7302152600451,0,36.999319045,153,14,0.34644192751796254,-0.12530734345372535,-0.08699621563125054,-0.030712601812291587,0.1950756961514136,0.6187381957120249,0.6533307870232475,0.9137922629866558,0.6467839808507725,0.6808621716566411,0.9246072135149881,0.3505986054385127,0.3809130570003033,0.7583135073796576,
305,1,0.004106411904617356,484,210.51407728958233,216.12552743357554,0,36.999319045,153,14,0.3400996682079328,-0.1252259695257649,-0.07627254491324371,-0.027896988375030116,0.1875869089503812,0.6307073947420917,0.6642493250702879,0.9126311646260107,0.6598649814764049,0.6926959197029603,0.9238553310691819,0.35231703286585775,0.38288886309529824,0.7525065230329414,
306,1,0.0050975031368813255,484,207.1237400080945,212.84228907580336,0,29.756464415,48,119,0.35143253358453924,-0.11854487468603071,-0.09377634608409921,-0.05878104353116141,0.1878730747744501,0.6177192102063466,0.6539267563831123,0.9176579415999326,0.7201742226497286,0.7537753238822619,0.9523544933587269,0.5693841667276774,0.6058267727921322,0.8974705729568672,
307,1,0.004370843700069264,483,211.54876279491202,215.21010531543027,0,36.43617476,151,16,0.34733108276397523,-0.13263155858266043,-0.09584698084176287,-0.048888120662194126,0.18921993760825706,0.6214043566853822,0.6566569505838288,0.9160845863295316,0.6566806727803179,0.6911379052482342,0.9290476898825749,0.3268870762607359,0.3572365276097453,0.7461630961062682,
308,1,0.005734854993805274,482,215.10582925171053,222.50377385624154,0,36.43617476,151,16,0.33616724488423844,-0.1389266852938706,-0.07454416178751207,-0.024301931835544213,0.19750799696833746,0.6355256882266547,0.6680462780497576,0.9064372080806229,0.6591246701178817,0.6909464146927706,0.9157618399915479,0.44237659976204396,0.4760129967980967,0.8085966811510005,
309,1,0.004215646782436703,478,214.2849680574337,219.3903733078816,0,36.43617476,151,16,0.34112396228796527,-0.13958722463805415,-0.07937702697511533,-0.04794551324725499,0.18608960559576124,0.6142737944979035,0.649817535731308,0.9055603270355024,0.6456024509222293,0.6804424189455692,0.9176014215987426,0.4026625865213024,0.4368453595376887,0.7965315838574509,
310,1,0.005864995074761439,489,207.26363959042214,211.82227199446555,0,36.43617476,151,16,0.3459012025019492,-0.12559533087140065,-0.0873688158368616,-0.045529783673394886,0.18598164325378397,0.6419692604480159,0.6756562018930549,0.9231885931807965,0.6760125005412744,0.7086977466027671,0.9352562048880174,0.3419240532144868,0.3727458506382963,0.7543932162842464,
311,1,0.005021743834625415,488,209.14227657147302,215.04931913890402,0,36.43617476,151,16,0.3567508808635704,-0.12224357098768181,-0.07679733529330973,-0.024487201987120434,0.18665664742124968,0.6365505373262783,0.6702992001239291,0.9232450883570624,0.6647018433756874,0.6976585104958266,0.9333327716914915,0.4304582703897722,0.46438817721128467,0.8213212476283985,
312,1,0.004751753498075491,483,213.28237595142775,218.89614018383082,0,36.43617476,151,16,0.34067273515540425,-0.1112245820594189,-0.07677588847970729,-0.03218752609134726,0.17822982300530815,0.6273335036817309,0.6614064589776136,0.9131404646274197,0.6566197109458276,0.6900558492979855,0.9243733057448005,0.3818041005768381,0.4133589140473791,0.7782890311288153,
313,1,0.004822748422177978,485,208.44394617165315,213.22153834994464,0,36.43617476,151,16,0.3605549544969955,-0.1226634978716311,-0.08815103320652558,-0.03994202200159669,0.17916431658190604,0.6168166237430046,0.653376253641176,0.9275194998416791,0.6486460962604951,0.6846642357758561,0.9385011847313807,0.3451812213136173,0.37618258542407146,0.7773532462770205,
314,1,0.0055185893307264314,483,209.71467094081774,214.32048624497133,0,36.43617476,151,16,0.36949759380632197,-0.13039138476809653,-0.10817197531317244,-0.04367871505997221,0.19239514992164503,0.6124182935399176,0.647586714469625,0.9281374688743084,0.6430596194253393,0.67782861632259,0.9391126223479974,0.32832395250725643,0.35667185145499875,0.7570209261144768,
315,1,0.004480502511378999,491,204.8811598485509,210.65800587980112,0,29.716817785,44,123,0.3487636316140611,-0.12443406996212437,-0.08655681632544737,-0.03759534682933912,0.18096685028379997,0.6374185048576902,0.6728109584500166,0.925658013894596,0.8169312716284456,0.8448054855528451,0.9770219880853692,0.5916162936758075,0.6272827911307298,0.9072203735269516,
316,1,0.004381584158233734,485,211.63175796987338,217.46719588191627,0,36.43617476,151,16,0.3494183066516884,-0.12007385623646658,-0.08041331353180034,-0.045030950224188925,0.1716772831845404,0.6158673265513276,0.6515402354654026,0.9214561100689916,0.647539319091404,0.6825768393226646,0.9328411466702676,0.35239619553266105,0.38401121109669145,0.7755721808923406,
317,1,0.003790406748614327,488,209.93982499021303,215.29850964112092,0,36.43617476,151,16,0.36113741658235055,-0.12346634265208774,-0.08381695370870187,-0.03990748839956202,0.18297640786303113,0.6259428166791303,0.6619123954208921,0.933010592871124,0.6531096107076112,0.6885175643138252,0.9420760374510616,0.34539815141584995,0.376603088513857,0.7795731200352751,
318,1,0.00470508801330762,488,207.17791681796314,210.92881128784268,0,36.43617476,151,16,0.3491231078959014,-0.1291377411881125,-0.09181543193250723,-0.050746712452046615,0.195709798546402,0.6349885503679731,0.6704401660069665,0.9207146819400279,0.6695142203220882,0.7041445507988462,0.9330043328331724,0.33376462547939806,0.3640494462336126,0.7512302820654257,
319,1,0.0062132512742893945,483,214.33335705401475,220.1104471402096,0,36.43617476,151,16,0.34346689860856694,-0.11076407778835727,-0.09085812087743711,-0.046885092723995624,0.18460108709956247,0.6238975328545165,0.6581329007513614,0.9114649649904022,0.6529913089680487,0.6867766481704575,0.9229299964244918,0.3811100743127172,0.4113323785149362,0.7743493562064883,
320,1,0.003537353492360005,481,211.74888783764644,218.26484973973038,0,36.43617476,151,16,0.3500167987680019,-0.12677260238858215,-0.08524686217799458,-0.04939749816419906,0.18338418020505526,0.6148147134544474,0.6507795458236779,0.917090498655463,0.640028556212783,0.6756207938663161,0.926533031979358,0.4214184930322264,0.4550484372454305,0.8191606836806778,
321,1,0.004545567379137686,480,212.4708389387517,217.90201190998704,0,36.43617476,151,16,0.3539725891731385,-0.12867713608849088,-0.08635708584979623,-0.04966210787181919,0.16850685950887048,0.611001988467293,0.6477213538221988,0.9181176260647218,0.6416085805958014,0.6778017748274885,0.9292159123164343,0.3265538465790182,0.3571461523502313,0.7561181591773645,
322,1,0.0047880531120208306,486,212.5395759206452,218.81873244945297,0,36.43617476,151,16,0.36112987106481587,-0.12377565097172445,-0.08618464777936717,-0.04832890577099676,0.1775084219651568,0.6167950192725237,0.6530231153805315,0.9283110008423424,0.6454281035887166,0.6812458281920771,0.9383203493041846,0.42337010426162996,0.4569982779815521,0.8327599464389634,
323,1,0.005572830170224205,485,207.06397045593334,213.14345711210888,0,36.43617476,151,16,0.35505733419642843,-0.1204749546628954,-0.08112699853427334,-0.040236272556934315,0.1977856023042864,0.6238493404720291,0.6603570679285907,0.9190323866381536,0.6518134918084961,0.6878712565020267,0.9292310820051408,0.4358088835169215,0.4702026486925167,0.8272900543756116,
324,1,0.005061024592187587,491,205.45898544836837,209.3648953749617,0,36.43617476,151,16,0.35405704590489384,-0.13034418479713739,-0.08455100307356901,-0.029571123941047106,0.18052296957267183,0.6453366371165848,0.6796904747550561,0.9326968162603129,0.681215468699353,0.7145069428039169,0.9445173093532909,0.33879540491528914,0.36965104679025285,0.7630408576539629,
325,1,0.008335831953007543,474,214.54614428272595,218.87655896712278,0,36.43617476,151,16,0.3569630895540679,-0.12500728889243193,-0.09416234987560408,-0.04733379220074718,0.1774574489093347,0.6153270201191424,0.6493256778655977,0.9100180998916633,0.6473841718939403,0.6809530680748593,0.9228632591410602,0.33884778876877575,0.36677011754162187,0.7405233651530445,
326,1,0.0045373220806901645,491,207.22119337339322,211.81822560192694,0,36.43617476,151,16,0.3396098105987431,-0.1409707412998035,-0.08605969163918667,-0.04206884506627516,0.18623596954962265,0.6383954672800843,0.6725975128679461,0.9213301413442184,0.6737528611177483,0.7069304067106436,0.9338947690666011,0.40854704549207654,0.44217997255824937,0.8050903176861752,
327,1,0.0050349256396307685,486,210.44868798812814,215.8426696333019,0,29.756464415,48,119,0.35130978435993004,-0.138875161075216,-0.10066070535483482,-0.050430862766575636,0.17349476796233576,0.6178425425370341,0.6540703452849517,0.9197639926086151,0.7315410161776827,0.7644524919745361,0.9568387396576338,0.5677744986029094,0.6043291855104224,0.8991596568645823,
328,1,0.0052177204892027255,488,207.69792923439408,213.2524775576324,0,36.43617476,151,16,0.3556124354272717,-0.14161580565818746,-0.0903681225240821,-0.04140052426613632,0.17221122318434032,0.6215526171545995,0.6569951752163916,0.9267457020992902,0.6532525108997514,0.688097300515815,0.9378797247548477,0.4061141999232134,0.43912622775074217,0.8166725464328088,
329,1,0.004027637685143421,489,207.73146307073876,212.2313835253761,0,36.43617476,151,16,0.3464340998176892,-0.11825086773294541,-0.07593233304540067,-0.04346953676136553,0.1749952131793676,0.6306843652250882,0.6666087507340038,0.9245651170036708,0.6654811067363109,0.7006309665151975,0.936652610170902,0.361666965279444,0.39344558679904795,0.7803068433956939,
330,1,0.006789939148601837,481,213.97727719774645,220.5648014282176,0,36.999319045,153,14,0.34417951731292634,-0.11659230989567312,-0.08800316700876891,-0.045076040253893425,0.1843362188470138,0.6153490243142915,0.6499318317503608,0.9127200906533548,0.6407539700120454,0.6751745294462336,0.9230067477735915,0.3713931968497094,0.39981341379216234,0.7676689906489583,
331,1,0.006485447649905774,486,207.94381246374223,213.9901705657739,0,29.756464415,48,119,0.38381483163655916,-0.11051409496756202,-0.10571681756745703,-0.08783689699001092,0.1461592951305008,0.6089461500214988,0.6427605858471608,0.936662780630305,0.7298410678246029,0.7624492024606386,0.9738480211520196,0.5645140638763687,0.5977207706337276,0.9172232729413985,
332,1,0.0054735658806084695,480,213.53421253977797,219.95290977904364,0,36.43617476,151,16,0.34513349307084357,-0.134362867472003,-0.09153727318688495,-0.03908654636029826,0.19378317206867035,0.6192778286796558,0.6541234298910773,0.9131588368325354,0.6449475781009697,0.6793236956988673,0.9230337047243118,0.4191020461838899,0.45226607312408684,0.8095340588594204,
333,1,0.005037218526427999,484,211.36528378505162,216.4588634460373,0,36.43617476,151,16,0.34405662010671656,-0.10838140272384521,-0.08119440838865706,-0.055289039979667255,0.16474534935144738,0.6237697910789259,0.6594324854691531,0.9214598650435527,0.6556631480938117,0.6907394612049842,0.9329634798033388,0.382372794819251,0.41435462828005015,0.7929285776127243,
334,1,0.004430535232456369,492,205.86967781723266,211.41862142650706,0,36.43617476,151,16,0.3380554783814036,-0.1311198573303523,-0.08969008400660097,-0.04391748185828151,0.2031941459268643,0.6541950190022044,0.6882601048562372,0.9158160379808652,0.6800317879104008,0.7133610577799238,0.925368334854203,0.427378602690931,0.4609285499040676,0.8030619715977659,
335,1,0.004997623510279002,484,210.032527169414,214.96177483421008,0,36.43617476,151,16,0.3521451809169388,-0.15090820913057698,-0.08202138290698563,-0.03920567035315052,0.18559883116751344,0.6218072630941524,0.6573013817305134,0.9230008285084688,0.6539692830660707,0.6887499011703856,0.9344091774229731,0.38293577366453435,0.41593201753178066,0.7977971784234047,
336,1,0.004527073825735788,485,209.78196628228935,214.18067888700347,0,36.43617476,151,16,0.352795778012266,-0.12998141440568384,-0.08652727496472362,-0.043017870746386265,0.1760901192877016,0.6175285994596471,0.654155160984686,0.9205942437286849,0.6516438747321601,0.6875937738372077,0.9326778784923994,0.3271994983679102,0.35796765694958876,0.7569308016533454,
337,1,0.004567572015123189,479,215.79267891624616,221.42268400396273,0,36.43617476,151,16,0.3484830854448995,-0.133700969935747,-0.08149798932829062,-0.03566523903411726,0.17533511148649872,0.6078376220231373,0.6438047954744971,0.9148980774797317,0.6396070652645887,0.6749085285322461,0.926636366764838,0.3234504974603921,0.3546625280105919,0.7511873295921428,
338,1,0.0042976072417393535,486,207.47309079937128,212.11851815732302,0,36.43617476,151,16,0.3503665173133714,-0.13258157709088722,-0.09500037847299293,-0.04846864445823417,0.19279302132218654,0.6354583265272659,0.6704831495383328,0.9225034833694524,0.6689637512068048,0.7031038422316951,0.9342969343557476,0.4148294537379098,0.44886436790110673,0.8131083363863155,
339,1,0.004292971288276494,490,207.15195301037696,212.87512723270402,0,36.43617476,151,16,0.3499374796938042,-0.1268412319929344,-0.08844971059751937,-0.039542714625135,0.191654588975001,0.6283793605366584,0.6644957587517794,0.9230717382554409,0.65870685847252,0.6943073040306892,0.9339136902526876,0.429168372262834,0.46289212847256717,0.8247841677517279,
340,1,0.004118416020281306,486,209.25279425814594,213.3652800738226,0,36.43617476,151,16,0.3703927598782291,-0.12088119011663799,-0.07855253648552345,-0.048856925969162385,0.1621025044207381,0.6100635423010912,0.6476557603179212,0.9323573685124807,0.6472789749281325,0.6843578570542139,0.9446113185071573,0.3383804979263171,0.3690698434834281,0.7825850226782658,
341,1,0.005815248936276265,479,212.4000129791883,218.46422953862162,0,36.43617476,151,16,0.3576965416482059,-0.11837658807001608,-0.08430223846151891,-0.04508202444069534,0.177742587997791,0.6151890770880396,0.6509904210834503,0.9175068363233683,0.6446155675649825,0.679778209304343,0.9282409826707915,0.35428972744429094,0.3866543373848472,0.7749582774737485,
342,1,0.006895669873678161,484,206.47255094389803,210.56725359323985,0,29.716817785,44,123,0.36532718096750183,-0.12457252444743008,-0.07772335503267425,-0.05347924481828258,0.18011526786629828,0.6178216982317704,0.6537612700336818,0.9301833877942803,0.8115542664784594,0.8387113110710157,0.9808910101652707,0.5677384782003003,0.6041703169625892,0.9106329956266963,
343,1,0.004870962344043964,486,208.1799605454415,212.86761649550147,0,36.43617476,151,16,0.35940203771518914,-0.12390920432246735,-0.08068231312907655,-0.03573285414240243,0.1826964284224859,0.6261236577234189,0.6625978491284885,0.926538205577854,0.6595065368788987,0.6950453334933718,0.9376881059192819,0.33870097539620625,0.37184816642217616,0.7738795415825549,
344,1,0.004405321110284925,483,211.877763179071,216.83626573434668,0,36.43617476,151,16,0.35271289410583606,-0.12343344000779513,-0.09306572221016494,-0.042047873911835655,0.18650571390370332,0.619737148754295,0.6553661059311892,0.9197766858602722,0.6511346499663947,0.6861635411401145,0.9312080009385034,0.3453016116774676,0.3760771989285505,0.7652155379229546,
345,1,0.0058541580021499165,486,213.0568270735387,218.5602270307491,0,36.43617476,151,16,0.3436255893667162,-0.12820507079690213,-0.08991553650040339,-0.03545960508375708,0.17539503885294272,0.6370634937221427,0.6711880841989487,0.9126296263600178,0.6682173960479247,0.7012641983359695,0.9239863743253707,0.424841872522268,0.46030466712942336,0.8097751512537131,
346,1,0.003897307254045356,487,211.80611745929775,216.35497861044325,0,36.43617476,151,16,0.35045506207871313,-0.12286029389011975,-0.08070264677197664,-0.04529857548870063,0.18355042461587218,0.6305039208930892,0.6667198641153166,0.92393968561889,0.6642526967216157,0.6996315488716711,0.9355522539114824,0.3450660822032574,0.3770676990990828,0.7701620186407416,
347,1,0.004626681608690818,487,209.74816782505144,216.36268145987924,0,36.43617476,151,16,0.34714358520076893,-0.1163619783210211,-0.09040372361861707,-0.04624655571024086,0.18902603353938685,0.631446953079294,0.6674570763113594,0.9179355704626833,0.65774530286395,0.693054908427568,0.9273032247566686,0.44189068792442143,0.47789213847211354,0.8294963992882665,
348,1,0.004453262762153084,493,200.18980647720684,205.03831231938102,0,36.43617476,151,16,0.33804635938316463,-0.12204247733280128,-0.07650830896000207,-0.04036418571516484,0.19618194831590888,0.6549072961195492,0.6890095736785554,0.9206816280427111,0.68592924072387,0.7190359683984484,0.9316725544661736,0.3547234668963187,0.38650767407949255,0.7595117451702542,
349,1,0.004274345623361455,487,207.65017374135988,213.62579371121046,0,36.43617476,151,16,0.3613717664203093,-0.1364694611431308,-0.09053618726258875,-0.047174335021848396,0.1779125730444951,0.6189326851117052,0.6558199885242146,0.9271594388810193,0.6449361615543091,0.6814394452372194,0.936211687294756,0.40171898639133613,0.4351005479367561,0.8179561229188678,
350,1,0.004436677922300769,485,208.45568866936355,213.69160258177618,0,31.269159645000002,90,77,0.34595705227355494,-0.13236088979226074,-0.08125313429188373,-0.036411749957401804,0.1780570659640309,0.6257164699503431,0.6624090819052733,0.9150274776756203,0.7184465481122397,0.7520951225632182,0.9461113881588694,0.5290190057355987,0.56635777495976,0.8737555506116265,
351,1,0.004534138069103862,489,205.51238287226346,211.49779835015204,0,36.43617476,151,16,0.3475235846763274,-0.12152668107952504,-0.09026797002978941,-0.054996346438402906,0.18574401140033217,0.6315406021671659,0.6675289770990229,0.923066752582986,0.6605613745716109,0.6959652707238229,0.9333482734186884,0.43303058344097634,0.46730895980479803,0.8269591732673071,
352,1,0.004806059439816799,481,211.24158293959184,217.0947586794934,0,36.43617476,151,16,0.3507008477968837,-0.13329855186179787,-0.0803875135120018,-0.04648443571103016,0.19210022241836247,0.6235625923295272,0.6579040517672347,0.9143063683236595,0.6513711003721598,0.68519913967476,0.9250100652226244,0.41084602651628055,0.44308914609488337,0.8014122320923373,
353,1,0.00420742363990843,482,214.3035407308619,220.23992296017042,0,36.43617476,151,16,0.3369001362717495,-0.11962117109434055,-0.08480397456158792,-0.037839879123755284,0.1777361215754465,0.6197991594196233,0.6550631413757664,0.9101791888802643,0.648179702597503,0.6828219099538866,0.9209767284294845,0.36157064397477634,0.39370341699339156,0.768639499695538,
354,1,0.004119578632898145,488,209.3826353218667,215.41333393840637,0,36.43617476,151,16,0.3631371516750027,-0.1321302649214087,-0.08925721724590813,-0.04616689907449547,0.17690044012731812,0.6204821426505609,0.6579966606360971,0.9270953596242537,0.6463413768500124,0.683351045558361,0.9358566355634185,0.40428907176970835,0.43929711146172645,0.8228544464169278,
355,1,0.004787731013276296,479,213.28220023966787,219.91194673547272,0,36.43617476,151,16,0.3632771164353454,-0.11993679049713561,-0.08679826519732411,-0.03672579240888003,0.17915022057301194,0.6010796777674675,0.6380170346720112,0.9239669103436885,0.6272981935868205,0.6640451624002728,0.9335219380092634,0.43147232487904863,0.46548029540734376,0.8401626591573035,
356,1,0.004721812908810825,478,211.4099734455954,216.95919512941765,0,36.43617476,151,16,0.3557105605204757,-0.12119633902605854,-0.09174672421881766,-0.04944103716513346,0.17307316429803943,0.6051804888277953,0.6422454763936403,0.9185817302961453,0.6330957535341128,0.669828110368874,0.9288262617691527,0.3476573525499934,0.3786776900307691,0.7749930223014614,
357,1,0.0049173747259393,483,210.52814934865077,216.89257519188874,0,29.756464415,48,119,0.3629349954392221,-0.11169685512309287,-0.08126910815364721,-0.05235595228511371,0.17666635854648288,0.6101388104501861,0.6464066472850656,0.9261934814659526,0.7020954288131559,0.7361521576153981,0.9560580753087539,0.5617785443471708,0.5983220711010692,0.9066805571524067,
358,1,0.006507735898327628,483,209.4361611808362,212.9741589604011,0,36.43617476,151,16,0.3560360631181246,-0.14102141850938998,-0.08700896729268044,-0.039187954604798514,0.19253450181445414,0.6270194759636414,0.6614185702788612,0.9201806922586987,0.6631105461637778,0.6965664456942018,0.933193817388707,0.30880759486235343,0.3384097018943828,0.7304598339453794,
359,1,0.0036056119585137045,489,205.7675773722934,211.60138208163568,0,36.43617476,151,16,0.33696582218831406,-0.12666131351273424,-0.08790294497923479,-0.03967826884400463,0.1898520360891243,0.6390177402674367,0.6739253472030847,0.9168742623530733,0.6690505088241069,0.7032477737053235,0.9279277081784807,0.43398992727298713,0.46782630158105726,0.8154770529753548,
360,1,0.004115035955780912,486,210.08184100791016,215.52631647951728,0,36.43617476,151,16,0.3498318634543407,-0.13198448489395412,-0.08782348347959847,-0.039847784762538134,0.18235857693822521,0.6288272160222914,0.6640799154000594,0.9209180259727079,0.6595603539798086,0.6941684435171794,0.932037646011213,0.4200523967353538,0.4535666270313422,0.815941156175586,
361,1,0.004938963818496524,488,209.6198924765396,215.59852857999488,0,36.43617476,151,16,0.35373461199339673,-0.11781061056672051,-0.09237656806020933,-0.044736677345535776,0.17784813032857036,0.6288344940185361,0.6644954103259388,0.9263317171292563,0.6551825835056962,0.6902645676843674,0.9355113939504823,0.4353931618711451,0.47004108823205404,0.8339331582080486,
362,1,0.004337192077342114,477,212.55404419340658,218.30256312778118,0,36.43617476,151,16,0.3554714468720209,-0.1247647631328421,-0.08009377445156468,-0.041004382556029804,0.18047782262568157,0.6006790478670821,0.6383085717141274,0.9098401279392534,0.6284840439667161,0.6656638366196167,0.9202298201565974,0.33607502206171175,0.36839315361430214,0.7639055110078177,
363,1,0.006253699163989327,473,218.93868105938847,225.29333642581787,0,36.999319045,153,14,0.34091368770331076,-0.1451395874933307,-0.08937288238138595,-0.04201966090036421,0.1871064642513135,0.6117208999866743,0.6452847427911652,0.9045439046294331,0.6362111698581835,0.6693700877441321,0.9146580603765746,0.3927043769090254,0.4238942293489574,0.7804253942582547,
364,1,0.0046822636634823896,485,206.80644290522898,212.34310433269633,0,36.43617476,151,16,0.3486881720718257,-0.12698770928012237,-0.07978559241174187,-0.04125635556393617,0.18711500800283998,0.6320794037569604,0.6676645679842842,0.9126703202455466,0.6625619479179798,0.6973927166056205,0.9239213461312247,0.42584098841852525,0.46051733110021814,0.8113629659450319,
365,1,0.005007858996750354,487,206.33232182831273,212.4531273345005,0,36.43617476,151,16,0.34761732018556574,-0.11504882017982157,-0.07550559007290711,-0.05555862232032171,0.1826991985747472,0.6329624862459431,0.6681064090178038,0.9265064037508322,0.6621994138380672,0.6965587919347949,0.936564374840937,0.3629352654502437,0.3955811494516587,0.7835147728286654,
366,1,0.005581404957923556,473,213.19433345727415,219.72679156438494,0,29.716817785,44,123,0.3788252584075737,-0.14253790128242316,-0.09572736564370468,-0.054114112251653634,0.1960272522732326,0.58957542498894,0.6261142711723046,0.9217383315112243,0.6971005020276355,0.7320067438326533,0.9577556121502049,0.5506360713508284,0.5869946039828127,0.905129289286176,
367,1,0.005283454782069979,489,208.4088857580101,213.48693490546754,0,36.43617476,151,16,0.3449495144887447,-0.11836651930934677,-0.08283296297259364,-0.0416167496506357,0.17706214111596075,0.6348356319683172,0.6706988354964138,0.9220958476140215,0.6641213926929903,0.6993300962605888,0.9324685836296315,0.36615193795516854,0.3980624617292643,0.7790953115382915,
368,1,0.005339509420636285,473,216.85541033682563,221.7248927338852,0,36.43617476,151,16,0.35881806103745045,-0.1367129123297834,-0.08800305995697152,-0.03376284821959794,0.1700855441259689,0.5918279430238008,0.6269916348275433,0.911670051595439,0.6239205997334271,0.6588699149737818,0.9245236648737286,0.31762674551721937,0.3449749409922699,0.7370133716080017,
369,1,0.004250643540752469,477,215.298503845084,220.47617600828482,0,29.716817785,44,123,0.35305586078974205,-0.13724016124241495,-0.08649308632362171,-0.054397406284137244,0.18906208124681298,0.6042821489051973,0.6395789893569553,0.9124243248979266,0.7162635570287832,0.7488038226237484,0.9516683417407445,0.5576416120518257,0.5931295502944787,0.8920208200188185,
370,1,0.004090013273796316,478,213.67793026140745,219.90540147341437,0,36.43617476,151,16,0.35737821942675624,-0.1216883339466256,-0.08817752817018358,-0.04003345546447987,0.18128325296914782,0.5973215520062631,0.6344601149424,0.9161197981257181,0.6234102403977536,0.6602760922908525,0.9258923348868247,0.3489975937097072,0.3803867614708992,0.7771938292851887,
371,1,0.0038732485565825345,481,213.94326368069622,218.76242998008286,0,36.43617476,151,16,0.35096158720393633,-0.11620557977439347,-0.0801647654286698,-0.04852116398111786,0.1789407667813786,0.6056449168800498,0.6422271930569164,0.9168869988546572,0.6375310668519524,0.6736925819022503,0.9287107056950731,0.362784919442796,0.39440214691201614,0.7832038184128643,
372,1,0.00514977934515234,490,206.8022724738531,212.8307147320573,0,36.43617476,151,16,0.34387548148854996,-0.13372724652538495,-0.08796230291650935,-0.042598028054603436,0.1721270860943459,0.6290520913680213,0.6652258285763637,0.9228643245756604,0.6543853588719905,0.6899977852665375,0.9317856258898527,0.4214287576578907,0.45613978495439694,0.8223221759800298,
373,1,0.00464774797692631,481,212.6578810179894,217.9457495453404,0,36.43617476,151,16,0.3495025333383527,-0.11682494090541391,-0.08591777421551774,-0.04431109984735734,0.19045398823387844,0.6133181339037266,0.6491291060737638,0.9151440542243541,0.6439169348170459,0.6791482376704555,0.9265367855403821,0.35964235232690367,0.39161891571404506,0.7756350287493834,
374,1,0.004676358214207471,487,207.0258818313926,212.45266082846854,0,36.43617476,151,16,0.35839023605802817,-0.135253944704946,-0.09505804506125771,-0.0541970405203852,0.18708748625387983,0.6268381935018771,0.6617257546788774,0.9334874211307441,0.6569426993551701,0.6911062802901105,0.9435281315802451,0.40442747542941604,0.43795152557100947,0.8223845679805791,
375,1,0.004510162808849126,488,207.60488958676754,211.98368602438035,0,36.43617476,151,16,0.3436952797588453,-0.12215415231982224,-0.08807691842186426,-0.03127624691007223,0.18353007318960476,0.6343881909810222,0.6701874923632644,0.9207212950546586,0.6670250544028975,0.7020885828089317,0.9323450598301387,0.3580248428345608,0.3894991786163705,0.771265771493981,
376,1,0.0060289044121303505,482,213.2714720573703,217.67886726120264,0,36.43617476,151,16,0.3604553595941973,-0.11686745976343504,-0.0866871197809704,-0.04548909637181245,0.18181353975982215,0.6173732895431264,0.6537230558224694,0.9219009063690098,0.6498784414766018,0.6856135443739675,0.9334460165347331,0.35791898007192013,0.3898590306725824,0.7812697697505008,
377,1,0.004509894402139696,480,210.65363109380047,215.67476157049146,0,29.756464415,48,119,0.35639833561163425,-0.1424908554044117,-0.09357966343990004,-0.041108082979607795,0.1915642654153922,0.6125080076977644,0.6484785771291806,0.9189807064977447,0.728738672086758,0.7617482802276075,0.9574686627889698,0.5598509371460456,0.5959433454732855,0.896676312256981,
378,1,0.007266246715945799,479,214.80795972311773,220.0918805598938,0,36.43617476,151,16,0.3497873184733557,-0.11461684255376772,-0.09953261090125408,-0.05141517284409302,0.1852911202417865,0.6187996089343838,0.6528487081394618,0.9179009001105551,0.6497413168863185,0.6830518751641869,0.9294229303576274,0.3617928646654398,0.39350538821759323,0.7741763486871902,
379,1,0.004480102379507817,489,207.77035851798078,213.79531992297547,0,36.43617476,151,16,0.3497671820825273,-0.12029496304359209,-0.083181901889132,-0.049072459448010086,0.17405810766834176,0.6324904216492809,0.6675520770066383,0.9259262607086686,0.660910256919646,0.6953243919507672,0.9359041810918024,0.43156561635253743,0.46555580803752106,0.8279594625793162,
380,1,0.005666634922309035,490,205.88513368253203,211.55334658989136,0,36.43617476,151,16,0.35520285347525365,-0.12002441719641209,-0.09068722759680475,-0.026422354059258996,0.1829535282112348,0.6394417280743676,0.6735219246270951,0.9227960230975023,0.6698702334015816,0.703320679118529,0.9339430004189001,0.44203730067812297,0.47473519664440544,0.8235611859974044,
381,1,0.005231510768271408,481,211.56098028206836,217.3931234067261,0,36.43617476,151,16,0.3412733419543399,-0.12099269524551234,-0.07695237499528415,-0.039018877024587194,0.1987875125129749,0.6289771476150342,0.6633132381301671,0.912161784083386,0.6568919847330283,0.690408697847492,0.9225821936702413,0.35684226853123463,0.3897323006304566,0.7643713112848343,
382,1,0.0043687471298354,480,215.52855865610124,221.95218224559778,0,29.756464415,48,119,0.345677598814029,-0.12167475274307929,-0.07063270877504148,-0.034199135518435474,0.16371137367617433,0.6186350253916479,0.6549358100901852,0.914420323332001,0.7340202827623322,0.7664288226205055,0.9525566573249206,0.5726783993136759,0.6095121342731095,0.8957102471968373,
383,1,0.005242888804513571,480,211.6861655294519,218.575802160347,0,36.43617476,151,16,0.34497035095834055,-0.1326097800198352,-0.09720029479483931,-0.041216417275610574,0.1863997033844339,0.624626304368033,0.6594680883397972,0.9144008003239331,0.6475357333308742,0.681949058160086,0.9231560968741259,0.4195172571652405,0.45259983219480193,0.8088006434417494,
384,1,0.004589488073043431,480,211.7322492535934,216.29827666053427,0,36.696902405,152,15,0.3578767644182988,-0.11542867525451547,-0.08437887399963759,-0.04902116244492764,0.1875757473645652,0.6116278994994142,0.6481794065121775,0.9198538747860531,0.6428351084320562,0.6788236108587795,0.9310866174298895,0.354611239015909,0.38672364766053136,0.7794878825257264,
385,1,0.004569050710582965,490,209.09048805900346,215.37589483303623,0,30.84344416,80,87,0.3509735916725818,-0.13595810420511967,-0.08342359775860655,-0.03492943093031066,0.18520868121159015,0.6364404437959085,0.6716845804569511,0.9287742263027593,0.7133421306198283,0.7462706120658611,0.9535691078887844,0.5581633145093964,0.5941334714105748,0.8969809360790436,
386,1,0.005281037201758279,484,211.4054504259762,216.6489922347647,0,36.43617476,151,16,0.36232537720870917,-0.12802670334645047,-0.0902681648505912,-0.05148089854020715,0.19254066822307653,0.6152362384959926,0.6507561441896865,0.9246867962972288,0.6487132021305588,0.6834697905734423,0.9364158625885913,0.3323653353921591,0.36370637855391064,0.7644975696380902,
387,1,0.005041236069284657,486,207.59443760307713,212.34503071182326,0,36.43617476,151,16,0.3561595073898976,-0.12175505514254421,-0.0841077470165551,-0.048216696475243556,0.1872469880154255,0.6269003326835363,0.6620923852214086,0.9245541365711849,0.6604902272480517,0.6949968260437591,0.9364710777783695,0.34786307383459747,0.37825559561760724,0.7673784586013179,
388,1,0.004492799494570327,484,212.3085907089991,218.57324681347376,0,36.43617476,151,16,0.3437609360264029,-0.12633648822729776,-0.07685135231597004,-0.044634081951277396,0.1778446257417389,0.6284028921387267,0.6630208021107441,0.918553099560733,0.6553576600968407,0.6893280888904494,0.9284613701238935,0.4249177733701961,0.4588472407593397,0.8167714822572436,
389,1,0.0060351928997510445,487,208.54128424115237,214.2546421632681,0,36.43617476,151,16,0.35426661069316856,-0.11005822634837913,-0.09116131917914846,-0.05095473735329992,0.16898436536744488,0.6179824952870402,0.6544472763052689,0.9220146851603054,0.6474130966177541,0.6833371734123932,0.9324760652270224,0.37237559770663453,0.40495966048982435,0.7923304401362405,
390,1,0.006002934805489074,483,215.01184335666642,217.6687127695995,0,36.43617476,151,16,0.3615703088838073,-0.1297394863277981,-0.08503843611149946,-0.04888977674165425,0.16923779627096946,0.6241900945263806,0.660176699508077,0.9265362397820764,0.659925778143718,0.6950089546088474,0.9386473773100296,0.32092966100093223,0.35202740651149833,0.7559632787657959,
391,1,0.0055515332061654475,481,213.50623128063003,219.53338998577635,0,36.43617476,151,16,0.35595702174612154,-0.12363068948778501,-0.08142764522181405,-0.044822268737230234,0.18551541820526607,0.6130557482342404,0.6495428606836487,0.914979636217362,0.6400533114428354,0.6760888149570241,0.9250152140636506,0.42373120782052603,0.4583205130520748,0.8211125787116466,
392,1,0.0048941759020478415,482,212.63643695685056,218.43361208645928,0,36.43617476,151,16,0.3480302782631791,-0.12673805914813083,-0.08620617174881105,-0.04414797069878316,0.18554658158949405,0.6203235555323817,0.6560358117685845,0.9187008026147034,0.648995518327607,0.6841650936227449,0.9292137465869942,0.34502296201482585,0.37585653970001187,0.7639724108299353,
393,1,0.005308378375994937,490,209.0131529379773,214.4875063255517,0,36.43617476,151,16,0.3295547834663318,-0.11791371697724687,-0.08347937731708618,-0.037874131065487836,0.18795282883075362,0.6530540885627627,0.687191546164044,0.9171282850972822,0.6809860935941189,0.7143650852816025,0.9274184097415424,0.37210549021558026,0.4033630629162944,0.7659379292143957,
394,1,0.005428869973467692,486,213.43450785011666,218.7061586416027,0,36.43617476,151,16,0.3685336189822409,-0.13514299396146734,-0.09173336246090838,-0.04731624589913519,0.16991922867948722,0.6108668171425581,0.6471069076993101,0.9253407339939386,0.6401500875789501,0.6760561300973187,0.9358572662025222,0.3976968762919175,0.4299566726606652,0.8136501958331157,
395,1,0.004983228378809256,485,209.63064984739037,214.927144437717,0,31.269159645000002,90,77,0.3569249470589177,-0.12016350607934002,-0.08152646696801835,-0.04058783932544619,0.18340875879694896,0.6279382267663521,0.6633334468734678,0.9279259804496621,0.720282890904561,0.7528889257913319,0.957288991300698,0.5310337676152521,0.5668848967613118,0.8866274411364975,
396,1,0.004299740473275662,482,213.43135493400473,217.8447068366691,0,36.43617476,151,16,0.34792266568574826,-0.13269486658807367,-0.08500004260667586,-0.04032693271116425,0.1838700722971416,0.6249012238022794,0.6596619883105893,0.9172741308105373,0.6588585288254889,0.6927844931598724,0.9297136197767614,0.3259910347616799,0.3564107061916487,0.7442752290282133,
397,1,0.007848995711039218,490,206.8787792993305,212.51546689928801,0,36.696902405,152,15,0.3439898839439065,-0.12835891854444936,-0.09979559768341634,-0.058914028361256573,0.1775200422582672,0.6399598242720662,0.6726335411253382,0.9208875046309666,0.668790188385559,0.7010484115558843,0.9321160728898761,0.4263410099142815,0.4559542946839071,0.8026891460160852,
398,1,0.005219724175392668,480,215.80074496167757,223.0247573539163,0,36.43617476,151,16,0.35082046453318727,-0.12471836963867343,-0.09529394404106085,-0.04280804511316677,0.19399187545420038,0.6109735616133946,0.6461267927029437,0.9119275524006243,0.6343311010673446,0.6691187604536453,0.9210279717700092,0.42757134395622093,0.4611153742323537,0.8178588470830077,
399,1,0.00443580376660898,482,211.473767871515,216.46483577501857,0,36.43617476,151,16,0.34425780639919856,-0.12871058491990967,-0.08539021874516976,-0.044846128155441256,0.1772447911609295,0.6289596679866034,0.6642729708935563,0.922032559194788,0.6592452731087933,0.6937195429226194,0.9326527584721623,0.3342286067996556,0.3662148023351074,0.7594880787978147,
400,1,0.004331762935308994,485,208.17817564940705,212.50131054150705,0,36.43617476,151,16,0.3566236074852595,-0.11807543751760842,-0.08919438986691464,-0.057436421929625184,0.17617967940521603,0.6189616780964347,0.6555414930856376,0.9239071191685674,0.6521524798237978,0.6881158527695559,0.9355071768152743,0.3491758987843176,0.38060244949616007,0.7765499035818766,
