自助序号,有效标志,一组方案贝叶斯信息准则,两组方案贝叶斯信息准则,贝叶斯信息准则两组挑战胜出标志,两组切点,两组低BMI组人数,两组高BMI组人数,固定效应_孕周标准化,固定效应_首次BMI标准化,固定效应_首次年龄标准化,固定效应_首次身高标准化,固定效应_首次生产次数,一组第1组_12周0天已达标比例,一组第1组_13周0天已达标比例,一组第1组_25周0天已达标比例,两组第1组_12周0天已达标比例,两组第1组_13周0天已达标比例,两组第1组_25周0天已达标比例,两组第2组_12周0天已达标比例,两组第2组_13周0天已达标比例,两组第2组_25周0天已达标比例,失败信息
1,1,200.99610168511617,202.7114330036328,0,36.738591400000004,148,19,0.3310061765508076,-0.10199947466580674,-0.14452145777899997,0.027097293254735116,0.289632999405731,0.636762647536236,0.6733544873048237,0.9106564909269159,0.6787515413555727,0.7142427874418034,0.9258732932758386,0.4074015512494532,0.44224579539280273,0.7976629645726094,
2,1,190.00209025916186,196.40364124781263,0,30.11780753,62,105,0.41028294269086335,-0.10700334772295178,-0.09818353009889708,-0.034334455155835185,0.19333019411891675,0.6223507055124742,0.6658284819555627,0.9477090961870483,0.688801682410106,0.730722566779845,0.9645112234939412,0.5654753471641183,0.6092200435226784,0.9301228407594895,
3,1,205.65966008693638,211.58754550760221,0,31.41103571,91,76,0.36537033464888724,-0.11620139539288026,-0.04895132065314,-0.08099782108774654,0.2669209439686341,0.6110034229200902,0.6496573448898223,0.9201077379356147,0.6909603461142566,0.7279774856420166,0.9465017738928273,0.5171516326791814,0.555389798522927,0.8806533573195775,
4,1,197.1343625411696,202.44228861214071,0,36.43617476,147,20,0.3606791327085762,-0.10885843537535027,-0.07624973709954022,-0.021035175973765387,0.23315418940105323,0.650284807985014,0.6851766706579121,0.9309262691685268,0.6850144895513248,0.7186978642384094,0.9422013812665615,0.4273693831360289,0.463031880106613,0.828112470860321,
5,1,189.79823230088152,193.71478232633825,0,36.43617476,149,18,0.3455013831904777,-0.1160132930935873,-0.07698637074542962,0.004766873681067676,0.20762594090945152,0.6921213349197407,0.7263188128552817,0.9431021085153312,0.7247779537287395,0.7573424955415583,0.952437186285829,0.464324221961635,0.5026217930804155,0.8524331405537625,
6,1,186.79640621144327,192.25257153239772,0,29.756464415,49,118,0.3772360243371047,-0.09847478816432936,-0.0880172409365841,-0.07265471158292922,0.16832580548533513,0.6638010610522118,0.7032709041472605,0.9482776564097697,0.7158913590966293,0.7541119085524868,0.9629430270258444,0.6076391879947314,0.6478897682126449,0.9302991441263658,
7,1,216.21764105777302,222.6411018384715,0,36.43617476,151,16,0.3274403629715527,-0.07070942861615033,-0.06284020508113713,-0.14413544197650635,0.1901134591789375,0.5774422560307505,0.612962916414233,0.8952222803020055,0.6064125337639038,0.6419032731364286,0.9074660932838199,0.4696248511786283,0.5039963528254812,0.8453436136693405,
8,1,207.830000213539,214.18851149385938,0,36.09730783,149,18,0.32914010247470954,-0.10181125973471257,-0.07752876490228454,-0.1062028504235579,0.21202810435253264,0.5821528263297663,0.6165192128307824,0.9107948845230595,0.6223309419079605,0.6570514776107,0.9279880664900031,0.4403158047646787,0.47048519416166606,0.8308013553946741,
9,1,210.4080218136175,213.52900787424215,0,31.269159645000002,78,89,0.43318670389957786,-0.11079266726195572,-0.0014499214196513578,-0.10174655734922443,0.11020668937727868,0.5959261002311105,0.641183541139208,0.9367468461968923,0.6830223811530317,0.7245042848725509,0.9584866376285683,0.4726988535924878,0.5195056465761599,0.8954652934074282,
10,1,196.84478738792185,198.95521720246978,0,36.226429295,147,20,0.3521827321941244,-0.1381289924579927,-0.055629453209050786,-0.01609662204271838,0.16977006832129884,0.653090415796854,0.688796390163899,0.9215725905938046,0.7003431503843204,0.7346484640142514,0.9377995373998937,0.3963888247177939,0.42956871435666566,0.7923738964551484,
11,1,201.20693008407423,205.35847178209093,0,36.43617476,151,16,0.333293787342372,-0.16389728443297755,-0.07287698167998977,-0.0957558286099932,0.2499237643090208,0.6196590106368972,0.6558223435503346,0.9176984207501829,0.6573421220871171,0.6928044746054757,0.9311465807759546,0.34711944562248814,0.3780423259045208,0.773495319079445,
12,1,210.40783747145102,215.03178819268703,0,36.43617476,148,19,0.36229775580901263,-0.1153077352412084,-0.09247111660271223,0.03921231616633515,0.14096970454887442,0.6138805373561309,0.6528443027596034,0.9219658976987664,0.6418749348200163,0.6801867090643082,0.9314395619118311,0.37324498651606497,0.40992703269098435,0.8079535916662391,
13,1,192.6751961538232,200.68939582454766,0,36.783008655,147,20,0.3481447138285407,-0.09787544179181991,-0.08878585194529083,0.015340836480790338,0.18933423418859674,0.6439706807276033,0.6848231205833022,0.9445397627693186,0.6629181007526136,0.7032736356698064,0.9498654205863319,0.5134249757561393,0.55497276673946,0.8987124964312778,
14,1,198.38689263253147,201.82566332460277,0,29.75646442,53,114,0.311418052340937,-0.15226889062311116,-0.17138407833193192,-0.030579904653609637,0.1488838886276137,0.6482728005450602,0.6826030944076757,0.9324113058612875,0.7488230421061988,0.7805898396441653,0.9645977978241391,0.5996626494406686,0.6342429680671443,0.9126442050114624,
15,1,216.17354705478988,208.35089643033245,1,36.43617476,142,25,0.34665687574246884,-0.19978206330258386,-0.08309669078302188,0.07104253952196252,0.19323353355304584,0.5881252379153235,0.6295604184802591,0.9208667578697907,0.6613944249277702,0.701124625942465,0.9438256237258025,0.2737932203118185,0.3061913796695358,0.7473678713499186,
16,1,198.18175302606227,203.78158065111097,0,35.475127404999995,142,25,0.3126394548054238,-0.09921237860538522,-0.10629982191094475,-0.05788100831926935,0.2600349134066197,0.6472893044319397,0.680852614960707,0.9253947831473806,0.6884638353234886,0.721238085084114,0.9404045420881475,0.39478567527384056,0.4242324637050116,0.7823704600798645,
17,1,184.40375693074657,186.32810627403973,0,36.226429295,151,16,0.24111413800197803,-0.1353735150359172,-0.16701946624334754,-0.03674731307401529,0.19191452360082542,0.7199983161227136,0.7453082654708169,0.9164557090877683,0.7657582820258849,0.7892493529569037,0.935066119367878,0.2974638437379636,0.3192667962843761,0.6358640244152598,
18,1,208.3162311388596,213.15481879865723,0,35.689195755,142,25,0.3865863243507178,-0.13418899289936775,-0.11467693968365571,0.04258734925094132,0.12515728784743488,0.6171566277926434,0.6591321359810112,0.9362784097848135,0.6571740220496903,0.6974819955791729,0.947107727678224,0.42865496241388107,0.47240699834342215,0.8660726898960364,
19,1,199.6056529886326,205.96052770009203,0,35.689195755,147,20,0.3112290121497504,-0.07963290971738939,-0.015830277324209743,-0.07664820238536177,0.2254715254399698,0.6436217117114645,0.6779068718547779,0.9176611095406088,0.6761544903404898,0.7098783226901532,0.9299532451661994,0.4325239546746983,0.4641379374327669,0.808941107308646,
20,1,197.51160147554566,200.40973188367855,0,31.71929008,108,59,0.3410497355886237,-0.10655320590991282,-0.050532163792625026,-0.024915412100989853,0.19984398740608075,0.6606460223851892,0.696720791478105,0.926223896315395,0.7612518754038778,0.7930127421101135,0.9570509507116433,0.5067550224702971,0.5437552801686475,0.8611628204358281,
21,1,192.82203090481434,194.43646860116382,0,36.43617476,151,16,0.2929167878300427,-0.19259433387820854,-0.12180799427102289,-0.08403365664782826,0.12378976479545634,0.6896204964479767,0.7215011447895211,0.922742383375325,0.7346638490638525,0.764840305395393,0.9386970151177233,0.3156582228597842,0.3424777889249825,0.7074274493818065,
22,1,199.56393824687393,203.8007060481006,0,36.39922521,154,13,0.28776913132837034,-0.13449303942493643,-0.06757695842864835,-0.08770128371096156,0.1545739104917028,0.6768514984389953,0.7061070667086601,0.9238959060408142,0.7034740793210325,0.7321775225096718,0.9345569924500886,0.3449328506503413,0.3680600812374649,0.7047229937552218,
23,1,207.51093118470604,214.5539729233451,0,29.716817785,40,127,0.37133895828357844,-0.07270816047142416,-0.09502597113773756,-0.1049165540977131,0.2529745044336742,0.5871147635287888,0.6244995539528874,0.904800248877908,0.7199556854619866,0.7549499788655993,0.9526275309127523,0.5504605690859278,0.5875746487330571,0.8875918381713207,
24,1,201.57971215759883,204.98265013490493,0,29.756464415,51,116,0.33906112495780943,-0.17400162831910124,-0.0942892980970648,-0.019449026142096683,0.14793050452711898,0.6684620216596103,0.7030988264049947,0.9091836030000197,0.8994997855490032,0.9164600789370566,0.9779509988416989,0.6026224454954756,0.6393804067363784,0.8840110735938582,
25,1,201.26482249047515,208.17914498881822,0,28.813373329999997,18,149,0.3870542849072481,-0.09601129957083257,-0.07721252646027854,-0.041905925965772,0.18964785177466434,0.6396218915165669,0.679848754606245,0.9296425752751512,0.7769522327189297,0.8097932053666923,0.965919155433618,0.6195738328715057,0.6604292749008444,0.9233348792607841,
26,1,197.29505828645694,200.4894367216384,0,35.689195755,142,25,0.3470706100940128,-0.10733059026454142,-0.0721226223468279,-0.11379415376998162,0.08099696312807615,0.64894141279797,0.6884619277505837,0.9278845888793135,0.7048388553179584,0.7424082325223188,0.9448292491260344,0.4172805602362063,0.4551401530723291,0.8273943005873121,
27,1,196.71221729346377,203.33774675641843,0,36.783008655,158,9,0.36922535906210957,-0.11087224527089061,-0.15393470929627592,-0.047473306301974494,0.20448516981994852,0.6032661406495464,0.6435405402028944,0.9335837910793814,0.6218256937142405,0.6619094423367303,0.9395444898704086,0.30515460900044744,0.3358039306913782,0.7681459506133478,
28,1,210.49485848208852,212.7824154699718,0,32.93975158,121,46,0.3010228763355856,-0.1428752891154453,-0.12600708064135865,0.025000369002854135,0.23680292583979462,0.6500452039265012,0.6802111610703137,0.8976412057152842,0.7137231878769628,0.7419318691380682,0.9239549473971954,0.5124449599855627,0.5436752756095461,0.8266552125970349,
29,1,188.0861808753958,189.84736037204317,0,36.43617476,154,13,0.38906999022564664,-0.13330877117737314,-0.0783868588907472,0.036594077016019765,0.16877443110689067,0.6338254297137544,0.6797728154761331,0.9456208923108957,0.6731710263637478,0.7176741982837124,0.9551718263337442,0.3214912117600424,0.36182975571153686,0.8162597044705766,
30,1,197.3086952010645,202.56181604559873,0,35.689195755,148,19,0.34045025339726037,-0.060771788569795274,-0.10574777054295356,-0.023830520903171205,0.19566875852170434,0.6543532195616163,0.6906744411074689,0.9339055151623067,0.6889582464778552,0.7238533966061749,0.9444101729009823,0.417820686488326,0.45566835755258756,0.8301668370633609,
31,1,201.51283936678632,205.30414398937955,0,36.09730783,143,24,0.3570263150963616,-0.16907506750252152,-0.05041257413600784,-0.07519646002148486,0.1462184893965328,0.6330490598180953,0.6745429176416777,0.9223398761903683,0.6893069353960866,0.7282874216140033,0.9388409615257777,0.37944183459776704,0.42107425311857555,0.8165038965021633,
32,1,203.53737815634256,202.12528987489924,1,36.999319045,150,17,0.36758860342753374,-0.1475268194897705,-0.035022362451862334,-0.06661876568754403,0.15241282310794432,0.6277677917058287,0.6699752570452704,0.9491124425463325,0.6830622441849729,0.7236772524045104,0.9627704056723791,0.3146529911648252,0.34894890971084674,0.8000798603012553,
33,1,208.08255245034795,207.18834770949678,1,36.39922521,146,21,0.2918479109840042,-0.12280977562064846,-0.11749284573852045,-0.09902117887026626,0.14933017724846728,0.6429417831894304,0.6764708920987927,0.9118959333827121,0.6988403054232771,0.7315842841939821,0.933779947818549,0.3837549709423668,0.4106597792063839,0.7604257289422698,
34,1,214.09640840451914,217.2284506475392,0,29.756464415,51,116,0.30077825354954274,-0.10618752717950976,-0.16631681578856772,-0.04447752563125466,0.19038107234523846,0.6237112086559861,0.6558972719105339,0.8963037868091525,0.8225837221052648,0.8483626105732309,0.9685081530878109,0.5608230292056824,0.5925683389881704,0.8642823537615327,
35,1,215.43138563252398,213.77165573377584,1,35.614437525,139,28,0.3657633789765424,-0.18535005955358844,-0.1301076310367169,0.007843379361129263,0.12636180003099692,0.610561547647599,0.6512632737886144,0.9164828971035021,0.6794598243348152,0.7182134571196835,0.9384481268882107,0.3294016561219569,0.3643201451885921,0.7771533339015531,
36,1,209.3672442905814,213.3072801584085,0,36.624364005000004,148,19,0.3715656882615237,-0.1532977704980533,-0.09420727893351086,0.0007917510934494386,0.18141686959013495,0.6033908202581534,0.6431085572680413,0.9328962501184238,0.6346141484064007,0.6738601268936738,0.9429115564352774,0.4008078429437701,0.43755729037936564,0.8395038635626516,
37,1,205.53780860490886,204.55798680023548,1,36.43617476,152,15,0.3274437964010818,-0.12376778095669469,-0.051634617854480605,0.008982627637084108,0.18235069180939945,0.6312801740868343,0.6687656940892401,0.9243706313105804,0.6789684369167964,0.7153356138785313,0.94026463837823,0.29926043215868275,0.3283358742032599,0.7355600610585673,
38,1,208.35836506323295,211.7548838631547,0,36.09730783,149,18,0.2722869062422971,-0.1320219912408414,-0.10035610231889767,-0.005528350671140017,0.18121760455425664,0.6709619818429281,0.6992967968404729,0.8898872523895809,0.7047053781119095,0.7322452906484519,0.9053278940523387,0.4015844183275147,0.42782607899443176,0.7264279843593471,
39,1,208.04379307796034,207.6956996391488,1,31.430195355000002,88,79,0.3883012157071446,-0.15278795557490693,-0.18135678741980907,-0.06425468027154276,0.16747678422528367,0.5472616637115367,0.5871422354119159,0.9173676533898095,0.6943730996872611,0.7330180173937012,0.9654041904643255,0.4146097437226678,0.4504626272564892,0.8451058353494391,
40,1,187.9211358275413,191.60813744786992,0,35.614437525,146,21,0.3421401316604048,-0.13230255190737394,-0.004101809471030931,-0.06998148950252502,0.1262786708150565,0.6847033892268416,0.7226425573093946,0.9500289579403415,0.7303055710142463,0.7660288238735272,0.9614590846725556,0.40121150100841135,0.439375455790855,0.8347411771151558,
41,1,228.82213022945228,228.63755122813018,1,33.05934021,118,49,0.35806899012403176,-0.12261446953227215,-0.11537916290101517,-0.04535064744512646,0.2366070440471791,0.5499751355159325,0.584627578910675,0.8898400134526293,0.6446202494654426,0.6785131977150368,0.9298616763968686,0.37829028295172507,0.40914116724131416,0.7831671684993159,
42,1,203.4804445539022,207.50312710407405,0,29.75646442,48,119,0.36983156380023174,-0.08931867621717118,-0.04636786873731934,-0.04852926922176648,0.17603951893033679,0.6131649351016747,0.6515988508524305,0.9280267729018428,0.7357741819357061,0.7697887370516941,0.9633039409656323,0.5537182069487825,0.5927640972895946,0.9057724691874686,
43,1,201.0254191280994,208.305380083716,0,35.689195755,148,19,0.3171429256211052,-0.05702430908075853,-0.13440265867816437,-0.0712064320459671,0.22425396804192088,0.6478407768584257,0.6804632561897788,0.9234398382686956,0.6801709140836839,0.7122771578551493,0.9359673083331267,0.5210931071795771,0.5529983991417758,0.8595670471529818,
44,1,203.56586924394773,204.95552259793362,0,35.614437525,143,24,0.3265652209973598,-0.1728036910902221,-0.0374702933485918,-0.09718828607271476,0.17806525243075277,0.6187787397974319,0.6558882216715863,0.902932976370543,0.676305007358852,0.7122433823711158,0.9243652979386211,0.3726250602364141,0.40519337496129976,0.7731619850392969,
45,1,199.04870154470262,204.37397973793645,0,36.43617476,150,17,0.3610763599038524,-0.1174333901289045,-0.06620590127731706,-0.07130138412768305,0.14343744821375226,0.6455171940205,0.6814795249894349,0.9175917943777951,0.6817950093690391,0.7165660586784304,0.9301490836883014,0.4151475179978847,0.4508359918078369,0.8082182658292114,
46,1,198.0456220643526,202.16416767718965,0,36.624364005000004,150,17,0.3351600977633645,-0.11501977329293403,-0.12270225319841846,-0.02249177341739049,0.17869906386489834,0.6650683830450066,0.7002883974805518,0.9244217901091548,0.7009706656639365,0.7343682110961768,0.9357036022451539,0.3487566848791862,0.38621380699131064,0.7771602138602958,
47,1,216.22398692907032,224.8188926537727,0,36.09730783,144,23,0.36951061373503974,-0.07565572660234125,-0.031130688761496873,-0.0075460793833549205,0.07983170471020577,0.604361212007714,0.6399153335018533,0.9079555670913914,0.627442633156308,0.662693308828249,0.9171231364482918,0.47292259151912297,0.507698599798482,0.8438896557098501,
48,1,206.3085652993831,208.19099567318295,0,29.75646442,52,115,0.29818315974161697,-0.1417691534151684,0.020067662183093703,0.00841418450792702,0.20413284964190118,0.6887890306594331,0.7191093084691529,0.8966816700568524,0.8957556537125106,0.9130975669129471,0.9715303901155029,0.6236872651303293,0.6552496878306794,0.8670251355007246,
49,1,190.9320641633456,196.81526853855394,0,37.849496290000005,158,9,0.3604583160943205,-0.09352673640363228,-0.16101891483368252,-0.08882213623127541,0.22272193945832025,0.634597649611038,0.6729727102415864,0.9486941804948373,0.6549780484445342,0.6932347446741335,0.9547424567767197,0.3268761072959495,0.3534690510198534,0.7676045139062664,
50,1,194.86126064532164,201.93745315078922,0,36.43617476,152,15,0.37418003249245446,-0.11319889453973338,-0.0667775242208505,-0.08983660722566536,0.20675174273477018,0.6173176753312833,0.655185993383255,0.944588325515783,0.6400523167641707,0.6780690557192436,0.9522428160038726,0.498555228951381,0.5332732254471345,0.8886735825305476,
51,1,195.72301020595083,199.6263075971341,0,30.119388739999998,64,103,0.28161168202176956,-0.1390247645188223,-0.012308214449143368,-0.08214463276299411,0.14741104607366454,0.6782614162640657,0.7108694484327053,0.9187331567593572,0.7683408995518617,0.797351158890921,0.9500098136650164,0.6064155204890419,0.6402415195672346,0.8887114088566943,
52,1,204.37013241735738,206.09649804240962,0,31.41103571,80,87,0.3669998490137924,-0.13739311941791496,-0.08771831912389783,-0.14324538397559766,0.14933505533234578,0.5887362805595158,0.62817335704497,0.9223720192841927,0.744227325828259,0.7813926582894557,0.9703788477990019,0.47372937995813774,0.5100879638060178,0.8657494158828165,
53,1,194.87998338719146,200.46318724970808,0,30.119388739999998,55,112,0.3571078424908604,-0.09379375452144947,-0.09599080126797942,-0.0858932510077738,0.2389240551765656,0.6432761872503436,0.6781134730443872,0.9252892391423369,0.8090130966574803,0.8358817888686293,0.973086890052244,0.5832409627304244,0.6189910848086999,0.9014612224547098,
54,1,195.59607883003207,201.69360951760234,0,31.247618505,105,62,0.31043172304469746,-0.10328823769040046,-0.13900069665911594,-0.01861737445225526,0.24215573849319846,0.6938183254820935,0.7237333602957647,0.9310528217505499,0.7700653264150072,0.7970293570113777,0.9569979518464913,0.5621795581859567,0.5937707260072614,0.872349048697486,
55,1,174.2728950954944,180.65726727163778,0,29.75646442,52,115,0.3359978517748019,-0.12636361370935592,-0.08649578850940368,-0.10849464991353922,0.20864638078578307,0.6995752921363201,0.7344322904834237,0.9459860160924684,0.7458657384363468,0.7788901811234423,0.9596277235697828,0.6364539744025256,0.6729823637899914,0.9248974116755827,
56,1,204.64838686455425,211.01446917200417,0,29.75646442,55,112,0.35245153486745023,-0.12941779464259573,-0.02631201788785438,0.023000411470976805,0.27369633522870496,0.5867468432082901,0.6285023424035722,0.92454051142943,0.7064589532552611,0.7445372091106931,0.9582975479267505,0.5255359140537038,0.5674773726957391,0.9022230263125387,
57,1,195.3522176103314,200.08369537776747,0,29.05951596,27,140,0.3420313694163968,-0.12566920227337633,-0.012191689044183515,0.014366552384617093,0.1598632119587296,0.6556099124516714,0.6955649247522926,0.9391279512589193,0.7869764391839881,0.819097799867295,0.9709593893835131,0.6097643284831096,0.6511805338362391,0.9251662530168562,
58,1,208.17542430946008,205.92062054670237,1,30.119388745000002,65,102,0.34858385678855763,-0.19542865652641223,-0.05695601347959425,-0.0362770696877687,0.20188655934134453,0.6093514440602454,0.6477620875999088,0.9208913608422509,0.7862318499533599,0.8178013021602416,0.971467397440365,0.5131278738445404,0.5513313273121357,0.8803988568796621,
59,1,202.87148241263418,208.21957877631968,0,29.756464415,49,118,0.3244172257765807,-0.13502138564110128,-0.15582022244879687,-0.016946483040913667,0.22279446346012075,0.607269853666766,0.6434438723375547,0.9079912381677445,0.7501381229559649,0.7839332653309086,0.9590341888925661,0.5579413905304939,0.5935252179918749,0.8844859099231313,
60,1,197.66478064167904,203.53187204442793,0,35.689195755,145,22,0.3938283516787147,-0.08769341959696536,-0.03122753666611202,-0.0891333705316167,0.20438831316338774,0.5881828576420886,0.6335759031298832,0.9382469255893973,0.6228130718995674,0.6679358209558981,0.9480235137571097,0.3371740691689244,0.3738765277461974,0.824071046372298,
61,1,213.35406037418406,212.04747205408557,1,33.05934021,124,43,0.3130313993701253,-0.1192993530934001,-0.0793798343638922,-0.08455151796397552,0.17227871189128524,0.5939291316942005,0.6285996153678459,0.9018964201669561,0.6756133774457317,0.7101650349167599,0.9355480564263495,0.4006791803210066,0.4291751304956653,0.7821556789127512,
62,1,201.72342307513895,205.3549952895914,0,36.999319045,151,16,0.371062934772344,-0.12844371483455821,-0.12429232363089228,-0.09144521144721786,0.2785867414787827,0.6044474372687267,0.6427656300041233,0.9196788989691591,0.645149297323439,0.6827668437240859,0.9337907633862241,0.27825650289960385,0.3072361228936597,0.7261767624057641,
63,1,224.46655072373747,226.13306832774578,0,35.689195755,146,21,0.3452489902401724,-0.11856437226647755,-0.10749869190815055,-0.01901029777835668,0.06421416245852081,0.5914156591929223,0.628737326613367,0.9108097587759039,0.6390358488940783,0.6758597516730945,0.9285600391840443,0.2930670283500018,0.3207149642504177,0.7272909447935236,
64,1,197.23383130200912,201.71189627073545,0,29.716817785,55,112,0.33204467388935355,-0.15219955571157,-0.026577372031881437,-0.12083536397290912,0.056708672710668005,0.6735420688346206,0.7093705462761222,0.9336335808546933,0.7665278736865185,0.7973936954830446,0.9598744579856264,0.6064193745464481,0.6442400571485585,0.9105643334674672,
65,1,202.1787207612916,202.60901955513344,0,35.64644873,146,21,0.32388626004213295,-0.12160637943203864,-0.08006845898987452,-0.012678651052770924,0.0860994656859592,0.661516368778328,0.6959512113253131,0.9393411925150702,0.7201737009720404,0.7524006120058506,0.9567158478590755,0.3159198682987763,0.3458782818105967,0.7475486402188443,
66,1,220.82753112370077,219.95881656011193,1,36.70164185,148,19,0.4225311483684359,-0.1909551382434187,-0.10338521464912305,-0.05468191447123781,0.09324623232222076,0.5644243600377863,0.6066915555457033,0.9324978531132092,0.6214747774796481,0.6633215520488701,0.9496390245465159,0.15763402647936395,0.17731071908470863,0.6281376082124053,
67,1,205.98075306706357,209.90044307271006,0,29.756464415,55,112,0.3052574135476186,-0.11717398517270043,-0.021992976732560426,-0.030970156638598687,0.19026102224569447,0.6567796872332196,0.6885364351852795,0.9133309238309618,0.7567568649102825,0.7848352728430448,0.949299061848613,0.5932176362742635,0.6259900381771148,0.8854698850608879,
68,1,186.2124988895497,193.5409609062175,0,45.92884948,165,2,0.35798284054358465,-0.09568832494133284,-0.06911841981570133,-0.0813872264875168,0.13903835177576138,0.6831408415771587,0.719678423228826,0.9564182315766568,0.6955988691398332,0.7315735912736464,0.9594763456833799,0.3654366920074067,0.4027942013559568,0.8271213724216606,
69,1,205.85771483012735,209.1049603738967,0,36.43617476,148,19,0.3775362032667858,-0.12045461420389691,-0.10988106895093343,-0.06049157202112583,0.027387511866288773,0.5878412358545287,0.6298616818371259,0.9471509133366366,0.6316674876517114,0.6735943751198848,0.9590511506765543,0.3580337845602424,0.39143480373738726,0.8392092790647083,
70,1,196.0209319870041,200.72810244565943,0,35.967910939999996,146,21,0.3701375064061898,-0.1103776058615419,-0.1292003199365799,-0.08131674354308933,0.22777690244213344,0.6131648945558102,0.6536737287928059,0.9418321114176322,0.6574521653536637,0.6969356442464707,0.9540584951867436,0.37693879233435873,0.41386843062730916,0.8391716995950483,
71,1,191.49340615226427,199.11241641471656,0,29.756464415,41,126,0.36669197712998386,-0.06433469889073103,-0.05268832151251694,-0.0066079822750283535,0.2292213436579098,0.6625591051883393,0.7002218635165851,0.9397220085405696,0.6938327430861091,0.730745264105234,0.9498115348523989,0.6251101711303918,0.6638330879755054,0.9275754834870925,
72,1,203.62297213948042,210.7691236453578,0,31.269159645000002,83,84,0.35145148722900593,-0.09726676178808798,-0.08413398931944494,-0.024690679464044924,0.20260526095527645,0.6423195872472156,0.6788141284581687,0.9242154234742014,0.7162140037709843,0.7495238323998983,0.9473718470312527,0.5637200190900176,0.6019969775757568,0.894374912656073,
73,1,202.6968788640084,207.99052468479323,0,36.624364005000004,154,13,0.4460402155723928,-0.08176731965216484,-0.1474179157867834,-0.10785907733671926,0.13118408405746196,0.5604254661421316,0.6087558736769244,0.9590080577485877,0.5889294880469964,0.6369337445710263,0.9648536628720898,0.3658358891492682,0.40978258913802423,0.9008674270295146,
74,1,202.4978005629123,207.10947900305757,0,36.43617476,149,18,0.3554066334229591,-0.1250835165044062,-0.07724202519942207,-0.010246721800103732,0.20521808600080954,0.6391965076327144,0.6769534277441766,0.9286829605634557,0.6706383329869491,0.707390428534972,0.9387550301730645,0.46421226736316323,0.5031841126496228,0.8566800080019811,
75,1,219.09333739281388,225.20277218882603,0,36.999319045,150,17,0.3766686280816563,-0.10197842731748566,-0.07064163489711374,-0.05880945692898281,0.22258095280680382,0.563806291911267,0.6018312345916461,0.9056653489967493,0.5974150805509437,0.6352720539503344,0.9188016571773988,0.44478968289247417,0.4814221726290178,0.8495724886605068,
76,1,214.24564263271756,208.1956091613414,1,36.379591695,146,21,0.31750842140858115,-0.20644785487419354,-0.09382033221972134,-0.08257659619218423,0.10328614363205448,0.602058540111263,0.6385965583656384,0.9038821978248592,0.6746064467987744,0.7101492765890021,0.93112786325063,0.18040714685949644,0.19747270156464444,0.5848355185850315,
77,1,206.88615379294103,212.077020810514,0,29.172108809999997,34,133,0.386189550563124,-0.14256282751322252,-0.05712205863659723,0.029614187396485404,0.2566150573223826,0.5825764797490685,0.6239353241124875,0.9152816336423779,0.6987746654978136,0.7366333911939278,0.9506672040194163,0.540969502672045,0.5826258010701806,0.8998082024975428,
78,1,199.7867339506715,207.27128501699076,0,35.689195755,149,18,0.31269094899998584,-0.05583924298287852,-0.04581168576634468,-0.09508975651933284,0.1003731165541248,0.671951567628158,0.7084401888292892,0.9165850675694559,0.7035640891901819,0.7388859696670859,0.9274538592350516,0.48613823010853596,0.5239508361388087,0.8374892704374369,
79,1,200.3838975487767,199.3048929382083,1,31.247618505,85,82,0.36040626701471334,-0.17550546629416036,-0.06673942232324313,-0.12883523105582445,0.18559336830633444,0.6540956192493615,0.6888800845100548,0.9272242361051418,0.8060101204778458,0.834440021761339,0.9722567957929656,0.5202751250747534,0.5549201503358167,0.8676723611228299,
80,1,206.539848010104,213.71110750940966,0,33.332582615,114,53,0.33023644238725536,-0.08879883700665561,-0.15200500783545115,-0.029030188418023024,0.15659228055110233,0.6394720029587551,0.6741234311396674,0.8980490304277393,0.6942171562533641,0.7277356408923098,0.9200546458775863,0.5306751536284879,0.5652152757759428,0.8456861504148718,
81,1,210.5988576950502,212.9486613815314,0,29.75646442,43,124,0.3054544020958309,-0.16102417190290588,-0.08677873029275798,-0.03362949016009092,0.16694270012408446,0.6072454930445453,0.6417754316209383,0.9152462551587127,0.7467328406336367,0.7782446333111543,0.9627463791463801,0.5507466120699307,0.5849841188565128,0.889306060552482,
82,1,218.45627484075825,223.41928716822918,0,36.43617476,156,11,0.3489462506015884,-0.11311546784121845,-0.05114527186112925,0.0016124404761620247,0.28025478384503677,0.5770671544727003,0.61153945132246,0.8975457935854615,0.60114082829773,0.6353155811077007,0.9078588946278601,0.26961912015063205,0.2967368123697915,0.6885066001989366,
83,1,192.60184588913282,197.38633429513584,0,31.71929008,88,79,0.37042974242904103,-0.13715103552180583,-0.11788906132118708,-0.020269204757070402,0.13442082183247048,0.6581979362713873,0.6967076481189826,0.9433623475564199,0.7529059901989211,0.7874041410461117,0.9679137670521382,0.5527308287307923,0.592397302379457,0.906124575175165,
84,1,210.01266530801442,209.40899755070416,1,36.09730783,147,20,0.3222750573369364,-0.13315265721472042,-0.05524957075003636,-0.11506451528574997,0.14613990347960276,0.6263516803550474,0.6631630170043449,0.9139757077839249,0.6838404549398958,0.7196855083798341,0.9348125574344234,0.2635799865164914,0.28744453931920255,0.6806011755347354,
85,1,204.5658918797987,208.79681448903278,0,35.614437525,141,26,0.37546265580976773,-0.12982874501496017,-0.13862662970814302,-0.08522863370483608,0.19760574807461018,0.5947432384466081,0.6337024059371592,0.92147442668642,0.644226126415942,0.6822157251056796,0.9376118628928971,0.34432878016100715,0.3783533074388449,0.7969944696622009,
86,1,215.63781680467258,218.68190993148085,0,31.862556315,79,88,0.3565316308457691,-0.1093896054360617,-0.060241505713709634,-0.08541142110224809,0.18744187167256207,0.5662068160354371,0.6020348677769113,0.9157282184282689,0.6699138015009712,0.704652639399593,0.9535040634695223,0.48326945587635284,0.5180447068400306,0.8737193141590031,
87,1,206.61570609700672,211.7659339711052,0,29.756464415,47,120,0.35208845409587886,-0.11730421421940554,-0.07107121527932563,-0.1218180401918311,0.18029765393908673,0.5992062021202869,0.6337570924824355,0.9242418722539825,0.69785802570361,0.7322423767261032,0.9603421581339981,0.5516210861847931,0.5854013362627261,0.9015779281732879,
88,1,210.34203148120724,209.08378527765416,1,34.721552450000004,141,26,0.3916418049127734,-0.19709446454836574,-0.09983680851744163,-0.004927107885425584,0.15088433610417307,0.5791478877472146,0.6217418297091445,0.9383731585210056,0.6555997238944258,0.6966742935791832,0.9589923642435133,0.299387254422091,0.33330756168209813,0.794736315712089,
89,1,194.63610670360202,199.55376443689585,0,35.689195755,148,19,0.3175614237387811,-0.05094377336111886,-0.0996069915033413,-0.009069173829942226,0.10924912362253279,0.6569841677671383,0.6891914600535655,0.9478674838440116,0.6868470708822687,0.718597342811068,0.9573681268450759,0.501312541769552,0.532243035497459,0.8770790519713992,
90,1,191.5977903470547,195.79160155877588,0,29.006466625,37,130,0.296908741898991,-0.10480319862484862,-0.010391606990246261,-0.05528055109990599,0.1646472547779092,0.6704935067281199,0.703654428244374,0.9389167398129958,0.8010159797986596,0.8286049393525481,0.9754464221162772,0.6263741012286195,0.6602614427469609,0.9224744343584578,
91,1,200.9878313666366,205.956189645402,0,36.43617476,153,14,0.3354019541487747,-0.11885516685257315,-0.04973373461483646,-0.09077605615842627,0.25200492932003093,0.641013301296839,0.6767254780396313,0.9317379050990859,0.6698511680362944,0.7044523178630141,0.9408681769277806,0.2768310366153604,0.30915750368366857,0.7264816448661976,
92,1,193.59751078479627,200.22922918770684,0,36.624364005000004,150,17,0.3531296153112668,-0.07602215333689617,-0.06974585008591386,-0.062240176045752646,0.1771362956779046,0.6589963201327111,0.6933518406519011,0.9546507478353967,0.6827837470546129,0.7164330353774421,0.9610593673633954,0.4371381045852167,0.4711453608544399,0.8592030547065034,
93,1,212.96942327319874,214.83233836514034,0,36.43617476,149,18,0.373161015004978,-0.1247987459311554,-0.04771456757911043,-0.09116196218980119,0.1436799364296441,0.6055918400624773,0.6446558909291512,0.9256771277904857,0.6540899396591047,0.6921661451880063,0.9413323706674334,0.28221870299650886,0.31208973336659185,0.741765215424659,
94,1,192.10723613993372,196.3863340277523,0,35.689195755,150,17,0.3436582449343314,-0.08939656202048622,-0.12973137967041298,-0.1443335844867369,0.12824229507649942,0.6148700774672543,0.6555527277650527,0.940165919455734,0.6621512408364271,0.7018157553941394,0.9530986078816158,0.4114371794722371,0.4499236417173328,0.8639831077913134,
95,1,191.7528048214243,195.94771894924293,0,37.0437363,152,15,0.39560169074597673,-0.12891764691351115,-0.034347951154426494,-0.05304787705953241,0.16325829138775988,0.6410579186968725,0.6810335513739727,0.95007280482184,0.6783852540935917,0.7173333826594487,0.959796372119345,0.3587719554870142,0.39376211957423696,0.8203671118362921,
96,1,207.51651550848084,212.341842104575,0,36.999319045,150,17,0.33778823384692264,-0.12986718338631775,-0.03804741025800969,-0.0457459090944734,0.19515880965286925,0.6191179546651577,0.6568896237951355,0.9255010700614504,0.6562948191354094,0.6931355763634492,0.9378534976324162,0.36998326969796785,0.4048886095902693,0.8000714795107454,
97,1,203.6494250414759,208.49632685408437,0,35.475127404999995,142,25,0.3898177291232876,-0.09672186621958359,0.01404830598849597,0.07142944496768272,0.138202802736165,0.6192927512600156,0.6609943025339313,0.9319394502662809,0.6671986724105553,0.7070244437101448,0.9453531263291242,0.4961165472961251,0.5400593571438348,0.8907070746606769,
98,1,204.3097311726566,206.94052877186311,0,35.689195755,154,13,0.3132756101705298,-0.1201442646586388,-0.07295984301078245,-0.044682828550345756,0.1693785385435433,0.6320899280668234,0.668058883574167,0.9122613464699266,0.6662247452796769,0.7017393462875643,0.9253092876163282,0.32734362754551943,0.35462072011619605,0.7312214323197795,
99,1,201.57146312103927,207.0947363760011,0,31.743230699999998,91,76,0.314545781834024,-0.11340959874869698,-0.08637661645384484,-0.05926488911677134,0.14736136168195058,0.6675182413238259,0.6989746242363309,0.920640332172257,0.7483841866950065,0.7775354131133109,0.9503440974834164,0.5686384005951396,0.6005298672588261,0.8741761824035578,
100,1,205.43633212174356,207.72626781600133,0,36.09730783,147,20,0.35755057910824883,-0.0896051256246916,-0.07224767840091843,-0.06205997532061505,0.1837952492844477,0.611302367429548,0.6533635102974302,0.9199181220160713,0.6629349358187282,0.7040391463869294,0.9365833635498788,0.4479119244469657,0.48750395984493133,0.8481733320904205,
101,1,214.76136626546335,203.97098746627466,1,36.999319045,146,21,0.3004745137718943,-0.23673448539732686,0.04737995383211488,-0.06340462438301202,0.12785573132689473,0.6493811903582236,0.6793804412793027,0.88661834625802,0.7408621616663076,0.7662301282774507,0.9222288857475186,0.2267439601597039,0.2551924757582653,0.619833610138444,
102,1,195.34019372621924,198.97279210269886,0,35.689195755,143,24,0.3107104976942456,-0.12361472124020714,-0.04787630455587635,-0.0651139561259105,0.16374185311939407,0.6653286343378658,0.6993651510115929,0.9281212221063374,0.7160997741340049,0.7486714268408133,0.9453536256286433,0.45058766885442325,0.48340376084668807,0.8246873499120596,
103,1,206.43279033492044,210.02402326527152,0,36.09730783,148,19,0.3370461526054011,-0.11200044071581347,-0.06391683852093309,-0.01635972242990119,0.16630995670918744,0.6416171981331056,0.6783575416628682,0.9154442157331371,0.6792047480259857,0.7150050208692957,0.9287887246588392,0.3857133442640485,0.41902820157676934,0.7861641719045052,
104,1,202.42975440982335,194.52153329789627,1,36.19617383,142,25,0.3646528423933229,-0.20503161819695606,-0.17003450765505176,-0.06487337160338776,0.11424276534835781,0.5924610692754722,0.6306382439524126,0.9269539192249615,0.6816379579519429,0.7186035158704778,0.9548599373115582,0.2833158008894395,0.30956234134640065,0.7410900788154519,
105,1,210.76896915599917,214.39912678555226,0,40.14632793,162,5,0.31642964549899694,-0.10006909630077208,-0.15946541362422068,-0.06216023129629276,0.2264460220715108,0.650468987177594,0.6823334865189385,0.9223229605374708,0.6764236156401727,0.7075876770317466,0.9318596235730074,0.21788130283325233,0.2399531900287685,0.6273681816021667,
106,1,208.09574205582118,211.29192887424495,0,31.247618505,92,75,0.3872459753430981,-0.11413919758029575,-0.0863839946594608,-0.037778573541751015,0.2178235145012413,0.5912676173002888,0.6315112568435516,0.9075004058876539,0.7133217790777162,0.7502061417978265,0.9472756898066798,0.470994726672838,0.5104023168923463,0.8548232347099897,
107,1,187.06889662036855,194.77599515243037,0,29.756464415,54,113,0.3066939983908772,-0.08507103036996826,-0.07453180264763654,-0.04045309418759596,0.24755102771230036,0.6834602948894637,0.7153287657038984,0.9271660254979222,0.7607223399846973,0.7896216761197196,0.9531861187425841,0.6449030055971446,0.6776100272623571,0.9121100199086066,
108,1,196.1949080451995,199.64684586302275,0,36.624364005000004,150,17,0.35491126115351046,-0.15567505354533157,-0.15134774799226552,-0.04992008126609972,0.2843987997869572,0.6119265139185441,0.6500919998191926,0.9262744197171706,0.6416094551848625,0.6795806231913629,0.9365962277404799,0.3874912049213715,0.419779383230303,0.8138408673534294,
109,1,197.5964168354063,201.35991989504237,0,29.02344369,23,144,0.34895636920150164,-0.13861194772688346,-0.10849810440595245,-0.02827251815276485,0.29361359524871194,0.635275252827961,0.670400909174139,0.9187654104002647,0.819973738252695,0.8473088745205392,0.97500007908314,0.6083475315580149,0.6438618954743978,0.9077826777115897,
110,1,199.66075664039016,202.4104199479117,0,29.716817785,52,115,0.28868859528775137,-0.1334572100569817,-0.028852640987175687,-0.028760957625965065,0.21164051210353563,0.6909728177386575,0.7188536941791012,0.9127900220016648,0.8152989191977079,0.8374140512905025,0.9584204802982654,0.6282490641708344,0.6575310044975575,0.884355071686764,
111,1,206.5174611713742,207.60280977346144,0,36.43617476,149,18,0.37568880239954494,-0.07449581931138524,-0.061680056066297825,-0.05039928439741208,0.14298663401455017,0.602535444903288,0.6437629911093552,0.9351000947338078,0.6549993863122416,0.6953302766117125,0.9505663346484858,0.4130189796391935,0.4510418251565446,0.8533368944367625,
112,1,215.99733327686403,216.81205488758332,0,36.999319045,150,17,0.32254349138440847,-0.15212620818307745,-0.11255172923347474,-0.052085500203784656,0.2003509227993988,0.6283880209380767,0.661411691971529,0.9134384405945555,0.6753770675003816,0.7072225161783586,0.9312810080872672,0.36179971794529436,0.39192290335815205,0.7585374772462672,
113,1,202.7291190998075,209.7611434100736,0,36.43617476,147,20,0.32808203932197194,-0.104710848114594,-0.08643390497540297,-0.04603804132203847,0.2216272713885914,0.6540032802975199,0.6873572833097455,0.913546336593623,0.6787264524551064,0.7114996792908622,0.9231199990086891,0.5126688589715103,0.5465466687253994,0.8475046259818859,
114,1,212.44222396449513,220.37115729195574,0,35.614437525,141,26,0.365836412688499,-0.07430174330588672,-0.10496402732905494,-0.02359867123339287,0.15793391897416945,0.6017553458135227,0.6399409035817542,0.921077782179651,0.6300015449315802,0.6675732433349786,0.9308130827537335,0.49827489457977436,0.5369574761984226,0.878279502239457,
115,1,206.5768799444683,210.986584695543,0,29.756464415,48,119,0.383511104997951,-0.15970277265978916,-0.0917548972415313,-0.05254725121270587,0.19726729473470922,0.5997224378021017,0.6399428415994589,0.9389275282303556,0.712539631618303,0.7501445052866237,0.9694284079641639,0.5519211700412351,0.592177763216469,0.9219443093792193,
116,1,192.2315801075965,199.44315258218666,0,36.43617476,151,16,0.3293628092757586,-0.10852414183307516,-0.10297030770432897,-0.07178855096195914,0.271649831001382,0.6657470344220892,0.6992721569688632,0.923618402836783,0.6866537696478529,0.7195933235855169,0.9312823154040817,0.5362150384442824,0.5711550177634765,0.866127392988871,
117,1,187.06496321062295,187.7008514986568,0,36.43617476,147,20,0.3106290964643677,-0.2168357327830085,-0.10886264238337985,0.051643022395533915,0.1453452736403276,0.7027264666621145,0.7354789358910169,0.9369041676270531,0.7536175114154915,0.7837062078381073,0.9521766536081384,0.40517030059611,0.43998401972900075,0.8011525337107079,
118,1,226.21295677654064,225.81195309614918,1,36.43617476,151,16,0.34814018524040546,-0.15283877005596452,-0.1125035362372645,-0.031586986312754466,0.19675094323718864,0.5621218510432456,0.5990744689255117,0.8872181200403547,0.607634427626257,0.6443564308964437,0.9064653695519141,0.24643901310048266,0.2719292274328017,0.6755451829819448,
119,1,198.80665629239527,198.40866862912299,1,30.119388739999998,66,101,0.2969679906447402,-0.1692769832135144,-0.009049967335302353,-0.028836341333999267,0.22384229717151558,0.6852740366198529,0.7163428475244231,0.9166056904701314,0.8073576726163497,0.8315536981031715,0.9569337127251231,0.5886592552710769,0.6224705763394257,0.8768408969928952,
120,1,193.6052411863302,196.9977814993918,0,36.09730783,156,11,0.3594147783116301,-0.15752393653132005,-0.09092382274381337,0.0018060970383659912,0.13832689800331086,0.6660126013480039,0.7030963796704248,0.9377223918513542,0.7008983311202905,0.7364421299133337,0.9478071441011309,0.4550774856284743,0.49459268738806056,0.8540203417379838,
121,1,207.02090890230062,208.61331873261787,0,29.693442675,43,124,0.32337410237053094,-0.17591636765751256,-0.06455277391543703,-0.03737033191699665,0.2069546333231946,0.6408713474164425,0.6759234483777368,0.9169860417638513,0.8817942696948774,0.9016951529489983,0.9836612373300371,0.5819212425522513,0.6179728154877274,0.8930845066243953,
122,1,190.04830877105604,195.2965816113803,0,29.756464415,54,113,0.31349014837027683,-0.10669484231153764,-0.19837926624922317,-0.006553961741987017,0.2000841817642416,0.6736589579827086,0.7086266191095921,0.9350360069275928,0.7327353386763898,0.7663602995317859,0.9549955874768217,0.6190346745077231,0.6545297600722261,0.9137406342283961,
123,1,208.6368311910841,212.89589096518023,0,36.43617476,149,18,0.3330231027870543,-0.11522477974443093,-0.0846155343892751,-0.08987852852235931,0.15876484857548337,0.6569407986095369,0.6896759448579564,0.9126895890079763,0.6979651406608594,0.7292382864766201,0.9278226875757178,0.4011593231274681,0.43418083863634727,0.7808084101509215,
124,1,198.20203813421847,199.64644400343354,0,29.756464415,44,123,0.3461117031194443,-0.11523096955437317,-0.13903309014059384,-0.050086697375749306,0.17271729385462087,0.6383364496433693,0.6749373359282077,0.9216005888091163,0.8415335044575027,0.8676040010831744,0.9782459176890286,0.5818646661085515,0.6190126087607546,0.8995548232921675,
125,1,199.87486648069552,199.34851188510692,1,36.09730783,146,21,0.3657414358527242,-0.1515581101928222,-0.10351994879828703,-0.019106520132460315,0.17120289151059548,0.611377370424971,0.6542526393682097,0.9302045034141833,0.6674119886875672,0.7092364832538306,0.946703472062181,0.3405936911491388,0.375498700647517,0.8033495916518978,
126,1,190.55046381681947,196.32263393351514,0,36.43617476,155,12,0.2760358711157286,-0.11254114794863858,-0.0904175588302183,-0.10779634798968946,0.15546882475685123,0.6635482358919851,0.6970993526703305,0.9146472279386652,0.6903502947432266,0.72336742888782,0.9250280556797528,0.3487207462774162,0.37509732084541225,0.7326587487658275,
127,1,199.0245903729316,200.24422949540553,0,35.614437525,142,25,0.3526355600925181,-0.15544869748283627,-0.15071594793785398,-0.06442122889917955,0.20660425602459795,0.6541329465647626,0.6878529205562381,0.9276130513542392,0.7127940392298572,0.7449330392339532,0.9476568268951568,0.40625846255412895,0.43709950994889246,0.7960962806258911,
128,1,214.4702536371897,216.24026556479674,0,31.743230699999998,101,66,0.3792312724603579,-0.14825590052943977,-0.12400799697146485,0.040871945062387456,0.1606960939227786,0.5527634698023374,0.5961888774702945,0.9209929779643217,0.6663080811081619,0.7092242356724713,0.9554983164807654,0.4236538717983607,0.46287237776571866,0.8630565139389345,
129,1,208.85645578450047,215.19379036165924,0,36.43617476,148,19,0.3304054518534902,-0.08940029062170854,-0.11216336293492989,-0.09261877757572258,0.1008517110129158,0.6224154838886332,0.65711903696567,0.8998821116948158,0.6593420691858558,0.6934439959385047,0.9148071347821617,0.39323785797947564,0.4246062690002062,0.775993806584706,
130,1,194.57362605683048,195.6443409274529,0,36.738591400000004,147,20,0.3107685900404303,-0.1384549151615668,-0.08872043275749554,-0.12869451197482573,0.2417493505871356,0.6302280997206924,0.6650798676530206,0.9414814712824379,0.6906909051790483,0.7241801217397922,0.9594517633964365,0.2578006548098398,0.2819623709529611,0.7025535849603941,
131,1,201.74690418426846,205.18478082955193,0,36.43617476,147,20,0.3410012287793387,-0.12933766950662975,-0.008438987197260868,-0.007072966776857273,0.11331548134516944,0.66316139767082,0.6991276539781824,0.9303081929265382,0.7159869930153778,0.7499143496938427,0.9467996992153769,0.47343358389685963,0.5104926185291104,0.8498574327132337,
132,1,210.29325720677025,213.8123850614537,0,36.43617476,152,15,0.296481219934155,-0.11160815525963333,-0.05267356240292532,-0.011406402702585567,0.1978778171893351,0.6415022130828475,0.6756622076044106,0.8977706801931679,0.6781854143571451,0.7116670613125841,0.9127442329899971,0.3700903914486531,0.39926484861357814,0.7441749968296378,
133,1,191.57882380921254,193.4198962893837,0,36.086685880000005,148,19,0.344560882418945,-0.14845404350291083,-0.16854269542810835,-0.030615001880234465,0.19831891734930687,0.6951082566105561,0.7286592337778698,0.9437943126514091,0.7440069003552992,0.7750195055843424,0.9573503926659593,0.40200117038897687,0.43804593408476183,0.8169130009793214,
134,1,206.14736548950168,210.5615126676048,0,29.75646442,47,120,0.26838594958960194,-0.13284236777106642,-0.07959740279469109,-0.01794524088803998,0.16987218457052064,0.6675152771422358,0.6984875528437385,0.8885554767934157,0.7986532871865931,0.8243489820589679,0.9408945984035777,0.617294160321817,0.6490172020596781,0.8651706051712208,
135,1,206.9082038235245,205.07890219688062,1,35.689195755,141,26,0.330897625182884,-0.23238737268822648,-0.04140475458094323,0.014639282978804534,0.1825622425378715,0.6313000118660091,0.6703595254150083,0.9232246201342743,0.7002798732359536,0.7380093489182263,0.9457873796577692,0.36239774676256686,0.39382989816665126,0.7834677367264077,
136,1,202.4480169353581,201.89940702140217,1,29.75646442,52,115,0.3946880792804854,-0.14523624924599646,-0.011128206207398423,-0.10089730995748078,0.18006537710015852,0.6082202988345884,0.6491019352444286,0.9434429725426288,0.7372139574611286,0.7737770467732675,0.9744921380906406,0.5278928590559953,0.5688998883687746,0.9157300106326828,
137,1,201.0527806120105,204.5131395343838,0,29.006466625,29,138,0.2954696867237281,-0.09523778328627126,-0.13587462494205335,-0.05961922947064067,0.2280653060332305,0.6570050582740936,0.6878298996748693,0.9271011643946664,0.801813987664951,0.8270862961738222,0.9726646250656434,0.6127556202470859,0.6441365751735981,0.9084584217940452,
138,1,201.5538904850449,206.27356615439356,0,33.794472045,124,43,0.3576143076162718,-0.1122270352193968,-0.06505543180985429,-0.04992876138651547,0.20166310241308338,0.6247217641817489,0.6619701773698115,0.9404034441330102,0.6893555621784131,0.7247855935420343,0.9589840112106987,0.46175711459716395,0.4986704099558106,0.8716832448930995,
139,1,197.8380136887816,203.5862610531707,0,35.50713861,148,19,0.2807712751516419,-0.08800725944129278,-0.01842855474383583,0.010416501115841548,0.20990837982834049,0.6689246784485486,0.7012002804960193,0.9065843666244723,0.6937986888599141,0.725326579804209,0.9164081975001958,0.478750708254513,0.5120729177818697,0.8140483459427327,
140,1,197.57424100962203,203.19072684512452,0,29.756464415,49,118,0.3759098143831196,-0.06529301809560592,-0.06742349285774846,-0.00529624375908985,0.18622602637792599,0.6227962612164571,0.6627761173928658,0.9386878916043041,0.6862166433251086,0.7242558464446394,0.9563587886185232,0.5575418367807763,0.5982779067149903,0.9165614526572983,
141,1,208.156644921471,208.3373872237471,0,35.689195755,138,29,0.3309271881766792,-0.19442189165654974,-0.1142578310582627,-0.01609385999704054,0.16240654808860078,0.6319045894506498,0.6687871927909461,0.9057659103252561,0.6936313009068551,0.7288822547768282,0.9281260178079722,0.40083727815051956,0.43496326700697674,0.790715506553861,
142,1,216.03517639751666,223.58543495939495,0,29.09480216,17,150,0.340855029625699,-0.08186008562034125,-0.10634762487886171,-0.08156622168945243,0.16517421859726641,0.6001481451242284,0.6356784542771713,0.9047388265506398,0.7485040367389285,0.7786643416461225,0.9557330036459727,0.5790716225617638,0.6149224093435806,0.8957683804569774,
143,1,211.5054792807438,216.94606640606878,0,29.09480216,35,132,0.3659952404800517,-0.09219225126341608,-0.05965453072047657,-0.09821245551124753,0.11528930140627162,0.5931270315810684,0.6317688213841389,0.9346872967769368,0.7521072737292235,0.7866850088864319,0.9765710276778938,0.5526453450120766,0.5910800000759501,0.9194460203141991,
144,1,216.9767388220638,218.69455242121143,0,36.999319045,160,7,0.3672971889924663,-0.10602626255976938,-0.13401573807330108,-0.03445434093026233,0.1857196019432729,0.6136570583976065,0.6493162225947949,0.9109299837044834,0.6422421308839417,0.6773093370515916,0.9217509903226133,0.31582950658838577,0.34631284835170156,0.7382155877038661,
145,1,204.16923155782163,207.46803106759455,0,31.862556315,108,59,0.301299575612484,-0.16515730454149993,-0.038337628860749894,0.006638274448600767,0.22930145113523961,0.665688207188442,0.6977808127917519,0.9084837907192013,0.7567498598278681,0.7864020891808855,0.9435467619224474,0.5262714559706215,0.5576039964147379,0.8383578104306578,
146,1,192.43141148167652,195.0502794874185,0,36.43617476,150,17,0.3932484382479649,-0.11936242688271594,-0.01634699030497113,-0.057639860929051476,0.129046160692498,0.6471556645945984,0.6872328631876347,0.9569980343050142,0.6884986606547895,0.7271908446821539,0.9666042792068889,0.33232804062025023,0.36697225867355165,0.8135630509658227,
147,1,211.402069585825,212.45573854589912,0,35.64644873,143,24,0.3558581878227182,-0.12433376190554739,-0.09988956817784671,-0.0348360605882732,0.10443488879588891,0.5948400996679012,0.6366397342982627,0.9290587732422243,0.6567867291831969,0.6978731134959995,0.9479647858284518,0.35762599457100835,0.39197532908925387,0.8142833607858929,
148,1,210.3609243298638,216.29182941513812,0,29.756464415,48,119,0.3783409633576464,-0.08580952573314508,0.02238996716077085,-0.07139536795415104,0.19408881651272514,0.6108204170508065,0.651021074932403,0.9057011668575401,0.6838617239549766,0.7210760692686723,0.9296748360652316,0.5528732942775624,0.5944978596092638,0.8841001240489385,
149,1,199.2257877591245,199.06407867549854,1,36.43617476,152,15,0.34775232347110624,-0.12396148418772028,-0.09972975634953174,-0.055931074583149866,0.17038504829647125,0.638380994355727,0.6772601716345166,0.9405147777715401,0.6846881844546603,0.7227052855172268,0.9541979583612841,0.3104463241374193,0.33861959233121064,0.7591777850644064,
150,1,199.4323848798804,207.6433370682979,0,35.392633724999996,151,16,0.3407755429848595,-0.04366755529658788,-0.059844460905676466,0.018310744378156624,0.11220795464080892,0.6504971077046485,0.688158951669842,0.9284956649361732,0.6685229854036933,0.7056758717063072,0.9344079920997147,0.5204975497971229,0.559210660690588,0.8772514508775452,
151,1,192.20477265503132,197.40747844252797,0,36.43617476,153,14,0.3007129227572681,-0.12734781055914446,-0.04717458691215112,-0.05574177486089627,0.1801517548027625,0.6763134298074233,0.7096999072970697,0.9314304505936862,0.7100801185052463,0.7420720037090109,0.942355671438813,0.376097800395229,0.40979204109702366,0.7841504932842359,
152,1,199.2537201069954,203.53182102523118,0,36.43617476,154,13,0.3565683997638217,-0.13323394591126847,-0.025136746065718567,-0.024151206092600224,0.15648101953927224,0.6309091845855392,0.6701733062830618,0.9383575804734177,0.6584314269266207,0.6971268971800585,0.9467322938703543,0.3537825491594955,0.3874910141336286,0.8016716957541647,
153,1,197.97261288409285,202.85290448387434,0,36.43617476,147,20,0.383545816105525,-0.11668995623298846,-0.013409787466790312,0.011378707463578129,0.19201344615402777,0.6380237129336216,0.6809135890582028,0.9258363589711048,0.6688626292019593,0.7107196608536799,0.935060022427102,0.41680081946800385,0.45927443448428146,0.8385073441665579,
154,1,200.13529855932708,206.36233381617234,0,36.09730783,148,19,0.3338003222569094,-0.09825619460471136,-0.029167049488916855,-0.043913074440554624,0.2090679296317385,0.6609147818561458,0.6939844478170876,0.9253102458388662,0.6939739543436769,0.7258995668082723,0.9367792604152448,0.3970445716804472,0.4299546091355353,0.7908048426864877,
155,1,197.86292864452764,206.66092629427828,0,35.614437525,146,21,0.2970418996649069,-0.07957333805256321,-0.16960913515176815,-0.07252070675135511,0.067686637784685,0.6480060848481639,0.6840996210348917,0.9211217385475078,0.6735778169477737,0.7090236839939773,0.9299530658319999,0.4749110265930483,0.5108366595340305,0.8454261791527264,
156,1,210.08819352051881,205.82111824114122,1,35.42464493,145,22,0.3710167188524152,-0.16070583476293868,-0.14740716435519408,0.03117387626021034,0.1286539507670421,0.6463290709168678,0.6838097563649419,0.9099155237722008,0.7207366949315097,0.7549901849860671,0.9345524132360394,0.3079084035030793,0.3413966035255067,0.7350724061756818,
157,1,213.60353500520438,216.99683851074792,0,37.0437363,153,14,0.35755458244782046,-0.12045135827858625,-0.004855642158399689,-0.07229920587364891,0.1403648824274243,0.5904869259823521,0.631453152971836,0.913779816457753,0.6271620665281354,0.667429745599774,0.9262408659617228,0.23197541559187693,0.26070458781679023,0.6995184499428111,
158,1,198.2676053005541,206.21392304268113,0,31.69707255,94,73,0.38887037147246606,-0.10074351998606866,0.045317629352420834,-0.11510594727454482,0.18829909215008928,0.6224055885291276,0.6624138642272306,0.9246102110534834,0.6877088168186978,0.7262098398002751,0.94516098975674,0.548943413407483,0.5889632701071499,0.8964730704043344,
159,1,207.3947915103542,210.9925811966142,0,29.756464415,49,118,0.388186790302304,-0.14128633111777905,-0.029451867149850496,-0.11987197041990515,0.0961531417746895,0.5772664153489442,0.6190413759216268,0.9186298654519012,0.7454900177781719,0.7818597723568765,0.9663139975308898,0.5105048032651821,0.5520348568210437,0.8922628520752237,
160,1,205.13613699792742,208.69220556434732,0,35.689195755,149,18,0.33234473091648675,-0.13670087217003352,-0.04616114582833159,-0.047615987020973756,0.142040057507264,0.6286693315169435,0.6669692763353371,0.9398199759358891,0.6593376721510961,0.697143689029438,0.9492736467226921,0.3737982243194804,0.40648229871673736,0.8126477384208353,
161,1,195.7733043611533,198.3010492631097,0,35.475127404999995,148,19,0.4124767863405996,-0.14042707044793437,-0.11438381171389855,-0.08378371823194787,0.1575762372456964,0.6245884028930548,0.6674520254146561,0.9364325719535161,0.669345931797141,0.7105108165819592,0.9484160308473222,0.35442962314884524,0.3951409208495183,0.8253913462066792,
162,1,205.5400338912082,211.5504462806325,0,36.067052364999995,142,25,0.35326723919047875,-0.13826959250661408,-0.00787870145222289,-0.04094867216609471,0.2056713434537475,0.6247774677356676,0.6618935338731009,0.9314548007248901,0.6563213854255529,0.6926200470263858,0.941836283325176,0.471218353361486,0.5090163032886071,0.8657023684867164,
163,1,180.28757510959977,185.83192248502894,0,36.43617476,153,14,0.3344404119732962,-0.08764186176604748,-0.12598972952751142,0.008980108725768465,0.1639558536666945,0.6794831643421682,0.7192181963583675,0.9347029026516834,0.7087052736076125,0.7475296397097623,0.9435983338699018,0.43961316991564464,0.4765825267741408,0.8336828412746148,
164,1,217.9983275268633,219.95354622081675,0,31.247618505,83,84,0.34219639231923793,-0.14587223060663512,-0.019220292696073043,-0.03461541253757201,0.18115130457041137,0.5714954071829337,0.6118869730575909,0.9115859034419639,0.7101289955251201,0.7480873045915926,0.9557392266231856,0.463570203961626,0.5019504195315994,0.8630428453081154,
165,1,203.24302169092232,210.1785089904643,0,40.635610400000004,162,5,0.32357254469536534,-0.05835323356122366,-0.08828718182637997,-0.12686271729729873,0.1824326512639153,0.6297828832001261,0.6652816479403477,0.9202945656340662,0.6469282047771336,0.6822457213876914,0.9267282354635423,0.41915725629689504,0.45118475323374074,0.8160515515374478,
166,1,206.12768654261893,206.65952407116396,0,36.09730783,142,25,0.37725696946877935,-0.1889032021260522,-0.09230752138675767,-0.011581889499893696,0.1882684533290463,0.6096747773053144,0.6489341238360032,0.9350308753356459,0.6721247859028181,0.7096543339295265,0.9532129706232495,0.35164010935453155,0.3871025523782595,0.8099991961505091,
167,1,204.08282886328982,207.86459477646207,0,29.756464415,44,123,0.3834253983763014,-0.1388062225866352,0.0027924492581659953,-0.06772346540350245,0.11299261569416401,0.6182855805508594,0.6598366189267082,0.9331178711960652,0.7669125837061656,0.8014057127866764,0.9703801350132312,0.5510983742673854,0.5935581903485242,0.9104136067651554,
168,1,202.1699759504247,203.8920233114065,0,31.41103571,97,70,0.3755163420684934,-0.11923106625942595,-0.10540508135015372,-0.09366835869002556,0.2083625004392424,0.6322745401826467,0.6696245404503819,0.9243963572073067,0.7271652671685095,0.7611315717827994,0.954018883860681,0.5088961194724354,0.5469884481401804,0.8727832293024838,
169,1,190.07584819846667,194.8853333182447,0,32.855693790000004,115,52,0.35422088350340375,-0.10909296582206182,-0.09306411357421164,-0.017479949200618936,0.13460200194719005,0.6453558582579074,0.6827696852882104,0.9589688404728538,0.7044949487489888,0.7406316433179406,0.9732788468970369,0.5364975924580707,0.5735147558693094,0.9205100349903359,
170,1,202.38567569177627,210.54436557204775,0,36.43617476,154,13,0.38866487059710725,-0.054770172368379125,-0.09882262731702514,-0.07242727120438673,0.2016085001669634,0.5849372483385157,0.625625646145797,0.9302419877701735,0.6050833321900623,0.645597005505742,0.936913326620911,0.517540209329719,0.5581713914329195,0.9046906077025979,
171,1,194.15403080968213,198.5184133246246,0,29.693442675,50,117,0.3167888839277639,-0.1219172649012595,-0.19555992805910966,-0.03707926730331394,0.24398451781552033,0.6404875475880581,0.673267267344007,0.9049740414250601,0.7110503858460463,0.7439536654740685,0.9372278733880799,0.5955299687332377,0.628056263160613,0.8816598509402487,
172,1,200.7586472500608,207.45839389315842,0,30.119388739999998,61,106,0.3463293464453281,-0.05466919395352619,-0.05854903744862504,-0.08520324174548197,0.19695255801984055,0.6260685717540172,0.6619257593316935,0.9256853968367664,0.7148426926804314,0.7478005079350705,0.9545189945961099,0.5681647002519832,0.6048345486192697,0.9023606228260267,
173,1,214.741969997648,219.18171745701915,0,29.09480216,38,129,0.39432248451833946,-0.11544744700660525,-0.12856807372099147,0.04350279433469425,0.19778543451587266,0.605626385882899,0.6482018772641622,0.9279739298677883,0.7786655521315693,0.8117058612730319,0.9707298601742924,0.5569824879311613,0.6006082767323794,0.9121282404027021,
174,1,214.40546591484923,207.2735345383988,1,36.09730783,146,21,0.2864906002399354,-0.22251729610863555,-0.07502246664082685,-0.008529784026005785,0.15590578653014645,0.613860754243865,0.6500332538790319,0.8980875459254599,0.6885332773675846,0.7228149810192355,0.9261440109741872,0.266274905349723,0.29329801467259614,0.6817552473947208,
175,1,218.0860666896464,219.37401840698675,0,35.689195755,142,25,0.26838864564405684,-0.15537565196231845,-0.06967934431729979,-0.09791161741238895,0.1759333841135631,0.6200169870573031,0.6509897510405227,0.8868917899158134,0.6857909856407108,0.7158830032952014,0.9163815187074471,0.3389546052807011,0.3635242318696959,0.7016751195704528,
176,1,218.01451170515898,213.90255891579523,1,31.41103571,83,84,0.3458896596346841,-0.24453065140026076,-0.04380776039301604,-0.10197231879403146,0.17551680197587322,0.5929102940260202,0.6284908854896079,0.9102157045471996,0.7567985198826372,0.7888990650959224,0.965360516489248,0.45047138568034634,0.4831721343863598,0.8341380493117123,
177,1,197.9028675284305,201.79891695591147,0,33.794472045,126,41,0.39295090915671926,-0.1405158791964003,-0.26284901864832505,-0.10534146793899148,0.21428483359607128,0.5936559960487495,0.6325282484832508,0.9472431462620674,0.6632676158308154,0.701499076934159,0.96732867035915,0.41136868000168525,0.44566583091743345,0.8550159110292378,
178,1,199.2418463281081,204.82959808856089,0,31.269159645000002,90,77,0.33288008158745885,-0.10196796911919177,-0.11820748457521041,-0.114209395358455,0.23815171891479853,0.6259730788060104,0.6597344802708368,0.9190593706900492,0.6953409139755019,0.7277750328904634,0.9449540826899891,0.5175193900778443,0.5511087422555623,0.8673493092593447,
179,1,198.47660976584993,206.7780531608483,0,29.756464415,38,129,0.3385832170010532,-0.04471146535332944,-0.0730897286635873,-0.05075563889985291,0.24725243947441936,0.6274245546918434,0.664121138469957,0.9115225241752283,0.7415253661105544,0.7744604881417656,0.9496801158232892,0.5984332592253255,0.6354877519072832,0.900081822193886,
180,1,201.50249879876023,209.52866463712047,0,36.624364005000004,153,14,0.3674959211391196,-0.06161420411193285,-0.07820319160817635,-0.0784747589860986,0.16202078873552683,0.6247092203580398,0.6611977853246034,0.9467272453898253,0.643390056575738,0.6795227712781703,0.9522138426451019,0.4576893530797597,0.49342717685886034,0.8788130979684377,
181,1,196.68654658081115,197.2227686516352,0,29.756464415,50,117,0.3657455019728886,-0.13773760721307451,-0.12724573998019229,0.02899591318740903,0.29062430261281774,0.6500510517448732,0.6868187096328943,0.9295939754967006,0.8444231419224488,0.8702224043280384,0.9803021906258016,0.5790778724973373,0.6167990172585743,0.9029802192097971,
182,1,184.898784623349,191.08540681468764,0,36.43617476,152,15,0.3013253029595383,-0.09584808898255627,-0.18253602623810222,-0.061617777608382364,0.1499383856454601,0.6668816248393377,0.7005716295008628,0.9432311479244105,0.6937113100457579,0.7267692255633854,0.9515390464451672,0.42549025751928765,0.45616088210419836,0.8291379702805776,
183,1,204.79751880357108,206.61635243343613,0,36.09730783,147,20,0.357306429012509,-0.15231516073064505,-0.11918688917922263,0.01752381393287821,0.2782645578400861,0.6196273475198707,0.6564492129622971,0.9212061588532688,0.6634757957141568,0.6995218549175434,0.9367062604606448,0.32173002871654194,0.35137486199485335,0.7470847572960319,
184,1,205.4709447124311,208.56335218425602,0,35.689195755,145,22,0.33577747353231197,-0.06820615035853747,-0.06401542771008378,-0.039066935955729416,0.1847026210419999,0.660037643603547,0.6931649123280691,0.9148114021015821,0.7131282926111473,0.7443398987733292,0.9338439391676633,0.5040849263613151,0.5391025670873332,0.8458680067386252,
185,1,197.35413470151929,197.99209420903304,0,36.624364005000004,146,21,0.33482058067761455,-0.1493028413098869,-0.10641303447168032,-0.12841186819417882,0.16707381760485202,0.665544493948505,0.6999687597474176,0.9156311742217335,0.7210644971458291,0.753724371719572,0.9355355954227486,0.3657420254601819,0.3959614905005967,0.7543043324730668,
186,1,203.00115608979317,197.1009372402536,1,35.64644873,145,22,0.32043848849235557,-0.24099411042485486,-0.06869247767309489,0.01448355614140594,0.2117326339232364,0.641555277572792,0.6751964055380708,0.920155289899412,0.7188948212762917,0.7502350031851585,0.947068296026687,0.37012459580853146,0.4004915503040904,0.7682095390284958,
187,1,193.57003556406804,195.51308079860502,0,29.756464415,56,111,0.3180774947265794,-0.1844032986073256,-0.03720500086464155,-0.041613734292261166,0.22231850364220412,0.6814664548208086,0.7155353495622864,0.9232079999020956,0.7978624358860988,0.8258914776271432,0.9596148372486307,0.6053502567282103,0.6411980266315266,0.8939502271501663,
188,1,214.78208178440013,217.00927301180843,0,36.43617476,149,18,0.3159785092548812,-0.1595412041903211,-0.11265594169083758,-0.1816675239869493,0.2541378013915691,0.6020671043318763,0.6348915817546271,0.887502085683634,0.6439391383523753,0.6760100595161729,0.9056924032381506,0.38924032907028483,0.4205779354607298,0.768833827134712,
189,1,196.27136745639328,201.13075236188263,0,29.398260685,48,119,0.36401541351632793,-0.10959956063724884,-0.03097013234599104,-0.05097934291240179,0.22296628465361742,0.6468471329277046,0.6855424242776126,0.9429828077050442,0.7492027005254339,0.783484149188547,0.9689429953408067,0.5846214978839045,0.624439832923845,0.9226757374727681,
190,1,195.99551028385284,197.30024773592504,0,36.43617476,155,12,0.3319975288946086,-0.13026470046175084,-0.10234429598262126,-0.07907284592402322,0.18602077077973872,0.6558751659979494,0.6907503599686476,0.9303675541811832,0.6943539451591102,0.7280484200609417,0.9431268076785531,0.30113355956180304,0.32995219750329546,0.7243373686370785,
191,1,186.73849791515227,187.57289702406828,0,40.14632793,158,9,0.37091012460286726,-0.16119306186530294,-0.05458253513422819,0.05947208226294692,0.2561665884033514,0.6318474427182232,0.6732206641171742,0.9521651605499656,0.6627809024326673,0.703361389168679,0.960009429221549,0.24791687211286317,0.2769663402059979,0.7351229549875876,
192,1,185.82472819660669,192.43131329671195,0,29.70177409,51,116,0.3164869010058155,-0.10081796400043956,-0.12053651043880469,-0.023825316122720874,0.20767119409496604,0.6879824251683417,0.7222822068877767,0.932245656093031,0.82321727661183,0.8505452074864644,0.9716285062482019,0.6431667295385931,0.6783646708371817,0.9154734969231516,
193,1,218.33091829441045,217.69498852098627,1,36.39922521,147,20,0.32952874030470886,-0.15567908722134394,-0.1067182242885934,-0.056417162878971944,0.2607200022200006,0.5793916777993595,0.6147487797628957,0.8825016333988704,0.6143678048977366,0.6498272988122548,0.8985481824185358,0.33123917470058095,0.3590161083577625,0.7283396834842548,
194,1,206.79419382202516,210.78590496658222,0,35.689195755,146,21,0.3452773025106182,-0.12458991820641457,-0.07614919401567338,-0.10376123889398599,0.12255486576257119,0.628733213210762,0.6645272144224784,0.9302901589087136,0.669677145604104,0.7047071752797334,0.944031662213751,0.40371481953741534,0.4360688944857972,0.8169975042879536,
195,1,179.258373160216,184.6660387704992,0,30.117807535,62,105,0.2979049179366125,-0.1218368731561971,-0.12494492895167626,-0.04863373310133038,0.18303745078156158,0.7039860880149398,0.7364561120249477,0.9549472527968419,0.7705917053342365,0.8002291297165323,0.9725537867912564,0.6451892251666932,0.6791385306018347,0.9355383306017627,
196,1,222.28146548073582,225.7672620998522,0,36.43617476,150,17,0.3310902041459215,-0.13548314406664763,-0.06188089386226936,-0.07170995326376918,0.060357727326789214,0.6173662041321885,0.6525432039525197,0.8834663228472865,0.663559106130227,0.6969438656181004,0.9013514269317218,0.2693394751685266,0.3016531115636539,0.6837167567633183,
197,1,206.54330002624837,206.86003887829713,0,36.43617476,150,17,0.37540225726811366,-0.13857240422398356,-0.12303187982961039,-0.052956534963802475,0.14751250385597256,0.6040177232320249,0.6437552961461489,0.9288352046252712,0.6537709203339249,0.6930759233281037,0.9449731048488816,0.42292324000725495,0.4584061267515716,0.8458602118188461,
198,1,203.40564751513384,205.7117139565691,0,36.43617476,152,15,0.35092716611727104,-0.16497590858475128,-0.08232287164202175,-0.01801354368136934,0.14099392184721357,0.6491632773311193,0.6867517804855405,0.9416223121708657,0.6911024367734708,0.7272331749682851,0.9534970235180671,0.3344485264752289,0.3679436053893867,0.7858893475150731,
199,1,197.2114978270129,204.33408647968838,0,35.689195755,146,21,0.3652020996986812,-0.04271023556035868,-0.044163610883179806,-0.07020880678945698,0.1655984059803118,0.6629085459939617,0.6982696299901334,0.9523644311714942,0.6823788317264816,0.7170832656771687,0.9578116796401539,0.5684194159336313,0.6054582648934238,0.919202434081107,
200,1,211.6970438737659,208.36701478827365,1,36.43617476,147,20,0.3369907894836222,-0.16439309793780535,-0.08678885150344635,-0.03174238645331784,0.1704170206930426,0.5855816951768255,0.6255839333480839,0.918342160903868,0.651041005970081,0.6899970903873826,0.9400155190465865,0.1900368017227369,0.2125803786949326,0.647427594121635,
201,1,197.65965856071148,201.45561410376718,0,29.716817785,53,114,0.3782559950563968,-0.10504059227849434,-0.08826499770912345,-0.06476686777130017,0.24266988938826106,0.6394150686149256,0.6753680984677476,0.9255672830527027,0.8249103962440029,0.8523158148764354,0.9775199171732192,0.5700668064021621,0.6063964370545458,0.8974199164615855,
202,1,209.75591134376037,214.78395388711112,0,29.716817785,37,130,0.38393058794420754,-0.09785266345398429,-0.08034625336921458,-0.09355808665987993,0.18991959160343524,0.5833088802345273,0.6240426636865843,0.9299694535964531,0.7421693572430901,0.7783143902825698,0.9730827577397384,0.5472388142281799,0.587950797549193,0.9162109904663341,
203,1,200.94669971471066,202.63921157805981,0,29.756464415,52,115,0.37998268349913566,-0.0840672371071412,-0.10325039727854185,-0.053370151299878786,0.21195360634839178,0.5697178459926879,0.6115529593004432,0.9363738542744086,0.7133882135507157,0.7517851237995945,0.9736159083897156,0.5048014987702726,0.5461963741820741,0.911569526146787,
204,1,210.88872722447567,212.39223838836995,0,36.43617476,147,20,0.3469893688684249,-0.18422412107332717,-0.15591521238214215,-0.009883085795452126,0.18165588789377168,0.6373920507101737,0.6719582773809661,0.9221446236777978,0.67390792715256,0.7079745116791734,0.9357931093043753,0.4188318607307665,0.4498432544455689,0.8095744442504115,
205,1,209.89092249232098,211.25339804202594,0,31.41103571,83,84,0.38665245327760167,-0.16510023322845327,-0.1216532825457529,-0.008277283638091392,0.21718648499106769,0.610137659945689,0.6497430610260805,0.9220750521542145,0.7052842413510874,0.7419552976425543,0.9515027753353179,0.5014156929398488,0.541293119473838,0.8777867584648811,
206,1,208.17460004562005,211.28420864970786,0,29.09480216,25,142,0.34077208312614365,-0.20627895920169295,-0.07950215486769995,-0.0030365889102029454,0.2742151091909778,0.6328565664978022,0.6672314178489419,0.9040700549151448,0.7998633298506731,0.8263136426793437,0.9594941776256786,0.5911633646268022,0.6263248638187991,0.8867374880504373,
207,1,204.63172246729982,206.44880255491108,0,35.689195755,150,17,0.3315031617580064,-0.22380205248254406,-0.0828159328922243,-0.11432134399356593,0.16152484183606303,0.6006073467902172,0.6392711934671301,0.9222829839119852,0.6517580474641619,0.6897292196231486,0.939575110137497,0.24147454333216042,0.26652674435212115,0.6957426611910229,
208,1,197.12337412502603,201.7196920935039,0,36.43617476,154,13,0.2973946092163851,-0.09693425092601339,-0.05900570556025395,0.0008550573557228215,0.18747019496349154,0.7044894898321076,0.7322359608979803,0.9392370147876969,0.7320890764640187,0.7584051151276837,0.948123299724474,0.4326535012372191,0.4659389392800196,0.8078885259832945,
209,1,200.9670005053232,201.58732823007188,0,31.743230699999998,95,72,0.3601926544973706,-0.21986812790031304,-0.13881212020794106,-0.08460746570448918,0.22617632239223143,0.6218816921456755,0.6556218027077764,0.9329908420680523,0.74379702991929,0.7738932604183689,0.9702844421420646,0.48181924123244435,0.5149966262692733,0.8633117479203835,
210,1,201.5350580292713,207.24381154520177,0,36.39922521,151,16,0.42038581344942266,-0.16837687740195337,-0.06701152851817903,-0.043271096683439196,0.07605355491803723,0.5844409666376993,0.6293459009866578,0.9563005048856393,0.6218067993600742,0.666137535894156,0.9648852528426018,0.34161844400400415,0.3801159317110439,0.855889962773386,
211,1,213.4891418885781,221.22293982852852,0,31.408654215,73,94,0.4144213649329235,-0.12117134517616829,-0.12189995445576904,-0.07738992308493406,0.25960331865143266,0.5659136309299098,0.605331234176412,0.9195624869923275,0.6464534800713442,0.6858287440343906,0.9497499968465335,0.5107981094856916,0.5491361401543129,0.8925831898448974,
212,1,199.01062420336547,205.52529650148148,0,35.02655091,141,26,0.3025860801055091,-0.09170506451365742,-0.049426283077147824,-0.0799019644476767,0.16899979103150906,0.6702756246916342,0.7047949592454043,0.9274371259735832,0.7117983845433222,0.744676005794864,0.9409649871310517,0.4952858330649,0.5318879579364212,0.8542389149811014,
213,1,222.69193303406945,230.1410742315715,0,36.738591400000004,152,15,0.37046804205500866,-0.059335210471347634,-0.014273709244866645,-0.08891555318924624,0.21858136793808955,0.5764017927311101,0.6154464071360654,0.9148275996756813,0.6084379788019598,0.6469189815285499,0.9264025783772526,0.5051096714883966,0.5443466297599056,0.8835623408263095,
214,1,204.0105263210394,208.72509344573058,0,36.624364005000004,148,19,0.36947527444882605,-0.11228419188001414,-0.13939617700127413,0.00951366805648036,0.14431555364928966,0.5935910062656844,0.6349729802411264,0.9339224240390734,0.6215955736659933,0.6629417067525804,0.9429026867459135,0.3647703060568671,0.39845856671076485,0.8218261812496681,
215,1,202.49243551668738,200.94320680919014,1,31.743230699999998,99,68,0.36044554580103666,-0.1844806775611824,-0.062237308780426985,-0.048191763258809604,0.23285075477764278,0.6369014764810326,0.671940411727747,0.9320392347723075,0.7590129611878904,0.790070018826485,0.9682501361640988,0.4836590094414858,0.5179127190149454,0.8615372269469185,
216,1,214.7323335586368,218.426552836768,0,35.689195755,147,20,0.3405859865004434,-0.12828553948420943,-0.11363728190528043,-0.0985144164826307,0.138282274810966,0.6195524733468526,0.6546380050079034,0.9172943838151105,0.6644169684077434,0.6982592513903412,0.9331735697755698,0.3666928073302658,0.39987661637726013,0.7847426762216083,
217,1,191.93191287950847,192.57343643248157,0,31.247618505,94,73,0.32412023234327175,-0.15728955709092995,-0.09261174042946647,-0.01002616377472856,0.2326405542329853,0.6849148459541302,0.7160012009477745,0.9299297649927368,0.7703991415281801,0.7973336250935602,0.9570594862634619,0.5471165330981285,0.5810195547361957,0.871832338148399,
218,1,198.88146946582722,203.35615709580497,0,35.689195755,140,27,0.2902725046180728,-0.15416778366019274,-0.09099014166472372,-0.00021163385086564278,0.20575141989287235,0.6929877468667487,0.7214026419359626,0.8900248009032654,0.74503691894828,0.7713445929559171,0.911943318401818,0.47343570868453716,0.5039963975316599,0.7765695154630943,
219,1,212.68808156769444,216.93757709642438,0,31.8103482,102,65,0.39827890104683217,-0.13713012597132052,-0.024195103657995404,-0.051377478633124224,0.19662182770724232,0.571061498024548,0.6105828966184819,0.923857222224376,0.6495669878828996,0.6887686323967629,0.9502045252257444,0.46684186782807285,0.5041689450458697,0.8759604333128233,
220,1,193.01493620222283,192.988089524362,1,36.43617476,152,15,0.2946057249804495,-0.12807357209092018,-0.0651860831047584,0.010749294977503267,0.23091490956570468,0.6993166720775403,0.7311488760838694,0.9275122707481509,0.7429140710961382,0.7726731609605333,0.9420358768473264,0.3661725323799398,0.3989202394508397,0.7606126893385485,
221,1,216.3173798437256,221.3053024395187,0,31.41103571,94,73,0.34260660769256424,-0.12556847811096639,-0.08764975433543738,-0.016587633027382843,0.2077014355060133,0.6047406801852651,0.6406825741395946,0.9016719739233993,0.6970660346620823,0.7306301782150263,0.9361096093554426,0.49923528230864156,0.5351695985393864,0.8509862045584147,
222,1,187.24134434735765,194.99099709109726,0,30.119388739999998,64,103,0.3558596728520857,-0.08140048515000814,-0.024686595735540315,-0.1168205396621969,0.15354170275544296,0.6618291177012091,0.6997164129672544,0.9484857056523859,0.7067549457207364,0.7434443464424207,0.9611056781851273,0.6100482406186993,0.6486432562203451,0.9316202565923475,
223,1,204.42459088977475,204.1778610491566,1,29.006466625,35,132,0.3140622392104221,-0.13562180627958365,-0.11178259000815209,-0.017790214095613342,0.18854319271832565,0.6573169641074367,0.6925788779995432,0.9165527270229608,0.8657978054301793,0.8886724008863668,0.9777208802022128,0.6007622506404254,0.636905801055256,0.8940892902468287,
224,1,211.68309143573472,213.2336878361537,0,36.43617476,150,17,0.34981354500154577,-0.10890577254690974,-0.0459325347519981,-0.0642625486693292,0.17819752899324914,0.6110749487009736,0.6477120294567812,0.918466833483545,0.6598016483650603,0.6952716336589231,0.9354597140078712,0.30696269395452047,0.33775385893261617,0.7432117482812075,
225,1,210.27798980410523,216.58774665879986,0,30.119388739999998,59,108,0.27587367227414106,-0.11906974530085045,-0.04719869591037283,-0.04977049772799507,0.2221647527220855,0.6786454199534833,0.7051633921043968,0.8950364822563176,0.7601862965302101,0.783601833132517,0.9297305890492028,0.6226084461250745,0.6504094202888296,0.867900551956773,
226,1,197.5454027105325,202.36650655850957,0,35.689195755,134,33,0.336625433079816,-0.1308333301180959,-0.14311157863527701,-0.012801122723540838,0.20636839835119228,0.6441917508205919,0.679416534132036,0.9374321745197076,0.6989338246448217,0.7325610075022659,0.9542240638796825,0.45877935476126186,0.4936989194597728,0.8546368519383238,
227,1,205.9341391463687,201.29565242050302,1,35.689195755,144,23,0.35587213736714896,-0.17406721241000986,-0.04103212898031084,-0.017800309061361066,0.12318931205673751,0.6258597559662334,0.6674534030802728,0.9170422449656029,0.6946133305746848,0.7339995170291527,0.938494054197155,0.3137813804842637,0.3482176583707,0.7631494741860974,
228,1,204.33867229038555,207.17186483105138,0,32.93975158,107,60,0.30969582375315946,-0.16828144664003578,-0.1307816493161529,-0.05235380741568103,0.1953160081029932,0.6357974438997043,0.6693291690150285,0.9096092255256376,0.7187668492227633,0.749456323789366,0.9396974432762564,0.5058794156687022,0.5404803603149774,0.8486840185579295,
229,1,201.75616264708034,207.08225442837477,0,36.999319045,156,11,0.34697381429600943,-0.12186347984785119,-0.10206079854939434,-0.11899432700036602,0.19869035209543676,0.6018076644309898,0.6390346165267805,0.9306031472820581,0.6329620868269815,0.669642665878114,0.9408333945565334,0.23786067797560398,0.2638956619535879,0.6983930527244109,
230,1,199.9543387390897,206.53476394502945,0,36.09730783,148,19,0.38564741799342045,-0.08643695213240818,-0.19584841277721163,-0.02059105970835049,0.21851189013493175,0.6154459465353653,0.6573961274667395,0.9362772726273055,0.6476085493606119,0.6886024544182979,0.9451954080849676,0.4432562374033349,0.48559129708113025,0.8747322945848705,
231,1,200.24405649315793,208.44932688011482,0,29.006466625,27,140,0.34777266042947835,-0.11133078188952965,-0.07389222146353415,-0.09398572041514011,0.15615534758419977,0.6477485066820391,0.6831029644295696,0.9342380703919284,0.801209866806282,0.830639570543009,0.976916266471542,0.6261717528286431,0.6617269238123425,0.9261296297442968,
232,1,188.73363033821872,194.80421133026556,0,29.75646442,50,117,0.3466956161475456,-0.079716604394615,-0.0363319404497226,-0.05885765407121544,0.11678127261206009,0.6627119027228794,0.7004854237386758,0.9449747437743383,0.7930986728997095,0.8240360044884051,0.976291342311053,0.6194555839501187,0.6582363685724224,0.9311687528056101,
233,1,203.59856975164897,208.56101314092172,0,33.794472045,126,41,0.3500955871487747,-0.13367926759594523,-0.1033317801418301,-0.04892390445839789,0.13006026929008324,0.6168064760692055,0.6549064690350958,0.9271895140833835,0.6790804639155988,0.7159750913151158,0.9474124497547692,0.4589312571281651,0.49524900150454465,0.8556256904671876,
234,1,204.94247868549337,207.72315506987138,0,31.247618505,79,88,0.3152560836474145,-0.15383259964015253,-0.11706483392862083,-0.05756466197625004,0.19120061566705873,0.6374136909974211,0.6694007856122117,0.9014854306108583,0.7559010050489458,0.7840521744119294,0.9465792146792037,0.533398098738846,0.565830435793072,0.8497450687822338,
235,1,198.1394864678945,201.76885511052092,0,29.693442675,48,119,0.3367187534723202,-0.14932724129721073,-0.08495611763882842,-0.06282513580689969,0.2522578125358364,0.6306058453965196,0.6672522445513029,0.9213347997908284,0.7753963294617147,0.8073057779674063,0.9658909038495566,0.5645319076175466,0.6011868410185958,0.8940506624022873,
236,1,198.84078908464298,204.20637895453189,0,29.756464415,53,114,0.34939319766764526,-0.11172346379904924,-0.11283575763881579,-0.06220442332634738,0.15513542653181117,0.6224506262099408,0.6618421077208786,0.9126739342018856,0.7293230108651144,0.7647365879904047,0.9468453039293651,0.5591473785537379,0.5993480191992586,0.8882391427199926,
237,1,209.43519359776562,213.26419127264097,0,29.756464415,50,117,0.37477856926896785,-0.10408990186604637,-0.11879420886546051,-0.05013695339586466,0.16675643978107843,0.6058674621470965,0.6423302415574416,0.9206678352757435,0.8035831543606642,0.8310712820929376,0.9761919278361222,0.5397040551455176,0.5767521590850705,0.8933726260881486,
238,1,203.43829811664122,202.60684390389622,1,36.543007724999995,154,13,0.36147250621457133,-0.16579831341120987,-0.10965404035457932,-0.18067611920065224,0.20406148250548145,0.5883549959860599,0.6259833855423641,0.9185052892642493,0.6294635145140471,0.6663588642515144,0.9328628002645724,0.16385694284456523,0.18427652809461822,0.5985073105593568,
239,1,212.76095826858744,216.47721782503874,0,29.70177409,37,130,0.3870120666001286,-0.07040248367679999,-0.13043561248261937,-0.0656176042561113,0.2019008490271719,0.5676883093389099,0.613147711190791,0.9281525525650631,0.6980960557368309,0.738816294203491,0.9627074732660285,0.5223784634737304,0.568413578330436,0.9127923237969089,
240,1,216.11124731306003,218.1976362016784,0,29.75646442,49,118,0.38306894842875716,-0.14973436530253567,-0.08334218959499601,-0.10293135912570062,0.18658448361090413,0.5761870219048905,0.6164942026663627,0.9150676690751438,0.7170313298339718,0.7537970197378746,0.9587479094359429,0.510810859286102,0.5508530952568805,0.8879049458956402,
241,1,195.7477388952557,197.46022422547873,0,31.430195355000002,98,69,0.3689047519803362,-0.17667559841220853,-0.13774689272415402,0.02200158784338592,0.2206173533430566,0.6147367840584509,0.6586514825636035,0.9348634959434025,0.7063453891368805,0.7474150538430235,0.9594459426730113,0.49171811228711954,0.535241669250636,0.8889213099330233,
242,1,197.74228365606248,203.49632558043214,0,30.119388739999998,65,102,0.3335262047261945,-0.03701302092167427,0.004539564561977408,-0.11399009174174192,0.1889136141715119,0.651754726768944,0.6852397984250749,0.9342158842517841,0.7271120155666058,0.7579256148144873,0.9573652983951625,0.5946060319905543,0.6290937864898297,0.9128559644630126,
243,1,210.54235298675488,212.7171877848367,0,37.0437363,155,12,0.3735649556973072,-0.17293698742543412,-0.13245152961707035,0.023358910225088684,0.11926162190112252,0.6335126778972523,0.673637058256717,0.9262939182912687,0.675544417650806,0.7137782685769121,0.938720215952236,0.1987705472074167,0.2294544103329198,0.6762658208917766,
244,1,188.84662784956058,195.46670445875907,0,35.64644873,154,13,0.32267874208949965,-0.14014643217735093,-0.08634487347479038,-0.001892652007411051,0.1423010570370191,0.6682181869126481,0.7060707006188592,0.9454721169358479,0.6968523883103207,0.7337634563175847,0.9535147652915514,0.4401549134947284,0.47701841361523106,0.8503177511411788,
245,1,197.33925192744368,200.13875273370195,0,29.756464415,46,121,0.3441384050346205,-0.13004405175090225,-0.08713947584534573,-0.11165932615051133,0.17869896916524444,0.6181420512286302,0.6548789538375933,0.9316344371797354,0.6848382749502397,0.7215511848509001,0.955803917632449,0.5561056349010389,0.5921594429520631,0.9050711498856571,
246,1,186.7896838694442,192.51078740925067,0,35.614437525,156,11,0.35367128322301494,-0.07750658390896707,-0.14033571935806136,-0.14067117372818183,0.18184534455085846,0.649815414832621,0.6851889148757249,0.9378579373548048,0.6808231708800128,0.7152877056189408,0.9475622696853063,0.2910516507638549,0.3202362975332289,0.735053494225743,
247,1,210.70977744023034,217.67390379992213,0,35.689195755,141,26,0.3595147969603462,-0.1083682043809537,-0.06165779604465084,0.06996692915232534,0.26140273192020497,0.5926987669484219,0.631513632028792,0.9126229959289429,0.6294707911268426,0.667244481524659,0.9249737237505183,0.40820380456828753,0.4471369611594548,0.8323561914394333,
248,1,193.60426432926445,196.15406585441923,0,31.743230699999998,90,77,0.3090948201750507,-0.07938825249651167,-0.016921757992781655,-0.08689039649480879,0.13682630246510344,0.6855046707147242,0.7182491423088232,0.9355606113171336,0.8025398376087226,0.8296091901375335,0.9697221744328518,0.5812041931730664,0.6155568086208797,0.8936081468084667,
249,1,213.86115444545402,217.11246441330064,0,31.71929008,88,79,0.29162157536065675,-0.17991461189899485,-0.08190275295286498,0.04332015494094672,0.20014710648129622,0.6667127117617154,0.6933726098334259,0.8969014427721905,0.7677714718317001,0.7906885992600032,0.9391094087090799,0.5596297465107133,0.5878716183694691,0.8411860069609969,
250,1,198.03504280639228,200.79529722012558,0,35.475127404999995,145,22,0.3628274042113281,-0.1594225836699694,-0.08964039892853483,-0.011901468598356548,0.2534035840418815,0.6461258210914835,0.6831602051459464,0.9200522671025151,0.69363233632579,0.7293971189748675,0.936269990350998,0.4474615554692461,0.4830858592343384,0.8276298897391389,
251,1,198.92174363446776,203.4828499978875,0,30.119388739999998,65,102,0.3715225214118025,-0.14231952889403854,-0.062262827924553704,0.028921660548118223,0.2204904558161392,0.6300229085371433,0.6753698218431887,0.9449107348442174,0.7675007814962057,0.8043206043900565,0.9734276163437895,0.5386692753220328,0.5862789579826359,0.91937394173364,
252,1,196.50776600543068,203.48182091661266,0,35.689195755,144,23,0.44691974546402485,-0.12428465530706517,-0.039685715962768466,-0.04518703271718965,0.19308741715025063,0.5765810634820451,0.6233524334003306,0.9618590928969192,0.6079696244834211,0.6545417392143791,0.968753443649844,0.4274494134944342,0.4710889064017511,0.9119819774273433,
253,1,208.7534902338566,212.26096403440204,0,36.738591400000004,151,16,0.3538694940020321,-0.11809280672722702,-0.1370365233127466,-0.08152837322355956,0.20888487073109388,0.5813780663037554,0.6154124157137119,0.9156320559085309,0.618254422898225,0.6521592379949328,0.930567039625908,0.30451947729544976,0.32997845276398585,0.7259141320334102,
254,1,196.02156489089447,200.12895957979447,0,35.689195755,142,25,0.37804969476544337,-0.13631306772505516,-0.04612997067734326,-0.012447054892660025,0.10536182353250176,0.6446134108750673,0.6832542980587201,0.9421118343671765,0.6928909866918036,0.7304579334603984,0.9560910198447453,0.45533770763629844,0.4915943150448448,0.8614588059115609,
255,1,211.82062953417937,214.09966876259887,0,36.43617476,145,22,0.37334555936443004,-0.09086847531943872,-0.10321743918661101,-0.08359223561526907,0.1990169604835464,0.5836410600548038,0.6239510137872784,0.9220417104804506,0.6318728380524912,0.671459406125327,0.9380581498277457,0.3810095554858081,0.4177473132917061,0.8246692486204956,
256,1,184.74098400668473,188.04393818847154,0,36.43617476,155,12,0.3531866659195481,-0.10889553431932238,-0.014633652727559588,-0.009642603458698926,0.13859097785335367,0.6944913099201592,0.7335318768899297,0.9467784584447833,0.7339561154052751,0.7708329265622619,0.9567733691522767,0.3957654885899129,0.4358126726452454,0.8288578661127319,
257,1,207.23516582841697,212.97614140018788,0,29.75646442,38,129,0.312721625190436,-0.12271030292369725,-0.10989736682371355,-0.07774911068877025,0.23205058035346618,0.6204870860274675,0.6536924705091562,0.9012085345983553,0.7033204900341916,0.7357974575969309,0.935910737525044,0.5812429652560858,0.6142491487352247,0.8821906191955653,
258,1,211.7854880746532,215.10019997006253,0,36.43617476,148,19,0.30113237230129986,-0.15221154719648927,-0.08065776928158506,-0.05442284342705933,0.20283013654987334,0.5987445807615726,0.6349227431747374,0.8822283104232951,0.6439455574101203,0.6789464554011316,0.9002590016742689,0.3518256666926122,0.38600650872084163,0.7516644087904979,
259,1,204.80770851482023,212.1879405386087,0,35.689195755,156,11,0.33148423609846167,-0.063362386604239,-0.12824354438929805,-0.011768570512530765,0.1928497182266279,0.6516521459961605,0.685302568367002,0.9310750489819531,0.6718498620969313,0.7049339012424191,0.9380025152775376,0.4223061542857485,0.45548347871362976,0.8183142334027926,
260,1,199.8923547685605,205.89648632936076,0,36.09730783,149,18,0.338173531154181,-0.09066791890632009,-0.12027582616494718,-0.0944009263811407,0.20218682877198452,0.6374142288337392,0.6718986685581979,0.9118989470019908,0.6667295527932293,0.7003727674128759,0.9228299581901558,0.42109249246984365,0.45549993449869475,0.8043274419281805,
261,1,206.20344347384042,211.27830145601314,0,36.738591400000004,156,11,0.33468402246270457,-0.08214807580795423,-0.08061685769135235,-0.040784371497121996,0.13499405693827868,0.6129652797084951,0.6514929166878485,0.9192638657082967,0.6363780800348591,0.6747687970963219,0.9278169573647094,0.3407639776840261,0.37047250585345615,0.7665876513204207,
262,1,191.45863413470104,193.8987422944478,0,40.635610400000004,161,6,0.34915995454070214,-0.15258624093044923,-0.0649099321888837,0.006274590915988774,0.13490436001793657,0.6538628290899914,0.693444682501948,0.9365854787812555,0.6833510970649477,0.7217865334524161,0.945019339337263,0.2067569007716997,0.23417629393941133,0.679664725623003,
263,1,204.39067899449586,207.11814748278982,0,35.614437525,145,22,0.3419544181996656,-0.1463944880576563,-0.1229822283200523,-0.0988701880645179,0.22457200812050712,0.6207503808403322,0.6580659769483993,0.9216028137158707,0.6620664865682638,0.6984953013121287,0.9356820298142506,0.43738005539669655,0.4732500987885056,0.8379507483725704,
264,1,197.00051019027086,203.67672295643348,0,30.11780753,59,108,0.36854387385527126,-0.05192431975503791,-0.09968241734547292,-0.06216855914543732,0.2200922344993525,0.6336845850095266,0.6738873116369039,0.956284126213261,0.7409791915349376,0.7763986916250508,0.9789968095116319,0.577245204657215,0.6185367910682756,0.9396087207403154,
265,1,223.11832044625658,221.74183315796182,1,35.689195755,147,20,0.33195441842409906,-0.16787480065369015,-0.08648281220232301,0.011760876373358894,0.18063315675788394,0.5915458117932471,0.6265791213853298,0.9002943551224791,0.6504070594810816,0.6843560068061652,0.9236065785266568,0.34292405416588534,0.3736568625062224,0.7520809026681164,
266,1,208.8965451619936,213.71256313237183,0,29.756464415,47,120,0.32716507670256445,-0.1107080523694476,-0.14685104521746783,-0.0400103743569842,0.23795894450124475,0.6262627586537107,0.6609408180745812,0.898593983122114,0.7939269738798758,0.8235779512578516,0.9592559658387441,0.5762697281403633,0.6107843588173019,0.8750294876270248,
267,1,197.40207537220513,199.58080833156833,0,31.743230699999998,102,65,0.338903594455382,-0.042877459792907024,-0.12252501106725856,-0.0539164580428269,0.25039650483903036,0.6393348978174729,0.6732835711661844,0.9190663422592567,0.7545035945861336,0.7843358658485443,0.957721044336347,0.5069768597711689,0.5414070369317248,0.8566162006310851,
268,1,209.33922883015035,211.6711599958154,0,36.70164185,148,19,0.38591362743217866,-0.17600013427142014,-0.13637343422440373,-0.024149722973227202,0.23565838498108005,0.5914587395288089,0.6348219926525912,0.9254575224638126,0.6314418636940805,0.6741004972515278,0.9377825096101852,0.33407522789327326,0.3712824841126958,0.8045342266502411,
269,1,209.11498487076207,211.25436157160544,0,36.09730783,140,27,0.32587714100600085,-0.15495739733935737,-0.04135307808761812,-0.04344590037103921,0.17309363882973056,0.6060383301072295,0.6423052703087108,0.9202927295111603,0.6636376339238673,0.6993089097242751,0.9410455404901155,0.38644529682075385,0.417347075891864,0.7994343980464421,
270,1,208.83253415464338,216.37790810907956,0,31.430195355000002,94,73,0.3819182750614031,-0.033748220778210526,-0.09906898543914652,0.0008143663785644697,0.1742925463609001,0.6010246180222126,0.6427174616676222,0.9354931872853849,0.6436426205025914,0.6843895685225188,0.9481854168384127,0.5359659657116479,0.5781536230004481,0.9126439904860237,
271,1,201.65653067513566,205.13791123188747,0,29.716817785,46,121,0.33464978868227413,-0.18512855662994074,-0.05195807114262424,-0.06651737569450494,0.23444237788814853,0.6428884300697592,0.6763354342591226,0.921171420529621,0.7775209138842804,0.8073546227189098,0.9663236613392526,0.5924187834408792,0.6258210739361734,0.8986154541644076,
272,1,196.74531856495523,193.78170161810112,1,36.43617476,144,23,0.26996064047298235,-0.16989147225656023,-0.16253305501886967,-0.08653982297091084,0.19257597771784396,0.6449712694622868,0.6771400454225565,0.9049682217856584,0.7049868284353314,0.7356920077493984,0.9285741810541707,0.3228409594648241,0.3483202207066999,0.7091817156009673,
273,1,204.80564023191755,209.3196936846157,0,32.99156095,115,52,0.35492674961155024,-0.12571267735702063,-0.09078279575270125,-0.03844481843425416,0.2838292305384032,0.6193649817863858,0.6555042739316405,0.9267725601506333,0.6992094138212197,0.733230821139899,0.9524457423667585,0.4583244794015445,0.4938616870206162,0.8531906036356756,
274,1,217.02882524894233,221.54595105894703,0,36.43617476,152,15,0.35225622538211526,-0.0898648684081909,-0.06662238143585143,-0.02516924502011442,0.24956580116855034,0.5780010205520278,0.6149936600300965,0.9122755739306027,0.6139032741044216,0.6509501492631087,0.9263425370589434,0.30351758296772113,0.33002472027654256,0.7381499546298075,
275,1,199.34520222339557,198.01681006299094,1,36.39922521,146,21,0.37446101888399386,-0.17398439634661822,-0.07552294996702996,0.016698272937875354,0.17584532671029118,0.6498656695644465,0.6887263562988502,0.9420033339531556,0.711810511390368,0.7479810293972597,0.9583794347590557,0.3746794815769937,0.41269511769421935,0.8227377619975869,
276,1,202.44520534852816,205.91380397148117,0,36.43617476,155,12,0.32803433360640616,-0.11626550013300206,-0.09652722715649857,-0.10122039900018244,0.08803787867223246,0.6485436989567539,0.6838388350274133,0.9112525838940913,0.6875982945494662,0.7216355974933729,0.9253027425783736,0.28004040778993794,0.30874047828845635,0.6996158381179738,
277,1,198.69411888453152,202.8828722614026,0,35.614437525,151,16,0.3016617532095149,-0.09578714032206631,-0.11760072664197344,-0.008833655291024369,0.23778344591646014,0.7077808474237193,0.7354240455049553,0.9232594724335595,0.7464914396597716,0.7723235373913959,0.9373470839642597,0.5160626071519148,0.5478576379546529,0.8345057737409453,
278,1,196.32593399874307,198.74460588410847,0,36.999319045,155,12,0.3484694106950598,-0.14047029312586137,-0.07425842100323563,-0.05245479124244061,0.12156660404966486,0.6427176738044381,0.6832981015690909,0.9258730155401872,0.6833899271002561,0.7223660600957185,0.9380526438410599,0.20370040234491152,0.23171341108826624,0.6744447629398064,
279,1,215.63979015025686,209.0307133192237,1,31.743230699999998,99,68,0.3331517886124826,-0.19503534305512588,-0.1541436645670954,0.03553669040570637,0.18678131002235215,0.5953493495394054,0.6302344683617376,0.9044349248936122,0.7336924270285301,0.7654216202319974,0.9542372669903021,0.418568001670542,0.4505236100437829,0.8060121954099686,
280,1,200.40782707250736,202.81116530761057,0,36.624364005000004,151,16,0.3804315524595972,-0.19686286450483895,-0.12132354540217187,0.051045766816086954,0.12800269475190626,0.616940423793574,0.662069720406472,0.9455058532296488,0.6585976139333739,0.7025669064191139,0.9558775768347202,0.38928368742978464,0.43143276310742273,0.8605413173210323,
281,1,200.81519415078128,203.34284260260756,0,30.11519621,64,103,0.3325814701459755,-0.12869588099687318,-0.08928411966142283,-0.007072095894628093,0.2037103066398,0.6303506917908094,0.6698960021768726,0.9226753687137466,0.7492950559263012,0.7845208122337239,0.9581439068070288,0.5560786189636185,0.5960564250642231,0.8941544655066105,
282,1,200.21638423121334,204.78694110157278,0,29.788797064999997,48,119,0.3123209398101612,-0.0964859784008699,-0.07656872673704901,-0.08506256928884245,0.21264711681573623,0.6405666678499969,0.6734089948504909,0.9054613271704566,0.8265363118436714,0.8525916440238411,0.9699374219323048,0.5837796213182164,0.6165152490840589,0.878334552352679,
283,1,188.51889924962038,195.61805031483556,0,36.624364005000004,148,19,0.3989784614856535,-0.06008854191129643,-0.057830215043116556,-0.08174524541703058,0.10304509199273051,0.6254212685031014,0.6716037909432659,0.9538372823587855,0.647245801704123,0.6929119849004882,0.9588602993837267,0.5430960047041896,0.5899353033827128,0.9319350365309024,
284,1,194.31550889449932,200.53768448478417,0,36.624364005000004,153,14,0.3225546516318326,-0.08640786790534123,-0.10139516138995487,-0.07501248700868599,0.10672850381180321,0.6554798932639083,0.6935024948887888,0.941166268683059,0.6867470547734619,0.7239212973467071,0.9504115995167212,0.36961721341205855,0.4028618581510556,0.8032717076110537,
285,1,192.71441232327874,199.94925919761505,0,36.43617476,155,12,0.34203963433842105,-0.11857531161169588,-0.1086873905093946,-0.07315748240834635,0.20299950471112768,0.6471581064281907,0.6834924035837414,0.9379792361120508,0.6658672971612268,0.7018950473652597,0.94412250288796,0.3611703034431817,0.39094101288646027,0.7829087203984089,
286,1,192.38424222960722,194.76248148273987,0,36.43617476,151,16,0.36874510682128747,-0.12177835726389566,-0.04068100723630388,-0.018102142042202243,0.19151172179242315,0.6487624898428598,0.6861069359535187,0.9539265677208801,0.695005248057185,0.7311047022911399,0.9657807761732163,0.4873767392773243,0.5245250626920158,0.8935588194398263,
287,1,192.16770630659693,186.53310793509922,1,35.689195755,145,22,0.31927453508781034,-0.1816451371718012,-0.05253017727628128,0.03193021810502101,0.28546626906861344,0.7017816025286211,0.7322464955118123,0.9446334093120741,0.7727314829478539,0.7985920292103202,0.963679099315167,0.42601388391953277,0.4637657431025333,0.8270344010653461,
288,1,185.34092326323457,193.36787299291996,0,31.247618505,90,77,0.37110617274505364,-0.1143123727983087,-0.20117193672450412,-0.0948799327943774,0.15850047032433623,0.639599151270087,0.6795134602611447,0.9400171241283618,0.7126533469141699,0.7511952417731649,0.9622311488572521,0.5592688576600032,0.5987848317916884,0.9083736086235072,
289,1,198.2829595726218,196.88397414725586,1,28.813373329999997,31,136,0.3678344068345444,-0.15328503408488028,-0.14593254806930517,-0.0008041739353567077,0.20942399117859734,0.6433638657121697,0.6805105289000939,0.9364617771831307,0.8428497311813241,0.868235467094761,0.9840507678058892,0.5986307255978912,0.6368961618368353,0.9215364366288457,
290,1,201.9421929805532,203.48354844601948,0,37.849496290000005,159,8,0.36919443698683174,-0.19099116475252745,-0.07163662769842467,0.004278140226096133,0.16184411973990356,0.6741955556186555,0.7104879355099453,0.9356840359842781,0.7092474774500318,0.7439760211243391,0.9460818820195063,0.15011800124455799,0.1710111076326864,0.5797945345666276,
291,1,207.48493779209983,211.74970525429904,0,36.43617476,151,16,0.4001308569847766,-0.08013615170263341,-0.059778235919308136,-0.10053770067230389,0.16527709631503806,0.6178299785801719,0.6589833965380494,0.9386994939928848,0.6541794909357661,0.6942587091020104,0.9488665918273336,0.41279978821426533,0.45319346541744754,0.8570423887736663,
292,1,207.14748635797932,209.97852079140858,0,35.614437525,145,22,0.3680923905468862,-0.14036923012469366,-0.14098540666123685,-0.06787557437637821,0.22554192928577166,0.6071708968994477,0.6441141695437603,0.9290997552938633,0.6587678772854064,0.6945811094101585,0.9456976463615743,0.366103975341009,0.39950449116426884,0.8075315521703206,
293,1,186.8519533635365,190.72618041293862,0,35.50713861,145,22,0.3747265547546749,-0.15315567889537762,-0.11532233045219634,0.015146720441147949,0.1733218356849262,0.658342468543273,0.7007783232041682,0.9425216639321605,0.6956056268570981,0.7366396613773631,0.9523552364780932,0.47210010839739974,0.5150821544747275,0.8763682824727955,
294,1,196.4811080676172,201.30631534261738,0,35.967910939999996,142,25,0.3952986008614198,-0.17780296319235417,-0.059922678333224545,0.0033704405774847043,0.2575587517157744,0.6196447944865802,0.65956774751189,0.9528665629078007,0.662996213692405,0.7017969595542038,0.9638044168179393,0.4161383671751425,0.4544397800222455,0.8696451701181389,
295,1,195.86303435972943,196.13356158885915,0,36.43617476,152,15,0.3101043175853469,-0.11589535789860254,-0.039554640954219754,-0.06353852670933217,0.1613674567100231,0.6651414565530479,0.6981457777279142,0.92941058691521,0.7142991732059638,0.7458242227711176,0.9461154464512245,0.31631205278438984,0.34315481401762987,0.7227538276248594,
296,1,221.65775224712092,217.66183851353242,1,29.756464415,46,121,0.2636403964333479,-0.24078686274708064,-0.061419259720203144,0.0453746977978091,0.1754420017507812,0.6514873978997993,0.6816409170361988,0.8621638101090133,0.8676824890153765,0.8844907984142601,0.948132177999379,0.5578456874809647,0.5904561201628339,0.818616678960753,
297,1,212.33161043367394,212.17248109887873,1,36.738591400000004,152,15,0.3642249142549949,-0.1543215652246621,-0.08065356170076643,-0.02076565539973169,0.2538980444431532,0.5585867942957188,0.5982879829740034,0.9099476149424384,0.6055676476804329,0.6446088909754668,0.9269495041656207,0.19112152113066902,0.21630392735126788,0.647098622209157,
298,1,213.60070580186928,215.67978213138076,0,37.849496290000005,155,12,0.37929909648954785,-0.1683342408790324,-0.034173074532937046,-0.07637980135487255,0.1545526877190561,0.5745386022313731,0.6131760324115854,0.9161838463707316,0.6116888088731782,0.650129065947611,0.9297936131831637,0.199993725768551,0.2216886958910663,0.6427472042557607,
299,1,195.5001948622712,201.5861075620478,0,36.43617476,152,15,0.33596081800855937,-0.07305177104330943,-0.14967103442494945,-0.04191167786817738,0.2221226833263208,0.6183667174812487,0.6541188089572154,0.9354600123522044,0.6423814609105797,0.6779159395675626,0.9436564839173297,0.42965853251217695,0.4621630277928389,0.8444982095297716,
300,1,195.62961905822644,200.07943958512976,0,29.05951596,33,134,0.3866576694859536,-0.14181173955036444,-0.09944524004250777,0.02328722920566611,0.17759361256092704,0.6273929248932557,0.668543828856922,0.9388475571860597,0.8499187000225676,0.8773843036822074,0.986510268307228,0.5819619878212429,0.6237488353180598,0.9242092867101158,
301,1,187.40055103826234,189.36779974188659,0,30.119388745000002,60,107,0.3605550783655759,-0.11581478502337401,-0.020550151847438962,-0.015814654532657794,0.21330027049359654,0.6974658887099806,0.7318383426224437,0.9533154019953282,0.8639151404305125,0.8851662520968759,0.9867371996319669,0.6285931293100686,0.6659123655720939,0.9332898738751543,
302,1,191.03898728872767,194.79914909617793,0,36.43617476,146,21,0.3520284261553834,-0.12407955762560074,-0.046860084611091854,0.06586016604228995,0.21345878896468992,0.6467427242140473,0.6867941376660508,0.9491012651714842,0.6793452002045641,0.7186840931463665,0.9580354413732542,0.4266501240742915,0.46398581176741616,0.857849149233817,
303,1,189.59503198895584,195.4484459485273,0,31.247618505,95,72,0.34887009348325804,-0.09260375715133284,-0.0747739631951663,-0.06499064459040489,0.2085322190634859,0.6546004878335099,0.6920457626743666,0.9465910639421732,0.718286034332831,0.7537959183942351,0.9644024429281609,0.5689938415363139,0.6071292950472019,0.9150702676325394,
304,1,184.81329404079187,191.90699214774418,0,35.689195755,145,22,0.43165217383622,-0.10576449447005316,-0.05002106748820562,-0.03982882612118039,0.1239502516077625,0.6253216161819453,0.6700529221168272,0.9726162529535611,0.654048008996596,0.6981981608162696,0.9776862747112546,0.43880825126695483,0.48092355530384123,0.9165880345309678,
305,1,205.79961479118583,211.0615852380131,0,35.614437525,148,19,0.3077152641859182,-0.12154788208287218,-0.024896706867747302,-0.050259060326609074,0.23962556270521537,0.6617209315659931,0.6934455965515824,0.9014850552058368,0.6954722134472139,0.7261880415717951,0.915087179020727,0.4401860377886494,0.4720248131722452,0.7858247166613254,
306,1,200.02534450051874,205.51505952677945,0,29.75646442,48,119,0.3636119897394462,-0.144032883792765,-0.07494231171768832,-0.11791549355599129,0.16695631361070506,0.6377423051471999,0.67419779956686,0.9349796633654934,0.7363954413943542,0.768339752767504,0.9628009507759737,0.5810771173555059,0.6189872377742034,0.9149633330460443,
307,1,208.89698775916446,217.01606212015145,0,35.689195755,150,17,0.30540833775502907,-0.04347742062211963,-0.11479553228256667,-0.037669029125139995,0.22003867462773605,0.640600153788461,0.6730908622335349,0.9051347390934532,0.6660750363405706,0.6981391753841869,0.9156195506092119,0.5872548262700812,0.6208337469416909,0.8840151184516236,
308,1,195.37912927001213,197.77475371389164,0,35.392633724999996,148,19,0.38093780665940413,-0.1586058112109234,0.003624610331280833,-0.024743205037251186,0.13448167822597262,0.6434499677235266,0.6874928700194336,0.9593782407993954,0.6902887456882635,0.732271634491499,0.9689333471762824,0.33245159045187767,0.37296759137183794,0.8388927715722885,
309,1,218.0077551281383,221.0717334528219,0,29.756464415,43,124,0.31120150216737436,-0.11567999167042388,-0.013310121134973341,-0.04234522048369291,0.10321935619208283,0.6140645107683261,0.6508102344624475,0.8919214111573893,0.8563614437184223,0.8801805815205934,0.9705376974759646,0.5576821334930178,0.5948380935316855,0.8674869524725518,
310,1,216.51137065409543,215.00608063596047,1,36.39922521,146,21,0.37464734558868096,-0.1578229192594486,-0.09934245257133,-0.004422886108078808,0.16643455382914055,0.5942155676702918,0.6335583380252617,0.9270557868557932,0.6536324008624426,0.6917437177563611,0.9459655831679411,0.21173461175877473,0.23716059420112526,0.6703266315784765,
311,1,189.62024161798098,197.6480988037806,0,29.716817785,50,117,0.36426388896765505,-0.05116698174840702,-0.12423167974192108,-0.11844896360301137,0.19481610723420756,0.6210214259073238,0.6580639057020671,0.9466275635578889,0.7233975056973692,0.7586134994270387,0.9750297608109725,0.5846807758565781,0.6216046897395661,0.9328971515254637,
312,1,213.28511610294248,210.55491373843648,1,36.09730783,139,28,0.33740206960351116,-0.20209729065901508,-0.14145846903998988,0.0021445388607947624,0.1991232429582539,0.5781538615816788,0.617385045124739,0.9079959505271664,0.6529917891479967,0.6907998042545251,0.9340444293390732,0.2920602755812109,0.3233851118264245,0.7442867863114225,
313,1,204.35755161186378,210.01608461440077,0,29.756464415,44,123,0.36433689852107304,-0.16180655684443598,-0.054104423770372036,-0.05460472203616281,0.2020907740081159,0.6162071616274453,0.6523476572436089,0.9289702752735698,0.7558382830351615,0.7882140716371595,0.9702905550062255,0.5718689852170166,0.6080074500098248,0.9112462822620322,
314,1,208.4681497844621,213.31589659232782,0,31.743230699999998,92,75,0.3235747952250779,-0.08948907498016247,-0.06975019052900992,-0.09698789506452467,0.17238867750756592,0.6314493657315015,0.6659411277444115,0.9377491867271457,0.7203220853300655,0.7529984281549053,0.9655125356397676,0.5383318614556288,0.5723694972453588,0.8965370837709594,
315,1,208.3497812422431,210.86329599919912,0,30.119388745000002,66,101,0.36268971953625245,-0.18973239043113282,-0.04416749886327742,-0.07332563506407085,0.1951936850015216,0.626463402421567,0.6655032067243623,0.9180492132065836,0.7957580067941463,0.8258880377859339,0.9660592094113335,0.5449402982407893,0.585222807240287,0.8871611518918572,
316,1,187.29396462786048,190.4651918451858,0,31.743230699999998,95,72,0.3084159117983085,-0.18725944704121472,-0.1649306927768425,-0.05963829861880317,0.20494173662794032,0.6869388438003596,0.719294540729791,0.9128878959210153,0.8014716558067013,0.8283655282944096,0.9529088975024972,0.5548883414104946,0.5888774401429219,0.853053328779809,
317,1,223.33578367902285,215.6301440334281,1,36.738591400000004,148,19,0.3412248039230491,-0.22119883733907675,-0.12267494431993194,-0.029295985983851344,0.1443416554009181,0.5816709252123394,0.6181363450013476,0.9048750809039998,0.6484848447487362,0.6843518588444342,0.930611334000654,0.17118885085674018,0.18854662514089515,0.5742624766305481,
318,1,200.7741195132588,203.82723134120266,0,36.43617476,144,23,0.3643818503583258,-0.11701534773148116,-0.1252683134438748,-0.09905627361722903,0.2252742036559143,0.5953127741152848,0.6334247764732621,0.9262574902873103,0.6393234625711121,0.6764845172659578,0.9406460768984262,0.3307167527805405,0.36434161088211064,0.789598099627647,
319,1,209.8390364832513,213.3387139642516,0,29.7251492,42,125,0.3390557034530159,-0.15528811614157956,-0.025393615050865466,-0.05482220331739825,0.12165301398016683,0.6025966465349614,0.6420315328125187,0.9337185439079924,0.719363914642914,0.756756276774408,0.967161346513154,0.5543535273802672,0.5934144685849035,0.915490244922375,
320,1,218.07330009405163,218.57813466023146,0,36.999319045,147,20,0.3417600981948303,-0.14858056651008383,-0.07222322243730837,-0.07377101275773336,0.19856563270733266,0.5974714534997152,0.6341429601145492,0.9061540629306516,0.6492841018564984,0.6855044451398522,0.9262148226317305,0.2882937529840313,0.3141810675651321,0.7081415702697542,
321,1,209.55174696687325,211.37113409140943,0,35.689195755,135,32,0.345892796713012,-0.15164354617142783,-0.15323605821790745,0.003018452527478698,0.20496549198069364,0.5883331819840777,0.6259680180446824,0.9101411522744235,0.6539442192679534,0.6913073038590818,0.9345395953634508,0.3752813855302848,0.406038186803944,0.7915212223691261,
322,1,197.87867702737532,201.59511805444674,0,35.689195755,140,27,0.2804167391878809,-0.1399495946137826,-0.07346127842426672,-0.0432037727836676,0.2049399969907598,0.6883531015599743,0.7178842038281823,0.9011871788125922,0.7347002853633786,0.7624255107081653,0.9198554942059533,0.47465626369587344,0.5061310394073213,0.7934382924159096,
323,1,214.40769599139603,214.48618058285234,0,31.41103571,90,77,0.3758727005652398,-0.09456674053260783,-0.10716600442274789,-0.04449811128348916,0.16007854812943442,0.5879037267215798,0.6275479153275415,0.9117507685486695,0.781562588207417,0.8121463718974721,0.9676049489340233,0.44480587321420895,0.48437977762299195,0.8476134588609422,
324,1,182.6441091531714,189.0691307077002,0,29.75646442,52,115,0.35656153382232714,-0.1134696350964425,-0.07562096301884043,-0.05303475429628492,0.19637601282831207,0.6607700756138045,0.6987486572845021,0.9571703943834728,0.7483703412288102,0.7835132858251548,0.9773479269072008,0.6130411593743944,0.6514909064511905,0.9427225171358289,
325,1,201.41859886456996,204.49850132758775,0,29.75646442,47,120,0.367623129002117,-0.14871399569223903,-0.0545810921837049,0.002087542075205463,0.18188905149953258,0.6075335587155875,0.6489735428448512,0.9382124849058397,0.8578856980032014,0.8845967069738487,0.9896610021722477,0.5418533670695822,0.5835559927886798,0.9156758424502055,
326,1,200.28143973606274,205.92042323653283,0,29.75646442,51,116,0.36057826246229313,-0.06684141336637751,-0.11595616689923004,-0.136212960721491,0.11512597656709539,0.6241727711141868,0.66451008126576,0.9335276348944926,0.7534821426606161,0.7900649712346131,0.9694306573438326,0.5781876362706868,0.6185017559358749,0.9164509006888854,
327,1,197.40638632380796,200.64529303033225,0,29.716817785,44,123,0.32239607331164033,-0.146594373975185,-0.05668299829182039,-0.09703947971807392,0.17403105518872633,0.6751887477364942,0.7059879766502961,0.9251454002740214,0.7875825980261225,0.8135672879408699,0.9625856314619624,0.6189081852955336,0.6509004439790053,0.9015912008945018,
328,1,201.9387611753507,199.71450518143064,1,35.689195755,144,23,0.3611400877888975,-0.1720483572272169,-0.17389114715617535,-0.05590648485791108,0.22331279552110875,0.6518071889704943,0.6875427749611591,0.9256869057878883,0.7177120744885335,0.7510215891532882,0.9468925813584365,0.33382465696154456,0.3656182584098067,0.753699863094189,
329,1,222.3062891589097,225.90273126601602,0,35.689195755,146,21,0.26436264941911075,-0.1343082032516389,-0.05701998808604598,-0.06385306826394695,0.2470258002581355,0.6350216520451507,0.6601401602946564,0.8608236735421008,0.6857396156479256,0.7097138529429649,0.8869605314247614,0.40007174576586946,0.42489109596217584,0.7070752339493576,
330,1,198.0889190239773,204.6240875880552,0,29.75646442,48,119,0.3193965269621176,-0.10618613120351672,-0.029509246855171364,-0.055090625600416804,0.15266030023124808,0.6589176626462965,0.6935131593154806,0.9325351326801807,0.70570085522554,0.7387308160628735,0.9475846481386739,0.6120261245707114,0.6475754593768572,0.9154133010394377,
331,1,204.23135534748133,203.18542655419157,1,36.09730783,148,19,0.29901449866056484,-0.14688326165538454,-0.13988358792195302,0.046154981179869096,0.18500776706309377,0.682715734699065,0.7109424669198645,0.9047405563850147,0.7376139051086426,0.763659983382548,0.9267431774608625,0.3394507737220104,0.36695389412029433,0.7005967599618176,
332,1,199.44986130662338,200.344070869698,0,36.09730783,152,15,0.3514086657300656,-0.16599063114743182,-0.13983280405850348,-0.04265696297242359,0.17007280204380715,0.6381627334451451,0.6751720109344568,0.9359024207168483,0.6736945345112479,0.7098923338754769,0.9470438289376102,0.35615263196684943,0.388028186675586,0.7941038594284671,
333,1,213.03264163160185,211.19848774885088,1,31.408654215,89,78,0.3476435743292569,-0.22577589329691788,-0.061358047485673514,-0.02499358174404116,0.253429632035644,0.5917139992765592,0.6264094203334486,0.915006358129986,0.7360803579391619,0.7682009874207314,0.9639372828615045,0.45616286299914094,0.488340792815695,0.8429164237408026,
334,1,201.65789544460873,208.41867626961306,0,29.756464415,53,114,0.2994281385099652,-0.07402471335261303,-0.11570257257444418,-0.024599215685204217,0.1766191579868786,0.6540569716527278,0.686087555818875,0.928053460409663,0.7719502818259036,0.798886245910384,0.9647967208653406,0.6150765130024728,0.6480181625573624,0.9128255522969108,
335,1,205.64795526695218,209.91591931412705,0,30.119388739999998,60,107,0.40072806100997205,-0.05358056412294671,-0.1632890347193146,-0.04065543264788314,0.17726081400471874,0.595098230361045,0.635067314030379,0.9531093078036519,0.6931079185354869,0.7308018095848783,0.9762947140664561,0.5372523105208501,0.5773249830502629,0.9339809929741193,
336,1,192.87034795703815,197.65245399444785,0,29.756464415,56,111,0.3029735561240057,-0.13047730448741784,-0.09886294682918513,-0.0014251594064489145,0.1913105821517553,0.6807111845872443,0.7146743957273889,0.9120236672848334,0.7845054636740455,0.8144519623636235,0.9490183668931632,0.6263019068835318,0.6609827153121365,0.8892990475742196,
337,1,195.39629688895084,202.0387648430612,0,29.716817785,45,122,0.38128413185497717,-0.13827863202019394,-0.09139443918305162,-0.029207928600071473,0.20219276991043175,0.6307221709407282,0.6694910503830487,0.9339962172625147,0.7262012530277044,0.7620865259878205,0.961692554726952,0.5856453924357751,0.6248395479518482,0.9178368219312403,
338,1,200.82617194594263,207.7138222622924,0,29.756464415,36,131,0.38184696493567566,-0.024124603542710912,-0.13001029238015704,-0.10980825111360402,0.13103110597699918,0.5959394472435262,0.638616372067826,0.9372915886012587,0.6680021165669705,0.7100529086129753,0.9595481555589893,0.5555060679915207,0.5981389961153495,0.9230244959868243,
339,1,203.72361465332352,205.56639108089325,0,32.97528242,116,51,0.32095838056043846,-0.16365611379942424,-0.03926191207651189,-0.04460895668459148,0.11911369326035467,0.6472228253630424,0.6850529197410095,0.9420052537873806,0.7303373985398603,0.7651558749426574,0.9644324386220247,0.4813695210003281,0.5192204712030168,0.8755347038716612,
340,1,217.0252125627415,217.06635458117267,0,36.43617476,146,21,0.3707593144228314,-0.1627026771877572,-0.14533305316078624,-0.0921742869373012,0.11730626093391582,0.5499395774365999,0.5869841922054381,0.9216027421746992,0.6004135824316571,0.6373412806790588,0.9397760824925937,0.249391355418436,0.2743821589193846,0.7153221718468016,
341,1,204.75930941170236,208.3879402807999,0,29.756464415,44,123,0.4252964801983159,-0.17284649486013998,-0.09201924785235885,-0.05874949972306008,0.17885404670400382,0.6014438261020815,0.6437428362055279,0.9323104454877791,0.7091656961990527,0.7478278381045008,0.961264274888865,0.5449117784258157,0.5877554112104572,0.9132093712734277,
342,1,217.37863076688694,217.954482325983,0,36.39922521,153,14,0.34949315053571334,-0.15376314439609468,-0.13988369678095466,0.0041033261618845015,0.29693072070982857,0.6032139578228414,0.6361868789852508,0.9081415779796441,0.6414474488717599,0.6737411548134643,0.9237866377402486,0.2577846316035947,0.2829470287616646,0.6636213240436876,
343,1,200.86400194766512,198.07333793416018,1,36.43617476,150,17,0.2853332409071419,-0.16191694769519002,-0.07994388701102487,-0.12695025030978482,0.24069922654931278,0.6612383867595139,0.6901010088751375,0.9148537544176931,0.7145453145145114,0.7422475176074519,0.9367126956608297,0.2706191637994997,0.29040987876456303,0.6236393813852282,
344,1,217.83220336355757,222.35631865420123,0,31.71929008,105,62,0.3572715614146456,-0.09312389679328614,-0.10775702972537315,-0.029224871518122433,0.13739275247375926,0.5791679738863729,0.6155307669482399,0.918552065236462,0.6330788849433198,0.6690743851019352,0.9392412365139576,0.4423236266080582,0.47664603073191025,0.8477257798351965,
345,1,212.73328116513784,215.12831204993722,0,35.689195755,147,20,0.39390678577512706,-0.1299103308263567,-0.05230266553603599,0.002996943719714332,0.1254348092554398,0.6095620358078244,0.6517036460282538,0.9357704493788366,0.6537515885355926,0.6951305146046532,0.9486572701016258,0.36797333513485875,0.40426708806862627,0.8250907351109964,
346,1,201.2376161063883,204.94194701716577,0,29.756464415,63,104,0.36651776676127396,-0.08059368441793374,-0.06100079306176262,0.0024111766827353354,0.13739784558754864,0.6238566275851148,0.6626510482403307,0.947015050746812,0.7932872168974275,0.8248796522636064,0.9841123163121263,0.5470247874111016,0.5860803349214124,0.9203606924504251,
347,1,196.32619439395734,201.84319366592888,0,36.43617476,154,13,0.3623981439573528,-0.14453085952067968,-0.059715818285889594,-0.07231845837386323,0.2527801944373682,0.6293799996644507,0.6676283578698622,0.9203844257675696,0.6519368119356989,0.6899316107387911,0.9286275842629768,0.3425907322984863,0.37337385801795153,0.7573162628428817,
348,1,200.70540966970108,206.9344458761097,0,28.75572777,22,145,0.39519463584183545,-0.11888620370011736,-0.11127408204510927,-0.07800937204043669,0.15824346720683974,0.6238465648982628,0.6604644839056483,0.9372852086125223,0.8374629495091166,0.8629746601912295,0.9867351927352278,0.5957316877678299,0.6327611729936959,0.927449383814719,
349,1,202.04992963964702,205.5927452745603,0,36.738591400000004,153,14,0.31003165588623877,-0.14970108733618168,-0.07593494955558519,-0.07982865958376036,0.23055930131191554,0.6636224830900218,0.6942524691798001,0.9198333146265226,0.6990659115792989,0.7283449412797849,0.9327565918704968,0.4070393826492042,0.43938159752028255,0.7870036429593246,
350,1,208.27615692558413,215.63755503872977,0,35.689195755,147,20,0.3363977274116794,-0.08666299292822449,-0.08984963380183358,-0.0024919251817301013,0.23557070758065152,0.6244607049467573,0.6593558200551223,0.9052932203086599,0.647992888834494,0.6825380993547789,0.9148430508545591,0.4753459889746455,0.5092705553402778,0.8295627692601693,
351,1,205.6856601262386,208.6606146003876,0,29.75646442,43,124,0.3696164812853678,-0.07171194677737171,-0.06626321032127656,-0.08179680423795178,0.13984318498508386,0.6099858869097908,0.6514966134216147,0.9178086249160325,0.7874033507218775,0.8206512508287727,0.9669440566548119,0.5485277395936272,0.5905182559286124,0.895166387966243,
352,1,190.20113025307506,194.48826706128943,0,36.43617476,149,18,0.353449950864324,-0.15331487655407222,-0.04931016730591151,0.015312478220057725,0.20344816135595303,0.6437739434162818,0.6845877466370838,0.9446251037787329,0.6795132132793938,0.7195490194892487,0.9545701956790597,0.4144126877458762,0.45122939989027305,0.8468787850603525,
353,1,193.35896723331268,199.15116144634237,0,36.624364005000004,150,17,0.36847681606763333,-0.08676413198154041,-0.05940752296439012,-0.09312422401243117,0.09807590245725935,0.658244097650095,0.6994504737704136,0.9491842242920605,0.6927388941951572,0.7324107633813328,0.9575808487806455,0.3712070917081207,0.411466076954978,0.8360737673509934,
354,1,204.40074735506386,210.2871001047697,0,35.614437525,146,21,0.360186813284701,-0.06290108064793495,-0.08175604788478766,-0.0517076689058349,0.16126975719389705,0.5834622536663253,0.6250548041903077,0.9287780942827367,0.6225660613269615,0.6634319093363271,0.9407671904658514,0.3942626615502532,0.433577701359856,0.8478892658697232,
355,1,208.65361550703054,206.79611188495488,1,36.43617476,147,20,0.3280387024049487,-0.1378089797434624,-0.11296509923945484,-0.057075040363461935,0.15084565210779888,0.6339269045949478,0.6691929602929687,0.9103431271059957,0.6967484295923646,0.7291055901485067,0.9315628999786135,0.24354076472707692,0.27524103561286484,0.6852023133358175,
356,1,195.13345770889106,200.51241721787432,0,29.756464415,47,120,0.3472452297312436,-0.13392516849159747,-0.02932165148171025,0.024919175134900728,0.12169742856338626,0.657192309169393,0.6982061962491762,0.9416895042465324,0.7683732439855457,0.8035602477156959,0.9686340965000143,0.601736559955642,0.6440713895084399,0.924874814092059,
357,1,206.78327069815597,207.9157850541801,0,36.999319045,160,7,0.3245112187152834,-0.19002222939424562,-0.07309051837397301,-0.03937288859167621,0.21168343125078234,0.6309797568755053,0.6667037217835182,0.9326126398600811,0.6583217838630105,0.6935089909272472,0.9417781025903231,0.1814723003340118,0.20058941205246247,0.5981651695851792,
358,1,205.17301834357033,208.12138631061578,0,31.430195355000002,87,80,0.32571348075300177,-0.15651537965849088,-0.1394721377181448,-0.043514203694860316,0.21753010714477145,0.6226209834975153,0.6590933163402529,0.9122719331947502,0.7209039321474934,0.755653817894903,0.9479075840542422,0.5253794588603454,0.5607787904624544,0.8653263175833432,
359,1,213.01016890473085,218.6820960228805,0,29.756464415,50,117,0.351043484581836,-0.05635731232680156,-0.039266202239009396,-0.04795910696232217,0.16938242116889035,0.6036612715416798,0.6424409605072067,0.9114694970020757,0.6657600267038795,0.7034970231353322,0.9338886616733629,0.5524778523662752,0.5914938209015677,0.8906051655483594,
360,1,212.71530359424773,207.00616719619785,1,31.2588868,90,77,0.2820879031685342,-0.18904027049182573,-0.07937257723057574,-0.06250513674034507,0.18920138772515868,0.6206649076275812,0.6529020823493884,0.876564535037574,0.7958759695908387,0.8225491860953867,0.9470354272798719,0.43908960565248,0.4689219243175847,0.7734363554138723,
361,1,200.80881483224763,205.62821974931603,0,36.43617476,146,21,0.41475021889193076,-0.14665725275599403,-0.04979679768062739,-0.06673105528670614,0.19251560308809296,0.5674148140545593,0.6140250966972198,0.9509999055175908,0.6130309167991276,0.6594357662053626,0.962032630129545,0.33477984450235065,0.3727007659236919,0.8535053838392318,
362,1,189.8371173953615,194.8688786868355,0,36.39922521,154,13,0.31929007068253573,-0.0768147660628016,-0.08367090813335279,-0.07869800476742095,0.18250048356446802,0.6976799113483415,0.7282468308834024,0.9297006378020508,0.7272979403240167,0.7565642056245464,0.9398285118336024,0.5046554986030911,0.5386231181494071,0.8442326041953443,
363,1,206.1546925207837,204.57728363185782,1,36.624364005000004,148,19,0.39355882060746045,-0.20168259432708563,-0.06742487332095268,0.044274666190854066,0.07542374250306018,0.6285704525372373,0.6708182607689023,0.9446518804381261,0.6895709670928235,0.7293959555498125,0.9597771814310366,0.30984494893599895,0.34712060035641257,0.7998078726054944,
364,1,214.33316367710148,220.09749394504888,0,31.269159645000002,91,76,0.3093642938771343,-0.08920803461730185,-0.11730340915884298,-0.10864823261445251,0.15980504897925862,0.6177384527238331,0.6528230524904405,0.8865467806699908,0.7071904640873946,0.7399934110639953,0.9221291652275769,0.5112807092434623,0.5465047788244491,0.8355238736506121,
365,1,201.17987639889682,202.00901860377934,0,36.624364005000004,148,19,0.3198915516455904,-0.22295457884279132,-0.16185297901086226,-0.06574766972724966,0.17198615231384812,0.6518599234163298,0.683146502262727,0.9168657219266926,0.6995202730871389,0.7291571745252016,0.9344803422287684,0.37954289882308023,0.4106368803628994,0.7664459448068517,
366,1,213.62111962414207,211.20414477938266,1,36.43617476,146,21,0.37097005487086515,-0.1812835181086074,-0.13721348725884466,0.06855816953457795,0.13887391849261085,0.5769012105526908,0.6173674086583172,0.9179673453844809,0.6379842359293241,0.6780901171029486,0.9388108101470609,0.2118004063029494,0.23430073292587894,0.669346466091541,
367,1,229.29676574145438,233.8101330570242,0,28.813373329999997,16,151,0.3866401899481593,-0.14743207331618766,-0.022899197113852892,-0.10516105378507501,0.18633038927504122,0.5373387405094404,0.5739382947913928,0.9003017146353351,0.778029412896629,0.8086384682466405,0.9762006232665361,0.507964224149161,0.5442174972837504,0.88624222057944,
368,1,202.61238858358354,204.1561395577021,0,29.756464415,47,120,0.3191631745731719,-0.2237550864010635,-0.1283454078594512,-0.12155382709927696,0.22220871560120567,0.6382195310177465,0.669823540693015,0.9245198490612794,0.7929478389168474,0.8191827113030573,0.9735327982063842,0.5702409639501386,0.602177176244249,0.8933158323219926,
369,1,216.82864164029306,217.41944529542104,0,36.43617476,150,17,0.3362850635247863,-0.19705129736221644,-0.05249746762741226,-0.07195686210228563,0.09346412673207685,0.6116398216712455,0.6486337407017166,0.8958469344282384,0.6623434264217213,0.6978956478682835,0.9148222638862364,0.3015565145862496,0.33346475687435495,0.7228997099668636,
370,1,192.89051009088388,197.42961131167937,0,31.247618505,82,85,0.344896474609064,-0.13278374740692508,-0.07899711869664579,0.0407812416641225,0.18524089271303712,0.6932832019881323,0.7259053584063769,0.9262056520849947,0.7842611165661547,0.8118575113498586,0.9547250631620741,0.5877195367613629,0.6233483142123525,0.8854412253897649,
371,1,201.07531394885254,206.83904757156137,0,29.756464415,58,109,0.3570272216097777,-0.05294959753379267,-0.161929493256323,-0.02617342032604951,0.26803718657445247,0.613725515108515,0.6536891537165683,0.9288231170721699,0.6976225704718807,0.7352417737741085,0.9532469699375036,0.5565652153512861,0.5968569291502798,0.9083808897522604,
372,1,207.04438900954267,209.9148104131546,0,29.756464415,51,116,0.3220718933922413,-0.14080666864466798,-0.13901287761930892,-0.14692748446725168,0.17574270073122772,0.6052454573242233,0.6389644113798068,0.9052687254062106,0.7852450130799378,0.8152905583578715,0.9694891769809633,0.5534799381503765,0.5864742439769352,0.8782328921701847,
373,1,210.70580942989784,211.50656127010456,0,30.11780753,50,117,0.3623277685352161,-0.20892582516386052,-0.06740735721556637,-0.09320566111336485,0.12130957785750136,0.5886117364747678,0.6282069081265093,0.9132639598508342,0.7534029804639139,0.7873679798716369,0.9631957298700603,0.5178460355244895,0.5574245766627487,0.8838112126720866,
374,1,191.43962834162662,197.60938755953117,0,35.475127404999995,141,26,0.3687725563108147,-0.08572809794258217,-0.1775883059996651,-0.10613915339834541,0.2815042912287342,0.6426698373935679,0.6790208794410817,0.9267657857311463,0.6826338687077739,0.7177873870994651,0.9397313655467465,0.48126501605690664,0.5182516774721981,0.860184002248061,
375,1,214.42009872818306,217.17279059754475,0,29.720750905,42,125,0.3334831811921182,-0.15685920921658292,-0.07626971394626189,-0.04719859892714082,0.18813997780296277,0.5996285380669774,0.6353032230676431,0.8998289335674754,0.8468353653277095,0.8692121856465168,0.9757201179320324,0.5390442444164338,0.5754379449164015,0.8728924451323412,
376,1,210.68121147871355,217.9434843683993,0,32.99156095,122,45,0.32580242705809104,-0.09338980838080034,-0.037869830464242485,-0.0515546538157981,0.15152637761598253,0.6210792077601014,0.6564004216386579,0.9272875000373118,0.6671656391318558,0.7010854788559124,0.9427539495634412,0.4955573128145695,0.5320638572486059,0.872793581671731,
377,1,210.99424407947473,211.4170835320994,0,31.996085665000003,103,64,0.31879921524870347,-0.17165679982425844,-0.12439425517349835,-0.021350809073184516,0.23983918405768054,0.6132589598966862,0.6472015528237609,0.898899053100625,0.7193464111660693,0.7514320862405873,0.9407395563212066,0.46153061622040514,0.49314174465437677,0.8149937678688384,
378,1,190.01303232969522,192.90267114425046,0,36.783008655,148,19,0.3574414140425777,-0.19009061915350747,-0.10540582748168502,-0.07838069845409794,0.1781638053821752,0.6557626717031514,0.6921381043742414,0.946571403432188,0.700528075356347,0.7353085788140262,0.958805131841563,0.3950553406048857,0.430173142304255,0.8298647532330878,
379,1,196.8639391290403,195.16761645751336,1,35.689195755,144,23,0.3714847102933839,-0.15494530181441812,-0.031124918303167357,-0.0921761477934832,0.12593749222154602,0.6370237359660472,0.6763647100191225,0.9422128028872893,0.7029415421717613,0.7401994376755243,0.9600534183337577,0.3093234492160516,0.34110466205971185,0.7729037451002875,
380,1,217.76137864433852,223.9357334967969,0,31.41103571,93,74,0.32373746660020575,-0.12007310143504396,-0.021782279870238903,-0.030870187108754825,0.18313618706196613,0.6363039098030588,0.6685970695933309,0.9146829488510583,0.697631996681356,0.7279075048326797,0.9374899811734682,0.5607450046685564,0.5943155344869185,0.8809578406956167,
381,1,213.74975295405434,218.19477797759947,0,29.756464415,43,124,0.33083474040510147,-0.15366525196468003,-0.11190829145965134,-0.010870543930689527,0.20059409226261732,0.6269827802264706,0.6639927188157289,0.9026130814953525,0.7342296976186504,0.7677775003658098,0.9403958987488655,0.574399493091377,0.6119635965794891,0.8808063026133938,
382,1,221.71605720348097,225.4835485971397,0,35.64644873,146,21,0.32229891725055987,-0.09881780143367175,-0.07166455864455079,0.023742312631598275,0.1258525131217968,0.610871631857965,0.6480461737454357,0.9012470177661647,0.6535711804193358,0.68991541848027,0.9174606717779454,0.43385021053726613,0.4694678647812861,0.8148807376679903,
383,1,198.39605081503166,204.53279071477482,0,30.456294565,70,97,0.3642949052284503,-0.10315131374648291,-0.0956085692257184,0.028758190743692614,0.23034207993451025,0.6382372510720415,0.6778323701872696,0.9409084300321514,0.6890594842910245,0.7274855030363421,0.955744880611358,0.5759162941082285,0.6159909350001602,0.9194278346165479,
384,1,209.20547739659807,211.87901520426874,0,36.43617476,156,11,0.3641291818809933,-0.13973316292053176,-0.073614494708902,0.06681921492473361,0.1796434272871012,0.629932685653584,0.6680750147704111,0.9187734215963321,0.6585850087038944,0.6960545479861275,0.9286775087316437,0.30576771157732385,0.3369735247732268,0.7437104991524005,
385,1,204.46747765726457,204.83304382092757,0,31.50176005,87,80,0.32093284600195815,-0.2227111616176663,-0.15734344189457428,-0.04961816483233909,0.20142681674123766,0.6163894509623792,0.653208005947642,0.8967797899985644,0.7569324159080832,0.7884630949723268,0.946125520274731,0.4821016355870128,0.5188482584797781,0.8322072612651311,
386,1,204.17673546269546,204.67239515081457,0,36.738591400000004,153,14,0.33829036370928867,-0.1338464998324093,-0.10430019643699606,-0.08974415975065762,0.2327991920839579,0.6058185473473305,0.6426547083330727,0.9294185762961353,0.6470798985219056,0.6833843448509263,0.9435543052991469,0.2959020135639404,0.32351122660766546,0.7356814369214327,
387,1,213.00748182968155,206.5123157608029,1,35.689195755,148,19,0.31343894208662665,-0.1722785359123036,-0.1375250674358784,0.024681846352310906,0.2249690938651768,0.6312456215177173,0.6640511116710289,0.8833691153766444,0.7036751926180026,0.7338188111671468,0.9123123872615088,0.13567809497449085,0.15426129007687384,0.51237120288829,
388,1,197.91250808948402,199.57506422761173,0,36.09730783,150,17,0.3342523584284846,-0.13869079745611101,-0.0812977284664934,-0.016222143617434154,0.17375139861513866,0.6372757306954991,0.6745158907461052,0.9427154127721693,0.6799713452611612,0.7163795334135491,0.9555037307505656,0.3120093320155291,0.3402259948135967,0.7561312829788414,
389,1,183.89814748384626,188.0098721815167,0,29.756464415,48,119,0.3993279170012565,-0.12145947934272763,-0.10048682627034841,-0.03723176026442507,0.10663790332152288,0.6458951843659612,0.6904224873420725,0.9585357695366596,0.7457638810059697,0.7856882845678864,0.9778052765643496,0.5822999625915277,0.6278827548168503,0.942239756512046,
390,1,208.67859865390426,209.9125293643861,0,35.614437525,138,29,0.30654199398313625,-0.16593238694144682,-0.1269811352941491,-0.056445986703846825,0.08986391372632307,0.6320796214681216,0.6678614609409167,0.9243271652512339,0.6905630626984844,0.7248404065687323,0.9439593724686666,0.3577062965005402,0.38884637990706233,0.7749611377929169,
391,1,203.14999641247036,209.51957029947192,0,35.02655091,146,21,0.3401663426446162,-0.05161601556556636,-0.13568124364142717,0.017284766691176293,0.1297467232370647,0.6535381823302492,0.6893487026969238,0.9295971830327963,0.6924540493838025,0.7268581954517493,0.9420322068757936,0.5210296893008386,0.5585962018686486,0.8765763136821183,
392,1,205.07921666448527,211.5014269317104,0,29.09480216,27,140,0.33770997876627495,-0.1271632950342894,-0.058766512505505686,-0.03834654829356288,0.18304919586680957,0.6248819942836875,0.6625338946134444,0.9312654059225933,0.7359305367331566,0.7683517534654533,0.9617920302005181,0.5924861002169702,0.6310275454042157,0.9204274342383262,
393,1,202.44694152282574,205.19573372621232,0,32.93975158,109,58,0.3360237419700118,-0.07554862317285697,-0.12228764457035307,-0.0345989129000509,0.23728094222370794,0.6418273812962942,0.6770353697865983,0.9299073188091439,0.7008649101403701,0.734607436624705,0.9496955408375973,0.4911869722300247,0.5261227247772193,0.8611584746338264,
394,1,203.16758887564396,208.4641760293349,0,31.247618505,87,80,0.37996145941026116,-0.11347386181317382,-0.13229119928164298,-0.07547246793083029,0.17731642378402176,0.6233739939221502,0.6614930267493023,0.926234872251981,0.7101296448047284,0.7460977660701579,0.9540419966757373,0.5282981270255366,0.5662856599771565,0.8861359990119688,
395,1,209.0587062579699,211.9379653366977,0,36.43617476,152,15,0.2726917635714662,-0.15219268084850007,-0.009308581563893546,-0.09880421749060259,0.19495804842236572,0.6805959965398619,0.708271392837589,0.8946913167738345,0.7246842923704719,0.7503783271844009,0.9127553620959091,0.3777953075469622,0.4087182085236914,0.7286630968997512,
396,1,223.2374757905637,225.60155562519674,0,29.75646442,38,129,0.378559276029862,-0.16796479927764685,-0.0864328795732677,0.004600056265405834,0.27281493850613203,0.5454257586620118,0.5853314949763249,0.8950749012554016,0.7077016970609354,0.7429743237642785,0.9495979094797409,0.4848415572170625,0.5247149710736111,0.8683540919884135,
397,1,211.30770638136505,217.79343686782204,0,31.239727155,84,83,0.3552808841832227,-0.1012713877639715,-0.1285101119785776,-0.007990152672608487,0.212306064481268,0.6238369705516311,0.6631799449872564,0.9152725546543149,0.6914924509319187,0.7290104178250699,0.9379294200777591,0.5398212305489625,0.5796334145672025,0.881518789290591,
398,1,211.6500723867977,214.95319740512707,0,36.43617476,152,15,0.2677692823438723,-0.15506121052759722,-0.036622886077453704,0.01403262775135832,0.25984371225689534,0.682377539003771,0.7089841278698029,0.8811532803879734,0.7057314962111814,0.731684715414317,0.8921615817607446,0.41474096161413987,0.44182276740490595,0.7222638879826291,
399,1,201.01403598193698,207.72546846305352,0,35.689195755,146,21,0.36485085873888073,-0.1056836365367273,-0.14294775750697172,-0.06319194534568459,0.16441676912542644,0.6487642162397607,0.6833111487660389,0.9320709588005884,0.678929121502608,0.7125539551549326,0.9419529646002872,0.46613021040141045,0.5013803640881684,0.851103281450229,
400,1,189.74762214976687,198.40082216935218,0,29.75646442,47,120,0.38227658726159625,-0.03985863939999885,-0.08583931008182626,-0.09176746848744194,0.205383185458146,0.6445540742337392,0.6849543934834128,0.9537471483446206,0.6350862803448601,0.6762774201172421,0.9529985743692965,0.6042823558287708,0.6453394314027641,0.9418050945652656,
