重复序号,截距,孕周一次项,孕周二次项,妇间BMI效应,个体内BMI效应,年龄效应,生产次数效应,曲线最低点孕周
1,-2.868306020957191,0.05060422845717151,0.00495551428416592,-0.038849264688417845,-0.0006163920044779925,-0.01619258304649578,0.2053717110701625,12.894149672934613
2,-2.8953571118772397,0.0463254223944353,0.00528110619841105,-0.045799418704440806,-0.023753985408011494,-0.026404680370458535,0.2403165814827586,13.614041769471193
3,-2.9220278948911105,0.03831465973751093,0.005630271670397448,-0.029793165781742858,-0.01280576582523382,-0.014845872884963649,0.19032782635924797,14.597441297641126
4,-2.9466861623103617,0.04733917120929682,0.004111850252728291,-0.014664336464516377,0.0036487028799253728,-0.029960208590703134,0.28425970256699223,12.243568187109151
5,-2.952083518459986,0.04447062210056034,0.004863894184035673,-0.03329203760449569,-0.02275464314588574,-0.03316580245241096,0.2965228848235991,13.428496137259492
6,-2.911830819680928,0.04522312685710317,0.003923756123110327,-0.02669996156636558,-0.04377941172580976,-0.008138253697136428,0.24063030684622128,12.23726584448689
7,-2.928782031699569,0.04925205751722165,0.005502345318580712,-0.029742574949084038,-0.007066588829027954,-0.030796812999728397,0.20858555516188168,13.52444869727607
8,-2.9048358161735117,0.03962547898317845,0.004631753597067793,-0.03849741832027985,0.029903054189535008,-0.026203999623612487,0.19091752701921824,13.72241072924691
9,-2.8496466189118266,0.05384295383616905,0.004711629477914924,-0.04423558261300648,-0.023877999443085822,-0.009639391537544065,0.15466114450469978,12.286164257126963
10,-2.881138895546604,0.04920154088871532,0.004784482507650879,-0.032564420049354274,-0.010922702895619639,-0.013928515234757443,0.2104735878884613,12.858217078854715
11,-2.8424766666597723,0.062456374165159145,0.005060171806169027,-0.027553948554608767,-0.09268996181040286,-0.014490226092929522,0.12469885188788223,11.82863106653647
12,-2.8020601741912126,0.0550792227308276,0.0038569900031112454,-0.049137373532761396,-0.04338822419930704,-0.003433496677168312,0.166907718427405,10.859817800098279
13,-2.9379653999747193,0.03937865215489661,0.004461674591373157,-0.0333500061972779,-0.03980601266474969,-0.015028117558353564,0.18615670984138463,13.587009838073246
14,-2.932287633833508,0.04592940018035761,0.006028944116309235,-0.03635184360833023,-0.009775530885193656,-0.016015045750338103,0.1958702964670802,14.19092503643288
15,-2.8855206955707975,0.046402925329110355,0.005701910073273952,-0.032039098720962715,-0.006930112085340792,-0.022829620998565524,0.09325653025059187,13.930931500778083
16,-2.8969566316375013,0.046057455300667356,0.0060336302994813025,-0.042109811742836054,-0.02446090959824061,-0.006038420541733785,0.08554796081207872,14.183271677697356
17,-2.9705590603673087,0.048491707873132096,0.006235650992633079,-0.03719659645494574,-0.01322557124581419,-0.004448155282931297,0.24865652871932478,14.111736534772298
18,-2.8927870656520085,0.047046627532838836,0.004971654758698826,-0.029869391881244316,0.018378013640571646,-0.0035554800134222943,0.15388551464116765,13.268514225517963
19,-2.8841707416090996,0.04904095471505829,0.0056775735831530935,-0.044311518287907636,-0.02969258748619834,-0.005184705124149286,0.14335310305313334,13.681169605570929
20,-2.8519793710526775,0.043559272691047465,0.003968642343550262,-0.047777728809554706,-0.007544311419529085,-0.02793687187671786,0.1647789646733195,12.51206874791339
21,-2.859939680503796,0.051280928919314475,0.005560943939677889,-0.041776321912609264,-0.041465946808473375,-0.004762888594214053,0.18855669269326433,13.38918846552112
22,-2.891316078025231,0.04245467804341842,0.005063130768828374,-0.043213173177763034,0.0174167120479152,-0.020900116342449263,0.23589697309079474,13.80746775248286
23,-2.7876015896660955,0.041137746685512906,0.004380528030894985,-0.04783329592903481,0.0005790812942667281,-0.008018090465092064,0.1215400689463947,13.304476264576252
24,-2.8640514341983585,0.05001663244223157,0.003992317553038558,-0.03890338554786787,-0.005616840943313752,-0.01741638604170681,0.1768554542547017,11.73589002155354
25,-2.8079599310910335,0.04089180322629919,0.004027660505262481,-0.03086915927322025,0.012760676008152061,-0.0068606616121612484,0.1993700736277557,12.923628347911825
27,-2.9507842790655707,0.04287325348128293,0.0061065213752418196,-0.022771017182889496,0.0018124022744084754,-0.026915431908142187,0.19713357936193138,14.489551837556196
28,-2.917279567261856,0.04694405323724842,0.005472062711691476,-0.042118782147670175,-0.0030273742772004416,-0.014619693941483967,0.20002849224430444,13.71057061015137
29,-2.8678231831211667,0.04854636796105687,0.004617267466109741,-0.041501128662196206,-0.03158088033415402,-0.0185538692048621,0.17294612414544344,12.742954754366936
30,-2.8902830823906256,0.047811622644633726,0.005920064653583897,-0.022892219943004468,-0.06603816735780746,-0.022326458641066575,0.14575832363508806,13.961900296503565
31,-2.896954674928028,0.049727610455718274,0.005768705462708048,-0.039720813223943593,-0.018777796375623077,-0.024356471173420085,0.17399773359539722,13.689881310704477
32,-2.8423782194764975,0.05060708189723361,0.004479923832364253,-0.027314276303963644,0.02290635936313898,-0.004128468188386643,0.06865301476621698,12.351792151952054
33,-2.979641779731079,0.043552054483652736,0.004190854971586822,-0.04016279364840848,0.0006507599006330639,-0.020554448710114692,0.21524782852216665,12.803917723361085
34,-2.834707910399917,0.045296497911653924,0.004599480677937376,-0.02683538807192292,-0.024835881469564922,-0.020240818459685107,0.1036366017115405,13.075911707931446
35,-2.9365917805211974,0.05446937222014519,0.0058393718468104745,-0.027401082675463692,-0.10377234199216061,-0.014558394942261051,0.13923986456926507,13.336024691603008
36,-2.811444581423566,0.04763045215916008,0.003840864501397061,-0.04601385870100583,-0.007929593724063268,-0.03246506331655302,0.10360391710474773,11.799514127374819
37,-2.906805303681731,0.041663886814315716,0.004752746217374012,-0.028124914083366287,0.020962425327973943,-0.02189974962995527,0.23897543447170547,13.616861819592815
38,-2.986472804430409,0.04105885654234226,0.0066521652593535515,-0.03122667317191179,-0.007184066493333113,-0.035855750496395715,0.2168267777534951,14.913872781151237
39,-2.957888170195991,0.04575253256800763,0.006814100175045124,-0.03432443344865505,-0.009123095246645377,-0.007332883056339947,0.2470859454557874,14.642804523511085
40,-2.8664175034587824,0.04713114672436856,0.005291446280805322,-0.042737553970166535,-0.0338123588671721,-0.0170190635713177,0.24785484818392273,13.546477822581663
41,-2.9506694925740566,0.0477328769924363,0.004679386007054186,-0.024891523602974034,0.021428927325333292,-0.0049509897241954695,0.24640701239156915,12.899664515763513
42,-2.955002894959248,0.04619509427880144,0.005831691061416922,-0.019180308697907208,-0.032696211345676,-0.015150451322539499,0.23276754146175008,14.039305426822676
43,-2.9692526249890308,0.047992603044677305,0.00528975716746589,-0.03672155428814866,-0.003150748888674715,-0.016195118978541017,0.2947440719972502,13.463628903435218
44,-2.845550184690452,0.048636931112146085,0.004748732813003439,-0.018486187692024397,0.003918521078209553,-0.002072078186320828,0.17746658074496757,12.878956868349832
45,-2.8577129729683732,0.04548106486358845,0.004361620444504485,-0.04207949938362631,-0.016527161780112,-0.011620124792551579,0.1143912123696369,12.786219314326942
46,-2.899905753353166,0.04684278348646961,0.004415644765693403,-0.03454041543928275,-0.004422658576449421,-0.024295681714474465,0.20151432026648539,12.69581612968432
47,-2.9328330331417027,0.03980036831790131,0.004881278980732836,-0.03742148125478205,-0.005945620693981637,-0.027244253531887353,0.2117341350032355,13.923161893122732
48,-2.9027260171554747,0.047766299563264746,0.005136761562441928,-0.028209263093879253,-0.0065643805040689965,-0.023330747736362057,0.19655800091527476,13.350543432606061
49,-2.8862482370919933,0.04702745780670626,0.006829169870837784,-0.03449731757589382,-0.0367915083851587,-0.025908373596881286,0.12562762398934157,14.556868646105514
50,-2.8729794052327113,0.045858796239995,0.004786284182824606,-0.017290019825752387,0.0003123001585738629,-0.014121341115209083,0.15371699231495461,13.20935296690515
51,-2.884159710706292,0.042723134972176904,0.003409719945260933,-0.032288085498106404,0.0012087370805611815,-0.01719384912063391,0.26338690130828124,11.73509618707007
52,-2.8964691308967048,0.0486207307613758,0.005840125560776056,-0.02839445333009095,-0.01869567869336124,-0.021073179388882354,0.09785166738104481,13.837355699342627
53,-2.874986550390555,0.04856048760670576,0.0041429967003584174,-0.029122716191352833,-0.02345042768249855,-0.005496939573131713,0.17514029682381319,12.139448915985774
54,-2.938198834175625,0.04729666104995891,0.005259870231912555,-0.02478424558959122,-0.06310420924741082,-0.007977940740342252,0.22333733650902526,13.504008752630266
55,-2.8977354300014366,0.04085611864098381,0.005208510818877912,-0.05521011861634357,0.007458014913206258,-0.015251694142466264,0.16621062915780394,14.077946263171476
56,-2.976386929311607,0.04684238044754709,0.005921517004281488,-0.016556684974112182,-0.020961231744646428,-0.014205258286389534,0.2539928297639412,14.044731408043056
57,-2.873690241723014,0.04904695248176607,0.005162978174674673,-0.03203876684140824,-0.0061987307552328055,-0.016378275595673435,0.11243470039328407,13.25012978726599
58,-2.8471358671799014,0.04201449026580865,0.0060330438749680425,-0.03658685128286258,-0.016573876010210896,-0.018060400690284098,0.11839040348103234,14.517969110076196
59,-2.888793993524749,0.05412004069656043,0.006229636969921932,-0.038125624486090096,-0.014345704068515533,-0.026051169336922503,0.210242388783821,13.656244420191419
60,-2.824162162781837,0.05003301831592821,0.004951022499429442,-0.05328645886127083,-0.0934574590296024,-0.01790793158978085,0.13491938478625243,12.947203499712025
61,-2.8939425515343937,0.0425830368951409,0.005496991701160516,-0.023959261979259416,-0.005239264127914647,-0.017942479397508603,0.14565137196599845,14.126696272240066
62,-2.9438155019907484,0.046559050187634614,0.006061924368291494,-0.015626354101709927,-0.01770485129504568,-0.014078812591954556,0.2086315361160425,14.159713701545495
63,-2.9479127456259246,0.03697385908576558,0.005608871686721589,-0.044774449933923106,0.006232316926830952,-0.02715360103658437,0.22062852741614217,14.7039842279422
64,-2.8925778920919596,0.04700316236560166,0.005108267158466271,-0.029064655758580513,-0.023370186377066404,-0.022615719349230654,0.1670647902468479,13.399304606876306
65,-2.890674636165443,0.04606339414590559,0.004664157064192759,-0.04111792551294629,0.007684162787610034,-0.025706360548163353,0.20239293609110337,13.061980813259993
66,-2.8937257129274045,0.04628013124397242,0.0052088168866150295,-0.029715693021881606,-0.05525013038096247,-0.01070519474188958,0.18853781609447984,13.557519850342853
67,-2.887581037825552,0.049833172697271305,0.00488567192300981,-0.03661786396162819,-0.03479698197854363,-0.007912347075985588,0.09949090488258147,12.900069685136405
68,-2.8759619218465504,0.048085171396026485,0.005312673098141826,-0.030745428722506376,-0.0179940860693391,-0.027723079827581612,0.12959488066497787,13.474484265477873
69,-2.887212140761502,0.04669536336982115,0.0048604595115094166,-0.034130877418469846,-0.02282049591455377,-0.004247100118134177,0.10515796851163636,13.196404449080587
70,-2.8633865047760847,0.04207782561564255,0.00454229703572411,-0.022555780820386086,-0.009837872917198018,-0.03074494054893059,0.2500753106172062,13.368221707573257
71,-2.8843031924380864,0.05000819241698994,0.004117462439570655,-0.03819931177427217,-0.06862761159218615,-0.02241510959746786,0.19841776009061407,11.927304359064838
72,-2.898270266819894,0.0476477589307891,0.0051013467848331035,-0.023675307359683644,-0.0026977271609464892,-0.02446607728903979,0.17051019589234873,13.329884348143963
73,-2.912049292509221,0.04459479008847118,0.005613910508868801,-0.042158752714345195,-0.02108193234213929,-0.018930571821094186,0.23843744791237007,14.028188370831636
74,-2.8858030272180164,0.037884514910690656,0.004144231930270688,-0.03512893183347104,-0.006077246274233543,-0.008503742893560439,0.1887546623766296,13.429247741424529
75,-2.9481380820929783,0.047080385326936626,0.005432794227573544,-0.011550318038147097,0.0034416417062808923,-0.025740523529664872,0.1380127798556189,13.667019276380342
76,-2.805926914792614,0.05257468844883071,0.004067618408829389,-0.02007808390189719,-0.014772622594945719,-0.026476121934449065,0.18146488893827345,11.537411432853522
77,-2.873164146502641,0.045694152624696276,0.004731119771754574,-0.023622234698499226,-0.04731122344110653,0.0025839475518100318,0.13534398789649793,13.170894541975395
78,-2.868509599509504,0.04464465087446204,0.005566483896052055,-0.017144980340748083,-0.009028995852107546,-0.01770296045021934,0.08412803245504441,13.989869753676501
79,-2.889581455561675,0.0493117637724502,0.005878594196400552,-0.009654132719449105,-0.025621581999688847,-0.02988057615517706,0.21633626301822848,13.805820054508638
80,-2.918459068983086,0.046079411462093496,0.006583250585527771,-0.043892997594037995,-0.02826551072462905,-0.012102906150001189,0.232815147085769,14.500253874325265
81,-2.9216824379760893,0.04877814824232156,0.00587685211487187,-0.03260675034985667,-0.004028207001502982,-0.025568685706606628,0.1827763538069836,13.849976544510595
82,-2.8694126167827148,0.04852355680190727,0.004067771949376655,-0.045543260264079885,-0.01656037774266372,-0.005347689162276612,0.2168009098691338,12.035609984313032
83,-2.8900028097681667,0.04992152017104205,0.005953609603338167,-0.006498283075946629,-0.033945085527848445,-0.0069664591819442855,0.10555552075160655,13.807457702378468
84,-2.9262168636782535,0.05041207012209792,0.005960721007476527,-0.028920113098640773,-0.0025620175750227475,-0.010029597428200034,0.14511033626129535,13.771311049547016
85,-2.901633683244852,0.03996874761282971,0.003716971995864068,-0.031651232573755864,-0.011546292218801116,-0.014604551916701269,0.11698293319374291,12.623480126120999
86,-2.9193975548942155,0.048462033889096305,0.006064298829581555,-0.023741973561242344,-0.005305134247642879,-0.0042971440827565465,0.1767894292359177,14.004316801416575
87,-2.8748899714937126,0.04661599313548524,0.005762413662964526,-0.04904947065892231,-0.006867677553259809,-0.011849077721988233,0.12991619226195844,13.955167759380952
88,-2.8345543923407237,0.046809556128294516,0.003931887759738765,-0.03985937210055214,-0.010660574483327953,-0.004597188494586549,0.15136168346921727,12.047445020225535
89,-2.9228294020009242,0.044510132896966884,0.005141295538109645,-0.041982972710308986,0.0046011922420823425,-0.0305059239338716,0.23077679700562706,13.671311582164716
90,-2.917238179432831,0.03774565230398545,0.005945713335470099,-0.03364763579004244,0.003848807987506277,-0.018834636791444467,0.1951678925098733,14.825809606493491
91,-2.8605880961667647,0.04524690507097843,0.0052044896623941695,-0.03891191895734429,0.0016337303965061724,-0.025206410589813925,0.13716257300997794,13.653089158970108
92,-2.854842548552786,0.043888947601436516,0.00441477684587321,-0.0416233496214454,-0.005038153767721573,-0.01493052027458173,0.20410033129984553,13.029313016980407
93,-2.823978682544582,0.05221795869517205,0.005666542077029053,-0.023717182256325752,-0.043785479417470706,-0.001878253717699505,0.14693165681152887,13.392431752439247
94,-2.9300747806768537,0.04389216742475622,0.006113998879981001,-0.025970101218987955,-0.001709584051325368,-0.04111726268508375,0.22898400729111834,14.41051885301518
95,-2.915505064178484,0.048132993979928186,0.005550059907332959,-0.04104853320056422,-0.08235937984445799,-0.018215204231291082,0.20771669492624906,13.663741042116232
96,-2.859901301791028,0.041418012721308024,0.0037988871756067816,-0.03229872309365513,-0.0007669514931768512,-0.02018660628863075,0.1124236716821723,12.548665068647047
97,-2.8621707801485523,0.04283152688346175,0.0034083637706164888,-0.041745939804875905,0.006817296072079384,-0.019813940978539075,0.2197632047054845,11.716702534407794
98,-2.912381758238031,0.04746997274881077,0.006424686757372411,-0.04163629461894683,-0.02160853252152557,0.003814894139973096,0.09624191280626469,14.305658583717069
100,-2.9286566983852493,0.04547096413757601,0.005333467602599294,-0.026046055736270425,-0.03163010716227938,-0.029152995497154305,0.21158146330644428,13.73720443005827
101,-2.8787816012665877,0.047706162990026224,0.004506764708977544,-0.03365294958755313,0.009583935814661841,-0.015220176723271566,0.16820524978972268,12.707271616044785
102,-2.9772471712588704,0.04810126522816041,0.0063549675533811295,-0.04404143698473379,-0.00035239902426987337,-0.02245373859387848,0.23834154928455537,14.215459416266542
103,-2.8904977623729917,0.04573512387808912,0.004413466068767149,-0.036480630564414654,-0.017597199540517486,-0.0238181138331555,0.20462193558212927,12.818684094827006
104,-2.874607124903264,0.0427419624215066,0.004626980314536269,-0.02614092515635612,-0.002262748134073267,-0.016318670927186484,0.17930768599695474,13.38122495494231
105,-2.892533351011013,0.037471845751511454,0.0037088502179005315,-0.04038133530878756,0.016888375439082483,-0.024174708326791798,0.23045181215433233,12.94832042951533
106,-2.781325886837946,0.04362655195566451,0.0050406766014003315,-0.04427093714530032,-0.03311444163765316,-0.00572994387340912,0.08116947918377133,13.672549996210352
107,-2.9536884735431768,0.040651118141573524,0.0054109899414029414,-0.024323670468509834,-0.03375811475900442,-0.022011442537877852,0.24932745268642265,14.243652401705107
108,-2.9014359200425615,0.04832964601532388,0.005204450614477702,-0.03880875256504766,-0.05463223270408266,-0.01806910011237217,0.22332115664978686,13.35689262946594
109,-2.9331533993321393,0.045848111212173054,0.007316633447526799,-0.018190960122718175,-0.06285439854261402,-0.016960288509643175,0.1313990061638655,14.866857446051856
110,-2.827926576387228,0.03637323706700685,0.003932473063139195,-0.040890513235473734,0.009265745256653257,-0.019731639166457066,0.23894637863614876,13.375271936640935
111,-2.9468142869961556,0.04147729142616547,0.006433679732385378,-0.04044732178098832,-0.007068233504901706,-0.014100893461036764,0.17482606377336865,14.776549878805735
112,-2.981022421234475,0.0383594117448967,0.00611806520244103,-0.03204874673818678,-0.030999338015247447,0.004058489365500277,0.24508234700054873,14.865070044563126
113,-2.8659460245311084,0.04216284656776816,0.005861698399005629,-0.04173129464125555,-0.04542598317874507,0.0006805247544931555,0.10148261022586405,14.403529856217046
114,-2.94346835047764,0.04257510037754526,0.0062821228855719806,-0.028555132206207232,-0.014119074808592667,-0.02977107710779006,0.24285276781005166,14.611408185334405
115,-2.9537001602992285,0.04740790779524115,0.006438351195318291,-0.03796246721511844,-0.006679043627776349,-0.029137664301378697,0.22714603464811078,14.318319212711302
116,-2.9361349108127515,0.04596298253059536,0.005455883000559996,-0.025781291059946813,-0.01606667242795139,-0.023586216132289225,0.17113939785895035,13.787759513365877
117,-2.9219732941721204,0.04724387846587369,0.005325149094630952,-0.023579167956631713,-0.03701291464766097,-0.02032997999258128,0.18155226654403744,13.56407927493457
118,-2.799280028848392,0.04697037223292809,0.003997450488068559,-0.026517349244291687,-0.010726806848185116,-0.01722984120263114,0.15386371534556845,12.124958849005948
119,-2.9203731868567595,0.04022362942638501,0.005937016360112785,-0.0345576340892862,-0.0031623240228867084,-0.012491270904750745,0.13621834006746047,14.612471064032837
120,-2.8335142087021215,0.04553780846314597,0.0053580186459277,-0.03507181304291181,-0.009940438708063694,-0.024907952076608723,0.1375064043761886,13.750499254257313
121,-2.9328018868875474,0.05080545692426776,0.005184202869372859,-0.04113306176346865,-0.0006347993650103422,-0.013765272529973907,0.2655009206379351,13.09997407466292
122,-2.918778228274436,0.04685828302769181,0.004463695618711385,-0.0442002351566205,-0.00181153232242748,-0.007738314760715474,0.20285668105323432,12.751178504279462
123,-2.941505993078094,0.03855336457006517,0.005906872170053363,-0.03271205312827739,-0.04073089303360304,-0.03957861882212591,0.2355775582931988,14.736566878362218
124,-2.9455874352150357,0.04109435405292789,0.0063163143707635995,-0.03557980244502909,-0.02912909040555155,-0.004504455371673655,0.20651436697327352,14.74696732614024
125,-2.819141561495591,0.04753624904379863,0.004058113400503126,-0.036744632982671256,-0.0039052860072618474,-0.01416716962547773,0.14639444614757813,12.143060536713307
126,-2.903251265402989,0.04385065191559383,0.0054132213637530435,-0.032753982174526644,-0.0258315227000816,-0.018772948718308296,0.16921990586936572,13.949671279913103
127,-2.9457431407891272,0.049256762223916846,0.006234419920301089,-0.030828191815556984,-0.0033962092547061102,-0.0038084911294971185,0.17611147246785852,14.049611443117389
128,-2.9176148684602654,0.04723631837681284,0.005833470567009888,-0.052485524262368716,-0.0013762004889895365,-0.01849009725424157,0.16892006319427083,13.95126796011031
129,-2.9085019052851355,0.05297437098650653,0.0053055403576784885,-0.03094508936092095,-0.01922749269841086,-0.013800061063229896,0.205181460145754,13.007636601063743
130,-2.90706872974872,0.043283219795274795,0.005484661853639093,-0.03409985871386293,-0.023602172375525435,-0.02389646044056838,0.2587570639779456,14.05415785418419
131,-2.8800605720494623,0.04325797673650933,0.005598157355624192,-0.038134046042561744,-0.02475193899526711,-0.021217628617600442,0.15845398913694708,14.13640935860349
132,-2.820057046769277,0.04604067567922593,0.003211554495876293,-0.03933433395964536,-0.009220055376416271,-0.02380831924979458,0.1972594777206365,10.832026400557242
133,-2.9126033686779635,0.043010909997256916,0.0055764476454805085,-0.05683687442847724,0.0009598983213599263,-0.021416895527392562,0.24648776644267947,14.143520684524352
134,-2.9568379789157953,0.051892531173229325,0.006255653468610249,-0.03909875902620872,-0.04355082714400509,-0.008813020017744557,0.27456207150876566,13.852349284242104
135,-2.9007493935381983,0.05027562106297145,0.005569677630319208,-0.027060542154766498,-0.008724738715374537,-0.013281164470211675,0.19906007634935696,13.486666877335047
136,-2.8634139339297793,0.04421373974674875,0.00554820512896442,-0.03294516759495808,-0.005549094653241252,-0.015413421610060396,0.12343210095524959,14.015491612239533
137,-2.8495129889240327,0.05046222878565915,0.004481276938589201,-0.03450810414617805,-0.00907479415037886,-0.0014562363421455778,0.15913811007508805,12.369659644205598
138,-2.9084850418521344,0.06091943059363362,0.004036931287137502,-0.030957614960936193,-0.0741735108677487,-0.006898020869836515,0.15895297100048889,10.454735260451976
139,-2.899695925587317,0.03761686273676589,0.0056178808717448885,-0.028566832737681153,0.01679582108261483,-0.029457096162137084,0.15168662321651769,14.652041615374957
140,-2.8551031412573407,0.046519386284192235,0.0053173751024148406,-0.04593448357661895,0.0052819786086594775,-0.0309691458200736,0.17307772602710272,13.625718950778378
141,-2.838888868359999,0.0466695342090854,0.004647177998013993,-0.01761295845740023,-0.00787422797206336,-0.020830426067517224,0.1827033773348129,12.978723191899473
142,-2.8662006248037915,0.051176700067095404,0.006282149480983606,-0.022337709818804345,-0.04853639475834508,-0.014329642093544254,0.1424790862558139,13.926816114292572
143,-3.0145910050285147,0.04004509898336199,0.006410504959008988,-0.04743505076399868,-0.007287082403922699,-0.01761673836901027,0.2777611837041482,14.876603384645643
144,-2.9286912794149162,0.041044751290905956,0.005263588331852017,-0.03891967118449242,-0.008005775586587884,-0.011549936073645893,0.18325179055374288,14.101067493963365
145,-2.9549776332568505,0.04948571091619178,0.006555690813444782,-0.03251113993876078,-0.0130600303319331,-0.026090613996097273,0.3121765530850651,14.22574398912288
146,-2.9261162911922307,0.04715076358583054,0.005038970491613261,-0.019926468884422024,-0.011410885507565862,-0.03242590182716727,0.18418381085032334,13.321389194051928
147,-2.902461098042278,0.04734192819590206,0.00494636124913967,-0.04687388851350692,-0.015346777274022538,-0.014731100295747286,0.2622182967183098,13.214469201563439
148,-2.852235319108757,0.04916241223079148,0.0042469898665739424,-0.04114290744745397,-0.009243330905424554,-0.012135158973970002,0.2245475152494993,12.212087410694611
149,-2.8572828148508247,0.04201116008837142,0.005442448393389567,-0.04848994700466349,-0.008518633887513387,-0.019735016336866106,0.19290679403483618,14.140417230285689
150,-2.871701151483795,0.046571258676861634,0.004105823368743152,-0.025106438701999384,-0.011572776403606364,-0.01863362739371614,0.2631701355049532,12.328633443976218
151,-2.87442420008775,0.048098889958757364,0.00541449307650747,-0.027569451211771658,-0.006420166785140815,-0.019291775247300056,0.21734558605311047,13.558320116111151
152,-2.916037941310927,0.04165871201083228,0.006515322284965172,-0.028648572868106573,-0.01793612091841836,-0.013292038782981602,0.21774009799030936,14.803019851607004
153,-2.9069091881668045,0.045870055574226076,0.005687753002094734,-0.02449055039104249,-0.0282389482768979,-0.023219257202069195,0.1634622659878727,13.96764701655182
154,-2.8860587687334913,0.04815012784567301,0.0045267788776746825,-0.033852277039111756,0.00018744147161060766,-0.010774361578200014,0.16688329411808647,12.681634651612718
155,-2.8692109822238283,0.04016099511433974,0.005707594056378519,-0.04590969482650117,0.0035203086816697,-0.023435830635106892,0.1024895931999952,14.48179296585942
156,-2.9027224313120645,0.04203710232553427,0.005661338155215433,-0.04299499896955683,-0.015560022956628899,-0.011391773191868482,0.18775942889200983,14.287352815446278
157,-2.8709623254426537,0.040393016572265544,0.004749295740964212,-0.021470325529251093,-0.054048633017908056,-0.020119012708939427,0.15742974724199085,13.747473017539978
158,-2.884835532903691,0.042442317109691964,0.004854121207793855,-0.023200802926290398,-0.007391342910525787,-0.012825226261289444,0.16803980307052313,13.628218240456594
159,-2.8831840501395467,0.04556441865922345,0.004062427962012958,-0.017241127933704296,0.007389038641251926,-0.02031545136515966,0.24682092827626087,12.391972105685538
160,-2.9285826509493753,0.04000362085007642,0.006976308590261988,-0.05430816752356877,-0.0028679391622685015,-0.014579189899664129,0.13986891676309518,15.132894830231834
161,-2.9120637093763673,0.04615756190508549,0.006082170213919753,-0.02831855854563451,-0.021772756002183584,-0.01352134236923493,0.243121166503144,14.205502289343322
162,-2.875968015512403,0.04844583690194628,0.005076275645677958,-0.04179761951110574,-0.016228716450761887,-0.004443488421699981,0.17665948389048175,13.228210573711257
163,-2.855331496983194,0.048661983179319794,0.005574876041120213,-0.04019741920257627,-0.009572479620875088,-0.007496399275832443,0.1937476296730859,13.635599534376222
164,-2.892325918423138,0.04550889029190227,0.006158350265899293,-0.028497325542911702,-0.023496742901970215,-0.006935399226249403,0.12772425065741322,14.305107023231596
165,-2.8749061906476863,0.04216852685673484,0.006662760568340352,-0.02546516815312477,-0.06548083865624701,-0.012043833484991046,0.16604480972710192,14.83550636224958
166,-2.918992595538508,0.04265973468849753,0.005193832663184321,-0.025598708547086277,0.008342622559775822,-0.011824180954058666,0.23191205221053796,13.893231698540804
167,-2.865247103374923,0.05201619038536747,0.005159890240318901,-0.041860490840190945,-0.02181639329184115,-0.008361688098889727,0.19566334335556532,12.95956425788694
168,-2.901401839616197,0.0443759816962711,0.004153600264758815,-0.04613233352184767,-0.015128771806666191,-0.024543043594275803,0.205097688969406,12.658130432918796
169,-2.8983682560538866,0.04090925171844742,0.0049083798399699495,-0.02929621825064394,0.007456866212444297,-0.026436965648579946,0.20110810670064527,13.832713333907561
170,-2.874486859977869,0.04331091937733893,0.004872815884160359,-0.022019312850058516,-0.0005169452651087582,-0.010963279732217147,0.2092247157950149,13.555863344013675
171,-2.887323361171517,0.03630404565758945,0.004994821883217486,-0.026401394389871404,-0.0019341087959057765,-0.026493404461387496,0.21001654629135164,14.365831804776622
172,-2.8961629775603845,0.04379342957394203,0.004767511654069875,-0.03384191169841272,0.007730237757094952,-0.019970749214144788,0.18937525384977383,13.407097795287301
173,-2.8663909088613444,0.04637977655324454,0.0032252195155677028,-0.03887211801708244,-0.012698350974777181,-0.02529149428665468,0.2560936951660683,10.809826380905925
174,-2.8863678609868866,0.05004134878407446,0.0036788664649029345,-0.03371267922201083,-0.025339026850646117,-0.023201646247342177,0.2660230956452041,11.198808755158938
175,-2.8558584541670333,0.04656251338276524,0.005276452677051642,-0.03402663158021823,-0.07007602139670713,0.0018113679407689041,0.09533759681135487,13.587706719585015
176,-2.8035067401762097,0.050168518629306345,0.004598212164852889,-0.04356178102007014,-0.014031695223856961,-0.0028115134348406364,0.14541213162265884,12.544779924165223
177,-2.9383933807773386,0.04581585521216169,0.0054158009598759315,-0.026425017012167387,-0.015300770722431925,-0.018464130164764,0.24271447918088843,13.770168110719188
178,-2.9241949334917754,0.03755924181701353,0.004725386881969935,-0.05290428843483488,0.02158323635284886,-0.004078065407215111,0.15263503826620015,14.02580246282864
179,-2.8584815229698783,0.051169695273218116,0.004223101671295803,-0.03180080539868219,-0.01606252270412654,-0.02446947164294124,0.15472678759109343,11.941692711187159
180,-2.9833992281394934,0.05595472063485829,0.007367868254128177,-0.03534182607715236,-0.07103812130188217,-0.023483783627966156,0.261021829406194,14.202787651400582
181,-2.8945364396853632,0.04932210599496546,0.005247253639016082,-0.02556700515015155,-0.05454232557541069,-0.01967283833317551,0.1518797264068601,13.300198028523937
182,-2.862149817517769,0.04198766681779299,0.004757337646010784,-0.02480749413345498,-0.006669840837065931,-0.009625513922552533,0.23842170815227104,13.587062560821039
183,-2.9153152850368707,0.04261578854296104,0.005673813788457526,-0.04546961863834775,-0.023461889821156736,-0.012604744228139068,0.21365279245000007,14.244519988507896
184,-2.934999340709792,0.047422964056121134,0.005793204638020077,-0.029206496224216207,-0.00392824955622518,-0.02493124430358075,0.22174974373963552,13.90701804793066
185,-2.963088145523379,0.04714219167669932,0.005864433252266195,-0.026322494172547634,-0.011078276230505817,-0.02000784143752922,0.2209883422880934,13.980669431399688
186,-2.86380964074569,0.04319323548473187,0.005465881683272522,-0.04548004424587767,-0.04138822386181204,-0.017585141263921234,0.20784106877721203,14.048831827359342
187,-2.9822097487358676,0.037566756794591614,0.006510073237518366,-0.019200203983566283,-0.008822318020308598,-0.014124770366260862,0.188894219030857,15.114720877632397
188,-2.9170948509501646,0.04733136108249454,0.005592407213544832,-0.0321087411370136,-0.03152319276442023,-0.028290040495506673,0.19283983638598326,13.768247976662195
189,-2.922232327557286,0.03816866142804742,0.005129178031078794,-0.04479837268255766,0.007430464824925826,-0.019024723183411363,0.26158525641700536,14.279261394635233
190,-2.8387750195497907,0.04805345009847461,0.0040169790638356784,-0.025069638055940136,-0.00666017934089788,-0.013690394900125403,0.15578115431189343,12.01870792269079
191,-2.878132839300127,0.047663424795231814,0.005954309489551838,-0.042721822166193156,-0.026186440191717293,-0.022581096356598197,0.1496857485604273,13.997569081782874
192,-2.9101684169803748,0.05052546085378103,0.004314162018642096,-0.007707694994646839,-0.03713645657131697,-0.024968095974281686,0.17140699031420073,12.144232340434428
193,-2.845947401589435,0.04802374006127404,0.004807562713404629,-0.02749873580632099,-0.02842732222296749,-0.021996033332150562,0.14921354940263803,13.005396401031607
194,-2.912082313592289,0.04991694236098938,0.00501379177275165,-0.025373582490976588,-0.01459812877165802,-0.030674516486698385,0.21209297095283977,13.022036751478996
195,-2.9876004624220647,0.04700820488199554,0.00669319516655484,-0.03518367630477077,-0.015523855231603656,-0.014774813494319085,0.2818162572554635,14.488358421334375
196,-2.9306687502256525,0.04690085916701744,0.0053307401883204795,-0.034325966029149176,-0.002187077988841389,-0.035642103886570325,0.3047447663797246,13.600905548747615
197,-2.85333536557575,0.043958469767523996,0.004626351644123339,-0.05500182740189253,-0.005754359251234033,-0.0037403975354248133,0.18863653821661874,13.249121429910911
198,-2.8836542263509024,0.0530689906346702,0.005099534215024859,-0.030144814877695915,-0.016750876476234588,-0.03640799228839533,0.16458645135087924,12.79668255991773
199,-2.870694906648548,0.04253945464092897,0.005232574883376979,-0.01850802856978737,-0.011333863108611359,-0.036954815196818265,0.11192038174968573,13.935131786066766
200,-2.8940200977675343,0.044591742471989965,0.006058257201847438,-0.025393296028418024,-0.012750373103928642,-0.025249773548639297,0.18208391751811973,14.319754924040538
201,-2.8520330007316628,0.05115313373653804,0.004247789569723257,-0.035950778359427206,-0.01054175518081112,-0.011460972980846865,0.14128257259162663,11.978852660082374
202,-2.837814800811942,0.04432753374745895,0.0047848464886466385,-0.048629563762839174,-0.0004668391783441839,-0.01436694740594186,0.15347393130582984,13.36792519335383
203,-2.918418673240791,0.04774593628250736,0.004360726632635266,-0.03075015453620253,-0.012425404312432735,-0.02496288916086743,0.19046367788840832,12.525460971896141
204,-2.9476302959212006,0.043615275492577536,0.005486655030150186,-0.029015417325567817,-0.00626756618375502,-0.017797521106760084,0.2078303950500121,14.025330984643329
205,-2.8798591091325125,0.04856923029149536,0.005358755852929903,-0.035105105592537836,-0.032602641953434194,-0.007626589952979991,0.21621719965267314,13.468236319728945
206,-2.907099531156195,0.04884064762075307,0.0037576414487597407,-0.0310730714861171,-0.001192696728203712,-0.01944722282295111,0.21225193362683736,11.501156471851036
207,-2.8436762227700507,0.051176308810683836,0.0038949923207636378,-0.011240140573122604,-0.011527283518765594,-0.02808471336217387,0.10928714903038965,11.430499395612365
208,-2.9384311478221905,0.04512919414588435,0.006099342956789572,-0.01708907273827407,6.655561236577742e-05,-0.008845744308384636,0.22089203501483043,14.300487243822866
209,-2.8681134123061423,0.03965750700866352,0.004856625720060919,-0.05620668596186532,-0.01007430998407151,-0.017870347792904213,0.20410557974360083,13.917174876699569
210,-2.809694218903271,0.045563867417746276,0.00361326841980895,-0.04771080462592146,0.011443820506106749,-0.01731414061719602,0.10058954819423749,11.694923525754081
211,-2.8374117269463195,0.042526478016223904,0.005086018839724267,-0.028008312227093837,-0.012817083038197086,-0.011790681125560414,0.13684371787395191,13.819276397083751
212,-2.908073517248382,0.04019194072366754,0.0069836272348974245,-0.04947806105401045,-0.023370945195485767,-0.016951077774961153,0.17083550584667273,15.122416519969233
213,-2.878707564132212,0.05116557504113275,0.004711784704978884,-0.01690656135580361,-0.021034723834596297,-0.0043833080077032216,0.15566567938755294,12.57046764179752
214,-2.913677085997085,0.05053105184795583,0.005646336907068038,-0.01305621698330521,-0.07007280568683048,-0.0054003421437669435,0.17049242776818388,13.525324411238952
215,-2.8393925310402444,0.04617352943924206,0.004125896838576056,-0.03194278219815974,0.01289672439781102,-0.03181439319385745,0.15936285699908267,12.40442511703981
216,-2.8362199931950323,0.047674257868889645,0.0050497218201498335,-0.04669734597965142,-0.025204597752964335,-0.00946863819566942,0.17949255457822666,13.27951642022579
217,-2.8368885787313007,0.04794991006181097,0.004004483360395458,-0.03264911989496054,-0.00014296442204756138,-0.011827604196681166,0.13302032752563772,12.012971743616419
218,-2.823157340062764,0.049361767131728934,0.004052738988021645,-0.02785805937943005,-0.006974933493343134,-0.0166789315342165,0.11536102067763257,11.91007325198791
219,-2.9053629468161892,0.04650001885713264,0.004503404798648556,-0.031408787929367715,-0.02171158823207519,-0.023256964076308468,0.20517534937801768,12.837237497383423
220,-2.8568994794356732,0.046943961848966556,0.004292070634316515,-0.01720251158711855,0.010125859025024303,-0.01932146399374046,0.206354609119597,12.531315319739363
221,-2.8570800793659594,0.04832248913409181,0.0036462971909197775,-0.03445751902734679,-0.0033745348769018382,-0.02982886710894281,0.21583396395489365,11.373758829309457
222,-2.8252145033477927,0.047732853688594194,0.003901317142289605,-0.025324075084788875,-0.019870679259299893,-0.013575063257595183,0.19900178147557424,11.88246943946465
223,-2.9698792722865193,0.04466752828271653,0.0059851526668487295,-0.028739502138397172,-0.006623514964114258,-0.036433760537823025,0.24110372858538603,14.26847210346644
224,-2.9312446896318733,0.04715295806842976,0.005847306214680772,-0.0036291359293522717,-0.02533035423983235,-0.025257960767214087,0.19397290784642832,13.967975992941561
225,-2.951061346079242,0.05061974046328725,0.005110048950725382,-0.032353383419350845,-0.026999335359901726,-0.031130827365504637,0.2433112450458851,13.047039573260676
226,-2.8551461487286525,0.04415414903064685,0.005592899062807676,-0.04971340701923158,-0.02227275077443156,-0.017390368863130296,0.17729670736455058,14.052659941221865
227,-2.8915643419614154,0.03972188644721844,0.005646971990529435,-0.0400212424753047,-0.004758637216708977,-0.011763003694219088,0.17491457193234963,14.482903889568053
228,-2.914169930486581,0.05408474026719278,0.005805279061595196,-0.015492104249689942,-0.047816546933137104,-0.0004932166977854397,0.18930098376026083,13.341762239735363
229,-2.9319387066969953,0.04727337265334881,0.005865259524692943,-0.039261027429950066,-0.053129979988170845,-0.01565431862174514,0.16409509272331738,13.970052778199644
230,-2.905488325994822,0.05356241315773029,0.006449640040946654,-0.04058158279043006,-0.028053261812286533,0.0033186598740659492,0.21202454644360913,13.847643215925224
231,-2.855798696534089,0.04885679425710243,0.004248259228502953,-0.03350755292741751,0.020160043500277006,0.006580897734016257,0.18184548020048397,12.249786603262542
232,-2.8923411417732026,0.05431380798568126,0.005025791732145946,-0.039002529420944725,-0.023476835414838484,-0.010172500354599857,0.16582675951367057,12.596492365742145
233,-2.911387755767936,0.0443110410996625,0.005198642180744121,-0.015634712504347878,0.0038393523881823754,-0.010098506230225894,0.1770112272687158,13.738210136505305
234,-2.8540161373365023,0.0464693159822017,0.005439515390008574,-0.026774689410945015,-0.022740142627583098,-0.013859166332553215,0.15053075156731274,13.728542650365728
235,-2.8406959404297414,0.04936287962369006,0.0027868188398940856,-0.027127618295745573,-0.018984203109845638,-0.0022004205336289373,0.1957761453885274,9.143507622912775
236,-2.8960389683916223,0.036110624229891856,0.004739402717928959,-0.027416463230957703,-0.001259290091325944,-0.03694720328105975,0.18750881852138318,14.190382377373535
237,-2.927313754635104,0.045442490718720176,0.004990658712390638,-0.01992742900872275,-0.027204057360814847,-0.012678552894508645,0.2148313731743869,13.44724520974585
238,-2.9451683583028774,0.04857473324648792,0.006250583727451526,-0.016322060882745935,-0.024612018368350783,-0.03514276943954933,0.16084889809283115,14.114384242774339
239,-2.8534970379677906,0.04223987170329824,0.005139421239251735,-0.02041221723252932,-0.062467413227197,-0.018946876558408605,0.18969055522768336,13.890600348080431
240,-2.9123521066232563,0.04982774600692447,0.00557616184687972,-0.0340629530327088,-0.020051542266742387,-0.031993225764141556,0.22300130625285636,13.532074984982113
241,-2.9037139127033424,0.03958558456697724,0.002342617365593654,-0.03822285099136688,0.020239733952435668,-0.017556557009653185,0.2577589376247289,9.55099224730931
242,-2.9222543173562516,0.0446122585886619,0.0052134159004808885,-0.032868464674473054,-0.002155011674857263,-0.03118320841287487,0.24707145466651698,13.72139846117525
243,-2.8627587230112903,0.0471145309941278,0.0045694428287277895,-0.03618293264562354,-0.020920128694082538,-0.026528161479557458,0.20520270955525916,12.844608767405752
244,-2.864297414881872,0.041021245834255225,0.00468120753872714,-0.06885470648043761,-0.012060742863746013,-0.015178022599611051,0.18410243081574623,13.618518780155467
245,-2.90791422909982,0.052942054190900104,0.004739258953534536,-0.019752886963528168,-0.011252547174739709,-0.02564831223960846,0.1684778392864542,12.414521899946408
246,-2.880947233097547,0.04975121670213328,0.005053151177487295,-0.04094112053794069,-0.02822598218433884,-0.02382195415737966,0.27271365779007006,13.077208759972986
247,-2.894296947914813,0.043218740380940375,0.005288132708878098,-0.021792273242832283,-0.016074927759303914,-0.02624729401980519,0.21202267677852468,13.913610459474508
248,-2.8846915192561315,0.04978696991498358,0.00358187134707447,-0.03884008600535035,-0.02129695516180236,-0.011349264375973334,0.20912351056485654,11.050145428080826
249,-2.9242958636815946,0.050734716002986444,0.005354165948992705,-0.04519520194041169,-0.012540753980074688,-0.028375702180359116,0.19213956658530731,13.26212705337128
250,-2.8587153344120795,0.049558149312980616,0.005148025870158774,-0.040058453487044635,-0.0027597485253465534,-0.014007927335410286,0.19954961355432055,13.18668412291291
251,-2.9499521814680962,0.05252557626861297,0.004363999660564314,-0.04382515494894686,-0.02559210503231743,-0.030235033988585805,0.2905283988818118,11.981945422307753
252,-2.9512169442821947,0.04275990761967274,0.005457769338363421,-0.044903720198168594,-0.07348552282574324,-0.007732551145395756,0.22209039173058562,14.082657128883461
253,-2.9282289809542745,0.050666465159556785,0.005719794995446647,-0.030742707556529757,-0.009800911053831598,-0.03266635705695487,0.12286158889170286,13.570954448551845
254,-2.8918956567075136,0.046661607462481366,0.005011469049626213,-0.05136338027521816,-0.0061101882303312245,-0.021320053621293907,0.2419263471733707,13.34451804446825
255,-2.9036030384334413,0.04706948270258821,0.006122768909415543,-0.026698009205716716,-0.04230758595336105,0.0004178992352228955,0.1963112309060795,14.156193104870809
256,-2.9298259963271014,0.04475612928591722,0.0036638239314166292,-0.029707586289748778,-0.008018674531178646,-0.028426910931852553,0.18505507060131499,11.892156101970201
257,-2.9286476182059613,0.05207330751556849,0.004554007099066736,-0.027917791782687572,-0.04729582343035172,-0.0023615894433811416,0.2646264933999075,12.282693638505746
258,-2.9167016426584933,0.04759903150537585,0.0055710279288041726,-0.020446256321430035,-0.0046646836678503065,-0.027568257778582815,0.26477271334022334,13.727984842862469
259,-2.8660898217969737,0.04801770035505158,0.005978633551961892,-0.030085368107231773,-0.0020191071182963623,-0.01674031596466163,0.09239211452980109,13.984224493965302
260,-2.9205725843055435,0.043560337839906274,0.0058796635799723196,-0.02611364582653576,-0.008329784907227435,-0.013839722943507752,0.17579064123067212,14.295677699291824
261,-2.9493016418018336,0.047317140282126205,0.006106305039200164,-0.04202641232951102,0.0067875646226972395,-0.0058178576108682475,0.21222768915319182,14.125550559760109
262,-2.926546877929729,0.04417443341256991,0.005684092401998627,-0.016679113390036103,-0.003070456961343047,-0.02093453431628298,0.16871753681896506,14.114205198613819
263,-2.9224444060759938,0.04267968587303204,0.004523678817644347,-0.039555764411361084,-0.00485196322456987,-0.010251812722440651,0.23560506608026924,13.282635262857035
264,-2.7901580297597275,0.046346221966117665,0.004666642092880543,-0.05007044700312477,-0.004291488436658565,-0.01011646269729937,0.04951731661086866,13.034307212371854
265,-2.9229677640042513,0.050414841355156684,0.005381375663395227,-0.03681372367589436,0.01101301384742574,-0.016489470796533616,0.288780156118018,13.315803568771031
266,-2.929871426294645,0.04535698479354936,0.005448736282705839,-0.02929303585621255,-0.011063250619502474,-0.032907673723470164,0.24285708376253856,13.837843635641592
267,-2.9555985936394324,0.04904369776413775,0.005469551834628813,-0.02972675221944177,-0.03230911002987235,-0.023501078569860938,0.19070836624169654,13.516662128180922
268,-2.84318715835004,0.04950768001368894,0.004202305360092558,-0.048867655144779816,-0.0027852430796413375,-0.004428301618501356,0.18109664801020636,12.109461858264567
269,-2.9435472912310563,0.040271700583823455,0.0069488875263525405,-0.027945043415797594,-0.01989388863921968,-0.01696361045167295,0.262104214453805,15.10229152284452
270,-2.865233562709197,0.039170746813297304,0.005317100593524735,-0.04130709352166066,-0.035593417980467563,-0.02622700317936764,0.14965913098112174,14.316531338432814
271,-2.932025917629458,0.04737979595415285,0.0061760081638892765,-0.01863952928666,-0.0014262853655752474,-0.024008845385138755,0.18977642941679226,14.164205527513753
272,-2.911939852299041,0.04126721907189998,0.004834153233420619,-0.031346958207042495,0.0016203246213198465,-0.015735719459172657,0.16686063215277336,13.731701388094027
273,-2.9268260637382215,0.04768787581410428,0.004350111421974541,-0.032450706722541856,0.0133653630179335,-0.010323451912718705,0.31252886634296534,12.51877536133793
274,-2.9416554265543198,0.04813750828613065,0.004808569052698047,-0.032373215540161177,-0.052549069031715454,-0.031097358377613474,0.19297423120410673,12.994611935631754
275,-2.9201289940415807,0.04271229599013466,0.0052895207362153775,-0.028881368982062647,0.005559340546557357,-0.00912975070890283,0.18785471319984431,13.962555199216869
276,-2.8927891714291607,0.04235320311331986,0.0052112962703472505,-0.023808663202954373,-0.009002727777061738,-0.0283296502164407,0.13612454495604856,13.936404215366391
277,-2.876670136696036,0.04594962933216893,0.004060418807561643,-0.03108915987166999,-0.06795896498276932,-0.018618810505903107,0.17585765997675387,12.341762326758293
278,-2.851307419833671,0.055251269067647574,0.004993505110203207,-0.026774046953205,-0.08962437689999317,-0.0055460699398076916,0.13468125245380105,12.467686740246556
279,-2.958208713532821,0.05105754819543254,0.00592483529435554,-0.025687696198400813,-0.024949356806787826,0.014441955109589429,0.22164199576981752,13.69122636674188
280,-2.922861803104887,0.040156031404659176,0.0037809667345560394,-0.029790814905405093,-0.015157882765393111,-0.01570780428179896,0.15932647800559074,12.689713739391799
281,-2.819174041541785,0.05012826641636129,0.003773568016073828,-0.02912521546397869,-0.005474718527792476,-0.008574449933998748,0.18902783531586434,11.357974971852137
282,-2.882028817583253,0.05221535282260514,0.004647080593006283,-0.02345837103185232,-0.012248743559073117,-0.021748895678034307,0.20814386793064074,12.381918736121374
283,-2.8845781433379853,0.04178708277426214,0.0039046171713674927,-0.03560934556847577,0.010628917102742667,-0.01750533623608016,0.19862624880103064,12.649016671764102
284,-2.962566456891708,0.04654400962866021,0.0052923091215438065,-0.029720503781987043,-0.01688925474459613,-0.010332206903825988,0.24583445189970415,13.602674696458115
285,-2.9334981016001773,0.047159580811753296,0.005046161321612946,-0.03263616600491061,0.009110736317635364,-0.012451102599387925,0.20504996716871787,13.32718260415431
286,-2.8971754666881173,0.04718310827195362,0.004927891846135486,-0.02966468075230052,-0.040455309148863576,-0.02449742080619934,0.14874230174911904,13.21264774622081
287,-2.9482437949887466,0.03909714350212936,0.004913956434540897,-0.03042329357680487,-0.007485561764101665,-0.029607631529474685,0.27621921380720305,14.021826401704542
288,-2.8934722049820265,0.045880987873000684,0.00460437043222194,-0.03081642514952588,0.009567314052414766,-0.011803551924016073,0.1823374822341002,13.017669782613492
289,-2.9243384194479467,0.04554530718074971,0.004237001677840639,-0.030433939695722324,-7.899464922854242e-06,-0.01583512583249866,0.22816342096103565,12.625290400644639
290,-2.9045237014210383,0.0489864249130391,0.004014729293193925,-0.029250517101374343,0.008712502607362676,-0.01670999198729018,0.17469010692039907,11.899162143250278
291,-2.9405738296109494,0.04139011799809522,0.00529031166834745,-0.037777181279984626,-0.009875618699065784,-0.014777384130029323,0.22374006944250335,14.088121022648146
292,-2.8699173246486245,0.04878320054917285,0.0048986986717472316,-0.04240779636537063,-0.03495190458812592,-0.014421457153433279,0.1527168060179243,13.020800030983207
293,-2.884411717847593,0.05204725277841496,0.004515089964638975,-0.03944001801601841,-0.009487512041833498,-0.020415697450880566,0.20976365373898037,12.236299477304364
294,-2.8738836095160316,0.05086809103042188,0.005753198649422842,-0.0165510196489692,-0.04620790030472098,-0.013399096707947653,0.16327924502313765,13.57914699890252
295,-2.859013730686779,0.04709748060575535,0.003623511617329464,-0.029026642870009414,-0.07028887725943482,-0.020391917328454946,0.16570828193166315,11.501127417321998
296,-2.892729663323655,0.039018573599913266,0.00493624774008834,-0.04175894753928246,-0.002182024253266557,0.0012094209512296685,0.19463423558019596,14.047749661849936
297,-2.929715169636656,0.04639324326995816,0.00584810526708455,-0.029772655915650457,0.007221636838855011,-0.03333212324162666,0.26707919925082463,14.033480832580281
298,-2.8385104059490254,0.05118955259433598,0.004371777191774706,-0.0339658879813502,-0.0074560764770171825,-0.021772091663539887,0.10909976105209397,12.145452713069787
299,-2.9517890923495544,0.0487884893056835,0.00530098960324004,-0.03316371431386837,0.017146947712142882,-0.019902685576007113,0.22563947482277155,13.398171571977496
300,-2.8942300502339546,0.04573901850292576,0.005977161715977941,-0.0336437244012113,-0.061106883458467105,-0.0352988331645897,0.17041794792210743,14.173851346479566
301,-2.951564974911064,0.04167195929202009,0.004314900423355932,-0.01989655201815143,-0.0007975657634621771,-0.01296784651247484,0.24739971879533357,13.171156318410524
302,-2.8563591698252844,0.04100048974545932,0.0059113485760961025,-0.02972607295768129,0.029650548376839746,-0.018129795588057954,0.17189682073768267,14.532052778002786
303,-2.8777889441034024,0.04485698180080832,0.005583585690835199,-0.054485200518169796,-0.03357113444025849,-0.030233669706920232,0.24058664539167104,13.983138409209356
304,-2.950015273388189,0.03085744740167518,0.006310615159974202,-0.038134616436210564,-0.005521999675061212,-0.00555583134096784,0.18440563494347142,15.555115735990995
305,-2.959234904283871,0.046869669050833555,0.005984383445805069,-0.030773246836073295,-0.007116671459412788,-0.0018253613532118584,0.1721554556321295,14.084001846197854
306,-2.89383541523027,0.04016999232351284,0.003485116677773445,-0.04037578267186274,0.02247451428990444,-0.015290882187960373,0.2210051589561411,12.236922887015584
307,-2.8821261467067734,0.052850392586332506,0.006748901955136133,-0.019599832951374463,-0.08677698189020139,-0.008129270019548523,0.14997820682150895,14.08451916047531
308,-2.8860754912613613,0.04557836565580018,0.003435992674843844,-0.026776626888573473,-0.013333237460422427,-0.0060752938057884185,0.14882661174197026,11.367511230525022
309,-2.9316640938480414,0.0449263131085908,0.005892159878793945,-0.03603450613425015,-0.0025049151874115797,-0.03223518164407387,0.18029027202654244,14.187619308304761
310,-2.9172338467318624,0.04330342353757423,0.005055210928516834,-0.03857546644159776,-0.00622192940654217,-0.016685971153407107,0.1697684518231787,13.716951859189862
311,-2.920705369804151,0.04374412361238858,0.0045059683091652585,-0.037842157227464264,-0.02994697348087162,-0.00967217204054801,0.21535606269432003,13.145979663970131
312,-2.9078847913485877,0.04350016841133159,0.005960412642994781,-0.04773030577694687,-0.027401955187971564,-0.012959400396128322,0.12851716704518826,14.350909658708197
313,-2.9281630354675863,0.04942272599404892,0.0054206972218027415,-0.03683137643084336,-0.005167669168467316,-0.009812309647000233,0.25699439855277684,13.441294360136519
314,-2.841280638286688,0.04760679726335102,0.004645381228971347,-0.045634931240420326,0.009353084080556545,-0.01751026879795985,0.1232027717658112,12.875899854413793
315,-2.9045170524837656,0.049085552014097214,0.005242075510124484,-0.038803012991894585,-0.05324200240751638,-0.014036414564431275,0.1746212969163767,13.31811856589113
316,-2.845590907544553,0.045154709030016726,0.004550432573671899,-0.030814577400196913,-0.00409523970353058,-0.009867009193514792,0.20959774321849095,13.03841576608838
317,-2.9013155283149334,0.05224048270158847,0.004774949522408764,-0.019332212214041352,-0.03002614614515344,-0.025017183935608766,0.18401292253988763,12.52973455987077
318,-2.8599891199335503,0.045095716938626795,0.0049569287537813275,-0.024040048633396857,-0.02874333616527997,-0.017075997678579768,0.17150613123460431,13.451244189839715
319,-2.842113306252234,0.046148848687570354,0.004785505921186167,-0.04481397991366065,-0.022406673919351982,-0.011538841153943906,0.08722084467397499,13.17826856265475
320,-2.9263272693575395,0.047378949189150976,0.00488802871140375,-0.036128911356517544,-0.004965335933827441,-0.0043869669485631976,0.1816331528554002,13.153572944588472
321,-2.889491836179075,0.05077900161399536,0.005728769768815027,-0.021054305100511296,-0.041387417042188,-0.015430150671171799,0.16791933289873445,13.568071011474878
322,-2.816313001117403,0.050634833739215804,0.004435793996328354,-0.014946956214278778,-0.06026961374130192,-0.018935898730586133,0.08345741502844517,12.292472353187744
323,-2.8571314070088536,0.05052778717810836,0.004695962765096202,-0.032488280762919576,-0.032594585521926615,-0.029424934129544618,0.17858252694518428,12.620082216828093
324,-2.8305995727931537,0.04672280673555525,0.004354367401985924,-0.020057583171951783,-0.019759974397797055,-0.010167399238340267,0.11903577977670936,12.634948957884665
325,-2.9251597437791816,0.05106778499814357,0.0060490244527037764,-0.029823131705235543,-0.017234184257567384,-0.018273614715523474,0.2935250592462432,13.778841249739251
326,-2.936043819027384,0.042751860483768174,0.006425690363145278,-0.03297046853054746,-0.056740962680834096,-0.02470663137729951,0.17447978703554878,14.673364411630178
327,-2.8590445760645835,0.04291240696554245,0.005646945595286253,-0.04251818007129104,-0.026565579802401516,-0.030290532241586784,0.09853645328860987,14.200387781195973
328,-2.8731492936605236,0.05056047087088453,0.0055053720981121795,-0.04354137314048056,0.015880039938052336,-0.027848731541849605,0.21738926791938523,13.408078693879567
329,-2.7965701047835365,0.04558725654187772,0.004685195729132774,-0.044941286376950544,-0.00822759550715463,-0.009049702916981131,0.07598325200644931,13.134967760427386
330,-2.9413172146178734,0.05122073783063403,0.006324399793908601,-0.03065796420519113,-0.04779376346946688,-0.018836012613577802,0.22015422786143812,13.950545545842333
331,-2.9060721164002628,0.05274303184363772,0.004231651885775381,-0.04688717461358167,-0.02389413418394676,-0.009215887181295391,0.21750220513789678,11.768032760334986
332,-2.84215138948258,0.05082892645658639,0.004784369403027219,-0.033394057427538766,-0.048990419823950984,-0.0026085177715562853,0.16864892893135452,12.688022372977162
333,-2.93152836672959,0.03984126969938241,0.006042036988831166,-0.053163278272715844,-0.008530029491560662,-0.012420524137616748,0.16590473460758737,14.702993562185249
334,-2.9266937992228983,0.04437061479550832,0.005566286099690954,-0.029286247389463983,-0.006962771042722895,-0.015435150542760751,0.1889922928902745,14.014342956790182
335,-2.9193201191918456,0.052244447563236124,0.005370989733457715,-0.029349283650643734,-0.040281316686849096,-0.01085815187873344,0.2256810018230419,13.136422693401576
336,-2.7974889999424297,0.05454498115193257,0.0034440234154234535,-0.03615648575212825,-0.01763748155086463,-0.032356941618285305,0.12890917771706886,10.08121220842134
337,-2.877375100032979,0.0396726566650536,0.00462255951131467,-0.03332737087970145,0.00842275976756047,-0.018834316703978896,0.24309444586922452,13.708799792847818
338,-2.938245543883723,0.04355306808499293,0.006555791930095615,-0.0337063355877755,-0.07164001897082557,-0.0020059254026517665,0.15888480307560063,14.678275595885353
339,-2.9234148545891125,0.04996775710967058,0.005949351322115602,-0.04823629739413641,-0.033261352456809654,-0.02757877388494704,0.24367389601072542,13.800570986291834
340,-2.7937834060383087,0.04882914970778533,0.004756719013613448,-0.027564970722739387,-0.03526426646425543,-0.006895216324074081,0.13397612907624196,12.867349787948458
341,-2.895309929496579,0.045077515461235756,0.005092114597473237,-0.03172815173132268,-0.05989633895553565,-0.023942933439337018,0.1985148724209452,13.57379212522007
342,-2.898196250989457,0.05082516940882369,0.003763310874553539,-0.041624556695893745,-0.013995929429486846,-0.01649626540650909,0.27840648559113,11.247279974597722
343,-2.892775928038091,0.053416606828933524,0.006496426456248646,-0.015813230462264745,-0.13938573713765537,2.88516989229375e-05,0.19490957066607664,13.888769988494653
344,-2.9232298328803883,0.046870744900186063,0.005856327976690564,-0.036420005545814045,-0.01134842692507732,-0.028869453057120652,0.2588069395983425,13.998282107257172
345,-2.915936706001694,0.05147951700799273,0.005565211162102196,-0.04665916072609675,-0.08218668366374314,-0.009131789477048433,0.21895396024814473,13.374881966873389
346,-2.9171437037554178,0.05053118246196251,0.0051874300324637156,-0.03313687244763628,-0.010082713074141443,-0.015429531180508582,0.14580784153130819,13.1294588894953
347,-2.871722892635953,0.04669756044650824,0.003710379300885641,-0.02919820560756066,0.007848523288826023,-0.003142830525457698,0.14079067036165047,11.707171604347584
349,-2.8890687220327647,0.04488763314148644,0.006244343437490502,-0.03223832223879141,-0.02750648801056879,-0.011891342887610687,0.11732513798764523,14.405736360368575
350,-2.8777676999071375,0.048501993361981306,0.004956186382767432,-0.026811494768659183,-0.01358895010116523,-0.017415737035788213,0.15295808715121922,13.106923991940473
351,-2.8705713829101347,0.046823400277306124,0.005999214733402724,-0.03174876611751802,-0.03475413945510962,-0.03523387898507892,0.16261715078069633,14.097539231543049
352,-2.879230873803199,0.045088147009620834,0.003970815985340421,-0.04058968494858194,-0.019941688931929595,-0.0241672926304198,0.18306032511686862,12.322558993406062
353,-2.854881595751968,0.04609346339788476,0.005262112774841586,-0.03971842124846773,0.004063906108095854,-0.011138342288047285,0.1386032926060067,13.62025127832115
354,-2.8815707459076148,0.04772340371331174,0.005512914360944095,-0.04695472335394854,0.0018109631283605165,-0.023613111433292217,0.18357599619083584,13.671671951644553
355,-2.89026157541801,0.04860248847936696,0.004453035078356841,-0.018777846942832504,-0.007829177995081853,-0.011004384809273411,0.10755931234610427,12.542768289027137
356,-2.850171415646327,0.04480000461709537,0.0055033642834638255,-0.035471224234469946,0.0006187279755650832,0.00030487792522218256,0.2027395632673774,13.929762022867749
357,-2.8810253637275633,0.041508538267722155,0.006787363826297783,-0.03104546682104814,0.011625960842139025,-0.02163677558729047,0.1331787790780203,14.942219444101667
358,-2.7945266646894558,0.05125411522221504,0.004419668175088653,-0.02755585012265084,-0.052827431885736055,-0.013248741350719571,0.15291643271189256,12.201587857759598
359,-2.8938693686251384,0.04589811875791108,0.0042928958479458365,-0.036806471337657576,-0.004321194194026414,-0.011663033373107149,0.25023057082967304,12.654177461599321
360,-2.9165217839785713,0.047391133068121115,0.0053913619679967694,-0.0423396933165214,-0.03290346597253147,-0.013738865165476585,0.17330482994836563,13.604901567596851
361,-2.862664837441682,0.04914437490812338,0.004337395957865571,-0.029124416300199654,-8.136421818438164e-05,-0.003040672832847809,0.16515766309178112,12.334806484637006
362,-2.969721840176702,0.04413759191151566,0.005124402723833226,-0.03103123659978068,0.018791765794395704,-0.012295340244346035,0.21449210679612313,13.693391572618316
363,-2.880783061007005,0.046147450593424136,0.004281583108661443,-0.05163518183801926,0.014856811321294428,-0.018615680357007586,0.14889604664643963,12.610936022698006
364,-2.8998645539557137,0.04741487302715099,0.006023148106315389,-0.03112681813556361,-0.07087317285441361,-0.02363592382216394,0.23350564599774137,14.063945947349728
365,-2.9040396116114757,0.05048728004635111,0.005879653671965637,-0.0354727667880931,0.008080906473583595,-0.02256161804163572,0.2294763477108194,13.706611063924058
366,-2.8760494259140814,0.04734183209296958,0.005985872153053113,-0.03518387776364791,-0.02868751383978211,-0.004134916316455566,0.13057633098149574,14.04553598185164
367,-2.9895392265327465,0.0418245084261578,0.004981771967131797,-0.03920298161841759,0.02902936884897961,-0.008434002632934956,0.2658685770112671,13.802245797067481
368,-2.893711976044105,0.04911612609384667,0.005706140396625304,-0.02896707108613837,-0.034642320149196874,-0.014399684841914586,0.17871363271065155,13.696204204606087
369,-2.8748594403902175,0.04754984842381566,0.005283796355433767,-0.029906781877945886,-0.01761648377871927,-0.0010184900369850944,0.14915772864530805,13.500408681069228
370,-2.9133602948549893,0.05015506391621352,0.006442398156165045,-0.03773478423073205,-0.06705155964808808,-0.01465515288325836,0.13320783738728378,14.107422833823325
371,-2.8587897182479667,0.04697921699973619,0.005242914211062052,-0.03701535325359006,-0.009476884344478803,-0.003750634656559645,0.23119517298146292,13.519741969016536
372,-2.893448828680368,0.05038305029760948,0.0052575138932754225,-0.03887090612934373,-0.06518186773846481,-0.027802794108761675,0.2314505908946887,13.20847197740633
373,-2.957945114012918,0.049930201238069544,0.005444547188006728,-0.0201537750697032,-0.009116842754213391,-0.008590331328554503,0.21613939479307645,13.414659886862951
374,-2.8969812374613655,0.04209753494684678,0.005943307151914741,-0.03419010452640548,-0.011165513563831657,-0.02067281272973585,0.2057878951446217,14.458408267416878
375,-3.0021136935684685,0.051419835792664015,0.0068520601854379845,-0.02839231336775958,-0.018007461208021984,-0.025371567134118613,0.2420238753739657,14.247855798031257
376,-2.883446809861938,0.04012357699119454,0.005455797665020664,-0.038110809556551724,0.018003998247968923,-0.006673195715112481,0.19533347490031358,14.322849612949991
377,-2.908604500026004,0.04534900530493782,0.005705710744166134,-0.026930198931901208,-0.016535823693920513,-0.028541135454046566,0.16752453803059225,14.025998570703448
378,-2.886985421278753,0.049419692229852374,0.005941616201981558,-0.025470915721137005,-0.04204862348825783,-0.009675872066603386,0.10046151075960252,13.84122479895532
379,-2.841618233577374,0.051842166197882504,0.005138195997471676,-0.04572933341557978,-0.03145077433586229,-0.0009241764245632771,0.18720812608578608,12.95521714008261
380,-2.8539805514778527,0.050126885993541974,0.005691038054956084,-0.03602948847319341,-0.04190664056436071,-0.018421819674558002,0.18193644728378777,13.595980424881486
381,-2.92973043578805,0.05876590180556941,0.005316241321058117,-0.029901849839379418,-0.04962881384598205,-0.01788267273957296,0.20240065821006914,12.472983988443836
382,-2.916434397819064,0.043123697739125014,0.006166454318099354,-0.023009509626892372,-0.059285995621250025,-0.01946543819787017,0.22128523537487307,14.503363560762034
383,-2.891605006405119,0.04479827806369467,0.0048956087805035915,-0.051396100314591714,-1.3906812996606289e-06,-0.007069686626844375,0.16115123305984688,13.424646854738416
384,-2.8884707544285493,0.040745135615926194,0.0036210553583724183,-0.03079409061138414,0.0021202971138061582,-0.005426029573290626,0.2011100221370772,12.373859057178265
385,-2.961499477450074,0.03863676683716109,0.0058472229023542755,-0.03597271922227762,-0.022870623663663683,-0.0310441243336736,0.23195369565124302,14.696143837649432
386,-2.841258639058369,0.04329123751596105,0.004915670027687088,-0.03638669439367113,-0.0278885211314938,-0.013486892043467832,0.08738528260357717,13.596608674694714
387,-2.871481027379452,0.05045661114558266,0.004973619138651976,-0.042383698818731594,-0.005876771790481324,-0.01592210809284502,0.14850401530047136,12.927575902076594
388,-2.883666601021008,0.04975626676046537,0.005933759332012455,-0.04205541453245647,-0.006764598092069188,-0.009514590735714,0.16070598500710553,13.807357193269384
389,-2.9060270045886383,0.045665378032072095,0.005152573375337388,-0.03627870965609267,-0.016434553906245205,-0.01430554040008409,0.20240168081746904,13.568682413078498
390,-2.868795905133792,0.04597155045425124,0.004727963571210877,-0.025732137168059423,-0.013466069788866492,0.000479636906615858,0.15165894033330404,13.138334955224973
391,-2.962141501879422,0.0534112361626852,0.005726095874156158,-0.03061071700437836,-0.010855829750987742,-0.008560169825351514,0.22274767883541588,13.336155965904403
392,-2.903710844966268,0.04205222759987519,0.00543473321100302,-0.030553893108174936,0.007554057396400428,-0.010380161567498216,0.1748005167933076,14.131159896245014
393,-2.9217765414382613,0.04244391139589581,0.003760805237861684,-0.033399220933960624,0.007898790395860165,-0.018931783690097608,0.23272635187166307,12.357071330283972
394,-2.8943215610503437,0.04783333034067049,0.004714810552434414,-0.036167453641097726,-0.014086792961929096,-0.0047826345060297485,0.1877563641752276,12.927332730689194
395,-2.9243055279967307,0.041218200915042955,0.005995356559977962,-0.04725123107408607,-0.016745822627476495,-0.0264520246485956,0.21766243352668704,14.56248961152742
396,-2.8875416024486578,0.0432641505961363,0.0062167266925416825,-0.046554374189661435,-0.023816523533802654,-0.021376103671230207,0.22506092395200733,14.520343201829906
397,-2.8709873815861475,0.049358642946912716,0.004813973850457683,-0.025658893129379304,-0.053656721285944835,-0.007934674368700882,0.17913751575651948,12.873399349456374
398,-2.87675941191754,0.04103578616432725,0.004429036952790654,-0.03906815465256084,0.003521895373795675,-0.022094802816990684,0.20552611172231475,13.36741433840698
399,-2.99087848173997,0.0531333972676303,0.005365669350631203,-0.02924418947947034,-0.009512543326189607,-0.019560963842471614,0.27447647689242655,13.048763369906514
400,-2.927121299124929,0.03818178340299521,0.005824926625144369,-0.054440054461895655,-0.013065193091080063,-0.008115634152089988,0.19217497057286503,14.72255241480841
401,-2.8790512816709355,0.04235170994515654,0.004661367551132376,-0.04250636825457357,-0.0051237122441542375,-0.012290525496605408,0.16809026361485296,13.457158282351267
402,-2.9088284196256553,0.047523781550624214,0.0057537648269235225,-0.02948861206107759,-0.010469773612966611,-0.01391100132848709,0.19801827368841068,13.870201252556695
403,-2.8178005355076587,0.04763348820893152,0.003964268406268878,-0.03659458137683365,-0.010209511109612003,-0.029871471129916127,0.17636177116875054,11.992146428127
404,-2.9342419238357573,0.044887180754386406,0.005644984545860141,-0.040415377529058015,-0.011145907186804829,-0.024980144032848622,0.2462936612226949,14.024153796195485
405,-2.862881125361679,0.04484520183364368,0.004634977576774429,-0.03268245701664651,0.022937388616947656,-0.013404201080613479,0.19950592452402893,13.162306495466119
406,-2.8407579053170045,0.04928663280330167,0.0035828975458172072,-0.024318679287468926,-0.0003295696951778487,-0.01822741706248686,0.14217337677479178,11.121958949001973
407,-2.9444078867058794,0.0433161188980407,0.005676329205476211,-0.03928487675058764,0.0019080331476311492,-0.018102373896844742,0.2444505177626392,14.184495531350464
408,-2.8113722138888964,0.043581489866899685,0.0029031079670879764,-0.04518606551795104,-0.002983155043701165,-0.0343125150247658,0.14836568775152778,10.493994305245385
409,-2.861333597268332,0.043682683495771576,0.005227540577078511,-0.03984423855507782,-0.036684692617764754,-0.009829250851326122,0.17090142364521335,13.821870452109977
410,-2.9581388564855193,0.04917572242783325,0.006573601574033896,-0.030327388375405,-0.010182112187947404,-0.01411063779253339,0.25558296496085686,14.259605797978374
411,-2.9353809145429453,0.044687042571211553,0.006570834365325277,-0.039355938182071365,0.014155436088314665,-0.010429658598989349,0.17622748237774838,14.599591460787082
412,-2.8651695721655237,0.05071861947946086,0.005663727872185067,-0.029062347074556582,-0.006012533837743363,-0.011257965475786854,0.12922718714414683,13.522505616085187
413,-2.817096172635165,0.047640586341736506,0.004120792482454797,-0.04087391281368125,-0.04788674169195514,-0.03130573393944453,0.1688509670113841,12.219487326214917
414,-2.957239903055824,0.041996950101390984,0.005542496209113031,-0.028123545680197173,-0.04348386153235795,-0.021918748190557034,0.2597330994009974,14.211368621927143
415,-2.808167996296669,0.050642105472619964,0.004480206065575381,-0.03715636791108057,-0.0350013499072841,-0.012147593503152641,0.15042518998929771,12.34823926272729
416,-2.8423842112798683,0.04232832403974808,0.004542055798321018,-0.03921087012227961,-0.015557097725407882,-0.010807373479985442,0.12777159851903727,13.34040025935009
417,-2.867631702827734,0.044714533820323706,0.004264345690711539,-0.03604271183125329,-0.04539165903429196,-0.008505432196642413,0.1724116811582528,12.757163576381782
418,-2.8589103593669036,0.04292208671732779,0.004501358871925817,-0.047420311827566855,-0.014514723084800398,-0.03359369206502406,0.2092979679800831,13.232318957612412
419,-2.866462522452906,0.046164320936944385,0.004365753840196427,-0.02094252659507245,-0.021593597198222063,-0.022917881756355916,0.15693664927971462,12.71290381607185
420,-2.9288868546897864,0.04347412956387519,0.0038744300288798997,-0.031154270266377106,0.0113303199065264,-0.00927867236152778,0.22154528987073352,12.38960966647737
421,-2.9677078077744263,0.04585757644029596,0.004325113305623461,-0.03666299470783233,-0.004007600979035897,-0.02495920283936152,0.3089217486924367,12.698684959227254
423,-2.8932036395345673,0.04554927295525397,0.005466396615911637,-0.044468380704648605,-0.0076716769400576295,-0.018896987386748665,0.1271611720978319,13.83370214826082
424,-2.8612071019457446,0.042350604288959204,0.005512201107828177,-0.04366575404425117,-0.005562034472576832,-0.011103697303986013,0.1788225770127671,14.15846705694257
425,-2.857867584923921,0.055703813813140796,0.00355012844346852,-0.033646457232546424,-0.0008448552640524565,-0.009026017095797447,0.20961810577196965,10.154676274371996
426,-2.9307206187573236,0.04769607224493513,0.005320172456748643,-0.018714426976418022,-0.06592198672627886,-0.02067984679403851,0.144350755761763,13.517431753134936
427,-2.909746323461182,0.039458138854826574,0.005391557757558613,-0.03524972887811756,-0.0012267310670260715,-0.021155900452257802,0.18446503797490957,14.340747829371871
428,-2.8215236025658172,0.042187578965951295,0.004296424947282133,-0.03306685929940949,0.009007282041959505,-0.005567021329123518,0.18360305238321512,13.090385671389576
429,-2.9188599402043565,0.039176880518431455,0.005301845087187422,-0.05488326805678422,-0.003315435915460684,-0.01998470571094258,0.24064008023558275,14.305354091436268
430,-2.895742052090586,0.05005307026547142,0.005646769572134349,-0.024259480796716235,-0.022562091271019467,-0.013209409741130102,0.13474826741878262,13.567990722299609
431,-2.836572908034049,0.04290855185294558,0.0040963488174680035,-0.027390237966954317,-0.01518843014089884,-0.010149964403686743,0.14816821544403047,12.762585687286782
432,-2.922449989574706,0.04453468939476184,0.007170938353792269,-0.04536330249280971,-0.03705068985860353,-0.021809792077839816,0.20944890370285785,14.894779511581621
433,-2.8937318705879354,0.04567701454525268,0.003949667011336658,-0.04080368637864396,-0.013893987425573753,-0.007986086464958205,0.2577016701550038,12.217611963977372
434,-2.8225850086289177,0.054790973997811715,0.0038909587637483843,-0.039097156175226196,0.003922017145717075,-0.017245611914178983,0.11192272992814736,10.9591936943289
435,-2.9061172387704572,0.0472105637413639,0.006870688836506287,-0.02398573594393182,-0.0698581560437641,-0.005713741099519826,0.1777898739488676,14.564350033542615
436,-2.951493674181255,0.046339757896767766,0.004767438318532578,-0.04568520949766211,0.006448375369595507,-0.011359642770209375,0.24547204154927968,13.139973000108874
437,-2.9633538414578044,0.04502240858802202,0.005746381857045338,-0.03577910031300001,-0.04576198481367059,-0.02303206916682827,0.18659591102419604,14.082542919348251
438,-2.907245985482815,0.044673985386837846,0.004697824939858502,-0.04792188261937638,-0.00501571268701898,-0.019438246974822472,0.19099019116682703,13.245247964882296
439,-2.8804064485254317,0.043723708662037716,0.003909315412480402,-0.013700835265060454,0.005783625142989568,-0.019410023003176752,0.2261471117261741,12.40775378184493
440,-2.8998055035760917,0.040678684348401335,0.0046118305522298685,-0.03096137406731117,-0.0036592045756051513,-0.017147465678992998,0.16096377284459043,13.58974642631517
441,-2.913962002197036,0.04646877960314283,0.005888574067525131,-0.03552244093471238,-0.02517810999342045,-0.00882872526894684,0.1891152433976432,14.054326644253887
442,-2.8449387207770886,0.05640077912453321,0.0034246553942948927,-0.02855922635310955,-0.004637874041390767,-0.02632720671720662,0.15684716931684772,9.765481102348161
443,-2.883293543605278,0.04794476519870036,0.0037881876750253452,-0.024566730491427508,-0.006063278724857217,-0.013287022503333008,0.2686540823462596,11.671807033903146
444,-2.873431862807264,0.046726384940647944,0.004960391491027804,-0.04689963573786025,-0.04106063635785978,-0.030691617835416383,0.22467653602040089,13.290050692050706
445,-2.9369065840779536,0.04937315156436092,0.0053619601836660605,-0.031390779275947724,-0.09763952274125626,-0.022876847845137282,0.20705007173168255,13.395979280602967
446,-2.8629496888857386,0.044367124922605604,0.004569257111083241,-0.022835642186035857,0.030967596441014662,-0.018025481854994304,0.15283182870408243,13.145039571641941
447,-2.8691462057368247,0.03736400728374801,0.005182172085861906,-0.051795851891353654,-0.00011560926214686408,-0.015231988658907217,0.1544081541185776,14.394947266833809
448,-2.938509313072914,0.04793836118497708,0.0048041598660602605,-0.03824282083279447,-0.01628884410038876,-0.03080095559638318,0.19179498686347116,13.010744592031049
449,-2.861525374691922,0.045494428115892674,0.0031145225557250226,-0.030210086099598302,0.0018308367346626339,-0.02660627742818378,0.16585107264054874,10.696404135480385
450,-2.886429589453799,0.04397817712591279,0.004944430936728794,-0.03923664673727336,-0.07267267844036732,-0.029347514191007916,0.2141190087502733,13.552756455831044
451,-2.9302025142857824,0.03887981699004631,0.005970144027155592,-0.021164773845685988,-0.023072972876325586,-0.021228043850592803,0.2287677632288852,14.74381247644957
452,-2.9369044991940605,0.04611030139269575,0.006729296013353855,-0.03074482328297031,-0.04744582193380525,-0.014988194063938108,0.20817606968161995,14.573913430082968
453,-2.9627230771685875,0.04168190512881157,0.005684623586853687,-0.04115241181466112,0.015012961070870518,-0.009868004165107351,0.24229326945354798,14.3338025383769
454,-2.8315169973025647,0.04509098462501325,0.004413436336762353,-0.05413500380154531,-0.020823553376112598,-0.02254727377542842,0.10191055060639528,12.891623988158456
455,-2.8982805236426783,0.043754127818962665,0.007027433089871598,-0.03889173625801862,-0.0240682722151436,-0.006677915853698838,0.18300558713243675,14.886905413441502
456,-2.920488254471591,0.03757306053118786,0.00631589424204495,-0.037473033402250784,-0.024658895509518518,-0.02602129613789527,0.22456356370237132,15.025515382994877
457,-2.878676478585563,0.049808726259583325,0.005948744304208616,-0.04219344657013932,0.000583531720221388,-0.003815774056522537,0.12401697054883855,13.813509228801056
458,-2.9252344958279233,0.04249862136134867,0.006130303910630744,-0.023189526573837257,-0.03699952071940735,-0.02087907656287401,0.1805000239934811,14.53372638772031
459,-2.9127496873906464,0.04051808977584023,0.005520477463992457,-0.04069694969222821,-0.003638946982715972,-0.019783516501822418,0.06002440819432662,14.33020059948427
460,-2.932659363491888,0.04205790672275662,0.0054934424617323774,-0.03377128999023179,-0.009975605923937533,-0.009863867783685493,0.20735571809929196,14.171989875589459
461,-2.8737075566896033,0.04196078776546601,0.004908034546808231,-0.03474613374646712,-0.024511229019320648,-0.029458744412470775,0.2013374186146362,13.72529620917667
462,-2.8989115796300298,0.05385863224359446,0.004230075989406816,-0.03792600890282371,-0.028912625500884703,-0.020443413884910062,0.20056462049299628,11.633845777419822
463,-2.8741713544008913,0.05362965584608314,0.00611798066788882,-0.016419012443961222,-0.059381713225276966,-0.0271442685703241,0.21620057242154261,13.617045986466842
464,-2.905610236681227,0.044472775282053005,0.00536357930978362,-0.013753504010638283,0.013626699111472107,-0.006994837372422947,0.2514701911942629,13.854188713036187
465,-2.929481967729672,0.05019323590028759,0.005692539003545399,-0.022087305777554897,-0.04405886489310223,-0.020658802529449044,0.1266451383935035,13.5913138347382
466,-2.896703886432135,0.045937164882708,0.005693664590354212,-0.04849399429287102,-0.0060749553170901015,-0.011292828594549083,0.17446726574536528,13.965940375155627
467,-2.925839578707138,0.04849888776252671,0.00633141455931617,-0.02776789361140849,0.008919367581662242,-0.016296417379203034,0.22754623136030336,14.169980080425749
468,-2.9361152455645114,0.03813274429877813,0.005984592521625358,-0.032941906807420505,0.0034574713949405735,-0.014390295223632535,0.13893491183914158,14.814090168964281
469,-2.8657961529449127,0.04637180096226545,0.004666320419189712,-0.028383525414669247,-0.0321391213456371,-0.005726504257009304,0.2332598118045607,13.031224091302573
470,-2.8880157165358495,0.04918060131479579,0.005445205881969808,-0.03575097295506783,-0.005116215158365637,-0.01653429011970194,0.16652737423987718,13.484045747687627
471,-2.8659743516465386,0.045791951979323516,0.004195741834972387,0.007826443404702545,-0.025175673058522047,-0.027147405465913783,0.19338914468447768,12.543044617564645
472,-2.9722577018392498,0.035670549566204426,0.006858128322511305,-0.043273991123983474,-0.0047424107848173195,-0.010179467772069507,0.22397491124307037,15.399396169861793
473,-2.889274987756267,0.03301822391357423,0.005516314518489968,-0.058040320928320115,0.005185263910879024,-0.019529664917054344,0.16552648518871604,15.00722069029046
474,-2.8917405478978133,0.04257261961207002,0.0046454333550078955,-0.046537126864097854,0.0017094714083610825,-0.007204402777867936,0.1579680978924788,13.417798905006823
475,-2.897935184819703,0.04263584402330961,0.004350406419815771,-0.042033243009949976,0.006359452141918643,-0.020894686386947272,0.20921892855981888,13.099786099396763
476,-2.9220343141730547,0.038245868128026925,0.005200543639374327,-0.03371574550449142,-0.02090220929602707,-0.028368074391764093,0.19388535169438156,14.322897106519786
477,-2.9217828922411173,0.04875458771412424,0.00545646389363635,-0.03072028631433858,-0.011263662684124279,-0.011076934874986106,0.18643455268110679,13.532400775987474
478,-2.9211726615496088,0.051210695648131466,0.0047818495916910255,-0.047497097233562775,-0.011881150417366362,-0.011063487326736648,0.15368022887204175,12.64530463932664
479,-2.908631788645333,0.04943935602059719,0.0062194783990145875,-0.0439609453235429,-0.057754501967584644,-0.028132574659773115,0.14383207333895937,14.025441938311873
480,-2.905236114644169,0.05514177032397911,0.004927838649861931,-0.03898766682395546,-0.027959754930346054,-0.010439156243700664,0.23606750432434845,12.405075506528194
481,-2.9076169333520308,0.04937757801008231,0.0049840407387087525,-0.025535087303906124,-0.005784038953684987,-0.00907488778313628,0.2513532749723378,13.046431139036509
482,-2.8985084334843645,0.052158865715566376,0.005693925191667808,-0.034343761018402134,-0.01756587223689035,-0.009984789460762354,0.19276158923645526,13.419779505367147
483,-2.8961104547924768,0.04533398896995938,0.00573126032020393,-0.030229819171620893,-0.013512062745668615,-0.001583885216144717,0.19333917763196545,14.045024441644426
484,-2.8887050073681984,0.04569269263518408,0.004293206812360392,-0.04237286533412599,-0.017268295074718453,-0.03066987769996408,0.20219353409169089,12.678489223529581
485,-2.917137975502105,0.04641838479293346,0.004794507826180792,-0.0428986653126978,0.0061163499511025865,-0.01292343247055982,0.1821737155223497,13.15921274135145
486,-2.9263212657661533,0.04461945249766374,0.004393289147715375,-0.033772454142826674,0.0008438414921577073,-0.00819420989329307,0.23166617713692714,12.9218625274338
487,-2.929132932849768,0.043463748708831816,0.00637628580404912,-0.0302913849562987,-0.014833187886677875,-0.023230179688190113,0.2150767131450995,14.59176595556373
488,-2.9489758133687847,0.04263497562202507,0.0062190192583444414,-0.03420081812880509,0.009373257738871753,-0.014038150228587159,0.19415382836611594,14.572210677365318
489,-2.91615863765878,0.04498326421239529,0.00560998207625289,-0.03570498281690903,-0.008281379427002755,-0.007761596484969388,0.160310598836506,13.99078360670617
490,-2.8681542307681056,0.04944362613426504,0.004123076824273357,-0.046674497408796506,0.006213781735239537,-0.013500303627630073,0.13937936806198423,12.004037731824353
491,-2.910051953117766,0.045673785242823686,0.004523915975750433,-0.030477819985201132,-0.006805144229088894,-0.008768661912612143,0.22734484746565584,12.951963576727653
492,-2.8880478647806576,0.05265274755809089,0.00474126902702243,-0.019349346709775745,-0.007309226371154511,-0.019311187501722754,0.22896711108092574,12.447399287194909
493,-2.9301248469370935,0.0442807242277115,0.005830321251639229,-0.034647018393599,-0.02815630952765217,-0.027926429875753025,0.1436391748882434,14.20254851177697
494,-2.9782166910309367,0.048420617453826566,0.0044119901576489245,-0.020305225086251055,-0.004633287493075832,0.00086949201854504,0.284668172060883,12.512610440678193
495,-2.841950951548788,0.04886397816791895,0.005592661468028264,-0.028489975558670246,-0.0191590006975304,-0.02240994041998094,0.1549651545923031,13.631419991424377
496,-2.878649499888435,0.042221597602711304,0.004648154707182745,-0.04472829327354329,-0.01417684803122535,-0.020688864030775987,0.12006331703611645,13.458240929732103
497,-2.8636522081350484,0.047453971807136903,0.00544358966371519,-0.03413339925120382,-0.015348183468791509,-0.027317363823404925,0.1710714649922668,13.641297862378728
498,-2.8885368944711414,0.051061922757499,0.006323414914583802,-0.03373610524446954,-0.07012785924463741,-0.016830933625574477,0.15195749668918768,13.962472536814404
499,-2.8415152827665433,0.049215699545324426,0.005342645169258228,-0.03626690892428356,0.0017009269530042048,-0.0124495962029566,0.11916709775174736,13.394069979743993
500,-2.906278215096386,0.040401678098611775,0.005509422250943039,-0.03585878363715853,-0.023527666303831865,-0.023984387669785476,0.2512254703983999,14.333401556606386
501,-2.8385028915945134,0.04234566252534952,0.0047594648020699605,-0.03206310588499292,-0.00981450452217673,-0.012074931100521193,0.14669047325591222,13.551426023054864
502,-2.8642504650329537,0.049743045612473495,0.005316248679441146,-0.055571329899236424,-0.011128750737542116,-0.04219736964089838,0.15318356109191775,13.321602824484259
503,-2.8924688397493834,0.050459571195849366,0.004014180314592884,-0.04010114407134292,-0.005148084393865954,0.0003688350782896369,0.17789626634915373,11.714835004744057
504,-2.8802968135068614,0.05398624912827621,0.006180637043658634,-0.030264450031691974,-0.04140794104265518,-0.01646941115550195,0.16713285781470708,13.632630686211677
505,-2.8778092565495097,0.04127166092301823,0.004352605504649048,-0.030206087039501672,-0.020691572956087822,-0.024365243815112944,0.16593968250513766,13.258970646554612
506,-2.843164176693015,0.04517507750268724,0.004720242862397522,-0.03728089870776902,-0.023939754256652037,0.0022219193613581384,0.15625317756300033,13.214750721561202
507,-2.89641404028648,0.04393055317084524,0.004585518798645385,-0.04275698460044798,-0.018323232801211408,-0.010548963257950541,0.2084908749835988,13.209860094366768
508,-2.936668720792512,0.04816721302754847,0.005824752506997628,-0.03856667378610079,-0.02761250357810218,-0.011445788212509238,0.19423170879402293,13.865299601169124
509,-2.8402020221442994,0.0556966489572954,0.004532675245885258,-0.05050643882956265,-0.001033080320336379,-0.022511287727235454,0.2257778916002617,11.856095359152793
510,-2.9411779594731575,0.04960931036086682,0.00646133897745786,-0.02992758423496771,-0.08985819114722456,-0.01688238347996199,0.24134533683022263,14.161065799678488
511,-2.858717604626735,0.045076881985680405,0.004433164510774635,-0.0371695895904912,0.0013526146820269178,-0.02837045277666924,0.09806841733927149,12.915947527311157
512,-2.8499334901152342,0.05140318700274607,0.004204746774969009,-0.043691735452674484,-0.04937936176232341,-0.033360861111353536,0.22260545831527123,11.887481249911305
513,-2.914633440870921,0.04812917086549017,0.006367392686081248,-0.032376029282419776,-0.0019599347896007238,-0.0300169476658994,0.2391880385927039,14.220653159126046
514,-2.8607937956968112,0.04255313340557611,0.006434025141564345,-0.013841476984142483,-0.017971266186960013,-0.017091222022713654,0.1351264504823054,14.69311725791377
515,-2.9735139735844127,0.04807334166659129,0.004999686267281637,-0.04163314694199911,0.0038614464172378594,-0.023554279921887755,0.2292085533751625,13.192364170809352
516,-2.8926972730092295,0.053679510449938836,0.005022291808136992,-0.03873812063613556,-0.05132605302093235,-0.018936253354378894,0.2553206513213081,12.655874996852171
517,-2.8630540695529643,0.042349812869224616,0.004651103695151565,-0.03246936804387424,-0.0053925863471101865,-0.016946643799089688,0.16020349455972924,13.447337272508975
518,-2.866896693908991,0.04478323062954445,0.003670066768523673,-0.031114600312469997,-0.009630509032203955,-0.02592314043636681,0.17289332870373741,11.898853419557947
519,-2.9789679121294426,0.04794241474841662,0.006944324162801643,-0.03698970528839795,-0.0700639499035735,-0.024757076479065117,0.23336720179159626,14.54808634904836
520,-2.8292824027112564,0.042464851570573586,0.005021312366464813,-0.04621503295149733,-0.029653685577070103,-0.004114720342424099,0.10328362014962207,13.771538546956561
521,-2.9635271914626746,0.04347342664630646,0.0057723637723323855,-0.036949959124060926,-0.013218423282994841,-0.006252174805889522,0.2086942725348284,14.234347975895101
522,-2.8684664705242917,0.04653983939151353,0.004808634202577297,-0.03705756144354288,-0.017745517906749938,-0.012300933779859474,0.23786109429523797,13.160804770035384
523,-2.8241533556071747,0.04696479651803068,0.003976123933518733,-0.01776313182071505,-0.02651959360340168,-0.015328994823011453,0.1864792394113725,12.09414830834153
524,-2.8305565152546572,0.046846805786886846,0.003992133397614098,-0.03913931963749267,-0.026983974111973,7.568291760742738e-05,0.13032293656190105,12.132610170932054
525,-2.8049821652302884,0.04769670181534084,0.003692931779503861,-0.03710462967264049,-0.039388283788028985,-0.01431781331518368,0.10699433645412393,11.542163156105094
526,-2.8966104037519345,0.038784430753491826,0.004400553430916996,-0.03005899900468587,-0.01530330122672489,-0.010609587062916972,0.12199295670978201,13.593232605585037
527,-2.871651825167454,0.04555450810897622,0.005866035628367897,-0.030818517070262008,-0.06516146885819707,-0.006802948265375755,0.15342794545635285,14.117095855276043
528,-2.937195838070917,0.04600517413459672,0.005896960744365481,-0.025919183761830753,-0.027349915720979123,-0.011865338049226654,0.1523199627475603,14.099247041914392
530,-2.8845235363901147,0.04826374263340966,0.005430993015042525,-0.0253294559427181,-0.025377683533691762,-0.00313285283013186,0.14205742431421417,13.556637386594783
531,-2.8658407986399643,0.046620754556190906,0.00478221097308314,-0.04053874761468932,-0.013796669097195376,-0.03192479920605431,0.21654890992403228,13.125606668275655
532,-2.9431347643316665,0.03907990991368332,0.007450774738570555,-0.03783625945581582,-0.04116352789504868,-0.02758336717357017,0.08701940247335975,15.377459976653322
533,-2.8748636396737615,0.05127083338885707,0.004844678070565951,-0.030993169503059723,-0.05335925818842441,-0.022484532497224364,0.20262331988069024,12.708540728396876
534,-2.936393762029461,0.042539337148474174,0.005438965246720889,-0.04012431526527311,-0.0006794435145159294,-0.0183092618316695,0.19263029816018398,14.089390608432291
535,-2.8411344414055275,0.050362947722692585,0.004118945582434618,-0.039653669305902486,-0.0377156986517176,-0.022314843817927615,0.16943955880773412,11.886427155354143
536,-2.953801155761285,0.03535689805170607,0.005332116846890343,-0.030957392401860698,-0.03559876373063409,-0.038276587766970974,0.3065055809655224,14.684534579139429
537,-2.89263551393257,0.03954597508308045,0.0038241330715864694,-0.007928569772938826,0.0048239377636175515,-0.002355972283217244,0.18516919691068162,12.8294195909513
538,-3.0029081860149853,0.04620531380664658,0.007132550980497359,-0.03746498720985353,-0.032516879152680485,-0.025268473518872132,0.2526100799242006,14.760954535552115
539,-2.8483831611720984,0.05644315204961867,0.004743326498825175,-0.031802948409472294,-0.07603435670629656,-0.016858669486940918,0.14475363479296213,12.050256495773748
540,-2.8593277911025092,0.05341183918076264,0.0045148459485069075,-0.02499712651615635,-0.05042296686170223,0.0009208486371037254,0.13006530909246966,12.084865819350235
541,-2.9341718742058434,0.05081239202786707,0.004213770215058822,-0.033554100849791206,-0.020631261481582328,-0.028561477717715302,0.20733142277549402,11.970673596975226
543,-2.8612109902271063,0.046055615856626285,0.005177519188063185,-0.03610420022651019,-0.042101324827822285,-0.008805664240910975,0.15284330867082957,13.55234715857665
544,-2.907519969900838,0.050601028404275133,0.004711988836747799,-0.041039591172649624,-0.002801344740518213,-0.02908294440872931,0.20577505654845776,12.630608204156971
545,-2.923346954260234,0.054046001814276275,0.004493911511798833,-0.006789171975554735,-0.008078718299585085,-0.0038616260615111286,0.20387091250938583,11.98675277957992
546,-2.90494029581687,0.04598658059909756,0.005094480977273065,-0.020450945559173317,-0.01535809524336291,-0.025119417830547077,0.12285747524637702,13.486627508842627
547,-2.9003189127428235,0.0451511430372012,0.00530324308166432,-0.026890211874699806,-0.03600340898863713,-0.016427527659800798,0.18607709530160593,13.743063033136378
548,-2.856968919475846,0.05595664424366215,0.005263394964733148,-0.02815617909979469,-0.009316583858910276,-0.021382152066894335,0.1890912595276553,12.684358230895263
549,-2.987571932397548,0.05328556982183831,0.00596284852367036,-0.022355074622863364,-0.06713003048987798,-0.014962197507220207,0.27009599756177194,13.531869574557042
550,-2.914294406790622,0.0443122310363618,0.0051647448820080575,-0.056577011195741274,-0.011896556495980332,-0.007444967334998512,0.15545943510062857,13.710123922022923
551,-2.8377186790479376,0.049581858629766495,0.004455599998420138,-0.03668683195916291,-0.007755361724766304,-0.014862835909538404,0.13389397221871868,12.436006525793701
552,-2.879527777337924,0.04960815458084042,0.005937428052620886,-0.023756806411916305,-0.03605693525634216,-0.0008724730257453432,0.21760144494045272,13.822420571568653
553,-2.876434567343823,0.04297885053047409,0.005676805874142259,-0.030614627858709095,0.0027988256544285457,-0.018610542063376322,0.1495323581446117,14.21452173252551
554,-2.8806035373647347,0.04698615803176149,0.005019118289871792,-0.03301818323174846,-0.030066890386057598,-0.023341230370593286,0.19457335773443699,13.319281662819536
555,-2.893616217584193,0.04417671554226563,0.0055024415508637195,-0.03850917378505634,-0.01610825033163704,-0.005800426663146461,0.1538823827576258,13.985716964559924
557,-2.807525821869513,0.043802731718724223,0.004350293253562432,-0.02169499783195876,-0.0009297320009250528,-0.009176509562692177,0.11455908263878217,12.965542646710725
558,-2.9065626008176206,0.04768461013141496,0.005463626173580049,-0.04068617786237911,-0.02942838676904428,-0.02053329794983396,0.2583807846891082,13.636175626180373
559,-2.8605675086394124,0.04784981139696118,0.003976078889980095,-0.030542566768310686,0.002180911860436012,-0.01872994976223901,0.11527295839120558,11.982788983696356
560,-2.9305927614818974,0.04689435122460433,0.0053939567570581975,-0.03375036416851926,-0.020419823895980155,-0.02031170281540173,0.2514880650244788,13.653065705129979
561,-2.9312053412855064,0.04562808101641889,0.006312674374886017,-0.03437563850213331,0.004321051082402133,-0.021502766374395448,0.2730294782287962,14.385994405323437
562,-2.940747561055775,0.04310719689106612,0.006885862781434038,-0.02792496617279183,-0.005311300250322247,-0.03063693638487009,0.21243051230162396,14.869876857894003
563,-2.8508116436050437,0.0476439895085339,0.005841440619036318,-0.01331209205839487,-0.05198531615596863,-0.020707500943668997,0.1179152440832348,13.921897301046783
564,-2.931395995733914,0.050767945828200794,0.006322089734234069,-0.01688166447064971,-0.004798544226011358,-0.005814277565758866,0.15036684251364862,13.984876206889886
565,-2.8788528082045666,0.04432918847179685,0.0054412088074615676,-0.010861270687433897,-0.02481537205236557,-0.02319422211231591,0.14089613176251073,13.926531213890566
566,-2.8512071420492213,0.04290362412783067,0.0040178423242277555,-0.04769946582043652,0.009427711675444131,-0.007728181993914522,0.16648242837799695,12.660862638994065
567,-2.9017895397656113,0.051483465368053836,0.005233730090718256,-0.023132323625056232,-0.03173284344983157,-0.02175410934878794,0.22519098944596422,13.08157045972269
568,-2.851210772343371,0.045244619674017245,0.004025457759961645,-0.033565053342371205,0.0029916791532591616,-0.01272024271768935,0.1854764317343624,12.380189487512057
569,-2.922997429130186,0.04787794870304277,0.005333572278352827,-0.022880470982398156,-0.002591233413091862,-0.03133294247705228,0.20170454988685535,13.511643397300226
570,-2.8888523550489635,0.040538411384515534,0.004943369301112198,-0.012722924945975368,-0.0028631499177099264,-0.03453377091634874,0.16149475107755387,13.899718500153844
571,-2.8263259305688506,0.050493956407451884,0.003301828267635291,-0.04152110477053514,-0.04146489158680446,-0.018947494369416604,0.15363633735996673,10.353636786262246
572,-2.786578289628781,0.0513297303290241,0.004480280954567221,-0.03959147165089575,-0.01967198707635238,-0.01022722302404567,0.0702990170031184,12.271594700249956
573,-2.92280634625692,0.054051965304842985,0.006600953130708227,-0.020686512124904324,-0.07308467349560677,-0.014698622217790811,0.21226184058819486,13.905745410205355
574,-2.9062854802392213,0.037906365702240645,0.005492304164627409,-0.0170994303219605,0.011673597111562486,-0.02350867969694705,0.19126512200944976,14.549138160776629
575,-2.9151056757379727,0.042862242824203575,0.005370901746462305,-0.03206770325942138,0.007706225100386351,-0.005595230000161478,0.11567397979602666,14.009772208881312
576,-2.8931783172921857,0.05110618273924153,0.0038059600195629252,-0.03238341970113404,-0.028623992596897647,-0.021790705927644215,0.2465397792928537,11.286032633481192
577,-2.862329125911356,0.045040446003554245,0.003930385326915327,-0.036164141497013316,0.006586856610207158,-0.003600103420459168,0.14441899191958646,12.270225148776543
578,-2.9005762469885856,0.04704312766062291,0.005112672078373227,-0.02874642214072317,-0.02466351710135147,-0.0113620134765244,0.2560064331565654,13.39935996877084
579,-2.941080019391261,0.050040555957491836,0.005500254837603507,-0.020377211046907828,0.001938140206070786,-0.047996962533518484,0.2238168803082648,13.4510693199722
580,-2.880079546931279,0.04458064196331875,0.005315645683576261,-0.042619586553085995,-3.63510668244971e-05,-0.02709417006400782,0.14673424123524106,13.806657872150936
581,-2.9444732786810563,0.04607428138225917,0.005924433062491792,-0.034217607217650624,-0.01779254406746825,-0.024602791486154258,0.2381048819239244,14.111502915446856
582,-2.8855429856207557,0.04878592373133007,0.0059056995287435216,-0.027213570022461046,-0.03189814031929998,-0.011077753773724006,0.22355598209007355,13.869589750216296
583,-2.8534345158516596,0.048546411578570474,0.00522911721841454,-0.04188723457796479,-0.0077845529713897405,-0.011847265796740714,0.13493786329022844,13.358068145076917
584,-2.834506866505951,0.037973737071815346,0.005407779922872953,-0.031163424872965535,-0.0034993958727494705,-0.021665542190409004,0.10916060745325645,14.488971665507302
585,-2.9609209488351866,0.04838988357697066,0.006465522585103977,-0.03547948322578131,-0.007979992046200615,-0.012215081576786111,0.20329829911536335,14.257852096251515
586,-2.933108749829546,0.04557396934001622,0.005218359085675906,-0.04346804782999433,-0.008032692996714759,-0.012571321837113453,0.14699658068254484,13.633304589452829
587,-2.8831710531617216,0.051218600112743456,0.005247076816851303,-0.030064348208406245,-0.0007290730557864216,-0.0152297020240595,0.17365082457834044,13.119320537841961
588,-2.9053388946469236,0.04272065734272817,0.004834584415214067,-0.021123975871418354,-0.05274183326814502,-0.009091769047061016,0.14223767175140192,13.581765290074415
589,-2.8425011404640173,0.051139853541906456,0.005416671396655647,-0.01975318615505404,-0.04708212414475076,-0.022623575807818395,0.15444484353202875,13.279402256754846
590,-2.8396447544232877,0.04618915173778264,0.004178334789953419,-0.038150143085941904,-0.006361998510574895,-0.003268054138522072,0.11442805357837586,12.472779939888737
591,-2.929447015690086,0.04061429075838233,0.00561585084041672,-0.0421123140878289,0.0027364201492498515,-0.023139944839073334,0.2833835899829274,14.383959268817708
592,-2.8839022578085087,0.04606081888789235,0.006537073435585712,-0.03387578508467636,-0.13783624875403303,-0.015836422816202244,0.13542587677625298,14.47695414914936
593,-2.806543880036105,0.04782317637401505,0.004057754091321529,-0.04910727601114642,-0.01971574979568534,-0.013974600719731911,0.18368122463719616,12.10718647585172
594,-2.932280720466634,0.047581400661978336,0.00510568612811887,-0.037041761202863746,-0.01880378558510471,-0.018931111990576913,0.26257050188599,13.340351965631978
595,-2.9118645830734966,0.04210567133222481,0.005335649425342947,-0.027648452776972872,-0.005942928660641878,-0.023012086890910728,0.26851635686161496,14.054306797947236
596,-2.8785113093933634,0.048414417736550974,0.004071529275392037,-0.02785852210200306,-0.0060551685504991945,-0.016461162970506236,0.15286285836717878,12.05451680905705
597,-2.897318801282704,0.04845060468313843,0.005871397366386662,-0.019758182599178744,-0.07826948407741086,-0.022730425601289888,0.14032818268561337,13.874014169053286
598,-2.8363135418783423,0.052258747451172496,0.003363314006686177,-0.033541450766962654,-0.030920673870738068,-0.0004810526338458856,0.10428285771773152,10.23106326865652
599,-2.917293119480385,0.046964541134096344,0.005832671279046107,-0.022979880664889017,-0.012660572373036973,-0.022580451320116275,0.14665028085583426,13.974010973083924
600,-2.872874681016356,0.05475026577970751,0.005870789115082095,-0.03537673903716407,-0.058376880701064206,-0.0243204682173845,0.1728589046228563,13.337060767601606
601,-2.802175687739539,0.056140352217579015,0.004293743782764651,-0.05110172591931629,-0.035582521454228376,-0.005718309593311122,0.10090928158212197,11.462540494040445
602,-2.8951519387143776,0.04737919251682191,0.00591719522087153,-0.05296380549638948,-0.02605285451007165,-0.02024625071900042,0.20259962294384826,13.996482222717376
603,-2.966389999690793,0.046223910239853165,0.005285629275718798,-0.020056570827164007,-0.03088302904788088,-0.020077068959126535,0.29499920949357666,13.627397625842088
604,-2.9358199228978763,0.037158256329265726,0.004134154444599271,-0.027324644328170965,0.002945945954856228,-0.016384551596868274,0.2088614348107311,13.505942408875399
605,-2.8935145874760524,0.046379623079101075,0.0050637958093662306,-0.040152008832279075,-0.013180784436564416,-0.017865792298216263,0.1596429058132093,13.420468673587195
606,-2.846534337376503,0.04740903946091154,0.0038319523540095725,-0.049780149852960656,-0.006848718318813934,-0.031203603503702094,0.16929837453034746,11.813983697982966
607,-2.90125247692026,0.04969389088663172,0.0057023878079546335,-0.016276030204825515,-0.06850002038795142,-0.017692290885661644,0.17352238120912866,13.642712091826649
608,-2.8913039090248356,0.05628967310279806,0.005337015020083034,-0.009219574042668608,-0.08922305831951088,-0.01721677830798466,0.17964513185725087,12.726483540801212
609,-2.9277386625046744,0.04177883386838782,0.0052846001004058,-0.03501767576057588,-0.013676438669020735,-0.021904795631712746,0.1662852036085984,14.047114911762229
610,-2.954563053322885,0.040834101755570104,0.0064653758000182545,-0.04130806295646501,0.0044324503259851175,-0.02113969512586086,0.17839378926906435,14.842093714378148
611,-2.8385435379506596,0.04232879566792889,0.003191678696914751,-0.04750436043685965,-0.008889419280300537,-0.014360242344090252,0.20176158199232574,11.36888206998308
612,-2.873577971843828,0.04497522516281715,0.004664708349706912,-0.03999652973544812,-0.09333632288856016,-0.018946515693963804,0.1862750954731296,13.179202879249356
613,-2.943320681623686,0.04756222744446567,0.005630885552242278,-0.034992142331182356,-0.0023098787204039184,-0.02896982915278501,0.2888246978502999,13.776665410512038
614,-2.876355362692082,0.04857772417776416,0.004061987534718896,-0.01672699679273531,0.005970564187879021,-0.019688600652592904,0.20419005704070267,12.020448885852389
615,-2.8522838634057988,0.04305967377780803,0.0041707756025240565,-0.045944764622174304,-0.01871979629584743,-0.022148113840882055,0.18895284751052346,12.837929694449478
616,-2.9223333544645356,0.05088540809611279,0.005224661064343864,-0.022223097989042772,-0.0733503093479592,-0.018154798247268282,0.2432886642989153,13.130267067141972
617,-2.954768610451216,0.04489004093555868,0.005734417431665721,-0.04111331179788189,-0.06236563755000171,-0.014103508578684245,0.1922260570010528,14.085910951679784
618,-2.936469118182582,0.04197601080868496,0.005558052278093703,-0.0278532040240236,-0.06085480390267021,0.007215697304041907,0.18391362838565248,14.223856064279243
619,-2.8945866416781585,0.04517063129626516,0.004859133813900798,-0.030381119367708345,-0.003989972826218337,-0.009983224131961949,0.19410394952218563,13.351987306148784
620,-2.9165305992857933,0.04627212398639007,0.005150334319490518,-0.02276350899782887,-0.0024039298406680894,-0.017072584246703246,0.2053192104625011,13.507852392097973
621,-2.8606473372599606,0.048174806944781934,0.005068920548025045,-0.05009674535191634,0.027254752199290345,0.016692109263303053,0.12661284915750293,13.248021103472235
622,-2.8067463895835663,0.047986381886853044,0.004526048129366411,-0.05440920653336209,0.003156354521797792,-0.011716985372672739,0.13661105410502827,12.698865266643715
623,-2.8357331275276145,0.05214436549082072,0.004390766831239857,-0.026471686089740033,-0.028603117248132484,-0.02046253160254854,0.11470292185188473,12.062043431705494
624,-2.907665230055636,0.04004898681399765,0.005705716642782135,-0.031753447334368294,0.02254890233019551,-0.009821267336105752,0.15400923814168316,14.49045077758457
625,-2.9146217939652095,0.048754655291249845,0.0066852041252012315,-0.04193506782235127,-0.05296273309350728,-0.008451559303690275,0.22968606662585878,14.353540267569446
626,-2.9147659915329447,0.05386422914657876,0.005657162827653525,-0.03943476702338736,-0.07120339043312056,-0.0062707765384566825,0.14917390970452882,13.23928948241706
627,-2.901409413594561,0.050845853341322224,0.005485800112125115,-0.050972038783911475,-0.0404758564641556,-0.00413382397099922,0.19138408652879751,13.365684831558205
628,-2.9021237873361985,0.036840586412630785,0.005860789883153868,-0.028460992168142372,-0.0053298901884965754,-0.022873633136926155,0.13180702047382292,14.857028903345896
629,-2.9077934859762764,0.04767667889187657,0.004680140725543099,-0.04773672955824229,-0.018735786881116972,-0.02677049366045037,0.22102689669932757,12.906490884807313
630,-2.9355125968563076,0.046018788152996766,0.004559440958972755,-0.02913406770922128,-0.011965789071377353,-0.014066954899853561,0.24373414154163434,12.953461557339168
631,-2.940459964418815,0.043621109168124034,0.00417264824308541,-0.035201794526180635,-0.013930408248378805,-0.028734057750343094,0.15952724849549021,12.772970709859193
632,-2.931129767690287,0.047356011752008896,0.00540845775408476,-0.031214622098560015,0.0038326159321822955,-0.011004308156005274,0.19624069009795603,13.62204107850865
633,-2.8958887655625296,0.042206340251005205,0.006334915802726423,-0.01755370986053565,-0.03683955135347395,-0.03195074475904699,0.1602969050435221,14.668752863862814
634,-2.895801714376931,0.04581000476323256,0.004961028351920883,-0.027966351474087808,-0.03000122112027368,-0.01074463482396431,0.15052316678138086,13.383013206778472
635,-2.8710678026570293,0.04671485964576873,0.005334341021854867,-0.025358171097102367,-0.04411950231323849,-0.024741759073624907,0.1809151679387455,13.62130922504042
636,-2.8938188904718913,0.04864310044863998,0.003937579439622399,-0.0330084745403441,-0.026780221359207188,-0.021434010690345676,0.2384780410154977,11.823222973083091
637,-2.9444925470605754,0.044651925527460855,0.0046242412871105665,-0.03351011689440639,-0.008980982545644582,-0.02793429360878389,0.2645410741153828,13.171972789144682
638,-2.849891573892528,0.04771130235424133,0.0046723213751592415,-0.02827454476116215,-0.05653905324447391,-0.010555795420566106,0.19971499278622817,12.894261489812948
639,-2.9128782952303287,0.04351559140123812,0.0040557692642623966,-0.03752367221559038,-0.012994690274498226,-0.0018188162009472892,0.2642185906897835,12.635346765818532
640,-2.877841419836639,0.04404989816238877,0.0050739942759683776,-0.03661807732466456,-0.013148313193250681,-0.02103719556254515,0.22459560699487138,13.65924833902362
641,-2.898832567967998,0.05197790167422453,0.005167267649359648,-0.03229010114076116,-0.05690714085022746,-0.012079586806711664,0.13861874858832557,12.970465514722672
642,-2.9643996162744997,0.04227168254807558,0.006444528990059214,-0.03147897388772295,-0.026752807345030695,-0.025096726353276533,0.2805061212588176,14.720343518255538
643,-2.9318802921821296,0.04163909469505281,0.006123235802740148,-0.01257865484810535,0.001081408272525715,-0.022907570807092898,0.13969940033197523,14.599910893810483
645,-2.927580384359101,0.04550267459124703,0.004153644558235297,-0.029075999229291632,-0.017550291769879357,-0.010451828735323167,0.22947315386051204,12.522560373993684
646,-2.95095101858354,0.04970681665375103,0.006505483712747836,-0.03704467418872028,-0.011506599422083973,-0.01804358684888537,0.29052996357543515,14.17962177383152
647,-2.864916894715647,0.040718068322413724,0.004837064951589899,-0.023864736648419527,0.004200347724720521,-0.012990828548501233,0.21624880634245378,13.79103560424281
648,-2.873225790349114,0.0510152468105497,0.005299162466052435,-0.03613677035178619,-0.004467200346368298,-0.0198295709068169,0.2759923398384451,13.186480209149629
649,-2.833101360874382,0.04207307328512356,0.0053888755669500975,-0.053569855596228115,-0.00515244272933793,-0.02002113566243812,0.18281862649711336,14.09630313760099
650,-2.811771736266589,0.05387008401452691,0.0030037494460903847,-0.04377379423685936,-0.011395155169484717,-0.017404440531107544,0.1435087633228243,9.03285993366673
651,-2.8602145702630652,0.04110206330248948,0.005393490547219162,-0.04702598781961179,-0.00504751801177887,-0.011105207563760908,0.1357572172579735,14.18966020774048
652,-2.7869131362209383,0.04597787085380661,0.0038335321178163866,-0.03070816330931548,-0.010616349508174685,-0.008987561858784826,0.17808266638976458,12.003197385496797
653,-2.9020020439513097,0.04608158711810235,0.006086189878730273,-0.03547662082004838,-0.04024906211538858,-0.023800555254384004,0.1451199759926793,14.21424996292458
654,-2.9091630391758,0.04693300900616049,0.004996077744729066,-0.017202724945291188,-0.037274246486479895,-0.0075609095672821,0.20250506161719029,13.303014544191644
655,-2.9177511911883536,0.039502904695763306,0.004441509266593491,-0.06131599660227399,-0.006959123370651694,-0.01683888866555171,0.22221321813754394,13.552986347131851
656,-2.88290734317899,0.04886187725677145,0.00351699320655088,-0.03595459543473092,-0.0035949326990363396,-0.024885090969108223,0.21865474459617934,11.053458680875536
657,-2.944510897925115,0.044861291874691844,0.006229603646200121,-0.02786571545998228,-0.004476415801816012,-0.02118708007164796,0.18292925738194415,14.39934621666854
658,-2.819495207924776,0.047880887150304,0.004328969119966138,-0.04589590578056271,-0.01802374944595366,-0.020016535780582746,0.08241667269217816,12.469712554720356
659,-2.9173062803990795,0.04859206777214104,0.005550661926859119,-0.05265678762202986,-0.017981070904194547,-0.018831014544548802,0.19042401138139875,13.622858281369227
660,-2.8954832022480503,0.04711101029915717,0.004692376672967181,-0.03788341834932218,-0.012847143267759365,-0.0223818740868801,0.265291707939741,12.98004810967499
661,-2.873878240770348,0.04473194185605072,0.004927815795034399,-0.036953759610593766,-0.016241576216835158,-0.012497676274487564,0.23653386981401456,13.461281050610125
662,-2.8961764470728157,0.04240579721107296,0.005291559063915918,-0.01848318003756491,0.007971449642274583,-0.0015802801699658815,0.22953403214355136,13.993071541027895
663,-2.905961204808498,0.04477622464836536,0.0043670700623119965,-0.04075811927857938,-0.02937664409450681,-0.017642732883105645,0.24431241789128752,12.873424972639423
664,-2.8871949358848723,0.053440098628370805,0.004985861708708008,-0.029595463182979453,-0.02976490346003647,-0.024683417197583758,0.14933679968323538,12.640836253537124
665,-2.9849280805172955,0.04067703552528771,0.007306150032082366,-0.039720214420486934,-0.005987533749963186,-0.007769049367321153,0.1914325383320598,15.216246905232651
666,-2.925063088235812,0.03811543968436961,0.006409105128778161,-0.0432196882952744,-0.024340306251626313,-0.013892522994998381,0.15263585122681061,15.026461657398652
667,-2.8555536743891596,0.05200859733986827,0.005656538315872173,-0.024427951594872828,0.010397687358487189,-0.015649495701295604,0.1726305738041039,13.402789264775876
668,-2.9053652865034794,0.04488888882830445,0.00514665484035545,-0.028027100710129954,-0.002180502217270051,-0.020733425240903852,0.2578475853323737,13.639022800176335
669,-2.943174228005771,0.048532953478384225,0.005508643673389143,-0.05193863323226477,-0.024706850518539825,-0.018664246229275823,0.21502773234714556,13.594836373894124
670,-2.9083138924548257,0.04947029546208272,0.004418582304773744,-0.030668199655414632,-0.029384018029177558,-0.028231484536039818,0.14999274425874376,12.402017202595045
671,-2.9071814149312867,0.046492688382295644,0.0056584815472154465,-0.03554482694672717,-0.016498585555457246,-0.019474008161627407,0.13958127433550294,13.891769903784981
672,-2.8804072924578628,0.051263043649004324,0.004038288178145936,-0.04873785664642275,-0.026081468712505187,-0.02764675465961425,0.20934231283315394,11.652874511726862
673,-2.8352052602516737,0.05208114947634463,0.005375034742826237,-0.018949901982318943,-0.04492867319485789,-0.028433551027559737,0.1631775756661913,13.155273224433156
674,-2.9823493715272815,0.045008792322505375,0.005085767604123884,-0.043702047664455464,0.003738726979604101,-0.013362474473483045,0.17789500084420243,13.575024674150544
675,-2.834683086641818,0.044501213780074836,0.0043229407044908085,-0.03778444038576448,-0.016496289410390247,-0.012788589086964616,0.20399628286861451,12.852900279912982
676,-2.9239000857529276,0.05605850365671154,0.005868240510385282,-0.020596253433918094,-0.04496339961516468,-0.010683608015113175,0.16665294969886005,13.223567987925652
677,-2.9070399606154784,0.050198911519548965,0.004886286039216672,-0.029344890345726387,-0.05592260761812545,-0.030182631854547406,0.2347471192396152,12.863285620545003
678,-2.9548291484956932,0.053203487579529134,0.006233159834362392,-0.015279686438373512,-0.02239892106990449,-0.03081593797120063,0.26133897945661555,13.73222177889399
679,-2.9501840893291273,0.043078676701840866,0.003915346886141338,-0.03965196173542973,0.026862451019118952,-0.019787536973483778,0.2938299550955284,12.498740730441913
680,-2.967331609813572,0.0446061805129013,0.005548187069527375,-0.015303034764542141,-0.025869988698475205,-0.011128022603118144,0.2743081746595096,13.980112065985088
681,-2.876850153333248,0.050198121169517905,0.0036717179011525537,-0.035611539577390744,-0.04426712511162558,-0.009346160979146546,0.17449752983742808,11.164218695319608
682,-2.910001102777717,0.04659842914703769,0.00650197101558879,-0.04074711829234419,-0.0054410239468409335,-0.004168865220562494,0.19291059095586058,14.416592058368478
683,-2.940738583323531,0.05003255272978259,0.004439727851544731,-0.04279300261760003,-0.021290869053447598,-0.029696750547247647,0.2309826011350557,12.365358147755096
684,-2.9151894356955546,0.04065837676743805,0.0053548317439788586,-0.0181531155403687,-0.01132768889710335,-0.015457290111034817,0.195658602490769,14.203580363364768
685,-2.923113671433276,0.03845343052350175,0.004783033515279919,-0.03609935155179558,-0.0135430880746582,-0.017935232051817816,0.28614309245519615,13.980225687248678
686,-2.8422018185414966,0.040221426193474026,0.0051190595648746345,-0.040087345492487464,-0.0137821089689834,-0.02204603004034106,0.1029289570688083,14.07140474888584
687,-2.893546857750682,0.05360995203940518,0.004269468391046958,-0.035629820045247146,-0.0540995065582307,-0.011719747176562415,0.2626390615065348,11.721706412931312
688,-3.008179962916015,0.038657465581984046,0.004836374693500763,-0.025555200801327185,-0.006287183743808888,-0.024874214493880407,0.2914335171560349,14.003466642696969
689,-2.8396270901988205,0.043591592000455044,0.004939590002170759,-0.032458200458097546,-0.0028435033065703393,-0.010216888783358972,0.22555555911811562,13.587529331250344
690,-2.8975808087379877,0.04420485942097372,0.004553118977286246,-0.03474346850913539,-0.00679169292332977,-0.01607975928826638,0.18636805831494702,13.14565074606059
691,-2.8955934374953975,0.04944643286223182,0.0052492189476044905,-0.030772924208275983,-0.0017855612787426995,0.001286323164756666,0.21456145842968768,13.290115219446413
692,-2.8728341846867735,0.05324201850053292,0.004301776675101554,-0.035052973313725894,-0.0044855491550780625,-0.001571641650604241,0.28127046632680763,11.811624530778783
693,-2.815900599084566,0.0430433520736,0.00493569710169943,-0.04116415300535382,-0.01611481404879981,-0.003908303707299596,0.11997372506991291,13.639587358513191
694,-2.8772129518116105,0.050079741676415636,0.004286411165208037,-0.031237686488471136,-0.013089749815953173,-0.0353602219116691,0.18832523799994477,12.158313359798154
695,-2.916110996776396,0.040731677038373174,0.005673294152540124,-0.023852892214028053,-0.010283659953253362,-0.02223445663227266,0.23547617976656357,14.410226938423753
696,-2.88581327759918,0.047702281721567735,0.0061142013681561025,-0.033548873516315476,-0.04649220425501962,-0.02712740250414483,0.1700290231964821,14.099058662836157
697,-2.943225294183782,0.04407787166262427,0.005721466360898882,-0.037426180023896485,-0.010669673473457162,-0.031039294845465762,0.26861528579721095,14.14802666988858
698,-2.889328270938496,0.04897954603393537,0.004710164308852277,-0.03915455717920091,0.005811584889708194,-0.016508739218258763,0.16393975330870447,12.80065419990941
699,-2.883702104008453,0.04625176988177192,0.004878779737616219,-0.030969258265531777,-0.05113411736926329,-0.01635446643956173,0.23289325039493275,13.25990387256439
700,-2.9185276744691944,0.053147412498410776,0.005559473946449405,-0.02077273192467572,-0.0545347056461234,-0.020631250674299616,0.15175753871468398,13.220104185185207
701,-2.9500083886038584,0.04227900895445684,0.004917181027138602,-0.02900467808602031,-0.02865418275898559,-0.02413394573447245,0.1992629885255893,13.700889521749033
702,-2.9024714720607054,0.04318003732214959,0.004609959174431585,-0.0353649035681484,0.013145179510721177,-0.030142683889276056,0.2568837014695382,13.316657296919146
703,-2.9232153662309646,0.04068981674861075,0.005258149446967686,-0.04224285876633169,0.004332915197987926,-0.013236022498671104,0.1730780861591125,14.130785444670453
704,-2.915667381719093,0.045481205189619664,0.005776659265643582,-0.03217201282244141,-0.0013008146230826811,-0.008577053274164444,0.10999451833132261,14.06336438604601
705,-2.925836258854197,0.048485594149880844,0.006012133714647653,-0.04472899844715965,-0.0005736218231435345,-0.015210617543788345,0.25941466197200397,13.96768830741796
706,-2.920807237390083,0.048709094757970896,0.005258294063486046,-0.026889278367628142,-0.0530239894499822,-0.0219596960575973,0.21564713647754147,13.368355766159011
707,-2.9442073034740566,0.03769750141647198,0.006164761719457353,-0.037120983077831446,-0.013032985881292564,-0.025526940520321117,0.2459256843942166,14.942501338089814
708,-2.876465978718617,0.04883547052323472,0.004551213840265432,-0.029205631895547368,0.00016966996049092644,-0.0265604556446474,0.1848444490771005,12.634896069793704
709,-2.935473626625823,0.04821543040519781,0.004338098755332196,-0.02818947677804167,0.008719630479123287,-0.01603713847393036,0.2470066554854394,12.442792439206972
710,-2.8526053002474976,0.04504773832809678,0.004693372349775403,-0.04684498722266827,-0.0034588751351828993,-0.013878804838791458,0.1547378813208933,13.200920045236503
711,-2.923207049561945,0.04069310606991309,0.0057535385018339606,-0.03414920591986698,0.015198147979328428,-0.009338623052965638,0.2890445604512259,14.463645280470269
712,-2.876480835956618,0.040369769771838815,0.005137227648582548,-0.0490124190806089,0.0061070423250691895,-0.038251604350399745,0.23527488410580824,14.07086034205847
713,-2.8839726262944487,0.04983835705680342,0.0034421140049480828,-0.05235330949273828,-0.003203652135793231,-0.018214353195851504,0.24414013648260705,10.7605016880382
714,-2.934838988088721,0.04864763326810426,0.005225490600117879,-0.014856144169290687,-0.03831035484898431,-0.02702864128274521,0.19002150362664277,13.345161154150116
715,-2.9512275760154485,0.044690127602800424,0.005222292867170397,-0.02158482313203138,-0.0038552569114610586,-0.03922185034594436,0.2763164769310008,13.72121587782428
716,-2.9378057348507305,0.03953349222740716,0.005253465797939311,-0.008070020469232345,0.006226452020054498,-0.030252354848176448,0.2615982367476531,14.23738939702298
717,-2.8501607653396634,0.04284981512727463,0.00545714922691315,-0.031536883528060396,-0.015601925385764057,-0.018744594942121856,0.15368488847816414,14.073974400777681
718,-2.8630702121383327,0.052089709157044285,0.004379282603665021,-0.03514155460802687,-0.027289354991865418,-0.005606460952212003,0.13369328303681752,12.052712068244874
719,-2.8910514295104006,0.04452438041223248,0.005573830093430171,-0.027819240126840433,-0.02022791146748556,-0.007018157952771567,0.1557964436295435,14.00594387827564
720,-2.9227027668125722,0.04841152348515076,0.004603684354491799,-0.026992673081713634,-0.025328959334821457,-0.013954246267328314,0.1406245831370494,12.742089187987464
721,-3.0105378876649502,0.04463961250379184,0.007001128446050866,-0.028212251716369843,-0.003653242566685094,-0.012955845117521465,0.28050562640399324,14.811970181109036
722,-2.8892803214705594,0.04428844725179195,0.003688065827087053,-0.03989592732667026,-0.007052983605876019,-0.023471454263081157,0.2423640552461389,11.995708139681943
723,-2.8700309454056145,0.049160030348584835,0.0054913002717652684,-0.013011958941678064,-0.007560660395949053,-0.0022685202152325943,0.14173876539943134,13.523826059799354
724,-2.896402055730354,0.0536515020654825,0.005075213796660774,-0.028300384579079962,-0.03765388888521851,-0.01331281678153964,0.21702232391119478,12.714360397902608
725,-2.9614707820453794,0.04926294850478329,0.0052453791620636,-0.0274155966649419,-0.02797968491035337,-0.012495707884158117,0.30875229499433465,13.304157527727451
726,-2.902807211611153,0.04012083536047933,0.004885053963408621,-0.0338719468249771,-0.03380627976627288,-0.018991917418903426,0.11735099496875827,13.893511549616086
727,-2.9080778613831137,0.049276243985010314,0.00470992782298723,-0.03727063851404037,-0.01610295393560341,-0.02551353472591647,0.1599593595983554,12.768896059880882
728,-2.9355141209180937,0.04792541068512572,0.006233110601375419,-0.020276866711283252,0.010002347320165661,-0.024538359974749378,0.2113554491175224,14.155578350033583
729,-2.8761478238315634,0.04404837502054084,0.004744165772013795,-0.031102643527986466,-0.0007121145104214106,-0.009274272312102061,0.1359879480096728,13.357626910890673
730,-2.8977033938866543,0.05090980796746049,0.004417898371491401,-0.027961248163511393,-0.005834494699326691,-0.027956613611453084,0.21217199023201433,12.238232335087162
731,-2.9095920205129486,0.03971814404755209,0.005527580777280364,-0.028819059053746817,-0.023462088018375443,-0.024830844953256034,0.15516123020894662,14.407276017493688
732,-2.8911028110313626,0.05463927808345247,0.005515342679734352,-0.0430645637318218,-0.015515565487931288,-0.018626787191764044,0.08515119522702777,13.04661076779329
733,-3.0047701747289994,0.04613656754382419,0.006473804536873868,-0.03332664193413514,-0.027374482597241286,-0.018963996660016524,0.20325078629954188,14.436672803369573
734,-2.90724548844712,0.05193703696006103,0.00550857351785217,-0.045903924659854364,-0.011949659021281691,-0.023735861973481293,0.2043017343053027,13.285799781763497
735,-2.8750735196039923,0.04481155033990369,0.004936131357962705,-0.03176745440173567,-0.050792506512244914,-0.001443027947069344,0.1800105209626602,13.460863266167333
736,-2.9367528984954903,0.04074394107407178,0.005045353298639919,-0.04527049828267769,-0.017289381782221964,-0.024912925370333256,0.22656303192262886,13.962231120162073
737,-2.9151045086227874,0.04304833624936484,0.004133561820891002,-0.022917196011128654,-0.00021973376677368294,-0.00619634834363871,0.21891324779369192,12.792827818396383
738,-2.914902393875216,0.05295288808383765,0.005124707763997436,-0.030659980122769843,-0.08506379906064265,-0.018491196032149573,0.20971705771622606,12.833569978775461
739,-2.894802838555795,0.051742912795280475,0.006265974513560045,-0.02818342632786047,-0.06098225488557252,-0.017904648760100002,0.14285936312868394,13.871120072120874
740,-2.8457430473237815,0.05138337187694321,0.0048997042373089324,-0.029837996261386352,-0.019916163380665996,-0.021005345825636134,0.1369769150004361,12.756482290738784
741,-2.883619106854929,0.04427968421190494,0.005318520049150769,-0.03709051255074804,-0.008342333179112524,-0.00559405458861171,0.14335986802255107,13.837217515145472
742,-2.8765304337185187,0.04365337970561201,0.0038263293688623086,-0.027528626628101703,-0.022422340341759064,-0.025299361532119757,0.2115152795486689,12.295658384658143
743,-2.9325910795872248,0.043015571504950785,0.00494425045381452,-0.03222758627066275,-0.04032053824987059,-0.018265688015102286,0.14914166253098438,13.649940076178382
744,-2.8854400818873214,0.044764090883975614,0.004842158019127364,-0.03014314642215783,0.012489116041417433,-0.005943489314285178,0.18613178989734178,13.37767141147091
745,-2.922019248490923,0.04412630286278585,0.006199686836848814,-0.03553397682680283,-0.005435355139838864,-0.014408339681877273,0.15546722286844214,14.441247435232194
746,-2.9475933345222183,0.04470313838027715,0.006421952377869728,-0.04039510856477944,-0.02396522443079172,-0.021023435064985458,0.240268179558152,14.519505615276305
747,-2.9344726461348762,0.04789730174716984,0.0050775653462861465,-0.04440173389516827,-0.02179760802593984,-0.020415798681952816,0.22651519404095213,13.283438175522145
748,-2.9162493379744125,0.05524410773497798,0.004598048262186599,-0.03133911387937954,-0.023342885735709893,-0.024804081784489923,0.2057886949760204,11.992656820362878
749,-2.8127928346399598,0.04438324700785118,0.0060341389888236225,-0.0340322801280588,-0.04085588736814347,-0.008341530336298865,0.09375889627392676,14.322321453809945
750,-2.8966199288968864,0.04467392032013635,0.0053647551014223156,-0.04216483016622608,-0.0026279686882849846,-0.010738525193637551,0.17940022525516594,13.836350450713743
751,-2.8312201005339115,0.05056463868334465,0.004721272634643951,-0.0468463163685193,-0.029516429030797223,-0.0035671903962598514,0.14157737283604818,12.645020252345805
752,-2.8456606828844304,0.052566175273140274,0.006020098864654787,-0.04536393553885358,-0.008292234425606594,-0.02487438328585788,0.15402191777760188,13.634110298273765
753,-2.842856077333981,0.04866168202081034,0.005246176936471089,-0.04013859061253819,-0.01630218222571398,-0.021874090669593345,0.1555323553586537,13.362176818463993
754,-2.8491938289269716,0.052185105489167154,0.0041779773058748994,-0.025016196285547528,-0.02851207593490798,-0.010245838212354672,0.16357045877783633,11.75474043195656
755,-2.8739844130783454,0.048999005271514656,0.005452881846653429,-0.029648258873140536,-0.07844894359935713,-0.006501425660981507,0.08346778956236241,13.507054191758566
756,-2.8863248104012555,0.04907322272738308,0.0053865655204922615,-0.03698495207442244,-0.023396544291303584,-0.015450824435440672,0.18156881524736906,13.444850476552041
757,-2.8577932862761006,0.04979205873711447,0.004849755582699353,-0.028636346674578986,0.0023627716159743467,-0.0149946036159085,0.16052337136503841,12.866539365948785
758,-2.8470127784425188,0.04382148888454446,0.004626588016728764,-0.027890172850733724,0.0008397305045760766,-0.009810517723383046,0.1273384940601901,13.26416781372199
759,-2.883106286132668,0.04943350081610458,0.005333534707235314,-0.03643413652904129,-0.004373574536242181,-0.015733250687846714,0.20444035336563557,13.365784275384524
760,-2.820074496437093,0.053257383905131475,0.004954572512289882,-0.0340041648427499,-0.01909363145671881,-0.010008367171756382,0.058551277209421645,12.625430975828305
761,-2.9829764178999922,0.05832613515105068,0.006499161104032941,-0.029463769892573915,-0.04187335720351691,-0.013142371520803858,0.256663097123186,13.512795096365789
762,-2.8644435595591147,0.05352943403621119,0.004150484852959794,-0.025152327607980564,-0.02301499727596599,-0.007672568083252393,0.20667644677560612,11.551423998326573
763,-2.888823495350823,0.04296634786624115,0.004777751558270474,-0.016316122451548554,-0.04024978729863669,-0.01001392741614248,0.19034822331099707,13.503497059002083
764,-2.9750798986200166,0.04774151063030622,0.00526843611593697,-0.02162457143668199,-0.012883657945475316,-0.023971106962489084,0.3030512428418431,13.469100357325337
765,-2.8821155737780657,0.04274059907436714,0.004663195223894643,-0.026697791448125577,-0.04210368862407427,-0.013047781943186239,0.1913789098643602,13.417241073742701
766,-2.910524018908108,0.048218839273805006,0.0058645417766585925,-0.03631514101949246,-0.041854755537093634,-0.014606187112937607,0.19180169815178463,13.888950824280904
767,-2.917391823340084,0.0458339232176819,0.0049347978823034554,-0.029764536273040782,-0.005275968934803205,-0.02624083736195414,0.20787673393667322,13.356048584882707
768,-2.8937374755911316,0.04904415260377169,0.006577132660416011,-0.01458117559196785,-0.04769733999379545,-0.007917340959734552,0.0870947925668329,14.271615981007931
769,-2.9225313603488225,0.04399421258484723,0.005949857871450009,-0.03264990227308715,-0.014932688715866496,-0.0016343754089119416,0.2826434068870648,14.302919033078883
770,-2.85765541187428,0.04556111451903908,0.004999490288550056,-0.02430208524299327,-0.08317920883892568,-0.013910798030033755,0.1652847239882641,13.443424040308253
771,-2.855733517056358,0.05078409503693387,0.004989462787504614,-0.0336438227084386,-0.04416627258254299,0.0007053618987239881,0.0996292363620491,12.910865437846809
772,-2.8738535579192144,0.039613759021772506,0.00576409193489452,-0.04791983304841905,-0.024260607004840787,-0.015452518873992687,0.09086130157701067,14.563746773194257
773,-2.909042136802254,0.044293416077649174,0.006285041310350301,-0.023831616523249204,-0.01865396055574287,-0.021312131804905186,0.15965484691815393,14.476282820551544
774,-2.8823071339070014,0.0502853406783112,0.004695112811214555,-0.028223550215509093,-0.0064574329787494885,-0.01522243562967871,0.18966880332309788,12.644927321213487
775,-2.93385631714502,0.04611363769366767,0.006827446309322931,-0.039744257022106474,-0.026797999421716782,-0.02465511035174544,0.2582346780387159,14.622921982506172
776,-2.906586230547802,0.043740946925162054,0.005365199865788362,-0.03999610150715669,-0.006147935140910582,-0.036084869209634815,0.23011626031087407,13.92364236008431
777,-2.9280570179627796,0.042696710294208774,0.0054252488205513765,-0.03291660637214828,-0.009850705682931263,-0.009407982328430998,0.2179248931762703,14.064999808629105
778,-2.8622818519412547,0.04266750606626446,0.004501851614679456,-0.03699808134854011,-0.03979518689519928,-0.03418770085094927,0.12442044968532226,13.261115900939963
779,-2.8654566790458476,0.05059623771001519,0.005546159101973399,-0.04655427336842251,-0.09943932783167364,-0.024222041896388866,0.2372037903959323,13.438623669125146
780,-2.8926271085238264,0.04967761809838222,0.005047412903149061,-0.0314830985230733,-0.03446442967299881,0.002290886837855994,0.17657574478472057,13.078902890291722
781,-2.877942094357894,0.0475740697878077,0.004106795596284259,-0.04671144147760881,-0.012004262501584232,-0.015669708062110158,0.1775917273349779,12.207884386691696
782,-2.9753869386313245,0.05197829452527691,0.005319471005820599,-0.024348640314932987,-0.0368128098400255,-0.026798942377234264,0.2656021100421824,13.114336137145788
783,-2.846282748669995,0.045726471527573545,0.005107337316289952,-0.03701925762691023,-0.01343823085918785,-0.007477370250955005,0.16376566438713952,13.523452956423295
784,-2.8839177972505095,0.042786887085035925,0.005387847400158583,-0.05539885173118565,0.015319324558749948,-0.00997111187245184,0.2309290509068445,14.02931524343316
785,-2.837988409931693,0.04729914402073602,0.005702326617609438,-0.05369447535322428,-0.09416168751969264,-0.02513890750792697,0.153255512191981,13.852645140084501
786,-2.975577552359697,0.04459020993281791,0.006185205477291793,-0.043831487281958605,-0.035270648431697714,-0.014661505135678514,0.2141923997109596,14.395414016840242
787,-2.903466401136607,0.049317398136284364,0.003098578531477371,-0.023097258408042033,-0.012118423548675579,-0.003802330486381588,0.16215856494924447,10.041931867260061
788,-2.8784504216920297,0.04827580725781849,0.003968019625520933,-0.028615082803672753,-0.018310006923161804,-0.022475894536908243,0.17723799155657116,11.916889051237908
789,-2.896009585869425,0.04209425044782933,0.004957468773221162,-0.05388148972330994,0.005543707656884365,-0.017058695039569128,0.1585772860153821,13.754461361893945
790,-2.9253270797316313,0.03666721704736661,0.005366694793137153,-0.03939476248474304,-0.008224456990242658,-0.01505237280100163,0.20543833904416622,14.583817558038135
791,-2.8956715743597794,0.04369665505967845,0.005940595521180155,-0.027244707279442587,-0.009207669761270165,-0.023990996698765987,0.19459169932843387,14.322199104123008
792,-2.8838033115835247,0.0519225935041376,0.005184796111313297,-0.040581226832387365,-0.09493572466465591,-0.012692710340433093,0.1384516716972482,12.992802765103743
793,-2.937300716330105,0.04006433833757703,0.006210754487192376,-0.05190661186948092,-0.007607490143118428,-0.01566953526464286,0.19997076028560262,14.774599735008326
794,-2.8534834654501733,0.049510666590393985,0.0039042734873045077,-0.0439836950584798,-0.08143107406783699,-0.018467975829082623,0.16907529013098876,11.659426427043675
795,-2.8617521407064808,0.047365593041567775,0.0054457937518273625,-0.052189468249954366,-0.0027004384064819647,-0.011161808764826106,0.16260770259938803,13.651176375741919
796,-2.9244093391972767,0.04833488986547252,0.004688110491342697,-0.03889254319418367,-0.02055822892312197,-0.020340776594768187,0.18829583242290657,12.844949798567015
797,-2.8607610363804485,0.04304973350912124,0.004375724491342653,-0.019788965874883924,0.006263986260786354,-0.0022090393005701563,0.16048513671770825,13.080845058424622
798,-2.8150036110348693,0.04415486055660262,0.0041646028792601646,-0.02798723766491358,-0.006978813637195422,-0.006093278359816939,0.11789274405579929,12.698790996796474
799,-2.966031822317588,0.04989787023294121,0.006289784424958474,-0.0338028850209793,-0.015451305810663498,-0.007927899780619582,0.22426332545640393,14.033419680097332
800,-2.9232937898494247,0.044058263253763795,0.003931698296403882,-0.016456680258213764,0.005698208083370924,-0.015506454997761392,0.24594529544493146,12.397044237338662
