概率阈值,真阳性,假阳性,假阴性,真阴性,灵敏度,特异度,精确率,F1分数,马修斯相关系数,平衡准确率,准确率,阳性判定比例,马修斯相关系数最大参考点标志
0.963771186737479,0.0,0.0,16.866666666666667,130.13333333333333,0.0,1.0,,,,0.5,0.8852607709750566,0.0,0
0.9637711867374789,0.25,0.0,16.616666666666667,130.13333333333333,0.014822134387351778,1.0,1.0,0.02921129503407984,0.1146464457774797,0.5074110671936759,0.8869614512471655,0.0017006802721088435,0
0.9236648548244567,0.5,0.0,16.366666666666667,130.13333333333333,0.029644268774703556,1.0,1.0,0.05758157389635316,0.1622728395948637,0.5148221343873518,0.8886621315192743,0.003401360544217687,0
0.8545452033237699,0.75,0.0,16.116666666666667,130.13333333333333,0.044466403162055336,1.0,1.0,0.08514664143803216,0.19891262119478165,0.5222332015810277,0.8903628117913832,0.00510204081632653,0
0.8188208175804107,1.0,0.0,15.866666666666664,130.13333333333333,0.059288537549407126,1.0,1.0,0.1119402985074627,0.22988107437225028,0.5296442687747036,0.892063492063492,0.006802721088435374,0
0.8133246611565457,1.25,0.0,15.616666666666665,130.13333333333333,0.0741106719367589,1.0,1.0,0.1379944802207912,0.2572351844814145,0.5370553359683794,0.8937641723356009,0.008503401360544218,0
0.7610888051843405,1.45,0.0,15.416666666666666,130.13333333333333,0.0859683794466403,1.0,1.0,0.15832575068243857,0.27724105467163207,0.5429841897233202,0.8951247165532878,0.009863945578231292,0
0.7216140156653003,1.7,0.0,15.166666666666664,130.13333333333333,0.10079051383399211,1.0,1.0,0.18312387791741475,0.300449371329441,0.5503952569169961,0.8968253968253967,0.011564625850340135,0
0.6797894661480302,1.7,0.25,15.166666666666664,129.88333333333333,0.10079051383399211,0.9980788934426229,0.8717948717948718,0.18069087688219665,0.2754194879372809,0.5494347036383075,0.8951247165532878,0.013265306122448979,0
0.6673099971217457,2.033333333333333,0.25,14.833333333333332,129.88333333333333,0.12055335968379445,0.9980788934426229,0.8905109489051095,0.21235857267188857,0.30575090650120834,0.5593161265632087,0.897392290249433,0.015532879818594103,0
0.6642743636624425,2.283333333333333,0.25,14.583333333333332,129.88333333333333,0.13537549407114624,0.9980788934426229,0.9013157894736842,0.2353951890034364,0.3268223660189239,0.5667271937568845,0.8990929705215419,0.017233560090702947,0
0.6454044024161614,2.533333333333333,0.25,14.333333333333332,129.88333333333333,0.15019762845849802,0.9980788934426229,0.9101796407185628,0.25784563189143345,0.3467296342297658,0.5741382609505604,0.9007936507936507,0.01893424036281179,0
0.6121740138552848,2.783333333333333,0.25,14.083333333333332,129.88333333333333,0.1650197628458498,0.9980788934426229,0.9175824175824175,0.2797319932998325,0.36565224801318597,0.5815493281442363,0.9024943310657596,0.020634920634920634,0
0.6107605859775628,3.0333333333333337,0.25,13.83333333333333,129.88333333333333,0.17984189723320163,0.9980788934426229,0.9238578680203046,0.30107526881720437,0.3837289385637127,0.5889603953379122,0.9041950113378684,0.022335600907029476,0
0.602878570440953,3.2833333333333337,0.25,13.58333333333333,129.88333333333333,0.1946640316205534,0.9980788934426229,0.9292452830188679,0.3218954248366014,0.4010694149558537,0.5963714625315881,0.9058956916099773,0.024036281179138322,0
0.5974635650477466,3.2833333333333337,0.5,13.58333333333333,129.63333333333333,0.1946640316205534,0.9961577868852459,0.8678414096916299,0.317998385794996,0.384063339962763,0.5954109092528996,0.9041950113378684,0.025736961451247164,0
0.5968687026167353,3.2833333333333337,0.75,13.58333333333333,129.38333333333333,0.1946640316205534,0.9942366803278688,0.8140495867768596,0.31419457735247214,0.36854714342995243,0.5944503559742111,0.9024943310657596,0.02743764172335601,0
0.5954398817047499,3.5333333333333337,0.75,13.33333333333333,129.38333333333333,0.2094861660079052,0.9942366803278688,0.8249027237354086,0.33412135539795124,0.38602938083909105,0.601861423167887,0.9041950113378684,0.02913832199546485,0
0.5900526626168661,3.5333333333333337,1.0,13.33333333333333,129.13333333333333,0.2094861660079052,0.9923155737704918,0.7794117647058825,0.33021806853582564,0.3720217710115544,0.6009008698891986,0.9024943310657596,0.030839002267573697,0
0.5434476544120942,3.5333333333333337,1.25,13.33333333333333,128.88333333333333,0.2094861660079052,0.9903944672131147,0.7386759581881533,0.3264049268668207,0.3590368739976244,0.59994031661051,0.9007936507936507,0.03253968253968254,0
0.5405289783139016,3.7,1.25,13.166666666666666,128.88333333333333,0.21936758893280633,0.9903944672131147,0.7474747474747475,0.33919022154316275,0.3706061493417797,0.6048810280729605,0.9019274376417232,0.0336734693877551,0
0.5159572022377696,3.7,1.5,13.166666666666666,128.63333333333333,0.21936758893280633,0.9884733606557377,0.7115384615384616,0.3353474320241692,0.35859170477793734,0.603920474794272,0.9002267573696144,0.03537414965986395,0
0.5077554367602981,3.7,1.75,13.166666666666666,128.38333333333333,0.21936758893280633,0.9865522540983607,0.6788990825688074,0.33159073935772965,0.34733929520597917,0.6029599215155835,0.8985260770975055,0.03707482993197279,0
0.496976920946071,4.033333333333333,1.75,12.833333333333332,128.38333333333333,0.23913043478260868,0.9865522540983607,0.6974063400576369,0.35614422369389254,0.36997728878562564,0.6128413444404847,0.9007936507936507,0.03934240362811791,0
0.49305395893808746,4.283333333333333,1.75,12.583333333333332,128.38333333333333,0.25395256916996045,0.9865522540983607,0.7099447513812155,0.37409024745269287,0.3863632613729591,0.6202524116341606,0.9024943310657596,0.041043083900226755,0
0.48385787564052607,4.4833333333333325,1.75,12.383333333333333,128.38333333333333,0.26581027667984186,0.9865522540983607,0.7192513368983957,0.38816738816738816,0.3991385662409006,0.6261812653891012,0.9038548752834465,0.04240362811791383,0
0.48071580005946213,4.733333333333333,1.75,12.133333333333333,128.38333333333333,0.28063241106719367,0.9865522540983607,0.7300771208226221,0.4054246966452534,0.414722255520511,0.6335923325827771,0.9055555555555554,0.044104308390022676,0
0.4636730296052642,4.733333333333333,2.0,12.133333333333333,128.13333333333333,0.28063241106719367,0.9846311475409836,0.7029702970297029,0.4011299435028249,0.40438422380577077,0.6326317793040886,0.9038548752834465,0.04580498866213152,0
0.4563623869288515,4.733333333333333,2.25,12.133333333333333,127.88333333333333,0.28063241106719367,0.9827100409836066,0.6778042959427207,0.3969252271139063,0.3945558889370872,0.6316712260254002,0.9021541950113378,0.047505668934240367,0
0.43936165554060364,4.733333333333333,2.4166666666666665,12.133333333333333,127.71666666666667,0.28063241106719367,0.9814293032786886,0.662004662004662,0.3941707147814018,0.38826498809977783,0.6310308571729412,0.9010204081632652,0.04863945578231293,0
0.4337595249146483,4.733333333333333,2.6666666666666665,12.133333333333333,127.46666666666667,0.28063241106719367,0.9795081967213115,0.6396396396396397,0.39010989010989006,0.37919140936715934,0.6300703038942526,0.8993197278911564,0.05034013605442177,0
0.4135124186047664,4.933333333333333,2.6666666666666665,11.93333333333333,127.46666666666667,0.29249011857707513,0.9795081967213115,0.6491228070175438,0.40326975476839244,0.3915046631955238,0.6359991576491933,0.9006802721088436,0.05170068027210884,0
0.411718104610928,5.183333333333333,2.6666666666666665,11.68333333333333,127.46666666666667,0.3073122529644269,0.9795081967213115,0.6602972399150743,0.4194200944032367,0.4065767938872031,0.6434102248428692,0.9023809523809524,0.05340136054421768,0
0.4069486048672988,5.183333333333333,3.1666666666666665,11.68333333333333,126.96666666666667,0.3073122529644269,0.9756659836065574,0.6207584830339321,0.4111037673496365,0.38963572469586455,0.6414891182854922,0.8989795918367347,0.05680272108843536,0
0.40118185283608104,5.433333333333333,3.1666666666666665,11.433333333333332,126.96666666666667,0.3221343873517787,0.9756659836065574,0.631782945736434,0.42670157068062825,0.4044053309540283,0.6489001854791681,0.9006802721088436,0.0585034013605442,0
0.39999427563067436,5.433333333333333,3.4166666666666665,11.433333333333332,126.71666666666667,0.3221343873517787,0.9737448770491804,0.6139359698681732,0.42255346727154897,0.3964389877281123,0.6479396322004796,0.8989795918367347,0.06020408163265305,0
0.375106696117191,5.433333333333333,3.6666666666666665,11.433333333333332,126.46666666666667,0.3221343873517787,0.9718237704918034,0.5970695970695971,0.4184852374839538,0.38876897186872106,0.6469790789217911,0.8972789115646259,0.06190476190476189,0
0.3732683736714117,5.433333333333333,3.8666666666666667,11.433333333333332,126.26666666666667,0.3221343873517787,0.9702868852459017,0.5842293906810035,0.4152866242038217,0.382833052820548,0.6462106362988402,0.8959183673469387,0.06326530612244899,0
0.3692769677213414,5.433333333333333,4.116666666666667,11.433333333333332,126.01666666666665,0.3221343873517787,0.9683657786885246,0.5689354275741709,0.4113564668769716,0.3756481334899671,0.6452500830201516,0.8942176870748298,0.06496598639455783,0
0.367858148764673,5.683333333333333,4.116666666666667,11.183333333333332,126.01666666666665,0.33695652173913043,0.9683657786885246,0.5799319727891156,0.42624999999999996,0.3901012487643383,0.6526611502138275,0.8959183673469387,0.06666666666666667,0
0.35452371060781385,5.683333333333333,4.366666666666667,11.183333333333332,125.76666666666668,0.33695652173913043,0.9664446721311475,0.5655058043117743,0.4222910216718265,0.38314410187357517,0.6517005969351389,0.8942176870748301,0.06836734693877551,0
0.34948795114551034,5.683333333333333,4.616666666666667,11.183333333333332,125.51666666666668,0.33695652173913043,0.9645235655737704,0.5517799352750808,0.4184049079754601,0.37641304931543396,0.6507400436564504,0.8925170068027212,0.07006802721088436,0
0.34765305429127097,5.683333333333333,4.816666666666667,11.183333333333332,125.31666666666666,0.33695652173913043,0.9629866803278688,0.5412698412698412,0.41534713763702796,0.3711820418638327,0.6499716010334996,0.891156462585034,0.07142857142857142,0
0.3351647849312846,5.683333333333333,5.066666666666666,11.183333333333332,125.06666666666666,0.33695652173913043,0.9610655737704918,0.5286821705426356,0.4115872057936028,0.36482524658454046,0.6490110477548111,0.8894557823129252,0.07312925170068027,0
0.32048244188800545,5.683333333333333,5.316666666666666,11.183333333333332,124.81666666666666,0.33695652173913043,0.9591444672131147,0.5166666666666666,0.4078947368421053,0.35866002079836273,0.6480504944761226,0.8877551020408163,0.07482993197278912,0
0.31790811526732443,5.683333333333333,5.566666666666666,11.183333333333332,124.56666666666666,0.33695652173913043,0.9572233606557378,0.5051851851851852,0.4042679312388856,0.35267583061185787,0.6470899411974341,0.8860544217687075,0.07653061224489796,0
0.3115728881019567,5.683333333333333,5.816666666666666,11.183333333333332,124.31666666666666,0.33695652173913043,0.9553022540983607,0.4942028985507246,0.4007050528789659,0.34686294034853504,0.6461293879187455,0.8843537414965986,0.0782312925170068,0
0.3114276678924754,5.683333333333333,6.066666666666666,11.183333333333332,124.06666666666668,0.33695652173913043,0.9533811475409836,0.48368794326241127,0.3972044263249854,0.3412123361110086,0.645168834640057,0.8826530612244898,0.07993197278911565,0
0.3052233347796992,5.683333333333333,6.316666666666667,11.183333333333332,123.81666666666668,0.33695652173913043,0.9514600409836065,0.47361111111111104,0.3937644341801385,0.335715658118509,0.6442082813613684,0.8809523809523809,0.08163265306122448,0
0.30420672856941644,5.683333333333333,6.566666666666667,11.183333333333332,123.56666666666668,0.33695652173913043,0.9495389344262294,0.46394557823129245,0.3903835145964511,0.33036514065232786,0.6432477280826799,0.8792517006802721,0.08333333333333333,0
0.29680391747812196,5.683333333333333,6.816666666666667,11.183333333333332,123.31666666666666,0.33695652173913043,0.9476178278688525,0.4546666666666666,0.38706015891032913,0.3251535586174932,0.6422871748039914,0.8775510204081632,0.08503401360544217,0
0.2966917601934485,5.683333333333333,7.066666666666666,11.183333333333332,123.06666666666666,0.33695652173913043,0.9456967213114754,0.4457516339869281,0.3837929093978616,0.3200741798752802,0.641326621525303,0.8758503401360545,0.08673469387755102,0
0.2831531046973865,5.933333333333334,7.066666666666666,10.933333333333332,123.06666666666666,0.35177865612648224,0.9456967213114754,0.45641025641025645,0.3973214285714286,0.3339149449432627,0.6487376887189789,0.8775510204081632,0.08843537414965986,0
0.2795222284401453,6.183333333333334,7.066666666666666,10.683333333333334,123.06666666666666,0.366600790513834,0.9456967213114754,0.4666666666666667,0.41062534587714444,0.34755424538276586,0.6561487559126546,0.8792517006802721,0.09013605442176871,0
0.27837108104230046,6.183333333333334,7.316666666666666,10.683333333333334,122.81666666666666,0.366600790513834,0.9437756147540984,0.4580246913580247,0.407244785949506,0.3425232767028328,0.6551882026339662,0.8775510204081632,0.09183673469387756,0
0.27308646628940686,6.433333333333334,7.316666666666666,10.433333333333334,122.81666666666666,0.3814229249011858,0.9437756147540984,0.4678787878787879,0.4202504082743604,0.3559365092799461,0.6625992698276422,0.8792517006802721,0.0935374149659864,0
0.26796857026629906,6.433333333333334,7.566666666666666,10.433333333333334,122.56666666666666,0.3814229249011858,0.9418545081967213,0.45952380952380956,0.41684665226781864,0.3509897702260713,0.6616387165489536,0.8775510204081632,0.09523809523809523,0
0.26627275937701606,6.433333333333334,7.816666666666666,10.433333333333334,122.31666666666665,0.3814229249011858,0.9399334016393441,0.45146198830409356,0.41349758971612216,0.34615536370925576,0.660678163270265,0.8758503401360545,0.09693877551020408,0
0.2617457743607675,6.433333333333334,8.15,10.433333333333334,121.98333333333333,0.3814229249011858,0.9373719262295083,0.4411428571428571,0.4091149973502915,0.3398759854203687,0.659397425565347,0.8735827664399093,0.0992063492063492,0
0.2616601051121427,6.633333333333333,8.15,10.233333333333334,121.98333333333333,0.39328063241106714,0.9373719262295083,0.44870349492671924,0.41916798314902576,0.35038984359548714,0.6653262793202877,0.8749433106575965,0.10056689342403628,0
0.2559967011799919,6.633333333333333,8.349999999999998,10.233333333333334,121.78333333333332,0.39328063241106714,0.9358350409836065,0.442714126807564,0.41653584510727365,0.34668804916169427,0.6645578366973368,0.8735827664399094,0.10192743764172335,0
0.2526879665817928,6.633333333333333,8.6,10.233333333333334,121.53333333333332,0.39328063241106714,0.9339139344262294,0.43544857768052514,0.41329179646936653,0.34214857785186586,0.6635972834186483,0.8718820861678004,0.1036281179138322,0
0.2518715821691742,6.633333333333333,8.766666666666666,10.233333333333334,121.36666666666667,0.39328063241106714,0.9326331967213116,0.43073593073593075,0.4111570247933884,0.33917465500237526,0.6629569145661893,0.8707482993197279,0.10476190476190475,0
0.24962762731271415,6.883333333333333,8.766666666666666,9.983333333333333,121.36666666666667,0.40810276679841895,0.9326331967213116,0.4398296059637913,0.42337262942080983,0.35209079652824254,0.6703679817598653,0.8724489795918368,0.1064625850340136,0
0.2489618530992138,6.883333333333333,8.933333333333332,9.983333333333333,121.19999999999999,0.40810276679841895,0.9313524590163934,0.4351949420442571,0.42121366649668535,0.34913597034491994,0.6697276129074061,0.871315192743764,0.10759637188208616,0
0.24864747972909004,6.883333333333333,9.183333333333332,9.983333333333333,120.94999999999999,0.40810276679841895,0.9294313524590163,0.4284232365145229,0.4180161943319839,0.3447772360752918,0.6687670596287176,0.8696145124716552,0.10929705215419501,0
0.2478717180980407,6.883333333333333,9.383333333333331,9.983333333333333,120.75,0.40810276679841895,0.9278944672131149,0.42315573770491804,0.4154929577464789,0.3413517702668559,0.6679986170057669,0.8682539682539682,0.11065759637188208,0
0.24731795025016565,7.133333333333333,9.383333333333331,9.733333333333333,120.75,0.4229249011857707,0.9278944672131149,0.4318869828456105,0.42735896155766345,0.3540411535732158,0.6754096841994428,0.8699546485260771,0.11235827664399092,0
0.24695238285534923,7.383333333333333,9.383333333333331,9.483333333333333,120.75,0.4377470355731225,0.9278944672131149,0.4403578528827038,0.4390485629335976,0.36658943958668727,0.6828207513931187,0.8716553287981859,0.11405895691609977,0
0.2461680076903038,7.383333333333333,9.633333333333331,9.483333333333333,120.5,0.4377470355731225,0.9259733606557378,0.4338883447600392,0.4358091490408264,0.36232264900749256,0.6818601981144301,0.8699546485260771,0.11575963718820861,0
0.24362562441429775,7.383333333333333,9.833333333333332,9.483333333333333,120.30000000000001,0.4377470355731225,0.924436475409836,0.4288480154888674,0.43325183374083126,0.35896622253509514,0.6810917554914793,0.86859410430839,0.11712018140589568,0
0.23844368411033484,7.633333333333333,9.833333333333332,9.233333333333333,120.30000000000001,0.45256916996047425,0.924436475409836,0.4370229007633588,0.4446601941747573,0.3713308013145974,0.6885028226851551,0.8702947845804989,0.11882086167800453,0
0.23808011569759735,7.633333333333333,10.333333333333332,9.233333333333333,119.80000000000001,0.45256916996047425,0.9205942622950819,0.424860853432282,0.4382775119617225,0.36309751245005467,0.6865817161277781,0.8668934240362812,0.1222222222222222,0
0.2379514316076622,7.633333333333333,10.476190476190474,9.233333333333333,119.65714285714287,0.45256916996047425,0.9194964871194379,0.421509334735735,0.43648740639891087,0.3607983674560317,0.6860328285399561,0.8659216067379333,0.12319403952057012,0
0.23549427407294718,7.633333333333333,10.809523809523808,9.233333333333333,119.32380952380953,0.45256916996047425,0.916935011709602,0.41389104053705134,0.43236682400539433,0.35552165489060833,0.6847520908350382,0.8636540330417881,0.12546161321671526,0
0.23220467366650827,7.633333333333333,10.976190476190476,9.233333333333333,119.15714285714284,0.45256916996047425,0.9156542740046838,0.4101842374616172,0.4303355704697986,0.35292815748701944,0.684111721982579,0.8625202461937155,0.1265954000647878,0
0.23131767286197735,7.633333333333333,11.226190476190474,9.233333333333333,118.90714285714287,0.45256916996047425,0.9137331674473068,0.4047468753945209,0.42732422525824726,0.34909213949069773,0.6831511687038905,0.8608195659216068,0.12829608033689666,0
0.23114356006762216,7.633333333333333,11.476190476190474,9.233333333333333,118.65714285714287,0.45256916996047425,0.9118120608899297,0.39945178170944434,0.42435473196558565,0.3453193160013499,0.682190615425202,0.8591188856494979,0.1299967606090055,0
0.22881475587937486,7.633333333333333,11.64285714285714,9.233333333333333,118.49047619047619,0.45256916996047425,0.9105313231850117,0.3959980237154151,0.4223978919631094,0.34283820348487787,0.681550246572743,0.8579850988014253,0.13113054745707806,0
0.2267902896821096,7.883333333333333,11.64285714285714,8.983333333333333,118.49047619047619,0.46739130434782605,0.9105313231850117,0.40373125228630663,0.4332351979064442,0.3548890180798386,0.6889613137664189,0.859685779073534,0.1328312277291869,0
0.22506210283853048,8.133333333333333,11.64285714285714,8.733333333333333,118.49047619047619,0.4822134387351778,0.9105313231850117,0.41126896219600295,0.44392462638076674,0.36682911129601214,0.6963723809600948,0.861386459345643,0.13453190800129575,0
0.22502037483577222,8.133333333333333,11.892857142857142,8.733333333333333,118.24047619047619,0.4822134387351778,0.9086102166276346,0.40613482344548807,0.4409164246531139,0.3631060661620632,0.6954118276814062,0.859685779073534,0.1362325882734046,0
0.22313570103990826,8.133333333333333,12.14285714285714,8.733333333333333,117.99047619047619,0.4822134387351778,0.9066891100702577,0.4011272898074214,0.43794871794871804,0.3594408283556394,0.6944512744027177,0.8579850988014253,0.13793326854551344,0
0.22274281980548713,8.383333333333333,12.14285714285714,8.483333333333334,117.99047619047619,0.4970355731225296,0.9066891100702577,0.4084212968333141,0.44839223177332066,0.37122715170312215,0.7018623415963936,0.859685779073534,0.13963394881762228,0
0.22199439550164954,8.583333333333332,12.14285714285714,8.283333333333333,117.99047619047619,0.508893280632411,0.9066891100702577,0.4141298104537622,0.4566470327443156,0.3805832420322248,0.7077911953513343,0.8610463232912212,0.14099449303530934,0
0.21992326059013817,8.583333333333332,12.34285714285714,8.283333333333333,117.7904761904762,0.508893280632411,0.9051522248243561,0.41017180566617367,0.4542304542304542,0.37765866869066916,0.7070227527283836,0.8596857790735342,0.14235503725299645,0
0.21920357290397016,8.833333333333332,12.34285714285714,8.033333333333335,117.7904761904762,0.5237154150197627,0.9051522248243561,0.41713514729030815,0.4643885342345725,0.38924841575617636,0.7144338199220595,0.8613864593456431,0.1440557175251053,0
0.213422035489519,8.833333333333332,12.676190476190476,8.033333333333335,117.45714285714286,0.5237154150197627,0.90259074941452,0.41067079920301086,0.46035488273979397,0.3844233325533151,0.7131530822171414,0.8591188856494979,0.14632329122125037,0
0.2111926579461817,8.833333333333332,12.926190476190476,8.033333333333335,117.20714285714286,0.5237154150197627,0.9006696428571429,0.4059525112156691,0.4573753313197312,0.38086577135286365,0.7121925289384528,0.857418205377389,0.14802397149335922,0
0.21036939671782617,8.833333333333332,13.176190476190476,8.033333333333335,116.95714285714286,0.5237154150197627,0.8987485362997658,0.40134141064474255,0.45443410093091613,0.3773590590873451,0.7112319756597643,0.8557175251052802,0.14972465176546806,0
0.20935764201764737,8.833333333333332,13.376190476190475,8.033333333333335,116.75714285714285,0.5237154150197627,0.8972116510538641,0.3977272727272727,0.45210821350231534,0.3745893415839116,0.7104635330368134,0.854356980887593,0.15108519598315517,0
0.2089842973517531,8.833333333333332,13.626190476190473,8.033333333333335,116.50714285714287,0.5237154150197627,0.8952905444964873,0.39330011661189446,0.44923412241932553,0.3711706053326133,0.7095029797581249,0.8526563006154844,0.152785876255264,0
0.2071520192189541,9.033333333333331,13.626190476190473,7.833333333333334,116.50714285714287,0.5355731225296442,0.8952905444964873,0.398655038352422,0.4570808987410397,0.3802919469996206,0.7154318335130657,0.8540168448331714,0.15414642047295107,0
0.20711755863939432,9.033333333333331,13.876190476190477,7.833333333333334,116.25714285714285,0.5355731225296442,0.8933694379391101,0.39430471835377257,0.4542080689572608,0.37690403893731067,0.7144712802343771,0.8523161645610625,0.15584710074505992,0
0.20700726250290005,9.283333333333333,13.876190476190477,7.583333333333334,116.25714285714285,0.550395256916996,0.8933694379391101,0.40084301429012026,0.463862946880019,0.3882089434959585,0.721882347428053,0.8540168448331713,0.15754778101716876,0
0.2012988822094195,9.283333333333333,14.126190476190475,7.583333333333334,116.00714285714287,0.550395256916996,0.891448331381733,0.39656224572823434,0.4609836840860723,0.38484750283820096,0.7209217941493644,0.8523161645610626,0.1592484612892776,0
0.19751045769432327,9.283333333333333,14.326190476190474,7.583333333333334,115.80714285714285,0.550395256916996,0.8899114461358314,0.3932029043969343,0.4587058823529412,0.38219039750352735,0.7201533515264137,0.8509556203433754,0.16060900550696466,0
0.19078267098347534,9.450000000000001,14.326190476190474,7.416666666666667,115.80714285714285,0.5602766798418973,0.8899114461358314,0.3974564390146205,0.4650263620386644,0.38965880382164636,0.7250940629888644,0.852089407191448,0.16174279235503725,0
0.189901164679067,9.7,14.326190476190474,7.166666666666667,115.80714285714285,0.5750988142292489,0.8899114461358314,0.40372609255772474,0.4744104803493449,0.4007953483540832,0.7325051301825402,0.8537900874635568,0.1634434726271461,0
0.18670921173348123,9.7,14.576190476190474,7.166666666666667,115.55714285714285,0.5750988142292489,0.8879903395784543,0.3995684582189094,0.47152777777777777,0.3974832529398349,0.7315445769038516,0.852089407191448,0.16514415289925494,0
0.18522947616881938,9.7,14.776190476190473,7.166666666666667,115.35714285714286,0.5750988142292489,0.8864534543325527,0.39630350194552527,0.4692467173462335,0.3948640905438996,0.7307761342809008,0.8507288629737609,0.166504697116942,0
0.18091938633653545,9.7,15.026190476190473,7.166666666666667,115.10714285714286,0.5750988142292489,0.8845323477751758,0.3922965816080886,0.4664262407693628,0.3916273794896791,0.7298155810022123,0.8490281827016521,0.16820537738905084,0
0.17786690661374913,9.899999999999999,15.026190476190473,6.966666666666668,115.10714285714286,0.5869565217391304,0.8845323477751758,0.39717260483331746,0.47376516834729104,0.40044340855154587,0.7357444347571531,0.8503887269193392,0.16956592160673795,0
0.17745513786071002,9.899999999999999,15.19285714285714,6.966666666666668,114.9404761904762,0.5869565217391304,0.8832516100702575,0.394534585824082,0.47188333427906715,0.3982991781672303,0.7351040659046939,0.8492549400712668,0.1706997084548105,0
0.1768293869380968,9.899999999999999,15.44285714285714,6.966666666666668,114.6904761904762,0.5869565217391304,0.8813305035128806,0.3906426155580609,0.4690884476534296,0.3951158385663504,0.7341435126260054,0.8475542597991579,0.17240038872691932,0
0.17679416771595616,9.899999999999999,15.585714285714285,6.966666666666668,114.54761904761905,0.5869565217391304,0.8802327283372366,0.38845291479820626,0.467506183944232,0.3933142443559984,0.7335946250381835,0.8465824425008098,0.17337220602526723,0
0.1733635730431589,9.899999999999999,15.835714285714284,6.966666666666668,114.29761904761905,0.5869565217391304,0.8783116217798596,0.3846794338051624,0.46476275638517855,0.3901913669224825,0.732634071759495,0.8448817622287009,0.17507288629737608,0
0.17210469851023139,9.899999999999999,16.085714285714285,6.966666666666668,114.04761904761905,0.5869565217391304,0.8763905152224825,0.3809785596481583,0.4620513390376708,0.38710577283994835,0.7316735184808064,0.8431810819565921,0.17677356656948492,0
0.16998987761085163,9.899999999999999,16.335714285714285,6.966666666666668,113.79761904761905,0.5869565217391304,0.8744694086651055,0.3773482167165804,0.45937137491023583,0.38405657092021567,0.7307129652021179,0.8414804016844832,0.17847424684159377,0
0.16877041567359602,9.899999999999999,16.585714285714285,6.966666666666668,113.54761904761905,0.5869565217391304,0.8725483021077284,0.37378640776699024,0.4567223198594024,0.3810428990463163,0.7297524119234293,0.8397797214123744,0.18017492711370262,0
0.16677589315870922,9.899999999999999,16.835714285714282,6.966666666666668,113.29761904761907,0.5869565217391304,0.8706271955503513,0.37029121025915046,0.45410364222137284,0.3780639229525071,0.7287918586447408,0.8380790411402658,0.18187560738581146,0
0.16599694351031444,9.899999999999999,17.335714285714282,6.966666666666668,112.79761904761907,0.5869565217391304,0.8667849824355972,0.3634933123524784,0.4489553528046213,0.372206853409031,0.7268707520873638,0.8346776805960481,0.18527696793002915,0
0.16536799963397858,10.899999999999999,17.335714285714282,5.966666666666667,112.79761904761907,0.6462450592885375,0.8667849824355972,0.38603592208449283,0.483344771155572,0.41505856987888146,0.7565150208620673,0.8414804016844835,0.1920796890184645,0
0.16513597197584046,10.899999999999999,17.535714285714285,5.966666666666667,112.59761904761906,0.6462450592885375,0.8652480971896955,0.38332077367495604,0.48121091081095285,0.41270499010908146,0.7557465782391165,0.8401198574667963,0.1934402332361516,0
0.16509335920193874,11.1,17.535714285714285,5.766666666666667,112.59761904761906,0.658102766798419,0.8652480971896955,0.38762783736592665,0.4878865574799854,0.42115067642619675,0.7616754319940573,0.8414804016844833,0.19480077745383867,0
0.16303958506015795,11.1,17.735714285714284,5.766666666666667,112.39761904761906,0.658102766798419,0.8637112119437939,0.3849393113698291,0.4857514977858817,0.4188091326360663,0.7609069893711065,0.8401198574667963,0.19616132167152575,0
0.16229468553849713,11.1,17.935714285714287,5.766666666666667,112.19761904761906,0.658102766798419,0.8621743266978922,0.38228782287822877,0.4836350433113751,0.416487609144764,0.7601385467481556,0.8387593132491092,0.19752186588921283,0
0.16187098377875356,11.1,18.185714285714287,5.766666666666667,111.94761904761904,0.658102766798419,0.8602532201405152,0.37902439024390244,0.48101527032604213,0.41361333376104836,0.7591779934694671,0.8370586329770002,0.19922254616132168,0
0.1597055525705082,11.35,18.185714285714287,5.516666666666667,111.94761904761904,0.6729249011857708,0.8602532201405152,0.38428053204353085,0.4891990353532763,0.42408661753531546,0.7665890606631429,0.8387593132491091,0.20092322643343052,1
0.15860881489470877,11.35,18.435714285714283,5.516666666666667,111.69761904761904,0.6729249011857708,0.8583321135831382,0.38105515587529976,0.4865775237317546,0.4212300090760571,0.7656285073844544,0.8370586329770002,0.20262390670553937,0
0.15591916869050573,11.35,18.635714285714286,5.516666666666667,111.49761904761904,0.6729249011857708,0.8567952283372365,0.37851357789423534,0.48450045736355324,0.41896596340555115,0.7648600647615036,0.8356980887593132,0.20398445092322645,0
0.15537126122414943,11.35,18.885714285714286,5.516666666666667,111.24761904761904,0.6729249011857708,0.8548741217798594,0.3753838884951571,0.4819289288783299,0.4161619408471723,0.7638995114828151,0.8339974084872043,0.2056851311953353,0
0.15518696178221517,11.35,19.135714285714286,5.516666666666667,110.99761904761905,0.6729249011857708,0.8529530152224826,0.37230552952202434,0.47938455349959774,0.413386286710724,0.7629389582041266,0.8322967282150956,0.20738581146744414,0
0.15497834327357127,11.35,19.635714285714283,5.516666666666667,110.49761904761905,0.6729249011857708,0.8491108021077284,0.3662978331028124,0.4743755597571898,0.4079177687463305,0.7610178516467496,0.8288953676708779,0.21078717201166183,0
0.15200439909392346,11.35,19.885714285714286,5.516666666666667,110.24761904761905,0.6729249011857708,0.8471896955503514,0.36336611022181564,0.47191011235955055,0.4052237873895229,0.7600572983680611,0.827194687398769,0.21248785228377065,0
0.1514321204782496,11.35,20.135714285714286,5.516666666666667,109.99761904761905,0.6729249011857708,0.8452685889929743,0.36048094373865697,0.4694701595430372,0.4025559382567491,0.7590967450893725,0.8254940071266602,0.2141885325558795,0
0.15129785489815062,11.35,20.385714285714286,5.516666666666667,109.74761904761905,0.6729249011857708,0.8433474824355973,0.35764123340085524,0.4670553078920296,0.3999137000111145,0.758136191810684,0.8237933268545513,0.21588921282798834,0
0.15114788065769982,11.35,20.635714285714286,5.516666666666667,109.49761904761905,0.6729249011857708,0.8414263758782202,0.3548459133541759,0.4646651720440588,0.39729656534485935,0.7571756385319954,0.8220926465824425,0.2175898931000972,0
0.1492173782028605,11.35,20.885714285714286,5.516666666666667,109.24761904761905,0.6729249011857708,0.8395052693208432,0.35209395080877465,0.4622993744847985,0.3947040404906562,0.7562150852533069,0.8203919663103336,0.21929057337220603,0
0.14910583665283214,11.6,20.885714285714286,5.266666666666667,109.24761904761905,0.6877470355731224,0.8395052693208432,0.357080035180299,0.47008876881512923,0.4049965752379716,0.7636261524469828,0.8220926465824425,0.22099125364431488,0
0.1483214436969655,11.6,21.135714285714286,5.266666666666667,108.99761904761905,0.6877470355731224,0.8375841627634661,0.3543530438577351,0.46771948351173614,0.4024166452813724,0.7626655991682942,0.8203919663103336,0.22269193391642372,0
0.14698715301900395,11.6,21.302380952380954,5.266666666666667,108.8309523809524,0.6877470355731224,0.836303425058548,0.35255807221940805,0.4661531837535282,0.400709889694193,0.7620252303158352,0.8192581794622612,0.22382572076449628,0
0.14640943348711613,11.6,21.469047619047622,5.266666666666667,108.66428571428573,0.6877470355731224,0.8350226873536299,0.3507811937504499,0.4645973394364181,0.399013534628099,0.7613848614633763,0.8181243926141886,0.22495950761256886,0
0.143765131450927,11.6,21.719047619047615,5.266666666666667,108.41428571428571,0.6877470355731224,0.833101580796253,0.34814920680291556,0.4622829490463991,0.39648821375890564,0.7604243081846878,0.8164237123420797,0.2266601878846777,0
0.14371491584198187,11.6,21.96904761904762,5.266666666666667,108.16428571428571,0.6877470355731224,0.8311804742388759,0.3455564224413079,0.4599915026200254,0.3939855587422654,0.7594637549059992,0.8147230320699708,0.22836086815678655,0
0.14316796363567388,11.6,22.21904761904762,5.266666666666667,107.91428571428571,0.6877470355731224,0.8292593676814989,0.343001971275697,0.4577226606538895,0.39150514299276457,0.7585032016273107,0.813022351797862,0.2300615484288954,0
0.14249407003653938,11.85,22.21904761904762,5.016666666666667,107.91428571428571,0.7025691699604742,0.8292593676814989,0.3478230484310574,0.46529238535969714,0.40169280592197765,0.7659142688209866,0.8147230320699708,0.23176222870100424,0
0.1419088682375589,11.85,22.469047619047622,5.016666666666667,107.66428571428571,0.7025691699604742,0.8273382611241218,0.3452893020674344,0.4630198157968182,0.3992234559402289,0.7649537155422981,0.813022351797862,0.2334629089731131,0
0.13994866220639074,11.85,22.719047619047622,5.016666666666667,107.41428571428571,0.7025691699604742,0.8254171545667448,0.3427922033197878,0.4607693375920011,0.39677557524600376,0.7639931622636096,0.8113216715257531,0.23516358924522193,0
0.13918620012268065,12.1,22.719047619047622,4.766666666666667,107.41428571428571,0.717391304347826,0.8254171545667448,0.34751094091903717,0.4682144831398562,0.40689983126767054,0.7714042294572854,0.813022351797862,0.23686426951733078,0
0.13879145895897685,12.1,22.969047619047622,4.766666666666667,107.16428571428571,0.717391304347826,0.8234960480093677,0.34503360716952947,0.4659606656580938,0.40446286066295084,0.7704436761785969,0.8113216715257531,0.23856494978943962,0
0.138595050585344,12.1,23.16904761904762,4.766666666666667,106.96428571428572,0.717391304347826,0.8219591627634659,0.3430770269357996,0.4641731744074531,0.40252823672163507,0.769675233555646,0.8099611273080661,0.23992549400712665,0
0.13801562614364385,12.1,23.36904761904762,4.766666666666667,106.76428571428572,0.717391304347826,0.8204222775175645,0.34114251191515066,0.4623993448887675,0.40060669663361725,0.7689067909326952,0.808600583090379,0.2412860382248137,0
0.1378786021916156,12.1,23.619047619047617,4.766666666666667,106.51428571428572,0.717391304347826,0.8185011709601875,0.3387548326889748,0.4602010323281717,0.39822288547875295,0.7679462376540067,0.8068999028182702,0.24298671849692255,0
0.1377135824278646,12.1,23.86904761904762,4.766666666666667,106.26428571428572,0.717391304347826,0.8165800644028104,0.3364003442112927,0.45802352304988503,0.39585886697644257,0.7669856843753182,0.8051992225461613,0.2446873987690314,0
0.13770239128370607,12.1,24.03571428571429,4.766666666666667,106.09761904761905,0.717391304347826,0.8152993266978923,0.33484878434473214,0.456583262207448,0.3942936774879953,0.7663453155228592,0.8040654356980887,0.24582118561710398,0
0.13690067342932669,12.1,24.285714285714292,4.766666666666667,105.84761904761905,0.717391304347826,0.8133782201405153,0.3325480957989791,0.45443977465796287,0.39196187351613454,0.7653847622441707,0.8023647554259798,0.24752186588921282,0
0.13498338863498943,12.1,24.48571428571429,4.766666666666667,105.64761904761905,0.717391304347826,0.8118413348946136,0.3307301835220617,0.45273942093541203,0.39011003839438063,0.7646163196212199,0.8010042112082928,0.24888241010689993,0
0.1348379310534751,12.1,24.73571428571429,4.766666666666667,105.39761904761905,0.717391304347826,0.8099202283372365,0.3284855536164436,0.45063178896031914,0.38781197803221573,0.7636557663425313,0.7993035309361839,0.2505830903790088,0
0.13313198857901318,12.1,24.985714285714288,4.766666666666667,105.14761904761905,0.717391304347826,0.8079991217798596,0.32627118644067793,0.4485436893203883,0.3855322099659911,0.7626952130638428,0.7976028506640751,0.2522837706511176,0
0.1326145149368445,12.1,25.235714285714288,4.766666666666667,104.89761904761905,0.717391304347826,0.8060780152224825,0.3240864740769083,0.4464748517461014,0.3832704192041708,0.7617346597851542,0.7959021703919662,0.25398445092322647,0
0.132555325132162,12.1,25.485714285714284,4.766666666666667,104.64761904761905,0.717391304347826,0.8041569086651054,0.32193082478145196,0.44442501093135117,0.38102629791285375,0.7607741065064657,0.7942014901198574,0.2556851311953353,0
0.13214231282431008,12.1,25.735714285714288,4.766666666666667,104.39761904761905,0.717391304347826,0.8022358021077284,0.3198036624504436,0.44239390642002174,0.3787995452028915,0.7598135532277772,0.7925008098477486,0.25738581146744416,0
0.13162100518383887,12.1,25.985714285714288,4.766666666666667,104.14761904761905,0.717391304347826,0.8003146955503513,0.3177044261065266,0.4403812824956672,0.37658986692465934,0.7588529999490887,0.7908001295756397,0.259086491739553,0
0.13133223366241695,12.1,26.235714285714288,4.766666666666667,103.89761904761905,0.717391304347826,0.7983935889929743,0.31563256940562695,0.4383868880741859,0.3743969754701586,0.7578924466704002,0.7890994493035309,0.26078717201166185,0
0.1303122375463614,12.1,26.48571428571429,4.766666666666667,103.64761904761905,0.717391304347826,0.7964724824355972,0.31358756016290257,0.4364104765993989,0.3722205895821387,0.7569318933917116,0.787398769031422,0.2624878522837707,0
0.12998826803036345,12.1,26.65238095238096,4.766666666666667,103.48095238095237,0.717391304347826,0.7951917447306791,0.312238879331531,0.4351027397260273,0.3707786993203483,0.7562915245392525,0.7862649821833494,0.26362163913184317,0
0.12983342973532644,12.1,26.98571428571429,4.766666666666667,103.14761904761906,0.717391304347826,0.792630269320843,0.30957602339181284,0.4325106382978723,0.3679162401318354,0.7550107868343345,0.7839974084872045,0.26588921282798833,0
0.12967314251613926,12.1,27.152380952380955,4.766666666666667,102.98095238095237,0.717391304347826,0.791349531615925,0.3082615552590076,0.43122613491726763,0.3664955146184659,0.7543704179818755,0.7828636216391317,0.26702299967606086,0
0.12888731767483533,12.1,27.402380952380952,4.766666666666667,102.73095238095239,0.717391304347826,0.7894284250585482,0.3063106503526008,0.4293136219640971,0.3643773405917444,0.753409864703187,0.781162941367023,0.2687236799481697,0
0.12838304874099085,12.1,27.652380952380952,4.766666666666667,102.48095238095237,0.717391304347826,0.787507318501171,0.30438428366075704,0.42741799831791416,0.36227443832777795,0.7524493114244986,0.7794622610949141,0.27042436022027855,0
0.12800036242662488,12.1,27.795238095238098,4.766666666666667,102.33809523809524,0.717391304347826,0.7864095433255269,0.30329434232513725,0.4263422818791946,0.3610795407254517,0.7519004238366764,0.7784904437965662,0.2713961775186265,0
0.12769830050983638,12.266666666666667,27.795238095238098,4.6,102.33809523809524,0.7272727272727273,0.7864095433255269,0.3061927968619993,0.43094939355918027,0.36768123484606446,0.7568411352991271,0.7796242306446388,0.272529964366699,0
0.1276042976851933,12.266666666666667,27.961904761904766,4.6,102.17142857142858,0.7272727272727273,0.7851288056206088,0.3049242424242424,0.42969140950792317,0.36628952285782473,0.7562007664466681,0.7784904437965663,0.2736637512147716,0
0.12645095414668409,12.266666666666667,28.128571428571433,4.6,102.0047619047619,0.7272727272727273,0.783848067915691,0.30366615584109397,0.4284407484407484,0.3649043752044419,0.7555603975942091,0.7773566569484937,0.27479753806284424,0
0.1254758912856616,12.266666666666667,28.378571428571433,4.6,101.7547619047619,0.7272727272727273,0.7819269613583139,0.3017983715072345,0.4265783481680811,0.3628388082291618,0.7545998443155206,0.7756559766763849,0.2764982183349531,0
0.12315543106335969,12.266666666666667,28.5452380952381,4.6,101.58809523809524,0.7272727272727273,0.7806462236533958,0.3005658946385858,0.42534571723426207,0.3614697657607696,0.7539594754630615,0.7745221898283122,0.2776320051830256,0
0.12285610604284211,12.266666666666667,28.711904761904766,4.6,101.42142857142858,0.7272727272727273,0.7793654859484777,0.2993434431468247,0.42412018933937023,0.36010704563013146,0.7533191066106024,0.7733884029802397,0.27876579203109814,0
0.12193726700482697,12.266666666666667,28.961904761904762,4.6,101.17142857142858,0.7272727272727273,0.7774443793911008,0.29752829752829757,0.42229508196721316,0.35807467347406796,0.752358553331914,0.7716877227081309,0.280466472303207,0
0.12103613748011441,12.266666666666667,29.211904761904762,4.6,100.92142857142858,0.7272727272727273,0.7755232728337238,0.2957350324321222,0.4204856151805754,0.3560561536756856,0.7513980000532255,0.7699870424360221,0.2821671525753158,0
0.12060590606298476,12.266666666666667,29.461904761904762,4.6,100.67142857142858,0.7272727272727273,0.7736021662763467,0.2939632545931759,0.4186915887850468,0.3540512684036168,0.7504374467745369,0.7682863621639132,0.2838678328474247,0
0.12017259313458534,12.266666666666667,29.711904761904766,4.6,100.42142857142858,0.7272727272727273,0.7716810597189695,0.2922125801145709,0.4169128059882662,0.35205980420827243,0.7494768934958485,0.7665856818918044,0.2855685131195335,0
0.11942058205758722,12.266666666666667,29.961904761904766,4.6,100.17142857142858,0.7272727272727273,0.7697599531615924,0.2904826341903473,0.41514907332796136,0.3500815519046025,0.7485163402171598,0.7648850016196955,0.28726919339164236,0
0.11925015519087799,12.266666666666667,30.21190476190477,4.6,99.92142857142858,0.7272727272727273,0.7678388466042154,0.2887730508379575,0.4134002006018054,0.34811630645862407,0.7475557869384714,0.7631843213475867,0.2889698736637512,0
0.11846196015379246,12.266666666666667,30.46190476190477,4.6,99.67142857142858,0.7272727272727273,0.7659177400468383,0.2870834726401426,0.41166600079904114,0.3461638668775762,0.7465952336597828,0.7614836410754778,0.29067055393586005,0
0.11761151329272819,12.266666666666667,30.7952380952381,4.6,99.33809523809524,0.7272727272727273,0.7633562646370023,0.28486121862213865,0.4093762415574096,0.3435801942971394,0.7453144959548648,0.7592160673793327,0.2929381276320052,0
0.11751564801321737,12.266666666666667,31.045238095238098,4.6,99.08809523809524,0.7272727272727273,0.7614351580796254,0.28321697542740915,0.407675568743818,0.34165687533989386,0.7443539426761763,0.7575153871072238,0.29463880790411406,0
0.11745901916588998,12.266666666666667,31.295238095238098,4.6,98.83809523809524,0.7272727272727273,0.7595140515222483,0.2815916047223437,0.4059889676910954,0.33974572011765847,0.7433933893974878,0.755814706835115,0.29633948817622285,0
0.1171296922993332,12.266666666666667,31.545238095238098,4.6,98.58809523809524,0.7272727272727273,0.7575929449648712,0.27998478343568284,0.4043162644692957,0.33784654396281827,0.7424328361187993,0.7541140265630061,0.2980401684483317,0
0.11680623908953196,12.266666666666667,31.795238095238098,4.6,98.33809523809524,0.7272727272727273,0.7556718384074942,0.27839619582838,0.40265728800312617,0.3359591657189798,0.7414722828401108,0.7524133462908973,0.29974084872044054,0
0.11676008253733572,12.266666666666667,31.938095238095244,4.6,98.1952380952381,0.7272727272727273,0.7545740632318502,0.27749649897662393,0.4017153996101364,0.33488589234865773,0.7409233952522887,0.7514415289925495,0.30071266601878843,0
0.11500370438726404,12.266666666666667,32.188095238095244,4.6,97.9452380952381,0.7272727272727273,0.7526529566744731,0.275935943441701,0.40007765482430596,0.33301669586868615,0.7399628419736002,0.7497408487204406,0.3024133462908973,0
0.11477693170688308,12.266666666666667,32.438095238095244,4.6,97.6952380952381,0.7272727272727273,0.7507318501170961,0.2743928419258628,0.3984532095901005,0.3311588469709148,0.7390022886949117,0.7480401684483318,0.3041140265630061,0
0.11417330266588316,12.266666666666667,32.688095238095244,4.6,97.4452380952381,0.7272727272727273,0.748810743559719,0.2728669032360574,0.39684190256114,0.3293121763246674,0.7380417354162232,0.7463394881762229,0.30581470683511497,0
0.11369859924695386,12.266666666666667,32.93809523809524,4.6,97.1952380952381,0.7272727272727273,0.746889637002342,0.2713578426208786,0.39524357499041046,0.3274765177215771,0.7370811821375347,0.7446388079041141,0.3075153871072238,0
0.11356617353514498,12.266666666666667,33.13809523809524,4.6,96.9952380952381,0.7272727272727273,0.7453527517564403,0.27016255899318303,0.3939741530932171,0.3260158097635523,0.7363127395145839,0.7432782636864269,0.3088759313249109,0
0.1118477357356346,12.516666666666666,33.13809523809524,4.35,96.9952380952381,0.742094861660079,0.7453527517564403,0.27415906127770534,0.4003960546860124,0.33573153941149514,0.7437238067082597,0.7449789439585358,0.3105766115970197,0
0.11152577369552946,12.516666666666666,33.304761904761904,4.35,96.82857142857144,0.742094861660079,0.7440720140515223,0.27316186022343464,0.39933153556914425,0.33451507149045673,0.7430834378558007,0.7438451571104633,0.3117103984450923,0
0.11081780917353823,12.516666666666666,33.50476190476191,4.35,96.62857142857143,0.742094861660079,0.7425351288056207,0.27197475296187074,0.39806156059516146,0.33306157802354397,0.7423149952328498,0.7424846128927762,0.3130709426627794,0
0.11058054580128583,12.516666666666666,33.75476190476191,4.35,96.37857142857143,0.742094861660079,0.7406140222482437,0.27050529998970874,0.39648540613922617,0.3312542115940181,0.7413544419541613,0.7407839326206673,0.31477162293488825,0
0.10928868923837377,12.516666666666666,34.00476190476191,4.35,96.12857142857143,0.742094861660079,0.7386929156908666,0.2690516403091253,0.3949216842579724,0.32945725794920405,0.7403938886754728,0.7390832523485585,0.3164723032069971,0
0.10909535954936189,12.516666666666666,34.25476190476191,4.35,95.87857142857143,0.742094861660079,0.7367718091334895,0.2676135206678884,0.3933702484286142,0.32767056622382956,0.7394333353967842,0.7373825720764496,0.31817298347910594,0
0.10751616685814733,12.516666666666666,34.50476190476191,4.35,95.62857142857143,0.742094861660079,0.7348507025761125,0.26619069319965566,0.391830954421794,0.3258939882099244,0.7384727821180957,0.7356818918043408,0.3198736637512148,0
0.10689909672900083,12.516666666666666,34.75476190476191,4.35,95.37857142857143,0.742094861660079,0.7329295960187354,0.26478291528155534,0.3903036602568862,0.32412737829270666,0.7375122288394071,0.733981211532232,0.32157434402332363,0
0.10633471911220382,12.516666666666666,35.00476190476191,4.35,95.12857142857143,0.742094861660079,0.7310084894613584,0.2633899493962623,0.3887882261583404,0.32237059338830304,0.7365516755607187,0.7322805312601232,0.3232750242954325,0
0.1041204399709778,12.516666666666666,35.25476190476191,4.35,94.87857142857143,0.742094861660079,0.7290873829039813,0.26201156299840506,0.3872845145130396,0.3206234928832362,0.7355911222820302,0.7305798509880143,0.3249757045675413,0
0.10368198289893814,12.516666666666666,35.50476190476191,4.35,94.62857142857143,0.742094861660079,0.7271662763466042,0.2606475283851455,0.3857923898286426,0.31888593857562375,0.7346305690033417,0.7288791707159055,0.32667638483965017,0
0.10220310648391624,12.516666666666666,35.75476190476191,4.35,94.37857142857143,0.742094861660079,0.7252451697892273,0.25929762257078026,0.3843117186928869,0.3171577946180281,0.7336700157246532,0.7271784904437966,0.328377065111759,0
0.10051680522723923,12.516666666666666,35.89761904761905,4.35,94.23571428571428,0.742094861660079,0.7241473946135831,0.2585325071309137,0.3834707126705084,0.31617445735226146,0.7331211281368311,0.7262066731454486,0.3293488824101069,0
0.10042100791729892,12.516666666666666,36.14761904761905,4.35,93.98571428571428,0.742094861660079,0.7222262880562061,0.25720436420568515,0.38200777531519087,0.3144608321310778,0.7321605748581426,0.7245059928733397,0.33104956268221575,0
0.10001080673192174,12.516666666666666,36.34761904761905,4.35,93.78571428571428,0.742094861660079,0.7206894028103045,0.2561516347512547,0.3808454377512949,0.3130964695706194,0.7313921322351917,0.7231454486556527,0.3324101068999028,0
0.09942032113029176,12.516666666666666,36.54761904761905,4.35,93.58571428571429,0.742094861660079,0.7191525175644029,0.2551074877468821,0.37969015203495715,0.3117378471159221,0.7306236896122409,0.7217849044379657,0.33377065111758986,0
0.09940254132174786,12.516666666666666,36.74761904761905,4.35,93.38571428571429,0.742094861660079,0.7176156323185012,0.2540718186651201,0.37854185418541847,0.3103849000526317,0.72985524698929,0.7204243602202786,0.3351311953352769,0
0.09871743630056777,12.516666666666666,36.91428571428571,4.35,93.21904761904763,0.742094861660079,0.7163348946135832,0.25321516304609604,0.37759023163943256,0.30926173343707936,0.7292148781368311,0.719290573372206,0.3362649821833495,0
0.09870546230471691,12.516666666666666,37.16428571428572,4.35,92.96904761904761,0.742094861660079,0.7144137880562061,0.2519409565800824,0.37617173524150266,0.3075842104055855,0.7282543248581426,0.7175898931000971,0.33796566245545834,0
0.09864136749211967,12.516666666666666,37.41428571428572,4.35,92.71904761904761,0.742094861660079,0.712492681498829,0.2506795097992465,0.37476385671003376,0.3059152517427073,0.7272937715794541,0.7158892128279883,0.3396663427275672,0
0.09862469447461421,12.516666666666666,37.58095238095238,4.35,92.55238095238096,0.742094861660079,0.7112119437939111,0.2498455396606625,0.3738311111111111,0.30480731148076307,0.7266534027269951,0.7147554259799158,0.34080012957563977,0
0.0957897020875635,12.516666666666666,37.83095238095238,4.35,92.30238095238096,0.742094861660079,0.7092908372365341,0.248604937103944,0.37244066595820047,0.30315236196292966,0.7256928494483066,0.7130547457078069,0.3425008098477486,0
0.09564250448578092,12.516666666666666,37.97380952380953,4.35,92.1595238095238,0.742094861660079,0.7081930620608899,0.2479015373007639,0.37165075998586067,0.3022103878670025,0.7251439618604845,0.712082928409459,0.3434726271460965,0
0.09524246257341556,12.516666666666666,38.14047619047619,4.35,91.99285714285713,0.742094861660079,0.7069123243559718,0.24708591840571534,0.3707334273624823,0.3011147940857398,0.7245035930080255,0.7109491415613863,0.3446064139941691,0
0.09501681242118677,12.516666666666666,38.39047619047619,4.35,91.74285714285713,0.742094861660079,0.7049912177985949,0.2458725036247135,0.3693658879325487,0.29947814968984554,0.723543039729337,0.7092484612892775,0.3463070942662779,0
0.09493333426051452,12.516666666666666,38.64047619047619,4.35,91.49285714285713,0.742094861660079,0.7030701112412178,0.24467094852462065,0.3680084004200209,0.2978495011098406,0.7225824864506484,0.7075477810171688,0.3480077745383867,0
0.09332478364052556,12.516666666666666,38.84047619047619,4.35,91.29285714285714,0.742094861660079,0.7015332259953162,0.24371812702828002,0.3669295735324911,0.2965522648713648,0.7218140438276976,0.7061872367994817,0.34936831875607377,0
0.0929046078864129,12.516666666666666,39.00714285714287,4.35,91.12619047619049,0.742094861660079,0.7002524882903981,0.24292975970425132,0.3660353711182286,0.2954750493643664,0.7211736749752385,0.7050534499514091,0.3505021056041464,0
0.09270755484408573,12.516666666666666,39.25714285714287,4.35,90.87619047619047,0.742094861660079,0.6983313817330211,0.24175672568406525,0.36470220958063054,0.2938656546249097,0.72021312169655,0.7033527696793003,0.35220278587625525,0
0.09175922655992313,12.516666666666666,39.50714285714287,4.35,90.62619047619049,0.742094861660079,0.696410275175644,0.24059496567505714,0.3633787239925347,0.2922638796526474,0.7192525684178614,0.7016520894071914,0.35390346614836404,0
0.09158225368723759,12.516666666666666,39.75714285714287,4.35,90.37619047619047,0.742094861660079,0.694489168618267,0.2394443179230243,0.3620648093942628,0.2906696196694857,0.718292015139173,0.6999514091350826,0.3556041464204729,0
0.09094870381786656,12.516666666666666,40.00714285714286,4.35,90.12619047619047,0.742094861660079,0.6925680620608899,0.23830462375339978,0.36076036233873177,0.2890827714861417,0.7173314618604845,0.6982507288629737,0.35730482669258173,0
0.09068154081031313,12.516666666666666,40.25714285714286,4.35,89.87619047619049,0.742094861660079,0.6906469555035128,0.23717572749830812,0.359465280864303,0.2875032334669971,0.716370908581796,0.696550048590865,0.3590055069646906,0
0.09001614450158853,12.516666666666666,40.423809523809524,4.35,89.70952380952382,0.742094861660079,0.689366217798595,0.23642905329435573,0.35860704662505544,0.28645421982161495,0.715730539729337,0.6954162617427924,0.3601392938127632,0
0.08966174790865784,12.516666666666666,40.673809523809524,4.35,89.45952380952382,0.742094861660079,0.6874451112412179,0.23531781557743955,0.35732735182164216,0.28488664366417343,0.7147699864506485,0.6937155814706836,0.36183997408487206,0
0.08953772223541064,12.516666666666666,40.923809523809524,4.35,89.20952380952382,0.742094861660079,0.6855240046838409,0.23421697482735573,0.35605675776355444,0.2833261139804768,0.71380943317196,0.6920149011985747,0.3635406543569809,0
0.08863074646243234,12.516666666666666,41.17380952380953,4.35,88.9595238095238,0.742094861660079,0.6836028981264637,0.23312638580931258,0.3547951677127623,0.2817725345450156,0.7128488798932713,0.6903142209264658,0.36524133462908975,0
0.08857928341340895,12.516666666666666,41.37380952380953,4.35,88.75952380952381,0.742094861660079,0.6820660128805621,0.2322611999646549,0.3537923144222357,0.28053461140697433,0.7120804372703206,0.6889536767087787,0.36660187884677675,0
0.08796952004551441,12.516666666666666,41.62380952380953,4.35,88.50952380952381,0.742094861660079,0.680144906323185,0.23118870662738025,0.3525466921503538,0.27899330438237546,0.711119883991632,0.6872529964366699,0.3683025591188856,0
0.08703962627289923,12.516666666666666,41.87380952380953,4.35,88.25952380952381,0.742094861660079,0.678223799765808,0.23012607249168268,0.3513098102111734,0.27745868553079095,0.7101593307129435,0.685552316164561,0.37000323939099444,0
0.08565312285696874,12.516666666666666,42.12380952380953,4.35,88.00952380952381,0.742094861660079,0.676302693208431,0.229073162229291,0.35008157693204134,0.2759306637905366,0.709198777434255,0.6838516358924522,0.3717039196631033,0
0.08521735478114735,12.516666666666666,42.37380952380953,4.35,87.75952380952381,0.742094861660079,0.674381586651054,0.22802984297735748,0.34886190191784455,0.2744091493889663,0.7082382241555665,0.6821509556203434,0.37340459993521213,0
0.08446363314144092,12.516666666666666,42.57380952380952,4.35,87.55952380952381,0.742094861660079,0.6728447014051523,0.22720200535914944,0.34789226391370526,0.2731965636302396,0.7074697815326156,0.6807904114026563,0.3747651441528992,0
0.08273402498949775,12.516666666666666,42.82380952380953,4.35,87.30952380952382,0.742094861660079,0.6709235948477752,0.2261756227681452,0.34668776997395057,0.2716865402199147,0.7065092282539271,0.6790897311305474,0.37646582442500803,0
0.08225132667042026,12.516666666666666,43.07380952380953,4.35,87.05952380952381,0.742094861660079,0.6690024882903982,0.22515847181771453,0.3454915878023133,0.27018277940877417,0.7055486749752387,0.6773890508584386,0.3781665046971169,0
0.08212791740036042,12.516666666666666,43.27380952380953,4.35,86.85952380952381,0.742094861660079,0.6674656030444965,0.22435131444178896,0.344540568881898,0.26898422259011334,0.7047802323522878,0.6760285066407515,0.379527048914804,0
0.08158353286479235,12.516666666666666,43.60714285714286,4.35,86.52619047619048,0.742094861660079,0.6649041276346604,0.22301883590700827,0.3429671189979122,0.2669952968851667,0.7034994946473697,0.6737609329446064,0.38179462261094904,0
0.08076724977766014,12.516666666666666,43.77380952380952,4.35,86.35952380952381,0.742094861660079,0.6636233899297425,0.22235851450807886,0.3421857710082666,0.266004846041931,0.7028591257949107,0.6726271460965338,0.3829284094590217,0
0.08056185430630619,12.516666666666666,44.02380952380952,4.35,86.10952380952381,0.742094861660079,0.6617022833723654,0.22137533162083634,0.3410204015439007,0.2645241165893986,0.7018985725162221,0.670926465824425,0.3846290897311305,0
0.08007367061043447,12.516666666666666,44.273809523809526,4.35,85.85952380952381,0.742094861660079,0.6597811768149883,0.2204008049639443,0.3398629428497543,0.2630492515366643,0.7009380192375336,0.6692257855523162,0.38632977000323937,0
0.07971141948915154,12.516666666666666,44.52380952380953,4.35,85.60952380952381,0.742094861660079,0.6578600702576113,0.21943482072045745,0.33871331464836824,0.2615801711168278,0.6999774659588451,0.6675251052802073,0.3880304502753482,0
0.07888908247431403,12.516666666666666,44.773809523809526,4.35,85.35952380952381,0.742094861660079,0.6559389637002342,0.21847726706009474,0.33757143774481474,0.26011679661090986,0.6990169126801566,0.6658244250080985,0.38973113054745706,0
0.07857079328445161,12.516666666666666,44.97380952380952,4.35,85.15952380952382,0.742094861660079,0.6544020784543326,0.21771722024351858,0.3366634646173551,0.2589501530204497,0.6982484700572058,0.6644638807904114,0.3910916747651441,0
0.07843023150715754,12.516666666666666,45.22380952380953,4.35,84.90952380952382,0.742094861660079,0.6524809718969554,0.21677456599727843,0.335535343864688,0.25749685404817746,0.6972879167785172,0.6627632005183026,0.39279235503725296,0
0.07820170069031217,12.516666666666666,45.47380952380953,4.35,84.65952380952382,0.742094861660079,0.6505598653395784,0.2158400394153391,0.33441475826972006,0.2560490459649638,0.6963273634998287,0.6610625202461937,0.3944930353093618,0
0.0778184636239442,12.516666666666666,45.72380952380952,4.35,84.40952380952382,0.742094861660079,0.6486387587822016,0.21491353583254977,0.3333016325883658,0.2546066538360864,0.6953668102211403,0.6593618399740849,0.39619371558147065,0
0.07725540314777388,12.516666666666666,45.97380952380952,4.35,84.15952380952382,0.742094861660079,0.6467176522248245,0.21399495237319874,0.33219589257503945,0.2531696036728322,0.6944062569424517,0.6576611597019761,0.3978943958535795,0
0.07701056118145382,12.516666666666666,46.14047619047619,4.35,83.99285714285715,0.742094861660079,0.6454369145199064,0.21338691345997726,0.3314627994955864,0.25221450187152744,0.6937658880899926,0.6565273728539035,0.399028182701652,0
0.07698416836059362,12.516666666666666,46.340476190476195,4.35,83.79285714285714,0.742094861660079,0.6439000292740047,0.2126618122977346,0.33058734750345864,0.2510714406232568,0.6929974454670418,0.6551668286362164,0.4003887269193391,0
0.07535899242576034,12.516666666666666,46.840476190476195,4.35,83.29285714285714,0.742094861660079,0.6400578161592506,0.2108704372242278,0.3284188167676641,0.24822816552725496,0.6910763389096648,0.6517654680919988,0.40379008746355677,0
0.07530747018707414,12.516666666666666,47.00714285714285,4.35,83.12619047619047,0.742094861660079,0.6387770784543325,0.21028,0.3277022815110335,0.247284899242473,0.6904359700572058,0.6506316812439261,0.40492387431162935,0
0.0743702063916253,12.516666666666666,47.173809523809524,4.35,82.9595238095238,0.742094861660079,0.6374963407494145,0.20969285999202233,0.32698886608198047,0.24634384463886996,0.6897956012047468,0.6494978943958535,0.406057661159702,0
0.07434819271673485,12.516666666666666,47.42380952380953,4.35,82.7095238095238,0.742094861660079,0.6355752341920374,0.20881827209533263,0.32592454818810246,0.24493636512503192,0.6888350479260582,0.6477972141237447,0.40775834143181083,0
0.07382078540718716,12.516666666666666,47.62380952380953,4.35,82.50952380952381,0.742094861660079,0.6340383489461359,0.20812383704818083,0.3250780694431561,0.24381388570398244,0.6880666053031075,0.6464366699060576,0.4091188856494979,0
0.07364261936194375,12.516666666666666,47.957142857142856,4.35,82.17619047619047,0.742094861660079,0.6314768735362998,0.20697665262411905,0.323677000277068,0.24194990859551047,0.6867858675981894,0.6441690962099125,0.411386459345643,0
0.0721817559068069,12.516666666666666,48.207142857142856,4.35,81.92619047619047,0.742094861660079,0.6295557669789227,0.2061245294855709,0.322634098441144,0.24055744088984593,0.6858253143195008,0.6424684159378037,0.41308713961775184,0
0.0716718787119084,12.516666666666666,48.457142857142856,4.35,81.67619047619047,0.742094861660079,0.6276346604215457,0.20527939396305986,0.3215978955739761,0.23916962746889553,0.6848647610408123,0.6407677356656948,0.4147878198898607,0
0.07112048697336419,12.516666666666666,48.707142857142856,4.35,81.42619047619047,0.742094861660079,0.6257135538641686,0.2044411604573384,0.3205683273370327,0.23778640347719635,0.6839042077621238,0.639067055393586,0.41648850016196953,0
0.07112044879949295,12.516666666666666,48.957142857142856,4.35,81.17619047619047,0.742094861660079,0.6237924473067915,0.20360974476160967,0.3195453302130505,0.2364077047936654,0.6829436544834353,0.6373663751214771,0.4181891804340784,0
0.07107125471628807,12.516666666666666,49.12380952380953,4.35,81.00952380952381,0.742094861660079,0.6225117096018736,0.20305921433813587,0.31886695174840013,0.23549105505923648,0.6823032856309763,0.6362325882734046,0.4193229672821509,0
0.07092026245604836,12.516666666666666,49.37380952380953,4.35,80.75952380952381,0.742094861660079,0.6205906030444965,0.20223897822574438,0.317854767519197,0.23411975801045146,0.6813427323522878,0.6345319080012958,0.42102364755425975,0
0.07034123043466678,12.516666666666666,49.62380952380952,4.35,80.50952380952381,0.742094861660079,0.6186694964871196,0.20142534196712517,0.3168489889401199,0.23275281875399756,0.6803821790735993,0.632831227729187,0.4227243278263686,0
0.07024557103027293,12.516666666666666,49.87380952380952,4.35,80.25952380952381,0.742094861660079,0.6167483899297425,0.2006182262250038,0.31584955539533766,0.23139017573157925,0.6794216257949107,0.6311305474570781,0.42442500809847744,0
0.06971959418861652,12.516666666666666,50.12380952380952,4.35,80.00952380952381,0.742094861660079,0.6148272833723654,0.1998175529286556,0.3148564070314138,0.2300317680497092,0.6784610725162221,0.6294298671849693,0.4261256883705863,0
0.06926512837521741,12.516666666666666,50.37380952380952,4.35,79.75952380952381,0.742094861660079,0.6129061768149884,0.19902324524873174,0.313869484745358,0.22867753546561276,0.6775005192375336,0.6277291869128604,0.42782636864269513,0
0.06907877107816847,12.516666666666666,50.62380952380953,4.35,79.50952380952381,0.742094861660079,0.6109850702576113,0.19823522757268372,0.3128887301729012,0.22732741837340117,0.6765399659588451,0.6260285066407516,0.429527048914804,0
0.06862752041476157,12.766666666666666,50.62380952380953,4.1,79.50952380952381,0.7569169960474308,0.6109850702576113,0.20139723557692304,0.3181440607570903,0.2367561413051196,0.683951033152521,0.6277291869128604,0.4312277291869128,0
0.06847063887205126,12.766666666666666,50.87380952380953,4.1,79.25952380952381,0.7569169960474308,0.6090639637002343,0.2006060832803322,0.31715612338449706,0.23540900790719424,0.6829904798738325,0.6260285066407516,0.43292840945902167,0
0.0672406413110901,12.766666666666666,51.04047619047619,4.1,79.09285714285714,0.7569169960474308,0.6077832259953162,0.20008209261539608,0.3165009001564206,0.23451318600554083,0.6823501110213734,0.624894719792679,0.4340621963070942,0
0.06655767453393774,12.766666666666666,51.2904761904762,4.1,78.84285714285714,0.7569169960474308,0.6058621194379391,0.1993012191495688,0.3155231258091091,0.23317281086216582,0.681389557742685,0.6231940395205701,0.43576287657920304,0
0.06649670336203022,12.766666666666666,51.540476190476184,4.1,78.59285714285714,0.7569169960474308,0.6039410128805621,0.1985264171202192,0.3145513741823835,0.23183641404673533,0.6804290044639965,0.6214933592484613,0.4374635568513119,0
0.06541727523530942,12.766666666666666,51.79047619047619,4.1,78.34285714285716,0.7569169960474308,0.602019906323185,0.1977576159917386,0.31358558980057316,0.23050393880083989,0.679468451185308,0.6197926789763525,0.43916423712342073,0
0.06479638203393652,13.016666666666666,51.79047619047619,3.8499999999999996,78.34285714285716,0.7717391304347825,0.602019906323185,0.20085234578786879,0.31874763140250123,0.239923138401885,0.6868795183789838,0.6214933592484614,0.4408649173955296,0
0.0645411087793166,13.016666666666666,51.99047619047619,3.8499999999999996,78.14285714285714,0.7717391304347825,0.6004830210772834,0.20023440647547888,0.31796899991275773,0.23885953023711712,0.6861110757560329,0.6201328150307742,0.4422254616132167,0
0.06401643745721579,13.016666666666666,52.240476190476194,3.8499999999999996,77.89285714285714,0.7717391304347825,0.5985619145199064,0.1994673088149445,0.31700104372028287,0.2375335237520681,0.6851505224773444,0.6184321347586653,0.44392614188532553,0
0.06371913225606969,13.016666666666666,52.49047619047619,3.8499999999999996,77.64285714285714,0.7717391304347825,0.5966408079625293,0.1987060662232399,0.3160389629158597,0.23621135886691796,0.6841899691986559,0.6167314544865565,0.4456268221574344,0
0.06369710657302864,13.266666666666664,52.49047619047619,3.6000000000000005,77.64285714285714,0.7865612648221344,0.5966408079625293,0.20175248026649284,0.3211342285747219,0.24562507266564684,0.6916010363923318,0.6184321347586653,0.4473275024295432,0
0.06275370977025523,13.266666666666664,52.740476190476194,3.6000000000000005,77.39285714285714,0.7865612648221344,0.5947197014051522,0.20098834902427584,0.32016548395437694,0.2443066039282422,0.6906404831136432,0.6167314544865565,0.44902818270165207,0
0.06254077344849833,13.266666666666664,52.90714285714286,3.6000000000000005,77.22619047619047,0.7865612648221344,0.5934389637002342,0.20048213578958726,0.3195228947443874,0.24342974406607518,0.6900001142611842,0.6155976676384839,0.45016196954972465,0
0.06248040299949413,13.266666666666664,53.15714285714286,3.6000000000000005,76.97619047619047,0.7865612648221344,0.5915178571428571,0.19972757903792382,0.31856383282831163,0.2421175935679832,0.6890395609824957,0.6138969873663751,0.4518626498218335,0
0.06171213414269467,13.266666666666664,53.40714285714285,3.6000000000000005,76.72619047619047,0.7865612648221344,0.5895967505854801,0.19897868085562262,0.31761051101547577,0.240809163059486,0.6880790077038073,0.6121963070942663,0.45356333009394234,0
0.06144745512903327,13.266666666666664,53.65714285714285,3.6000000000000005,76.47619047619048,0.7865612648221344,0.5876756440281031,0.19823537782837627,0.31666287792680153,0.23950439993706304,0.6871184544251188,0.6104956268221574,0.4552640103660512,0
0.06140172171474252,13.266666666666664,53.8,3.6000000000000005,76.33333333333334,0.7865612648221344,0.5865778688524591,0.19781312127236578,0.3161239078633836,0.23876044751559075,0.6865695668372968,0.6095238095238096,0.4562358276643991,0
0.061316490682493105,13.266666666666664,54.05,3.6000000000000005,76.08333333333334,0.7865612648221344,0.5846567622950821,0.19707848477345874,0.31518511185903775,0.23746134231833568,0.6856090135586083,0.6078231292517008,0.4579365079365079,0
0.061103251956612634,13.266666666666664,54.3,3.6000000000000005,75.83333333333334,0.7865612648221344,0.582735655737705,0.19634928465712873,0.3142518752467429,0.23616577145712903,0.6846484602799197,0.6061224489795919,0.45963718820861676,0
0.0610990236733274,13.266666666666664,54.55,3.6000000000000005,75.58333333333334,0.7865612648221344,0.5808145491803279,0.19562546080117962,0.3133241487896083,0.2348736840237696,0.6836879070012312,0.6044217687074831,0.4613378684807256,0
0.06098736866070418,13.266666666666664,54.800000000000004,3.6000000000000005,75.33333333333333,0.7865612648221344,0.5788934426229508,0.1949069539666993,0.31240188383045525,0.23358502956127195,0.6827273537225427,0.6027210884353741,0.46303854875283446,0
0.06081090253775764,13.266666666666664,55.00000000000001,3.6000000000000005,75.13333333333333,0.7865612648221344,0.5773565573770492,0.19433593749999997,0.31166797180892714,0.23255654410514479,0.6819589110995918,0.601360544217687,0.46439909297052145,0
0.06076904091236754,13.266666666666664,55.25,3.6000000000000005,74.88333333333333,0.7865612648221344,0.5754354508196721,0.1936268547798589,0.31075541674799917,0.23127394324079337,0.6809983578209032,0.5996598639455781,0.4660997732426303,0
0.06041164115409256,13.466666666666663,55.25,3.4000000000000004,74.88333333333333,0.7984189723320158,0.5754354508196721,0.1959738054814455,0.31470301850048676,0.2388062749857924,0.6869272115758439,0.6010204081632653,0.46746031746031746,0
0.06003723242611194,13.466666666666663,55.5,3.4000000000000004,74.63333333333333,0.7984189723320158,0.5735143442622951,0.19526341227646202,0.31378640776699024,0.23752771645524676,0.6859666582971554,0.5993197278911564,0.4691609977324263,0
0.05933339447719559,13.466666666666663,55.75,3.4000000000000004,74.38333333333333,0.7984189723320158,0.571593237704918,0.1945581507344088,0.3128751210067763,0.23625246480902082,0.6850061050184668,0.5976190476190476,0.47086167800453516,0
0.058777904189604976,13.466666666666663,56.0,3.4000000000000004,74.13333333333333,0.7984189723320158,0.569672131147541,0.1938579654510556,0.31196911196911187,0.23498047175291892,0.6840455517397783,0.5959183673469387,0.472562358276644,0
0.05874004711070085,13.466666666666663,56.25,3.4000000000000004,73.88333333333333,0.7984189723320158,0.5677510245901639,0.19316280181687778,0.3110683349374398,0.2337116893916478,0.6830849984610898,0.5942176870748299,0.47426303854875285,0
0.0578456442232932,13.633333333333331,56.25,3.233333333333334,73.88333333333333,0.808300395256917,0.5677510245901639,0.1950870498449797,0.3143131604226705,0.23999114093348006,0.6880257099235405,0.5953514739229024,0.4753968253968253,0
0.057784859392546364,13.633333333333331,56.5,3.233333333333334,73.63333333333334,0.808300395256917,0.5658299180327869,0.19439163498098858,0.3134099616858237,0.23872645078708346,0.687065156644852,0.5936507936507937,0.47709750566893416,0
0.05754922282348749,13.633333333333331,56.75,3.233333333333334,73.38333333333334,0.808300395256917,0.5639088114754099,0.19370116031257398,0.31251193887297035,0.23746492859190774,0.6861046033661635,0.5919501133786848,0.478798185941043,0
0.057413641475205626,13.633333333333331,56.95,3.233333333333334,73.18333333333334,0.808300395256917,0.5623719262295083,0.1931523022432113,0.31179721745759476,0.2364579604187136,0.6853361607432127,0.5905895691609977,0.4801587301587301,0
0.057145830859342966,13.633333333333331,57.199999999999996,3.233333333333334,72.93333333333334,0.808300395256917,0.5604508196721312,0.1924705882352941,0.3109083998479665,0.235202023296425,0.6843756074645241,0.5888888888888889,0.48185941043083896,0
0.05702853764910846,13.633333333333331,57.36666666666667,3.233333333333334,72.76666666666667,0.808300395256917,0.5591700819672132,0.19201877934272296,0.310318664643399,0.23436642266512023,0.6837352386120651,0.5877551020408163,0.48299319727891155,0
0.05668090633883732,13.633333333333331,57.61666666666667,3.233333333333334,72.51666666666667,0.808300395256917,0.5572489754098361,0.19134502923976604,0.3094382447512767,0.23311552406050703,0.6827746853333765,0.5860544217687075,0.4846938775510204,0
0.056117980498681566,13.633333333333331,57.78333333333333,3.233333333333334,72.35,0.808300395256917,0.555968237704918,0.1908984830805134,0.30885406834057016,0.23228324027398362,0.6821343164809175,0.5849206349206348,0.48582766439909303,0
0.056022034144045656,13.633333333333331,58.03333333333333,3.233333333333334,72.1,0.808300395256917,0.554047131147541,0.19023255813953488,0.3079819277108434,0.23103725410756215,0.681173763202229,0.5832199546485259,0.4875283446712018,0
0.055527715982972146,13.633333333333331,58.28333333333334,3.233333333333334,71.85,0.808300395256917,0.5521260245901639,0.18957126303592117,0.3071146987047118,0.2297941555329508,0.6802132099235405,0.5815192743764172,0.48922902494331066,0
0.055303192727905584,13.633333333333331,58.53333333333334,3.233333333333334,71.6,0.808300395256917,0.5502049180327869,0.18891454965357962,0.3062523399475851,0.22855390004421555,0.679252656644852,0.5798185941043082,0.4909297052154195,0
0.05503282958496205,13.633333333333331,58.78333333333334,3.233333333333334,71.35,0.808300395256917,0.5482838114754098,0.18826237054085151,0.3053948105282807,0.22731644345124133,0.6782921033661634,0.5781179138321995,0.49263038548752835,0
0.05440395696730771,13.633333333333331,59.03333333333333,3.233333333333334,71.1,0.808300395256917,0.5463627049180327,0.18761467889908257,0.304542069992554,0.2260817418718522,0.6773315500874748,0.5764172335600906,0.4943310657596372,0
0.05399822923360127,13.633333333333331,59.28333333333333,3.233333333333334,70.85,0.808300395256917,0.5444415983606558,0.18697142857142857,0.3036940783367366,0.22484975172402558,0.6763709968087863,0.5747165532879818,0.49603174603174605,0
0.05385646163093344,13.633333333333331,59.483333333333334,3.233333333333334,70.65,0.808300395256917,0.5429047131147542,0.1864599954410759,0.3030190776069642,0.22386608273627004,0.6756025541858356,0.5733560090702948,0.49739229024943316,0
0.053807266484324684,13.633333333333331,59.733333333333334,3.233333333333334,70.4,0.808300395256917,0.5409836065573771,0.1858246251703771,0.30217953454008123,0.22263886426722654,0.674642000907147,0.5716553287981859,0.499092970521542,0
0.05341172812616246,13.883333333333331,59.733333333333334,2.983333333333334,70.4,0.8231225296442688,0.5409836065573771,0.18858954041204437,0.30687051022287715,0.23208662565067556,0.682053068100823,0.5733560090702948,0.5007936507936508,0
0.05285072322346792,13.883333333333331,59.93333333333334,2.983333333333334,70.2,0.8231225296442688,0.5394467213114754,0.18807857304131856,0.30619371439073695,0.2311088461263917,0.6812846254778722,0.5719954648526077,0.5021541950113378,0
0.05283240975601698,14.133333333333333,59.93333333333334,2.7333333333333334,70.2,0.8379446640316205,0.5394467213114754,0.19081908190819083,0.31085043988269795,0.24056168613984374,0.688695692671548,0.5736961451247167,0.5038548752834466,0
0.05228467486383799,14.133333333333333,60.18333333333334,2.7333333333333334,69.95,0.8379446640316205,0.5375256147540984,0.1901771697690065,0.30999817218058856,0.23934477120059763,0.6877351393928595,0.5719954648526078,0.5055555555555555,0
0.05135596146451528,14.133333333333333,60.43333333333334,2.7333333333333334,69.7,0.8379446640316205,0.5356045081967213,0.1895395619132767,0.3091505650747356,0.2381305341168979,0.686774586114171,0.570294784580499,0.5072562358276643,0
0.05120595282839492,14.133333333333333,60.6,2.7333333333333334,69.53333333333333,0.8379446640316205,0.5343237704918032,0.18911685994647634,0.30858806404657924,0.23732250994556217,0.6861342172617119,0.5691609977324262,0.5083900226757369,0
0.0510750639871096,14.133333333333333,60.85,2.7333333333333334,69.28333333333333,0.8379446640316205,0.5324026639344263,0.18848633029562123,0.30774814008346935,0.23611264397447093,0.6851736639830234,0.5674603174603174,0.5100907029478458,0
0.049525941060742484,14.133333333333333,61.05,2.7333333333333334,69.08333333333331,0.8379446640316205,0.5308657786885245,0.1879849257370871,0.3070794857867101,0.23514660204832338,0.6844052213600724,0.5660997732426302,0.5114512471655328,0
0.049041431291526084,14.133333333333333,61.3,2.7333333333333334,68.83333333333333,0.8379446640316205,0.5289446721311475,0.18736190897039326,0.3062477428674612,0.23394132894056116,0.6834446680813839,0.5643990929705216,0.5131519274376416,0
0.048928167911890266,14.133333333333333,61.550000000000004,2.7333333333333334,68.58333333333333,0.8379446640316205,0.5270235655737705,0.186743008147985,0.3054204934269764,0.23273855053469178,0.6824841148026954,0.5626984126984127,0.5148526077097505,0
0.04889773762457921,14.133333333333333,61.75,2.7333333333333334,68.38333333333333,0.8379446640316205,0.5254866803278688,0.18625082363276962,0.30476190476190473,0.2317780968849717,0.6817156721797446,0.5613378684807255,0.5162131519274376,0
0.04875419861393999,14.133333333333333,62.00000000000001,2.7333333333333334,68.13333333333333,0.8379446640316205,0.5235655737704917,0.18563922942206654,0.3039426523297491,0.23057970746382825,0.6807551189010561,0.5596371882086166,0.5179138321995465,0
0.04836162472386512,14.133333333333333,62.25000000000001,2.7333333333333334,67.88333333333333,0.8379446640316205,0.5216444672131147,0.18503163866463013,0.30312779267202855,0.2293837003964815,0.6797945656223676,0.5579365079365078,0.5196145124716552,0
0.04822819333439547,14.133333333333333,62.50000000000001,2.7333333333333334,67.63333333333333,0.8379446640316205,0.5197233606557377,0.18442801217920832,0.30231729055258466,0.22819003598344062,0.6788340123436791,0.5562358276643989,0.5213151927437641,0
0.04763977595748885,14.133333333333333,62.699999999999996,2.7333333333333334,67.43333333333334,0.8379446640316205,0.5181864754098361,0.18394793926247288,0.3016720028459623,0.22723676462218026,0.6780655697207283,0.554875283446712,0.5226757369614512,0
0.047387401311453164,14.133333333333333,62.949999999999996,2.7333333333333334,67.18333333333334,0.8379446640316205,0.5162653688524591,0.18335135135135136,0.30086925669682457,0.22604721761979424,0.6771050164420398,0.5531746031746031,0.5243764172335601,0
0.04737829850257924,14.133333333333333,63.11666666666666,2.7333333333333334,67.01666666666667,0.8379446640316205,0.514984631147541,0.18295577130528587,0.30033646183814416,0.22525542902926965,0.6764646475895808,0.5520408163265307,0.5255102040816326,0
0.04696948041684372,14.133333333333333,63.36666666666666,2.7333333333333334,66.76666666666667,0.8379446640316205,0.5130635245901639,0.18236559139784947,0.2995407983044861,0.22406958140323466,0.6755040943108922,0.5503401360544218,0.5272108843537415,0
0.046748675013310384,14.133333333333333,63.509523809523806,2.7333333333333334,66.62380952380953,0.8379446640316205,0.51196574941452,0.1820300521312481,0.2990880233788482,0.22339292998424273,0.6749552067230702,0.549368318756074,0.5281827016520894,0
0.04623857052946304,14.133333333333333,63.75952380952381,2.7333333333333334,66.37380952380951,0.8379446640316205,0.5100446428571428,0.18144581996026288,0.2982989522349807,0.22221047161199375,0.6739946534443817,0.5476676384839649,0.5298833819241983,0
0.04621603413288814,14.133333333333333,64.00952380952381,2.7333333333333334,66.12380952380951,0.8379446640316205,0.5081235362997657,0.18086532602071909,0.297514033680834,0.22103012047774798,0.6730341001656931,0.545966958211856,0.531584062196307,0
0.0459951583718738,14.133333333333333,64.25952380952381,2.7333333333333334,65.87380952380951,0.8379446640316205,0.5062024297423887,0.18028853454821564,0.29673323502212007,0.21985183824326004,0.6720735468870046,0.5442662779397472,0.533284742468416,0
0.04581406084784102,14.133333333333333,64.50952380952381,2.7333333333333334,65.62380952380951,0.8379446640316205,0.5042813231850116,0.1797154102331214,0.2959565239068654,0.21867558673807058,0.671112993608316,0.5425655976676383,0.5349854227405247,0
0.04546051120271302,14.133333333333333,64.75952380952381,2.7333333333333334,65.37380952380951,0.8379446640316205,0.5023602166276346,0.17914591821336956,0.29518386832094284,0.21750132795324773,0.6701524403296275,0.5408649173955296,0.5366861030126336,0
0.045283768550718716,14.133333333333333,65.00952380952381,2.7333333333333334,65.12380952380951,0.8379446640316205,0.5004391100702575,0.17858002406738868,0.2944152365836723,0.21632902403516258,0.669191887050939,0.5391642371234207,0.5383867832847424,0
0.04521913150284984,14.133333333333333,65.25952380952381,2.7333333333333334,64.87380952380953,0.8379446640316205,0.4985180035128806,0.1780176938071675,0.2936505973434911,0.21515863727929435,0.6682313337722505,0.537463556851312,0.5400874635568513,0
0.04518287520404328,14.133333333333333,65.50952380952381,2.7333333333333334,64.62380952380953,0.8379446640316205,0.4965968969555036,0.17745889387144992,0.29288991957369115,0.2139901301240647,0.667270780493562,0.5357628765792032,0.5417881438289601,0
0.04513876316401176,14.133333333333333,65.75952380952381,2.7333333333333334,64.37380952380953,0.8379446640316205,0.49467579039812654,0.17690359111905826,0.29213317256822263,0.21282346514469738,0.6663102272148735,0.5340621963070943,0.543488824101069,0
0.04426081223797344,14.133333333333333,66.00952380952381,2.7333333333333334,64.12380952380953,0.8379446640316205,0.49275468384074944,0.17635175282234106,0.29138032593756136,0.21165860504710107,0.6653496739361849,0.5323615160349855,0.5451895043731778,0
0.04419376339685569,14.133333333333333,66.25952380952381,2.7333333333333334,63.87380952380953,0.8379446640316205,0.4908335772833724,0.17580334666074338,0.2906313496046415,0.21049551266177394,0.6643891206574964,0.5306608357628766,0.5468901846452866,0
0.04382676988703657,14.133333333333333,66.50952380952381,2.7333333333333334,63.62380952380953,0.8379446640316205,0.48891247072599536,0.1752583407144966,0.2898862138008497,0.20933415093772623,0.663428567378808,0.5289601554907678,0.5485908649173955,0
0.043275842336355314,14.133333333333333,66.7095238095238,2.7333333333333334,63.423809523809524,0.8379446640316205,0.4873755854800937,0.17482476291453145,0.2892928505287782,0.20840628280828744,0.6626601247558571,0.5275996112730806,0.5499514091350826,0
0.04307959316373549,14.133333333333333,66.87619047619047,2.7333333333333334,63.25714285714285,0.8379446640316205,0.48609484777517564,0.17446508347049142,0.28880023353118617,0.2076338737976086,0.662019755903398,0.5264658244250081,0.5510851959831552,0
0.04292398601121635,14.133333333333333,67.12619047619047,2.7333333333333334,63.00714285714286,0.8379446640316205,0.48417374121779866,0.1739283307451141,0.28806444568461403,0.2064766233262178,0.6610592026247095,0.5247651441528993,0.552785876255264,0
0.042826832465658736,14.383333333333333,67.12619047619047,2.4833333333333334,63.00714285714286,0.8527667984189723,0.48417374121779866,0.17646199684524155,0.29241492811849557,0.21605728937350643,0.6684702698183855,0.5264658244250081,0.5544865565273729,0
0.042706651439407786,14.383333333333333,67.37619047619046,2.4833333333333334,62.75714285714286,0.8527667984189723,0.4822526346604216,0.17592242057136206,0.2916737078434687,0.21490730091041052,0.6675097165396969,0.5247651441528993,0.5561872367994817,0
0.04265414745322356,14.633333333333333,67.37619047619046,2.2333333333333334,62.75714285714286,0.8675889328063241,0.4822526346604216,0.17843456044594128,0.295993064920054,0.22450360222315874,0.6749207837333728,0.5264658244250082,0.5578879170715906,0
0.04253475570445215,14.633333333333333,67.57619047619048,2.2333333333333334,62.55714285714286,0.8675889328063241,0.48071574941451994,0.17800046339202966,0.2953955589733731,0.22358958435836135,0.674152341110422,0.5251052802073211,0.5592484612892775,0
0.04228892138669792,14.633333333333333,67.82619047619049,2.2333333333333334,62.30714285714286,0.8675889328063241,0.4787946428571428,0.17746080328010852,0.29465206031114405,0.22244861459818197,0.6731917878317335,0.523404599935212,0.5609491415613864,0
0.042231928383536683,14.633333333333333,68.07619047619048,2.2333333333333334,62.05714285714286,0.8675889328063241,0.4768735362997658,0.17692440555011804,0.2939122949643728,0.22130933693992247,0.672231234553045,0.5217039196631034,0.5626498218334952,0
0.04208234059384842,14.633333333333333,68.32619047619048,2.2333333333333334,61.80714285714286,0.8675889328063241,0.47495242974238877,0.17639124070832018,0.293176234884442,0.22017171613989212,0.6712706812743564,0.5200032393909945,0.5643505021056041,0
0.04126911438919463,14.633333333333333,68.57619047619048,2.2333333333333334,61.55714285714285,0.8675889328063241,0.4730313231850117,0.17586127961542863,0.2924438523030073,0.2190357170421312,0.6703101279956679,0.5183025591188856,0.5660511823777129,0
0.04117981775503183,14.633333333333333,68.82619047619048,2.2333333333333334,61.307142857142864,0.8675889328063241,0.47111021662763475,0.17533449348129976,0.29171511972850467,0.21790130457269458,0.6693495747169794,0.5166018788467769,0.5677518626498218,0
0.04088304235779638,14.633333333333333,69.07619047619048,2.2333333333333334,61.05714285714285,0.8675889328063241,0.4691891100702576,0.174810853859719,0.29099000994271107,0.21676844373393483,0.6683890214382908,0.5149011985746679,0.5694525429219306,0
0.04051223562457324,14.633333333333333,69.32619047619048,2.2333333333333334,60.80714285714285,0.8675889328063241,0.46726800351288056,0.1742903326432805,0.29026849599735527,0.2156370995987841,0.6674284681596023,0.513200518302559,0.5711532231940395,0
0.04045743649311177,14.633333333333333,69.57619047619048,2.2333333333333334,60.55714285714285,0.8675889328063241,0.46534689695550346,0.17377290205835785,0.2895505512107792,0.21450723730502969,0.6664679148809138,0.5114998380304502,0.5728539034661483,0
0.0402937827885886,14.633333333333333,69.82619047619048,2.2333333333333334,60.30714285714285,0.8675889328063241,0.4634257903981264,0.17325853466016408,0.2888361491646498,0.2133788220495831,0.6655073616022252,0.5097991577583413,0.5745545837382572,0
0.039792469353123666,14.633333333333333,70.07619047619048,2.2333333333333334,60.05714285714286,0.8675889328063241,0.46150468384074944,0.17274720332789928,0.2881252637007173,0.2122518190827394,0.6645468083235367,0.5080984774862326,0.576255264010366,0
0.03975836971784346,14.633333333333333,70.32619047619048,2.2333333333333334,59.80714285714286,0.8675889328063241,0.4595835772833724,0.17223888125998377,0.2874178689176234,0.21112619370242433,0.6635862550448482,0.5063977972141237,0.5779559442824749,0
0.03916795365908182,14.633333333333333,70.57619047619048,2.2333333333333334,59.55714285714286,0.8675889328063241,0.45766247072599536,0.1717335419693752,0.28671393916775517,0.21000191124842726,0.6626257017661598,0.5046971169420149,0.5796566245545837,0
0.03866388398846676,14.633333333333333,70.82619047619048,2.2333333333333334,59.30714285714286,0.8675889328063241,0.45574136416861827,0.17123115927896806,0.2860134490541453,0.20887893709661734,0.6616651484874712,0.502996436669906,0.5813573048266926,0
0.03843306509859416,14.633333333333333,71.07619047619048,2.2333333333333334,59.05714285714285,0.8675889328063241,0.4538202576112412,0.17073170731707318,0.2853163734274175,0.20775723665313986,0.6607045952087827,0.5012957563977971,0.5830579850988014,0
0.038357667635245646,14.633333333333333,71.24285714285713,2.2333333333333334,58.89047619047619,0.8675889328063241,0.45253951990632324,0.17040035488521685,0.2848535409714498,0.20701012690108828,0.6600642263563237,0.5001619695497246,0.584191771946874,0
0.03824880840991006,14.633333333333333,71.49285714285713,2.2333333333333334,58.64047619047619,0.8675889328063241,0.4506184133489462,0.16990573079368593,0.2841621009316412,0.20589047249336254,0.6591036730776352,0.4984612892776158,0.5858924522189828,0
0.03822312896975835,14.633333333333333,71.60396825396825,2.2333333333333334,58.52936507936508,0.8675889328063241,0.4497645882123341,0.16968681839516286,0.2838558705575356,0.2053932296317122,0.6586767605093291,0.4977054313789007,0.5866483101176979,0
0.03808458773071614,14.633333333333333,71.85396825396825,2.2333333333333334,58.27936507936508,0.8675889328063241,0.4478434816549571,0.16919632205847268,0.28316925959485817,0.2042752708392764,0.6577162072306406,0.4960047511067919,0.5883489903898067,0
0.037941723484620306,14.633333333333333,72.05396825396825,2.2333333333333334,58.079365079365076,0.8675889328063241,0.4463065964090554,0.16880596195045133,0.2826223577921182,0.2033817202739024,0.6569477646076898,0.4946442068891049,0.5897095346074938,0
0.037833597450769196,14.633333333333333,72.30396825396826,2.2333333333333334,57.829365079365076,0.8675889328063241,0.44438548985167836,0.16832053751563342,0.28194169412736153,0.2022657736474633,0.6559872113290013,0.49294352661699603,0.5914102148796027,0
0.03778388000293905,14.633333333333333,72.47063492063492,2.2333333333333334,57.66269841269842,0.8675889328063241,0.44310475214676043,0.16799846926223908,0.2814897368762548,0.20152240554149942,0.6553468424765423,0.4918097397689235,0.5925440017276753,0
0.037699820482338574,14.633333333333333,72.63730158730158,2.2333333333333334,57.49603174603175,0.8675889328063241,0.4418240144418423,0.16767763116013862,0.281039226296175,0.2007795025444814,0.6547064736240832,0.4906759529208508,0.5936777885757478,0
0.037322546810845264,14.633333333333333,72.80396825396826,2.2333333333333334,57.32936507936508,0.8675889328063241,0.4405432767369242,0.16735801617485543,0.2805901554522419,0.20003705441864217,0.6540661047716242,0.48954216607277834,0.5948115754238203,0
0.0372415111138412,14.633333333333333,73.1373015873016,2.2333333333333334,56.99603174603175,0.8675889328063241,0.43798180132708825,0.16672242768398873,0.2796963054542145,0.1985534818102251,0.6527853670667062,0.4872745923766331,0.5970791491199654,0
0.037213717572332196,14.633333333333333,73.3873015873016,2.2333333333333334,56.74603174603175,0.8675889328063241,0.4360606947697112,0.166248895461021,0.2790296463324202,0.19744192018519147,0.6518248137880176,0.48557391210452433,0.5987798293920743,0
0.037114920750807565,14.633333333333333,73.6373015873016,2.2333333333333334,56.49603174603175,0.8675889328063241,0.43413958821233417,0.16577804551298764,0.2783661576321212,0.19633127823255148,0.6508642605093291,0.4838732318324155,0.6004805096641831,0
0.03704196644556682,14.633333333333333,73.80396825396825,2.2333333333333334,56.32936507936508,0.8675889328063241,0.4328588505074161,0.16546562446715904,0.27792558202633344,0.19559134407812245,0.6502238916568701,0.48273944498434296,0.6016142965122557,0
0.036816022806212476,14.633333333333333,74.05396825396825,2.2333333333333334,56.079365079365076,0.8675889328063241,0.43093774395003903,0.1649991946020439,0.2772673273282305,0.1944821578659457,0.6492633383781816,0.4810387647122341,0.6033149767843645,0
0.03674660972560995,14.633333333333333,74.30396825396825,2.2333333333333334,55.82936507936508,0.8675889328063241,0.42901663739266205,0.16453538697673586,0.27661218335796206,0.1933737987958652,0.6483027850994931,0.47933808444012527,0.6050156570564734,0
0.036439088533498254,14.633333333333333,74.55396825396826,2.2333333333333334,55.57936507936508,0.8675889328063241,0.4270955308352849,0.16407417954011533,0.2759601281168617,0.19226623207666546,0.6473422318208045,0.4776374041680164,0.6067163373285822,0
0.03632841784508346,14.633333333333333,74.80396825396825,2.2333333333333334,55.32936507936508,0.8675889328063241,0.4251744242779079,0.16361555048761656,0.2753111398132041,0.19115942285682636,0.646381678542116,0.4759367238959076,0.6084170176006911,0
0.03614474558547924,14.633333333333333,75.00396825396825,2.2333333333333334,55.12936507936509,0.8675889328063241,0.42363753903200635,0.16325048918481005,0.2747941428518202,0.19027449741780872,0.6456132359191652,0.4745761796782206,0.609777561818378,0
0.03585041792032019,14.633333333333333,75.25396825396825,2.2333333333333334,54.87936507936509,0.8675889328063241,0.42171643247462925,0.16279644705009802,0.27415062077168983,0.18916896365365918,0.6446526826404767,0.47287549940611173,0.611478242090487,0
0.03569575536239547,14.633333333333333,75.50396825396825,2.2333333333333334,54.62936507936507,0.8675889328063241,0.4197953259172521,0.16234492352935997,0.27351010569256445,0.1880640894284341,0.6436921293617881,0.4711748191340027,0.6131789223625957,0
0.03538600255273861,14.883333333333333,75.50396825396825,1.9833333333333332,54.62936507936507,0.8824110671936758,0.4197953259172521,0.1646617729699354,0.27753440876128466,0.19792557587177986,0.6511031965554639,0.47287549940611157,0.6148796026347046,0
0.035276220080229646,14.883333333333333,75.61507936507937,1.9833333333333332,54.518253968253966,0.8824110671936758,0.41894150078064013,0.1644596064124601,0.27724719101123596,0.1974390258416436,0.6506762839871579,0.4721196415073966,0.6156354605334197,0
0.034989888505294366,14.883333333333333,76.11507936507937,1.9833333333333332,54.018253968253966,0.8824110671936758,0.41509928766588605,0.1635559664393239,0.27596203369877126,0.19525129244436729,0.648755177429781,0.4687182809631789,0.6190368210776374,0
0.03467315549192703,14.883333333333333,76.36507936507937,1.9833333333333332,53.768253968253966,0.8824110671936758,0.41317818110850896,0.16310786010628583,0.27532391264452194,0.1941584354296942,0.6477946241510923,0.46701760069107007,0.6207375013497463,0
0.03446269944831817,14.883333333333333,76.61507936507937,1.9833333333333332,53.51825396825397,0.8824110671936758,0.411257074551132,0.16266220248421345,0.2746887359015673,0.19306620564242513,0.6468340708724039,0.46531692041896133,0.622438181621855,0
0.0344489813306007,14.883333333333333,77.11507936507937,1.9833333333333332,53.018253968253966,0.8824110671936758,0.40741486143637784,0.1617781535223175,0.27342713421302034,0.19088348947527928,0.6449129643150269,0.46191555987474353,0.6258395421660727,0
0.03437629529982196,14.883333333333333,77.31507936507937,1.9833333333333332,52.81825396825397,0.8824110671936758,0.4058779761904762,0.1614272187311698,0.27292573241547924,0.1900110046561241,0.644144521692076,0.4605550156570564,0.6272000863837598,0
0.03429832431967115,14.883333333333333,77.56507936507937,1.9833333333333332,52.56825396825397,0.8824110671936758,0.4039568696330992,0.16099068549598658,0.2723015602198392,0.18892084238578394,0.6431839684133875,0.4588543353849476,0.6289007666558687,0
0.03408519724924608,14.883333333333333,77.76507936507937,1.9833333333333332,52.368253968253974,0.8824110671936758,0.4024199843871975,0.1606431551264809,0.27180427425374487,0.18804904574606005,0.6424155257904367,0.4574937911672606,0.6302613108735557,0
0.033830574348329485,14.883333333333333,78.01507936507937,1.9833333333333332,52.118253968253974,0.8824110671936758,0.4004988778298204,0.16021084646140177,0.27118521517815825,0.1869596869361703,0.6414549725117481,0.45579311089515173,0.6319619911456646,0
0.033096191386547534,14.883333333333333,78.26507936507937,1.9833333333333332,51.86825396825397,0.8824110671936758,0.3985777712724434,0.15978085833326233,0.270568969621769,0.18587072523592751,0.6404944192330596,0.4540924306230429,0.6336626714177734,0
0.03274590153437324,14.883333333333333,78.46507936507936,1.9833333333333332,51.66825396825397,0.8824110671936758,0.3970408860265418,0.15943852608847212,0.2700779860446026,0.18499981803422705,0.6397259766101088,0.45273188640535583,0.6350232156354605,0
0.03244401736582955,14.883333333333333,79.46507936507936,1.9833333333333332,50.66825396825397,0.8824110671936758,0.3893564597970336,0.15774863516685034,0.2676495564864305,0.18064811630119137,0.6358837634953547,0.44592916531692045,0.6418259367238959,0
0.03208318057595009,14.883333333333333,79.71507936507938,1.9833333333333332,50.418253968253964,0.8824110671936758,0.3874353532396565,0.15733174488648755,0.2670492573658203,0.17956075539800337,0.6349232102166662,0.4442284850448115,0.6435266169960047,0
0.0318146718866997,14.883333333333333,79.96507936507936,1.9833333333333332,50.168253968253964,0.8824110671936758,0.38551424668227946,0.1569170522722138,0.26645164498689267,0.17847354787398612,0.6339626569379776,0.44252780477270265,0.6452272972681136,0
0.03175244150176718,14.883333333333333,80.21507936507938,1.9833333333333332,49.918253968253964,0.8824110671936758,0.3835931401249024,0.1565045399919882,0.2658567013524624,0.17738645717467355,0.6330021036592891,0.4408271245005938,0.6469279775402224,0
0.03166359180912385,14.883333333333333,80.38174603174605,1.9833333333333332,49.7515873015873,0.8824110671936758,0.3823124024199843,0.15623073462518952,0.26546154608383,0.1766617767996351,0.63236173480683,0.43969333765252133,0.6480617643882951,0
0.031577950670739,14.883333333333333,80.63174603174603,1.9833333333333332,49.5015873015873,0.8824110671936758,0.38039129586260734,0.1558218182120333,0.26487101079794634,0.17557479901149795,0.6314011815281415,0.4379926573804125,0.6497624446604039,0
0.031549545526168246,14.883333333333333,80.88174603174603,1.9833333333333332,49.2515873015873,0.8824110671936758,0.3784701893052303,0.15541503679639326,0.2642830970433213,0.17448783953708602,0.630440628249453,0.43629197710830364,0.6514631249325128,0
0.031513186832871916,15.083333333333332,80.88174603174603,1.7833333333333332,49.2515873015873,0.8942687747035573,0.3784701893052303,0.1571752290846538,0.26735974340217206,0.1825852789872792,0.6363694820043938,0.4376525213259907,0.6528236691501997,0
0.03131295546413338,15.083333333333332,81.13174603174603,1.7833333333333332,49.0015873015873,0.8942687747035573,0.37654908274785326,0.15676683356567214,0.26676866713923764,0.1815086162171798,0.6354089287257052,0.43595184105388185,0.6545243494223086,0
0.03120787256896163,15.083333333333332,81.38174603174603,1.7833333333333332,48.75158730158731,0.8942687747035573,0.3746279761904763,0.1563605548516611,0.2661801986022213,0.18043201777232198,0.6344483754470167,0.434251160781773,0.6562250296944174,0
0.031197509465247623,15.083333333333332,81.63174603174605,1.7833333333333332,48.50158730158731,0.8942687747035573,0.3727068696330991,0.15595637652735492,0.2655943205718558,0.17935544703559134,0.6334878221683282,0.4325504805096642,0.6579257099665262,0
0.03061404572662861,15.083333333333332,81.88174603174603,1.7833333333333332,48.25158730158731,0.8942687747035573,0.37078576307572214,0.1555542823467784,0.26501101598014326,0.1782788671549289,0.6325272688896397,0.43084980023755537,0.6596263902386351,0
0.029376406215225213,15.083333333333332,82.13174603174605,1.7833333333333332,48.00158730158731,0.8942687747035573,0.36886465651834505,0.15515425623107001,0.2644302679086981,0.17720224103430132,0.6315667156109511,0.4291491199654465,0.6613270705107439,0
0.029075195327358895,15.083333333333332,82.27460317460319,1.7833333333333332,47.85873015873016,0.8942687747035573,0.36776688134270097,0.15492659226712097,0.2640995532333261,0.17658699098468256,0.6310178280231291,0.42817730266709864,0.6622988878090919,0
0.028687217411729467,15.083333333333332,82.52460317460319,1.7833333333333332,47.60873015873016,0.8942687747035573,0.36584577478532393,0.15452978387783972,0.2635227887241919,0.17551021663992558,0.6300572747444406,0.4264766223949898,0.6639995680812006,0
0.028324879014712392,15.083333333333332,82.77460317460319,1.7833333333333332,47.358730158730154,0.8942687747035573,0.3639246682279469,0.1541350029602355,0.2629485379065118,0.17443329948013836,0.6290967214657521,0.42477594212288083,0.6657002483533095,0
0.028243326611181868,15.083333333333332,83.02460317460319,1.7833333333333332,47.108730158730154,0.8942687747035573,0.36200356167056985,0.15374223401501422,0.26237678438302453,0.1733562014614133,0.6281361681870635,0.423075261850772,0.6674009286254183,0
0.028130417330586993,15.083333333333332,83.22460317460317,1.7833333333333332,46.908730158730165,0.8942687747035573,0.3604666764246683,0.15342945716407788,0.2619211686879824,0.17249436707909746,0.6273677255641128,0.421714717633085,0.6687614728431055,0
0.027590612206022592,15.083333333333332,83.47460317460317,1.7833333333333332,46.65873015873016,0.8942687747035573,0.3585455698672912,0.15304027121264585,0.26135386942620414,0.1714168467189109,0.6264071722854242,0.42001403736097614,0.6704621531152143,0
0.02725367427036908,15.083333333333332,83.67460317460318,1.7833333333333332,46.45873015873016,0.8942687747035573,0.35700868462138957,0.15273034114196166,0.26090179631676125,0.1705546242670573,0.6256387296624735,0.41865349314328903,0.6718226973329015,0
0.027226054349208998,15.083333333333332,84.0079365079365,1.7833333333333332,46.12539682539682,0.8942687747035573,0.3544472092115534,0.15221657122261822,0.2601518065527319,0.16911712140159885,0.6243579919575554,0.41638591944714387,0.6740902710290465,0
0.027065945987352933,15.083333333333332,84.17460317460318,1.7833333333333332,45.95873015873016,0.8942687747035573,0.3531664715066355,0.15196098029024907,0.2597784262935954,0.16839812721535513,0.6237176231050964,0.41525213259907134,0.6752240578771191,0
0.026955686226747978,15.083333333333332,85.17460317460316,1.7833333333333332,44.95873015873016,0.8942687747035573,0.3454820452771273,0.15044528003166438,0.2575604599632734,0.1640800153512451,0.6198754099903423,0.408449411510636,0.6820267789655544,0
0.026713143214486108,15.33333333333333,85.17460317460316,1.5333333333333332,44.95873015873016,0.9090909090909091,0.3454820452771273,0.1525584333543904,0.2612717388364482,0.17447434691842648,0.6272864771840182,0.41015009178274486,0.6837274592376633,0
0.026428660456230317,15.33333333333333,85.34126984126985,1.5333333333333332,44.79206349206349,0.9090909090909091,0.34420130757220924,0.15230587307843907,0.26090127074583724,0.17376456423637873,0.6266461083315591,0.4090163049346722,0.6848612460857358,0
0.026182970813333463,15.33333333333333,85.5079365079365,1.5333333333333332,44.62539682539683,0.9090909090909091,0.3429205698672912,0.15205414764678102,0.26053185177194016,0.1730546016326397,0.6260057394791001,0.4078825180865997,0.6859950329338084,0
0.026036875969181507,15.33333333333333,85.70793650793652,1.5333333333333332,44.42539682539683,0.9090909090909091,0.3413836846213895,0.15175317330652252,0.2600899275733017,0.17220239244795482,0.6252372968561493,0.40652197386891264,0.6873555771514955,0
0.02600913037377728,15.33333333333333,85.95793650793652,1.5333333333333332,44.17539682539683,0.9090909090909091,0.3394625780640125,0.15137862677959987,0.25953962613934795,0.1711367116195374,0.6242767435774608,0.4048212935968038,0.6890562574236043,0
0.02598670689515909,15.33333333333333,86.15793650793651,1.5333333333333332,43.97539682539682,0.9090909090909091,0.33792569281811086,0.15108031811321637,0.2591010588006517,0.1702838063274583,0.6235083009545099,0.4034607493791167,0.6904168016412914,0
0.025939113466566334,15.33333333333333,86.40793650793653,1.5333333333333332,43.72539682539683,0.9090909090909091,0.33600458626073376,0.15070908154827833,0.2585549295397668,0.16921718977154157,0.6225477476758214,0.40176006910700784,0.6921174819134003,0
0.02562524149305436,15.33333333333333,86.57460317460317,1.5333333333333332,43.55873015873016,0.9090909090909091,0.3347238485558158,0.15046260241113982,0.2581921205965681,0.16850579398887636,0.6219073788233624,0.40062628225893526,0.6932512687614729,0
0.02559890657827072,15.33333333333333,86.74126984126984,1.5333333333333332,43.392063492063485,0.9090909090909091,0.33344311085089773,0.15021692817267168,0.2578303284267278,0.16779412945521416,0.6212670099709034,0.3994924954108627,0.6943850556095453,0
0.02554417629101344,15.33333333333333,86.99126984126984,1.5333333333333332,43.142063492063485,0.9090909090909091,0.33152200429352063,0.14984991739639644,0.257289537291668,0.1667261017271847,0.6203064566922148,0.39779181513875383,0.6960857358816542,0
0.025507348422829496,15.33333333333333,87.15793650793651,1.5333333333333332,42.97539682539683,0.9090909090909091,0.3302412665886027,0.1496062382394164,0.2569302684336163,0.16601371113608196,0.6196660878397559,0.39665802829068136,0.6972195227297268,0
0.02539309559872285,15.33333333333333,87.40793650793651,1.5333333333333332,42.72539682539683,0.9090909090909091,0.32832016003122566,0.14924220186321008,0.25639324247209794,0.16494453569398387,0.6187055345610674,0.3949573480185725,0.6989202030018355,0
0.02532453937493146,15.33333333333333,87.60793650793651,1.5333333333333332,42.525396825396825,0.9090909090909091,0.326783274785324,0.14895224584830305,0.25596523536347854,0.1640886606370627,0.6179370919381165,0.3935968038008854,0.7002807472195227,0
0.025233690452624524,15.33333333333333,88.60793650793651,1.5333333333333332,41.525396825396825,0.9090909090909091,0.3190988485558158,0.14751920345738587,0.25384645705501313,0.1598013475341534,0.6140948788233624,0.38679408271245,0.707083468307958,0
0.02481937657401777,15.33333333333333,89.10793650793651,1.5333333333333332,41.025396825396825,0.9090909090909091,0.3152566354410617,0.14681297303869414,0.25280016748665335,0.1576521240483387,0.6121737722659853,0.38339272216823234,0.7104848288521757,0
0.02481238510394684,15.583333333333332,89.10793650793651,1.2833333333333332,41.025396825396825,0.9239130434782608,0.3152566354410617,0.14885036122840398,0.2563935154051566,0.1683622804305675,0.6195848394596613,0.3850934024403412,0.7121855091242846,0
0.02475011088997829,15.583333333333332,89.35793650793651,1.2833333333333332,40.775396825396825,0.9239130434782608,0.31333552888368466,0.14849575726407815,0.2558672904259893,0.1673059091496787,0.6186242861809728,0.38339272216823234,0.7138861893963934,0
0.024715638459728413,15.583333333333332,89.60793650793651,1.2833333333333332,40.525396825396825,0.9239130434782608,0.3114144223263076,0.14814283881968596,0.2553432210828841,0.16624867349766165,0.6176637329022842,0.3816920418961235,0.7155868696685023,0
0.02445715883108148,15.583333333333332,89.80793650793652,1.2833333333333332,40.32539682539682,0.9239130434782608,0.30987753708040594,0.1478617095780651,0.254925508779902,0.16540223284676145,0.6168952902793333,0.3803314976784364,0.7169474138861893,0
0.024357646757369563,15.583333333333332,90.05793650793652,1.2833333333333332,40.07539682539682,0.9239130434782608,0.3079564305230289,0.1475117949334375,0.2544052863436123,0.1643433292054011,0.6159347370006448,0.37863081740632754,0.7186480941582982,0
0.024275942472268833,15.583333333333332,90.39126984126983,1.2833333333333332,39.742063492063494,0.9239130434782608,0.30539495511319287,0.14704781019711222,0.25371495025197055,0.16292990985602088,0.6146539992957268,0.3763632437101825,0.7209156678544434,0
0.024253792310360386,15.583333333333332,90.64126984126983,1.2833333333333332,39.492063492063494,0.9239130434782608,0.3034738485558158,0.14670173262703318,0.2531996518263,0.16186862480291017,0.6136934460170382,0.37466256343807364,0.7226163481265522,0
0.024243582410858784,15.583333333333332,90.784126984127,1.2833333333333332,39.349206349206355,0.9239130434782608,0.30237607338017175,0.14650470441640612,0.25290613427789405,0.16126168622182321,0.6131445584292162,0.37369074613972575,0.7235881654249001,0
0.024114120620306462,15.583333333333332,91.03412698412698,1.2833333333333332,39.09920634920635,0.9239130434782608,0.3004549668227947,0.14616117554228886,0.2523941127321807,0.16019865443628117,0.6121840051505277,0.3719900658676169,0.7252888456970089,0
0.023855945222716418,15.583333333333332,91.23412698412699,1.2833333333333332,38.899206349206345,0.9239130434782608,0.29891808157689304,0.14588751021621219,0.25198598580613696,0.15934738692998945,0.6114155625275769,0.3706295216499298,0.726649389914696,0
0.02376613719057083,15.583333333333332,91.48412698412699,1.2833333333333332,38.649206349206345,0.9239130434782608,0.296996975019516,0.1455468663133316,0.2514776795148472,0.158282209363728,0.6104550092488884,0.36892884137782095,0.7283500701868048,0
0.02343577228001514,15.583333333333332,91.73412698412699,1.2833333333333332,38.399206349206345,0.9239130434782608,0.29507586846213896,0.14520780949563672,0.25097141980673854,0.15721577145612908,0.6094944559701998,0.3672281611057121,0.7300507504589137,0
0.023420283005347386,15.583333333333332,91.90079365079364,1.2833333333333332,38.23253968253968,0.9239130434782608,0.2937951307572209,0.1449826478623643,0.25063504422971367,0.15650408818880318,0.6088540871177408,0.3660943742576395,0.7311845373069863,0
0.023272357913744646,15.583333333333332,92.15079365079364,1.2833333333333332,37.98253968253968,0.9239130434782608,0.2918740241998439,0.14464621164683783,0.2501321681306012,0.15543543910225274,0.6078935338390523,0.3643936939855307,0.7328852175790952,0
0.022889589140336165,15.583333333333332,92.65079365079364,1.2833333333333332,37.48253968253968,0.9239130434782608,0.2880318110850898,0.14397800183318057,0.24913244558356115,0.15329390660789094,0.6059724272816753,0.360992333441313,0.7362865781233129,0
0.022851767112355325,15.583333333333332,92.90079365079364,1.2833333333333332,37.23253968253968,0.9239130434782608,0.2861107045277127,0.14364620674518985,0.24863557508452472,0.15222091928186254,0.6050118740029867,0.35929165316920414,0.7379872583954217,0
0.022452288845854797,15.583333333333332,93.15079365079366,1.2833333333333332,36.98253968253968,0.9239130434782608,0.28418959797033566,0.14331593737454837,0.248140682560645,0.15114638064128738,0.6040513207242982,0.3575909728970953,0.7396879386675306,0
0.022372804264214164,15.783333333333331,93.15079365079366,1.0833333333333333,36.98253968253968,0.9357707509881423,0.28418959797033566,0.14488878527142512,0.250925814937953,0.1600307469473814,0.609980174479239,0.3589515171147824,0.7410484828852175,0
0.022342336281983323,15.783333333333331,93.40079365079367,1.0833333333333333,36.73253968253968,0.9357707509881423,0.28226849141295857,0.14455703195417668,0.2504281468795648,0.1589742387818567,0.6090196212005504,0.35725083684267356,0.7427491631573264,0
0.022334429792195166,15.783333333333331,93.65079365079364,1.0833333333333333,36.48253968253968,0.9357707509881423,0.2803473848555816,0.1442267944041135,0.2499324489911335,0.1579163106377548,0.6080590679218619,0.3555501565705647,0.7444498434294352,0
0.022106886784515216,15.783333333333331,93.81746031746032,1.0833333333333333,36.31587301587302,0.9357707509881423,0.27906664715066354,0.144007473008103,0.24960307250123942,0.1572102106787598,0.6074186990694029,0.3544163697224922,0.7455836302775078,0
0.021933250465894102,15.783333333333331,93.98412698412699,1.0833333333333333,36.149206349206345,0.9357707509881423,0.2777859094457455,0.14378881763034407,0.24927456301430811,0.15650344090467408,0.6067783302169439,0.35328258287441955,0.7467174171255804,0
0.02169277656354609,15.783333333333331,94.23412698412699,1.0833333333333333,35.89920634920635,0.9357707509881423,0.2758648028883685,0.14346207672663788,0.24878341694084086,0.15544199577942286,0.6058177769382554,0.35158190260231076,0.7484180973976893,0
0.021627580727876898,15.783333333333331,94.43412698412698,1.0833333333333333,35.69920634920635,0.9357707509881423,0.27432791764246683,0.1432017512277316,0.24839189138553386,0.15459169275317183,0.6050493343153046,0.3502213583846237,0.7497786416153762,0
0.021509725053161635,15.783333333333331,94.68412698412698,1.0833333333333333,35.44920634920635,0.9357707509881423,0.2724068110850898,0.1428776699308135,0.2479042140101346,0.1535273343154705,0.604088781036616,0.34852067811251486,0.7514793218874851,0
0.02139857730137943,15.783333333333331,94.93412698412699,1.0833333333333333,35.19920634920635,0.9357707509881423,0.27048570452771276,0.14255505218488357,0.2474184478339844,0.15246127990504574,0.6031282277579275,0.346819997840406,0.7531800021595939,0
0.021206080689057848,15.783333333333331,95.18412698412699,1.0833333333333333,34.94920634920635,0.9357707509881423,0.2685645979703357,0.14223388809818405,0.24693458164411958,0.15139347301472744,0.602167674479239,0.34511931756829717,0.7548806824317028,0
0.020981453626806472,15.783333333333331,95.51746031746032,1.0833333333333333,34.615873015873014,0.9357707509881423,0.2660031225604996,0.14180791363315481,0.24629236304190327,0.1499669049408361,0.600886936774321,0.342851743872152,0.757148256127848,0
0.020898042660799202,15.783333333333331,95.76746031746032,1.0833333333333333,34.365873015873014,0.9357707509881423,0.26408201600312253,0.14149010344778518,0.24581288703756346,0.14889478371324694,0.5999263834956324,0.34115106360004316,0.7588489363999568,0
0.020764827766603097,15.783333333333331,95.93412698412698,1.0833333333333333,34.19920634920635,0.9357707509881423,0.26280127829820454,0.14127902020402944,0.24549427217064979,0.14817895776114678,0.5992860146431734,0.34001727675197063,0.7599827232480293,0
0.020619415336860146,15.783333333333331,96.18412698412698,1.0833333333333333,33.94920634920635,0.9357707509881423,0.2608801717408275,0.14096357360060674,0.24501789553443273,0.14710355614839074,0.598325461364485,0.3383165964798618,0.7616834035201382,0
0.020288801786176952,16.03333333333333,96.18412698412698,0.8333333333333333,33.94920634920635,0.9505928853754941,0.2608801717408275,0.1428773498168239,0.24841680705335517,0.1585817073698835,0.6057365285581608,0.34001727675197063,0.763384083792247,0
0.020229469139986578,16.03333333333333,96.68412698412698,0.8333333333333333,33.44920634920635,0.9505928853754941,0.25703795862607337,0.14224356446797723,0.2474582914819079,0.15648354869082942,0.6038154220007838,0.33661591620775294,0.7667854443364647,0
0.020090911129344826,16.03333333333333,97.01746031746032,0.8333333333333333,33.115873015873014,0.9505928853754941,0.25447648321623734,0.1418241554575833,0.24682337992376108,0.15508081748344074,0.6025346842958658,0.3343483425116078,0.7690530180326098,0
0.019916921597871073,16.03333333333333,97.35079365079365,0.8333333333333333,32.78253968253968,0.9505928853754941,0.25191500780640125,0.1414072124538022,0.24619171805308437,0.1536747573796105,0.6012539465909477,0.33208076881546267,0.771320591728755,0
0.019657119955938617,16.03333333333333,97.4936507936508,0.8333333333333333,32.63968253968254,0.9505928853754941,0.2508172326307572,0.1412292721120774,0.2459219944490432,0.15307110592450152,0.6007050590031257,0.3311089515171148,0.7722924090271029,0
0.019637758077760744,16.03333333333333,97.74365079365079,0.8333333333333333,32.38968253968254,0.9505928853754941,0.2488961260733802,0.1409189517225985,0.2454513975372241,0.15201314726135323,0.5997445057244372,0.32940827124500593,0.7739930892992117,0
0.01945414418285797,16.03333333333333,97.88650793650794,0.8333333333333333,32.2468253968254,0.9505928853754941,0.2477983508977362,0.1407422373013606,0.24518329277691134,0.15140768316874914,0.5991956181366151,0.32843645394665805,0.7749649065975596,0
0.01881410649790997,16.03333333333333,98.08650793650793,0.8333333333333333,32.0468253968254,0.9505928853754941,0.24626146565183452,0.14049558039098414,0.24480892858224826,0.15055888657260372,0.5984271755136643,0.32707590972897094,0.7763254508152466,0
0.018745673951950186,16.03333333333333,98.28650793650793,0.8333333333333333,31.846825396825395,0.9505928853754941,0.24472458040593287,0.1402497865220802,0.2444357058592214,0.14970872231722313,0.5976587328907135,0.3257153655112838,0.7776859950329338,0
0.018728378954638986,16.03333333333333,98.53650793650793,0.8333333333333333,31.596825396825395,0.9505928853754941,0.2428034738485558,0.1399437509524931,0.24397077471167203,0.14864404302703,0.596698179612025,0.324014685239175,0.7793866753050426,0
0.018413103001668183,16.03333333333333,98.78650793650793,0.8333333333333333,31.346825396825395,0.9505928853754941,0.24088236729117876,0.13963904806010796,0.2435076088594244,0.1475771086815424,0.5957376263333365,0.32231400496706614,0.7810873555771515,0
0.01820000535638689,16.03333333333333,99.03650793650795,0.8333333333333333,31.096825396825395,0.9505928853754941,0.23896126073380172,0.13933566915882692,0.2430461982675649,0.1465078518469074,0.5947770730546479,0.32061332469495735,0.7827880358492603,0
0.017948415634252358,16.03333333333333,99.36984126984127,0.8333333333333333,30.763492063492063,0.9505928853754941,0.23639978532396566,0.13893320862676053,0.24243369734789386,0.14507844416483653,0.5934963353497299,0.31834575099881224,0.7850556095454054,0
0.017731454080386823,16.03333333333333,99.61984126984126,0.8333333333333333,30.513492063492063,0.9505928853754941,0.23447867876658862,0.13863288568036616,0.2419763437640365,0.1440034981059702,0.5925357820710414,0.31664507072670345,0.7867562898175142,0
0.017685517769323242,16.03333333333333,99.86984126984126,0.8333333333333333,30.263492063492063,0.9505928853754941,0.23255757220921155,0.1383338583108506,0.24152071253511867,0.1429259945409872,0.5915752287923528,0.3149443904545946,0.7884569700896231,0
0.017591549956900862,16.03333333333333,100.11984126984126,0.8333333333333333,30.013492063492066,0.9505928853754941,0.23063646565183454,0.13803611815268563,0.24106679395006114,0.1418458596998558,0.5906146755136643,0.3132437101824857,0.7901576503617319,0
0.01714460723228244,16.03333333333333,100.36984126984126,0.8333333333333333,29.763492063492066,0.9505928853754941,0.22871535909445748,0.13773965691220988,0.2406145783706527,0.14076301821032627,0.5896541222349758,0.31154302991037686,0.7918583306338407,0
0.017083850561354405,16.03333333333333,100.56984126984128,0.8333333333333333,29.563492063492067,0.9505928853754941,0.2271784738485558,0.1375034032126327,0.24025402564041576,0.13989474452384124,0.588885679612025,0.31018248569268975,0.7932188748515279,0
0.016979193601077653,16.03333333333333,101.06984126984128,0.8333333333333333,29.063492063492067,0.9505928853754941,0.2233362607338017,0.13691629955947135,0.239357353585858,0.13771600035387485,0.5869645730546479,0.30678112514847206,0.7966202353957456,0
0.016975515130487992,16.03333333333333,101.26984126984127,0.8333333333333333,28.863492063492064,0.9505928853754941,0.2217993754879001,0.1366828595012246,0.23900055603534962,0.13684116972669141,0.5861961304316972,0.305420580930785,0.7979807796134326,0
0.016846366057141807,16.03333333333333,101.51984126984127,0.8333333333333333,28.613492063492064,0.9505928853754941,0.21987826893052304,0.13639217645509968,0.2385560521701138,0.13574485828336597,0.5852355771530086,0.30371990065867616,0.7996814598855415,0
0.016647106213629505,16.03333333333333,101.76984126984127,0.8333333333333333,28.363492063492068,0.9505928853754941,0.21795716237314602,0.1361027271747332,0.23811319865161124,0.13464538568400336,0.5842750238743201,0.30201922038656737,0.8013821401576503,0
0.016220344144566703,16.03333333333333,102.01984126984127,0.8333333333333333,28.113492063492068,0.9505928853754941,0.21603605581576898,0.1358145038219258,0.23767198630580177,0.13354266442597837,0.5833144705956316,0.3003185401144585,0.8030828204297592,0
0.01600118856555353,16.03333333333333,102.26984126984127,0.8333333333333333,27.863492063492064,0.9505928853754941,0.2141149492583919,0.13552749862473332,0.23723240602651574,0.13243660490226203,0.582353917316943,0.2986178598423496,0.804783500701868,0
0.015952854688703097,16.03333333333333,102.51984126984127,0.8333333333333333,27.613492063492068,0.9505928853754941,0.21219384270101488,0.13524170387676818,0.23679444877482728,0.13132711532212987,0.5813933640382545,0.29691717957024083,0.8064841809739769,0
0.015885287425806034,16.03333333333333,102.76984126984127,0.8333333333333333,27.363492063492068,0.9505928853754941,0.21027273614363784,0.1349571119365096,0.236358105578435,0.13021410162824418,0.580432810759566,0.295216499298132,0.8081848612460857,0
0.015590434709996657,16.03333333333333,103.01984126984127,0.8333333333333333,27.113492063492064,0.9505928853754941,0.20835162958626074,0.13467371522662275,0.23592336753104945,0.12909746740990846,0.5794722574808775,0.2935158190260231,0.8098855415181946,0
0.015377128187618713,16.03333333333333,103.21984126984127,0.8333333333333333,26.913492063492065,0.9505928853754941,0.20681474434035912,0.13444785337317564,0.23557672685716946,0.12820148691170852,0.5787038148579267,0.29215527480833603,0.8112460857358816,0
0.014990784864884149,16.03333333333333,103.33095238095238,0.8333333333333333,26.802380952380954,0.9505928853754941,0.2059609192037471,0.13432270161370752,0.23538458849642582,0.127702672404599,0.5782769022896206,0.291399416909621,0.8120019436345967,0
0.014678636405727178,16.03333333333333,103.66428571428571,0.8333333333333333,26.469047619047622,0.9505928853754941,0.20339944379391103,0.13394864042328883,0.23481004934009797,0.12620163432088674,0.5769961645847026,0.28913184321347585,0.8142695173307418,0
0.014650247348796507,16.03333333333333,103.91428571428571,0.8333333333333333,26.219047619047622,0.9505928853754941,0.201478337236534,0.13366945889078566,0.23438098221433296,0.1250712189895656,0.5760356113060141,0.287431162941367,0.8159701976028506,0
0.014565474268876694,16.03333333333333,104.16428571428571,0.8333333333333333,25.969047619047622,0.9505928853754941,0.19955723067915696,0.13339143870213735,0.2339534802925287,0.12393670909025224,0.5750750580273255,0.2857304826692582,0.8176708778749595,0
0.014301705249654947,16.03333333333333,104.36428571428571,0.8333333333333333,25.769047619047623,0.9505928853754941,0.1980203454332553,0.13316985385725869,0.23361259995490102,0.12302607836998908,0.5743066154043748,0.28436993845157116,0.8190314220926466,0
0.014100107374413641,16.03333333333333,104.61428571428571,0.8333333333333333,25.519047619047623,0.9505928853754941,0.19609923887587827,0.1328939059046416,0.23318789389846936,0.12188391566368388,0.5733460621256862,0.2826692581794623,0.8207321023647554,0
0.014034184489792696,16.03333333333333,104.86428571428571,0.8333333333333333,25.26904761904762,0.9505928853754941,0.19417813231850117,0.132619099198456,0.2327647292649626,0.12073733893457356,0.5723855088469977,0.2809685779073534,0.8224327826368643,0
0.013980926084459654,16.03333333333333,105.06428571428572,0.8333333333333333,25.06904761904762,0.9505928853754941,0.19264124707259955,0.1324000707811486,0.23242730175166104,0.11981681882941556,0.5716170662240468,0.27960803368966636,0.8237933268545513,0
0.01396183682261677,16.03333333333333,105.31428571428572,0.8333333333333333,24.81904761904762,0.9505928853754941,0.19072014051522249,0.13212730055331004,0.23200689061154176,0.1186619918102614,0.5706565129453584,0.2779073534175575,0.8254940071266602,0
0.01384384355349976,16.03333333333333,105.56428571428572,0.8333333333333333,24.56904761904762,0.9505928853754941,0.18879903395784545,0.1318556519355407,0.2315879975926403,0.11750240569653923,0.5696959596666697,0.27620667314544867,0.827194687398769,0
0.01371304707213179,16.03333333333333,105.73095238095237,0.8333333333333333,24.402380952380952,0.9505928853754941,0.1875182962529274,0.13167517256213213,0.23130957492486043,0.11672664029000816,0.5690555908142108,0.2750728862973761,0.8283284742468415,0
0.013465522423757781,16.03333333333333,105.98095238095237,0.8333333333333333,24.152380952380952,0.9505928853754941,0.18559718969555036,0.13140537798072044,0.23089319389679408,0.11555883152334989,0.5680950375355223,0.27337220602526724,0.8300291545189504,0
0.013465142378697448,16.03333333333333,106.23095238095237,0.8333333333333333,23.902380952380955,0.9505928853754941,0.18367608313817332,0.13113668672469864,0.23047830923248053,0.11438590835954325,0.5671344842568338,0.2716715257531584,0.8317298347910592,0
0.013389394285379599,16.03333333333333,106.48095238095237,0.8333333333333333,23.652380952380955,0.9505928853754941,0.18175497658079628,0.130869092039801,0.230064912880082,0.1132077302243909,0.5661739309781452,0.26997084548104955,0.833430515063168,0
0.013372374787684702,16.03333333333333,106.64761904761905,0.8333333333333333,23.485714285714288,0.9505928853754941,0.18047423887587824,0.13069130147886504,0.22979013820167207,0.11241928735732513,0.5655335621256862,0.268837058632977,0.8345643019112406,0
0.013067442286908587,16.03333333333333,106.89761904761905,0.8333333333333333,23.235714285714288,0.9505928853754941,0.1785531323185012,0.130425519552207,0.22937920463254702,0.1112320268560852,0.5645730088469977,0.2671363783608682,0.8362649821833495,0
0.013044199616497993,16.03333333333333,107.09761904761905,0.8333333333333333,23.035714285714285,0.9505928853754941,0.17701624707259953,0.1302136710818911,0.22905151448153876,0.1102781570310366,0.5638045662240468,0.26577583414318107,0.8376255264010366,0
0.01288728958445814,16.03333333333333,107.34761904761905,0.8333333333333333,22.785714285714285,0.9505928853754941,0.17509514051522249,0.12994982632188343,0.228643216080402,0.10908061133924378,0.5628440129453584,0.2640751538710722,0.8393262066731454,0
0.012710673005598848,16.03333333333333,107.59761904761905,0.8333333333333333,22.535714285714285,0.9505928853754941,0.17317403395784545,0.1296870486278286,0.22823637072311004,0.10787712784276518,0.5618834596666697,0.2623744735989634,0.8410268869452543,0
0.012686255815934086,16.03333333333333,107.84761904761905,0.8333333333333333,22.285714285714285,0.9505928853754941,0.17125292740046838,0.12942533153949642,0.22783097066684707,0.10666754014615776,0.5609229063879813,0.26067379332685453,0.8427275672173631,0
0.012648794416569973,16.366666666666667,107.84761904761905,0.5,22.285714285714285,0.9703557312252964,0.17125292740046838,0.13176154878282537,0.23201809160562997,0.12470435497226584,0.5708043293128824,0.2629413670229997,0.8449951409135084,0
0.012561830824433571,16.366666666666667,108.09761904761905,0.5,22.03571428571429,0.9703557312252964,0.16933182084309137,0.13149689143950263,0.23160767533145774,0.12356872779113935,0.5698437760341939,0.26124068675089085,0.8466958211856171,0
0.012457625358943252,16.366666666666667,108.34761904761905,0.5,21.78571428571429,0.9703557312252964,0.1674107142857143,0.1312332951508209,0.2311987084622629,0.12242806362935248,0.5688832227555054,0.259540006478782,0.848396501457726,0
0.0124077038253632,16.366666666666667,108.59761904761905,0.5,21.53571428571429,0.9703557312252964,0.16548960772833726,0.13097075354863294,0.23079118333361315,0.12128221725328266,0.5679226694768168,0.25783932620667316,0.8500971817298348,0
0.012231757626082779,16.366666666666667,108.76428571428572,0.5,21.369047619047617,0.9703557312252964,0.1642088700234192,0.13079630862905528,0.2305202971210114,0.12051536678485752,0.5672823006243578,0.2567055393586005,0.8512309685779074,0
0.011827216722238144,16.366666666666667,109.01428571428572,0.5,21.119047619047617,0.9703557312252964,0.16228776346604215,0.13053551082415496,0.23011515800749865,0.11936054756257584,0.5663217473456693,0.25500485908649173,0.8529316488500162,0
0.011462263116574249,16.366666666666667,109.21428571428572,0.5,20.919047619047618,0.9703557312252964,0.1607508782201405,0.13032762020324584,0.22979207060239346,0.1184326726579395,0.5655533047227185,0.2536443148688047,0.8542921930677032,0
0.011452216887399565,16.366666666666667,109.71428571428572,0.5,20.419047619047618,0.9703557312252964,0.15690866510538642,0.12981077916682401,0.22898830740530998,0.11609676953270587,0.5636321981653414,0.250242954324587,0.8576935536119209,0
0.011325348813274605,16.366666666666667,109.82539682539684,0.5,20.307936507936507,0.9703557312252964,0.15605483996877437,0.1296964818052603,0.22881045635603092,0.11557443364353226,0.5632052855970354,0.2494870964258719,0.8584494115106359,0
0.011287531742763526,16.366666666666667,110.07539682539684,0.5,20.05793650793651,0.9703557312252964,0.15413373341139733,0.12944004720149135,0.22841129983551992,0.11439471479482877,0.5622447323183468,0.24778641615376307,0.8601500917827448,0
0.011245153601522602,16.366666666666667,110.32539682539684,0.5,19.80793650793651,0.9703557312252964,0.1522126268540203,0.1291846246366643,0.22801353353530437,0.11320866607999686,0.5612841790396583,0.24608573588165422,0.8618507720548536,0
0.01114326547349003,16.366666666666667,110.52539682539683,0.5,19.60793650793651,0.9703557312252964,0.1506757416081187,0.12898101123314404,0.22769631657980743,0.11225514208374648,0.5605157364167075,0.24472519166396717,0.8632113162725407,0
0.011142205016377409,16.366666666666667,110.77539682539683,0.5,19.357936507936508,0.9703557312252964,0.1487546350507416,0.128727395302093,0.22730103443904964,0.11105721582198813,0.559555183138019,0.24302451139185832,0.8649119965446496,0
0.011087123048176894,16.366666666666667,111.02539682539683,0.5,19.107936507936508,0.9703557312252964,0.14683352849336456,0.12847477478599997,0.22690712234411275,0.1098524094270299,0.5585946298593305,0.24132383111974948,0.8666126768167584,0
0.010980722984661934,16.366666666666667,111.1920634920635,0.5,18.94126984126984,0.9703557312252964,0.14555279078844652,0.12830691122669918,0.22664527190398734,0.10904527912824212,0.5579542610068715,0.2401900442716769,0.867746463664831,0
0.0109490532118721,16.366666666666667,111.3920634920635,0.5,18.74126984126984,0.9703557312252964,0.1440159055425449,0.12810605307623496,0.22633184801457512,0.1080724721761975,0.5571858183839207,0.23882950005398984,0.869107007882518,0
0.01084841916803935,16.366666666666667,111.6420634920635,0.5,18.49126984126984,0.9703557312252964,0.14209479898516783,0.12785586300537535,0.22594128506708003,0.10684977665256289,0.5562252651052321,0.237128819781881,0.8708076881546268,0
0.010346881897714424,16.366666666666667,111.89206349206349,0.5,18.241269841269844,0.9703557312252964,0.14017369242779082,0.12760664826800988,0.2255520677246826,0.10561943472862542,0.5552647118265436,0.2354281395097722,0.8725083684267357,0
0.00984522773795109,16.366666666666667,112.22539682539684,0.5,17.90793650793651,0.9703557312252964,0.1376122170179547,0.12727586930492635,0.22503519243990003,0.10396666666249282,0.5539839741216256,0.23316056581362699,0.8747759421228809,0
0.009453675912668574,16.366666666666667,112.47539682539683,0.5,17.657936507936512,0.9703557312252964,0.13569111046057772,0.12702890828564564,0.22464908792818897,0.10271752927725594,0.5530234208429371,0.23145988554151822,0.8764766223949897,0
0.00940056413369679,16.366666666666667,112.72539682539683,0.5,17.407936507936512,0.9703557312252964,0.13377000390320065,0.1267829037969703,0.2242643060660765,0.10145990336157545,0.5520628675642485,0.22975920526940938,0.8781773026670986,0
0.009370457083190514,16.366666666666667,112.97539682539681,0.5,17.15793650793651,0.9703557312252964,0.13184889734582358,0.12653785029238332,0.22388084006882963,0.10019351304410523,0.55110231428556,0.22805852499730048,0.8798779829392074,0
0.009365368763394378,16.366666666666667,113.22539682539683,0.5,16.90793650793651,0.9703557312252964,0.12992779078844655,0.12629374226816753,0.22349868319804053,0.09891807059404381,0.5501417610068715,0.22635784472519163,0.8815786632113163,0
0.009067512192757188,16.366666666666667,113.47539682539683,0.5,16.65793650793651,0.9703557312252964,0.12800668423106948,0.12605057426299351,0.2231178287612319,0.09763327570526696,0.5491812077281829,0.2246571644530828,0.8832793434834253,0
0.008856740195507837,16.366666666666667,113.72539682539681,0.5,16.407936507936505,0.9703557312252964,0.1260855776736924,0.12580834085751239,0.22273827011146635,0.0963388147257139,0.5482206544494944,0.22295648418097397,0.8849800237555341,0
0.008819034436146574,16.366666666666667,113.97539682539681,0.5,16.157936507936505,0.9703557312252964,0.12416447111631536,0.12556703667395316,0.22236000064695957,0.09503435982692647,0.5472601011708059,0.22125580390886512,0.886680704027643,0
0.008762608158821808,16.366666666666667,114.22539682539683,0.5,15.907936507936505,0.9703557312252964,0.1222433645589383,0.12532665637572474,0.22198301381069768,0.0937195681080752,0.5462995478921173,0.21955512363675628,0.8883813842997518,0
0.008574435356133217,16.366666666666667,114.47539682539681,0.5,15.657936507936506,0.9703557312252964,0.12032225800156128,0.12508719466702253,0.22160730309005822,0.09239408062817599,0.5453389946134288,0.21785444336464743,0.8900820645718607,0
0.008562190152029558,16.366666666666667,114.67539682539683,0.5,15.457936507936507,0.9703557312252964,0.11878537275565965,0.12489628315153864,0.2213076489684222,0.09132573760823755,0.544570551990478,0.21649389914696038,0.8914426087895476,0
0.00840881601405417,16.366666666666667,114.92539682539683,0.5,15.207936507936507,0.9703557312252964,0.1168642661982826,0.1246584616872597,0.22093421898435825,0.08998003796513734,0.5436099987117895,0.21479321887485153,0.8931432890616565,0
0.008332132859038034,16.366666666666667,115.03650793650795,0.5,15.096825396825396,0.9703557312252964,0.11601044106167055,0.12455305373018939,0.22076865431966597,0.08937818814803579,0.5431830861434834,0.21403736097613643,0.8938991469603715,0
0.008148047231582373,16.366666666666667,115.28650793650795,0.5,14.846825396825396,0.9703557312252964,0.1140893345042935,0.12431653635393619,0.2203970395703636,0.0880153139176488,0.5422225328647949,0.21233668070402759,0.8955998272324804,0
0.008107151716771841,16.366666666666667,115.4531746031746,0.5,14.68015873015873,0.9703557312252964,0.1128085967993755,0.12415935650509052,0.22014999065894475,0.08709985707869028,0.5415821640123359,0.2112028938559551,0.8967336140805529,0
0.007730780020142059,16.366666666666667,115.7031746031746,0.5,14.430158730158729,0.9703557312252964,0.11088749024199843,0.12392433056103072,0.21978045401257595,0.08571602119471106,0.5406216107336475,0.20950221358384624,0.8984342943526618,0
0.007638416976039927,16.366666666666667,115.9531746031746,0.5,14.180158730158729,0.9703557312252964,0.10896638368462139,0.12369019271486237,0.21941215587179144,0.08431897758533884,0.5396610574549588,0.2078015333117374,0.9001349746247705,0
0.007557215305216515,16.366666666666667,116.2031746031746,0.5,13.930158730158729,0.9703557312252964,0.10704527712724433,0.12345693794226463,0.21904509002071273,0.08290822253922704,0.5387005041762704,0.20610085303962855,0.9018356548968794,0
0.007527898855972003,16.366666666666667,116.4531746031746,0.5,13.680158730158729,0.9703557312252964,0.10512417056986728,0.12322456125674472,0.21867925028498716,0.0814832251079699,0.5377399508975819,0.2044001727675197,0.9035363351689882,0
0.007518061199997935,16.366666666666667,116.7031746031746,0.5,13.430158730158729,0.9703557312252964,0.10320306401249024,0.12299305770928262,0.21831463053144187,0.08004342506775933,0.5367793976188933,0.20269949249541086,0.9052370154410971,0
0.007493435789594107,16.366666666666667,116.9531746031746,0.5,13.18015873015873,0.9703557312252964,0.1012819574551132,0.12276242238797973,0.21795122466774117,0.07858823068709181,0.5358188443402048,0.20099881222330201,0.9069376957132059,0
0.007225481337523158,16.366666666666667,117.06428571428572,0.5,13.069047619047618,0.9703557312252964,0.10042813231850117,0.12266019521421816,0.21779009900990098,0.07793637388906088,0.5353919317718988,0.20024295432458697,0.9076935536119211,0
0.006863456630838909,16.366666666666667,117.23095238095237,0.5,12.902380952380952,0.9703557312252964,0.09914739461358314,0.12250717328153125,0.2175488567133476,0.07695253071983166,0.5347515629194398,0.19910916747651441,0.9088273404599935,0
0.0067941865235982895,16.366666666666667,117.56428571428572,0.5,12.569047619047618,0.9703557312252964,0.09658591920374707,0.1222022719596096,0.2170679718954764,0.07496229514580825,0.5334708252145217,0.19684159378036928,0.9110949141561387,0
0.006624831900793442,16.366666666666667,117.89761904761906,0.5,12.235714285714282,0.9703557312252964,0.09402444379391096,0.1218988845737795,0.216589208349744,0.07294057029366764,0.5321900875096037,0.1945740200842241,0.9133624878522839,0
0.006524643990941027,16.366666666666667,118.06428571428572,0.5,12.069047619047618,0.9703557312252964,0.09274370608899297,0.12174775508758258,0.21635061767251554,0.07191733260431381,0.5315497186571447,0.1934402332361516,0.9144962747003564,0
0.006506539110631703,16.366666666666667,118.31428571428572,0.5,11.819047619047616,0.9703557312252964,0.09082259953161591,0.12152176218930098,0.21599371563236447,0.07036632582516282,0.5305891653784561,0.19173955296404274,0.9161969549724652,0
0.006472682908444665,16.366666666666667,118.56428571428572,0.5,11.569047619047618,0.9703557312252964,0.08890149297423887,0.12129660673007357,0.2156379891773194,0.06879516534183643,0.5296286120997676,0.1900388726919339,0.9178976352445741,0
0.006306072441132476,16.366666666666667,118.70714285714286,0.5,11.426190476190477,0.9703557312252964,0.08780371779859486,0.12116832067123795,0.21543524249784535,0.06788795817090494,0.5290797245119456,0.189067055393586,0.918869452542922,0
0.006271918843847225,16.366666666666667,118.95714285714286,0.5,11.176190476190477,0.9703557312252964,0.08588261124121781,0.12094447181363924,0.215081351689612,0.0662832397028519,0.5281191712332571,0.18736637512147716,0.9205701328150309,0
0.00622213842139116,16.366666666666667,119.12380952380953,0.5,11.00952380952381,0.9703557312252964,0.08460187353629978,0.12079569816891014,0.21484606969839035,0.06520090775891742,0.5274788023807981,0.1862325882734046,0.9217039196631035,0
0.006117512868729448,16.366666666666667,119.37380952380953,0.5,10.759523809523808,0.9703557312252964,0.08268076697892271,0.12057322271140658,0.21449411030501603,0.06355782893014932,0.5265182491021095,0.18453190800129574,0.9234045999352124,0
0.006038527393480191,16.366666666666667,119.62380952380953,0.5,10.509523809523808,0.9703557312252964,0.08075966042154566,0.12035156523566076,0.21414330218068536,0.06189022850295964,0.525557695823421,0.1828312277291869,0.9251052802073212,0
0.006018996478181049,16.366666666666667,119.87380952380953,0.5,10.259523809523808,0.9703557312252964,0.0788385538641686,0.12013072123870608,0.213793639685872,0.06019687688149519,0.5245971425447324,0.18113054745707804,0.9268059604794301,0
0.005973228419711967,16.366666666666667,120.12380952380953,0.5,10.00952380952381,0.9703557312252964,0.07691744730679158,0.11991068625056694,0.21344511721782333,0.058476452581749314,0.523636589266044,0.17942986718496923,0.9285066407515389,0
0.005835188862439396,16.366666666666667,120.45714285714286,0.5,9.676190476190476,0.9703557312252964,0.0743559718969555,0.11961855705982667,0.21298218435321453,0.05613796538547755,0.522355851561126,0.17716229348882412,0.9307742144476838,0
0.005725174957614256,16.366666666666667,120.70714285714286,0.5,9.426190476190476,0.9703557312252964,0.07243486533957845,0.11940039255875354,0.21263630036346765,0.054348643098529964,0.5213952982824375,0.17546161321671527,0.9324748947197927,0
0.00572203348557749,16.366666666666667,121.0404761904762,0.5,9.092857142857142,0.9703557312252964,0.06987338992974239,0.11911074145310252,0.21217686549888107,0.051912364451268525,0.5201145605775194,0.17319403952057014,0.9347424684159377,0
0.005670568782984383,16.366666666666667,121.2904761904762,0.5,8.842857142857142,0.9703557312252964,0.06795228337236534,0.11889442368894422,0.21183359013867484,0.05004484202070386,0.5191540072988309,0.1714933592484613,0.9364431486880466,0
0.005670326522229261,16.616666666666667,121.2904761904762,0.25,8.842857142857142,0.9851778656126482,0.06795228337236534,0.12049170421781391,0.2147219444658103,0.07029207722613354,0.5265650744925068,0.17319403952057014,0.9381438289601554,0
0.005618468795885578,16.616666666666667,121.5404761904762,0.25,8.592857142857143,0.9851778656126482,0.06603117681498828,0.12027367042360321,0.2143756719397942,0.06863925908897714,0.5256045212138183,0.17149335924846126,0.9398445092322643,0
0.0054075919929575155,16.616666666666667,121.74047619047619,0.25,8.392857142857142,0.9851778656126482,0.06449429156908665,0.12009981070383755,0.21409945700524585,0.0672964987184977,0.5248360785908674,0.1701328150307742,0.9412050534499514,0
0.005246667989638851,16.616666666666667,121.99047619047619,0.25,8.142857142857142,0.9851778656126482,0.0625731850117096,0.11988319161728077,0.21375518767515583,0.06559097980058547,0.5238755253121788,0.16843213475866536,0.9429057337220603,0
0.005207867397206817,16.616666666666667,122.32380952380953,0.25,7.80952380952381,0.9851778656126482,0.06001170960187355,0.1195955787850227,0.21329788046883355,0.06326712277744395,0.5225947876072609,0.16616456106252026,0.9451733074182055,0
0.005118880072841924,16.616666666666667,122.57380952380953,0.25,7.55952380952381,0.9851778656126482,0.058090603044496494,0.11938077317824153,0.21295618210667644,0.06148418155304581,0.5216342343285724,0.1644638807904114,0.9468739876903143,0
0.005109848770579065,16.616666666666667,122.82380952380953,0.25,7.309523809523809,0.9851778656126482,0.05616949648711944,0.11916673781268675,0.21261557677953963,0.059664371121080986,0.5206736810498838,0.16276320051830256,0.9485746679624232,0
0.004661205442600821,16.616666666666667,123.07380952380953,0.25,7.059523809523809,0.9851778656126482,0.05424838992974239,0.11895346855292312,0.21227605925114817,0.05780514557286765,0.5197131277711953,0.16106252024619372,0.950275348234532,0
0.0044280493588978,16.616666666666667,123.27380952380952,0.25,6.859523809523809,0.9851778656126482,0.05271150468384075,0.1187834019811417,0.21200522494607976,0.056287500652354654,0.5189446851482444,0.15970197602850664,0.951635892452219,0
0.004290478039137509,16.616666666666667,123.52380952380952,0.25,6.609523809523811,0.9851778656126482,0.050790398126463715,0.11857150138466505,0.21166765236643764,0.05435000693921009,0.5179841318695559,0.15800129575639782,0.9533365727243278,0
0.00415809749332484,16.616666666666667,123.77380952380952,0.25,6.359523809523811,0.9851778656126482,0.04886929156908666,0.11836035547113494,0.2113311531007752,0.05236436659628365,0.5170235785908674,0.15630061548428897,0.9550372529964367,0
0.004108522090224867,16.616666666666667,124.02380952380952,0.25,6.109523809523811,0.9851778656126482,0.046948185011709616,0.11814996021601856,0.21099572203830516,0.05032673832295922,0.516063025312179,0.15459993521218013,0.9567379332685455,0
0.004088955028228986,16.616666666666667,124.19047619047618,0.25,5.942857142857144,0.9851778656126482,0.04566744730679158,0.11801011177057442,0.21077269226703713,0.048937323675726084,0.5154226564597199,0.15346614836410755,0.957871720116618,0
0.0040560185734127485,16.616666666666667,124.44047619047618,0.25,5.692857142857144,0.9851778656126482,0.04374634074941453,0.11780095874687734,0.21043903027379088,0.04680315963324297,0.5144621031810314,0.1517654680919987,0.9595724003887268,0
0.0040042181957898075,16.616666666666667,124.69047619047618,0.25,5.442857142857144,0.9851778656126482,0.04182523419203748,0.11759254578847159,0.21010642301265936,0.0446041563301796,0.5135015499023429,0.15006478781988986,0.9612730806608357,0
0.003971353411421353,16.616666666666667,124.94047619047618,0.25,5.192857142857143,0.9851778656126482,0.039904127634660426,0.1173848689743331,0.20977486549039648,0.04233422296038223,0.5125409966236543,0.148364107547781,0.9629737609329445,0
0.003665477195417915,16.616666666666667,125.19047619047618,0.25,4.942857142857143,0.9851778656126482,0.03798302107728337,0.11717792441108818,0.20944435274522458,0.039986357916978785,0.5115804433449658,0.14666342727567216,0.9646744412050534,0
0.003598871903808987,16.616666666666667,125.44047619047618,0.25,4.692857142857143,0.9851778656126482,0.03606191451990633,0.11697170823277019,0.2091148798465872,0.03755245702226743,0.5106198900662773,0.14496274700356335,0.9663751214771622,0
0.0035818770802924804,16.616666666666667,125.64047619047618,0.25,4.492857142857144,0.9851778656126482,0.03452502927400469,0.11680725714668275,0.20885204692362944,0.03553709193482987,0.5098514474433264,0.1436022027858763,0.9677356656948495,0
0.003174856439789581,16.616666666666667,125.8404761904762,0.25,4.292857142857144,0.9851778656126482,0.03298814402810305,0.11664326781655301,0.2085898738717198,0.033455058500593174,0.5090830048203756,0.14224165856818918,0.9690962099125364,0
0.0031572019601544916,16.616666666666667,125.9515873015873,0.25,4.181746031746032,0.9851778656126482,0.03213431889149103,0.11655236144202721,0.2084445063916212,0.03226724840612531,0.5086560922520696,0.14148580066947414,0.9698520678112513,0
0.003141698871903675,16.616666666666667,126.1515873015873,0.25,3.981746031746031,0.9851778656126482,0.030597433645589377,0.11638908654273772,0.2081833548772,0.030068439729461074,0.5078876496291188,0.14012525645178706,0.9712126120289385,0
0.003122410511771445,16.616666666666667,126.4015873015873,0.25,3.731746031746031,0.9851778656126482,0.028676327088212328,0.11618563508931595,0.20785783425578916,0.027199293188958838,0.5069270963504302,0.1384245761796782,0.9729132923010473,0
0.0030606552415574097,16.616666666666667,126.6515873015873,0.25,3.4817460317460314,0.9851778656126482,0.026755220530835285,0.11598289367265316,0.20753333002924124,0.024178572693350428,0.5059665430717417,0.13672389590756936,0.9746139725731562,0
0.0029596899583513928,16.616666666666667,126.81825396825397,0.25,3.315079365079365,0.9851778656126482,0.02547448282591725,0.1158481253596565,0.20731755619368256,0.02206948617747654,0.5053261742192827,0.1355901090594968,0.9757477594212287,0
0.0027447756222895533,16.616666666666667,126.98492063492063,0.25,3.1484126984126983,0.9851778656126482,0.02419374512099922,0.11571366987586909,0.20710223057520155,0.019874923705197972,0.5046858053668237,0.13445632221142426,0.9768815462693013,0
0.00267804554370936,16.616666666666667,127.23492063492063,0.25,2.8984126984126983,0.9851778656126482,0.02227263856362217,0.1155125708264139,0.20678007950420974,0.01640179629562504,0.5037252520881352,0.1327556419393154,0.9785822265414102,0
0.0024896175523297704,16.616666666666667,127.34603174603174,0.25,2.787301587301587,0.9851778656126482,0.021418813427010148,0.11542341766220306,0.20663722272940363,0.014779689644926906,0.5032983395198292,0.13199978404060037,0.979338084440125,0
0.0022425628142932414,16.616666666666667,127.4888888888889,0.25,2.6444444444444444,0.9851778656126482,0.020321038251366122,0.11530899417864991,0.2064538395168249,0.012614268304287787,0.5027494519320072,0.13102796674225248,0.9803099017384732,0
0.0021346925947019367,16.616666666666667,127.6888888888889,0.25,2.444444444444444,0.9851778656126482,0.018784153005464477,0.11514918190567852,0.20619764916755712,0.009413459921533007,0.5019810093090563,0.12966742252456534,0.9816704459561604,0
0.0020366989687399715,16.616666666666667,127.9388888888889,0.25,2.194444444444444,0.9851778656126482,0.016863046448087428,0.11495003843197539,0.20587830396475768,0.005086578146712008,0.5010204560303678,0.1279667422524565,0.9833711262282692,0
0.0019847199614476925,16.616666666666667,128.1888888888889,0.25,1.9444444444444444,0.9851778656126482,0.01494193989071038,0.11475158258200652,0.20555994639359473,0.00031486962652289217,0.5000599027516793,0.12626606198034765,0.9850718065003781,0
0.0017647087780044064,16.616666666666667,128.4388888888889,0.25,1.6944444444444444,0.9851778656126482,0.01302083333333333,0.11455381080045958,0.20524257187950315,-0.00502493280210533,0.4990993494729908,0.12456538170823882,0.9867724867724869,0
0.0014674193215134226,16.616666666666667,128.60555555555555,0.25,1.527777777777778,0.9851778656126482,0.011740095628415301,0.11442234123947972,0.2050315327666575,-0.008986523793275678,0.49845898062053173,0.12343159486016629,0.9879062736205594,0
0.0011843565550864238,16.616666666666667,128.77222222222224,0.25,1.3611111111111112,0.9851778656126482,0.010459357923497267,0.11429117309896827,0.20482092720673833,-0.013354988383130262,0.49781861176807274,0.12229780801209371,0.9890400604686319,0
0.0011639058312212548,16.616666666666667,129.0222222222222,0.25,1.1111111111111112,0.9851778656126482,0.00853825136612022,0.1140949837879077,0.2045058288605518,-0.02090987958606853,0.4968580584893842,0.12059712773998488,0.9907407407407407,0
0.0011408366360651798,16.616666666666667,129.2722222222222,0.25,0.8611111111111112,0.9851778656126482,0.00661714480874317,0.1138994668697639,0.20419169852539595,-0.03019236189024382,0.4958975052106957,0.11889644746787605,0.9924414210128496,0
0.0008636764707557419,16.616666666666667,129.5222222222222,0.25,0.6111111111111112,0.9851778656126482,0.004696038251366121,0.11370461889374645,0.2038785317473842,-0.042290075195448217,0.49493695193200715,0.1171957671957672,0.9941421012849584,0
0.000792667587997121,16.866666666666667,129.5222222222222,0.0,0.6111111111111112,1.0,0.004696038251366121,0.11521821631878558,0.2066290070101409,0.02326089317045228,0.502348019125683,0.11889644746787605,0.9958427815570673,0
0.0006525322236874913,16.866666666666667,129.63333333333333,0.0,0.5,1.0,0.0038422131147540987,0.11513083048919227,0.20648847174046114,0.02103228914830969,0.5019211065573771,0.118140589569161,0.9965986394557823,0
0.0005537049937709941,16.866666666666667,129.88333333333333,0.0,0.25,1.0,0.0019211065573770494,0.11493469619534356,0.2061729652643374,0.014859401015216376,0.5009605532786885,0.11643990929705215,0.9982993197278912,0
0.00013761375160457548,16.866666666666667,130.13333333333333,0.0,0.0,1.0,0.0,0.11473922902494331,0.20585842148087874,,0.5,0.11473922902494331,1.0,0
