相对仓库路径,文件大小_字节,SHA256,来源类型,审核状态
.gitattributes,134,0baaa7f2949dea2bd7730648992ed8bfa047dbe75c848049bef06cd786b88595,GitHub发布与复核材料,发布辅助材料
.gitignore,369,a910b042420a7a4cd7d3562e0c413c8c80d9756eb6d00f984daefe67f8b0b989,GitHub发布与复核材料,发布辅助材料
00_题目与原始资料/01_题目原文/C题.pdf,357653,d54400f4bb9920c0d37f15f5b6bc161aa281c4b32c03c063efdeb739716eac08,题目原始资料,用户授权纳入公开仓库
00_题目与原始资料/02_原始数据/附件.xlsx,481734,14827156218bd4f7e4f16db4aa6d9f757c6648379e038ae6c6b58383648614af,题目原始资料,用户授权纳入公开仓库
01_第一问/01_分析思路/关系建模/子代理任务书与主审分工说明.md,3732,057b8ea830520df4074ee543d6ab49c336e17fec7f418b241367dbf54ba6aacb,01_第一问正式归档,已审核并通过联合总审
01_第一问/01_分析思路/关系建模/第一问候选模型验收表.md,1653,cb55c7b76eeadf4b3c12c2a2736ae224277388a121acb9ea2189febb3db29a9a,01_第一问正式归档,已审核并通过联合总审
01_第一问/01_分析思路/关系建模/第一问建模冻结协议.md,5678,ed55de460ddb9a265a9ebbcdd161ec283f7f95c0562cffa6726e8afe3587b07b,01_第一问正式归档,已审核并通过联合总审
01_第一问/01_分析思路/数据质量与结构审计/第一问数据质量与结构审计_主审报告.md,8616,61a7a699b781dad3bd9d189a4e29d33e9bd984811acf95f448e3c0d272f267c8,01_第一问正式归档,已审核并通过联合总审
01_第一问/02_数据处理/关系建模/冻结数据/冻结数据清单.json,1553,31c955f8aa8541b1bdbe98bda26d439012bac925907736bcd82ca901d799388b,01_第一问正式归档,已审核并通过联合总审
01_第一问/02_数据处理/关系建模/冻结数据/冻结样本核对摘要.csv,583,63bf5416e932b715df1910483ed1afbec02934bb8b530b5269fa30f5fade1226,01_第一问正式归档,已审核并通过联合总审
01_第一问/02_数据处理/关系建模/冻结数据/第一问主模型冻结样本.csv,214048,a054d7f3c6cfad277539d87db78bd332bacfa3ae76ac398b58fa78ff479ff589,01_第一问正式归档,已审核并通过联合总审
01_第一问/02_数据处理/关系建模/冻结数据/第一问主模型排除事件.csv,1265,2e1e2caf90a3275dfb6fb3f309929aacdd9c19c370b68bab9cce1f7450db11d3,01_第一问正式归档,已审核并通过联合总审
01_第一问/02_数据处理/关系建模/冻结数据/第一问建模变量角色表.csv,1915,dee591ad5007ee8deebf1e2fbb39ce91b77fa821f9754b8b84d8181f7ff1f5fa,01_第一问正式归档,已审核并通过联合总审
01_第一问/02_数据处理/关系建模/冻结数据/第一问抽血事件层冻结样本.csv,214395,98d7ddce43ed8416eaaa0ce9ffe3203c76b2dd294b71a94c972db6f991700f73,01_第一问正式归档,已审核并通过联合总审
01_第一问/02_数据处理/关系建模/冻结数据/第一问记录层冻结样本.csv,235228,4375f4b928d52a3c4ea8bd487544c63f6fc6c7f195c80d7445157e0592da7330,01_第一问正式归档,已审核并通过联合总审
01_第一问/02_数据处理/关系建模/源数据快照/01_男胎检测数据.json,707295,5c0936e30507f25aa52e6cedd996fd3e76c1fb4eda3a1e5795e74b1494bf37ea,01_第一问正式归档,已审核并通过联合总审
01_第一问/02_数据处理/数据质量与结构审计/字段字典与取值说明.md,3420,afc22c2d706b5e1187aa6fcf976009952acdf350c78e2c92e4c42f1a6162d8b3,01_第一问正式归档,已审核并通过联合总审
01_第一问/02_数据处理/数据质量与结构审计/第一问_逐行数据质量标志.csv,387705,e3525339825182e5c6d1f94807270d9f726eae6a4aa5fc7eb176c01746df4d42,01_第一问正式归档,已审核并通过联合总审
01_第一问/03_模型与推导/关系建模/第一问推荐模型_论文写作稿.md,10557,f0177842bc966609d959a3992fb050718ba9c917e2abff1f709cbb49acb55860,01_第一问正式归档,已审核并通过联合总审
01_第一问/04_代码/关系建模/README_第一问建模代码与复现入口.md,1293,4db42cfec47dee6f1348b86fb30620c6e6b49810071f5b5f1935aa79d414f4ef,01_第一问正式归档,已审核并通过联合总审
01_第一问/04_代码/关系建模/生成第一问关系建模归档清单.py,5619,15c7c9a985cc97b062dbec305d5a5eb78a782fc29e80ef7f64a49ed49129aade,01_第一问正式归档,已审核并通过联合总审
01_第一问/04_代码/关系建模/第一问建模依赖版本.txt,356,97abcf765227fb273aa4da95c26f05f10ddbcb9be5bfc66887711fbacf7070e3,01_第一问正式归档,已审核并通过联合总审
01_第一问/04_代码/关系建模/第一问建模完整复现包_20260824/00_共同口径/一键生成冻结建模数据.ps1,372,f56576c551cb86ece40d6f75d276a99f1ecf7ba3fd316be97cebe0e12f62fc1b,01_第一问正式归档,已审核并通过联合总审
01_第一问/04_代码/关系建模/第一问建模完整复现包_20260824/00_共同口径/冻结数据/冻结数据清单.json,1529,d147578be2828ee9ae5fe9b1d4f464dc27041e4471edd8dc25d59cc5fcc608a6,01_第一问正式归档,已审核并通过联合总审
01_第一问/04_代码/关系建模/第一问建模完整复现包_20260824/00_共同口径/冻结数据/冻结样本核对摘要.csv,583,63bf5416e932b715df1910483ed1afbec02934bb8b530b5269fa30f5fade1226,01_第一问正式归档,已审核并通过联合总审
01_第一问/04_代码/关系建模/第一问建模完整复现包_20260824/00_共同口径/冻结数据/第一问主模型冻结样本.csv,214048,a054d7f3c6cfad277539d87db78bd332bacfa3ae76ac398b58fa78ff479ff589,01_第一问正式归档,已审核并通过联合总审
01_第一问/04_代码/关系建模/第一问建模完整复现包_20260824/00_共同口径/冻结数据/第一问主模型排除事件.csv,1265,2e1e2caf90a3275dfb6fb3f309929aacdd9c19c370b68bab9cce1f7450db11d3,01_第一问正式归档,已审核并通过联合总审
01_第一问/04_代码/关系建模/第一问建模完整复现包_20260824/00_共同口径/冻结数据/第一问建模变量角色表.csv,1915,dee591ad5007ee8deebf1e2fbb39ce91b77fa821f9754b8b84d8181f7ff1f5fa,01_第一问正式归档,已审核并通过联合总审
01_第一问/04_代码/关系建模/第一问建模完整复现包_20260824/00_共同口径/冻结数据/第一问抽血事件层冻结样本.csv,214395,98d7ddce43ed8416eaaa0ce9ffe3203c76b2dd294b71a94c972db6f991700f73,01_第一问正式归档,已审核并通过联合总审
01_第一问/04_代码/关系建模/第一问建模完整复现包_20260824/00_共同口径/冻结数据/第一问记录层冻结样本.csv,235228,4375f4b928d52a3c4ea8bd487544c63f6fc6c7f195c80d7445157e0592da7330,01_第一问正式归档,已审核并通过联合总审
01_第一问/04_代码/关系建模/第一问建模完整复现包_20260824/00_共同口径/源数据快照/01_男胎检测数据.json,707295,5c0936e30507f25aa52e6cedd996fd3e76c1fb4eda3a1e5795e74b1494bf37ea,01_第一问正式归档,已审核并通过联合总审
01_第一问/04_代码/关系建模/第一问建模完整复现包_20260824/00_共同口径/生成第一问冻结建模数据.py,17590,6f6f5712c77c03968083aaa363e92d998f9367dc0301c956f63cafd5138abd32,01_第一问正式归档,已审核并通过联合总审
01_第一问/04_代码/关系建模/第一问建模完整复现包_20260824/00_共同口径/第一问候选模型验收表.md,1653,cb55c7b76eeadf4b3c12c2a2736ae224277388a121acb9ea2189febb3db29a9a,01_第一问正式归档,已审核并通过联合总审
01_第一问/04_代码/关系建模/第一问建模完整复现包_20260824/00_共同口径/第一问建模冻结协议.md,5409,34539113bbaa4b6995a9d5521cd4062d221e8e276446884bc300e076f457da92,01_第一问正式归档,已审核并通过联合总审
01_第一问/04_代码/关系建模/第一问建模完整复现包_20260824/01_候选A_线性混合模型/00_候选A设计说明.md,5519,787d0f06f8a36ca616b5694ac308ecadbcacd1016dbfc4fbd4fbb0dd00e62b98,01_第一问正式归档,已审核并通过联合总审
01_第一问/04_代码/关系建模/第一问建模完整复现包_20260824/01_候选A_线性混合模型/00_风险与自我否决条件.md,2353,797a3bf1ae472a139facf969824453e65c4e0b537d68997ef8345ba0dbbce242,01_第一问正式归档,已审核并通过联合总审
01_第一问/04_代码/关系建模/第一问建模完整复现包_20260824/01_候选A_线性混合模型/01_运行候选A模型.py,65554,c92095d451f6251dfbaecc10d484332927390bdeccefd5124f5cda0e1ed248c0,01_第一问正式归档,已审核并通过联合总审
01_第一问/04_代码/关系建模/第一问建模完整复现包_20260824/01_候选A_线性混合模型/01a_一键运行候选A.ps1,627,22f29c2df764a94790a65e83224ff0495bdb5c955fb293e93038c43627a9c599,01_第一问正式归档,已审核并通过联合总审
01_第一问/04_代码/关系建模/第一问建模完整复现包_20260824/01_候选A_线性混合模型/02_候选A建模报告.md,5866,c99e895af728063fe62c9592835186df6a222d7fe5b0849bd51acc1d32b7ecb0,01_第一问正式归档,已审核并通过联合总审
01_第一问/04_代码/关系建模/第一问建模完整复现包_20260824/01_候选A_线性混合模型/03_模型比较表.csv,1750,e689a8efac35cf2c1cd7ca274d4aa96262d36c06f3bc4eeb63902e5dea73e779,01_第一问正式归档,已审核并通过联合总审
01_第一问/04_代码/关系建模/第一问建模完整复现包_20260824/01_候选A_线性混合模型/04_整体显著性检验表.csv,2736,ac26172a2b460b1d324c6bf510cb841220be89693314519c4c5043124e2f1fa0,01_第一问正式归档,已审核并通过联合总审
01_第一问/04_代码/关系建模/第一问建模完整复现包_20260824/01_候选A_线性混合模型/05_核心效应估计表.csv,888,903be4a4bf844c7906743284a2e71f41cea73df213ab4a66b9bad390c6c69389,01_第一问正式归档,已审核并通过联合总审
01_第一问/04_代码/关系建模/第一问建模完整复现包_20260824/01_候选A_线性混合模型/06_全部固定效应参数表.csv,896,6249c5fc9dcf55baac00db01fdc99b90374099e4e17185b94d4491bfe3a885c0,01_第一问正式归档,已审核并通过联合总审
01_第一问/04_代码/关系建模/第一问建模完整复现包_20260824/01_候选A_线性混合模型/07_分组交叉验证汇总.csv,1395,fbc7e2719dc4538fcdc5b45833ea3d002a9f3efdeb730a5cb122532395ee9f7e,01_第一问正式归档,已审核并通过联合总审
01_第一问/04_代码/关系建模/第一问建模完整复现包_20260824/01_候选A_线性混合模型/07a_分组交叉验证逐轮.csv,4240,2f3a9777891de3a439039acb8c0d03e4c0da64b779853d4871d9114eeb1cb2a1,01_第一问正式归档,已审核并通过联合总审
01_第一问/04_代码/关系建模/第一问建模完整复现包_20260824/01_候选A_线性混合模型/07b_分组交叉验证逐折.csv,29140,8030bc70e9020c8cc8325b3d38f9e9fdba41c3a53bb4320d6aa90290691d50c7,01_第一问正式归档,已审核并通过联合总审
01_第一问/04_代码/关系建模/第一问建模完整复现包_20260824/01_候选A_线性混合模型/08_分组交叉验证折分名单.csv,10067,8585c6b356dc1a8245b05b645583c9c4549c8c3f12c4de83d3a4e7c933726794,01_第一问正式归档,已审核并通过联合总审
01_第一问/04_代码/关系建模/第一问建模完整复现包_20260824/01_候选A_线性混合模型/09_模型诊断汇总.csv,978,75d15cd77c5858ece25b7d5286d6baddca1e4fd4afd06c81417a2fb148ea30b9,01_第一问正式归档,已审核并通过联合总审
01_第一问/04_代码/关系建模/第一问建模完整复现包_20260824/01_候选A_线性混合模型/10_共线性诊断.csv,223,bf1d5018ecd388f97a3fbb11e07c48ba13a21a10a00d5b16e163a3863af73d77,01_第一问正式归档,已审核并通过联合总审
01_第一问/04_代码/关系建模/第一问建模完整复现包_20260824/01_候选A_线性混合模型/11_稳健性结果表.csv,1244,c9ded440a179e555b264be37ab30d46b54fad8d6b1731eff46bb68e8ac94cc85,01_第一问正式归档,已审核并通过联合总审
01_第一问/04_代码/关系建模/第一问建模完整复现包_20260824/01_候选A_线性混合模型/12_整簇自助法逐次.csv,22028,18206834139ef385b6e897b41d5c569bd3a6d1a884c682f542aadcc433b210ef,01_第一问正式归档,已审核并通过联合总审
01_第一问/04_代码/关系建模/第一问建模完整复现包_20260824/01_候选A_线性混合模型/13_整簇自助法汇总.csv,435,6ade6750077d2e8b55ba0dcd13c49a41f75b2205ec4888c36d7ed9e0f145962c,01_第一问正式归档,已审核并通过联合总审
01_第一问/04_代码/关系建模/第一问建模完整复现包_20260824/01_候选A_线性混合模型/14_留一孕妇影响分析.csv,41933,7c4dfff5fdca9b3785a0d87b9fc2003eea60bd0ac1a06baf238aa2c4fe24fe05,01_第一问正式归档,已审核并通过联合总审
01_第一问/04_代码/关系建模/第一问建模完整复现包_20260824/01_候选A_线性混合模型/15_模型诊断逐事件.csv,82964,4ec30fa6451ecbbc69139bd9eaaba544a508ace38516071e0194f49e85395953,01_第一问正式归档,已审核并通过联合总审
01_第一问/04_代码/关系建模/第一问建模完整复现包_20260824/01_候选A_线性混合模型/16_预测关系数据.csv,31099,f7aa2f2e8e7eba3d1bc74ba4129dae5758cf54e1774a305a7c4d6852f92c21e7,01_第一问正式归档,已审核并通过联合总审
01_第一问/04_代码/关系建模/第一问建模完整复现包_20260824/01_候选A_线性混合模型/17_制图提示词_调整后关系曲线.txt,1218,39188b61df56ae9edd23ac9d19d93e6772ec32890210d8fd5654e7ca4948be0b,01_第一问正式归档,已审核并通过联合总审
01_第一问/04_代码/关系建模/第一问建模完整复现包_20260824/01_候选A_线性混合模型/18_制图提示词_残差诊断.txt,1025,15f350f1ed838e0dc4a8f50d7d38bc8cadd285bd4de563e427f01ad839996efa,01_第一问正式归档,已审核并通过联合总审
01_第一问/04_代码/关系建模/第一问建模完整复现包_20260824/01_候选A_线性混合模型/19_复现信息与文件哈希.json,4410,85227611e96e3d4ae53bb4c1aeafe00024dab97845a072d761d03f30644c3c96,01_第一问正式归档,已审核并通过联合总审
01_第一问/04_代码/关系建模/第一问建模完整复现包_20260824/02_候选B_样条混合模型/00_风险与自我否决条件.md,1414,f55be764da27e79555c5acf06ff755a280d38a98f9976173bbec6d23c9e0a93d,01_第一问正式归档,已审核并通过联合总审
01_第一问/04_代码/关系建模/第一问建模完整复现包_20260824/02_候选B_样条混合模型/01_代码/候选B_受控样条混合模型.py,65929,bae73b107272df86b30abf5333bbb2c4fb4e35432a48f88abde53c53a5c39d60,01_第一问正式归档,已审核并通过联合总审
01_第一问/04_代码/关系建模/第一问建模完整复现包_20260824/02_候选B_样条混合模型/02_结果表/00_最终模型摘要.csv,570,9da8ba007c455dac5d017506856e2156d35ba54ce4f07d31e7af45e0b4e9a648,01_第一问正式归档,已审核并通过联合总审
01_第一问/04_代码/关系建模/第一问建模完整复现包_20260824/02_候选B_样条混合模型/02_结果表/01_候选模型拟合与交叉验证.csv,3273,31cbd3f37380688aaea1986e3625beb920ea70cf46cea1a635f3d77cf42aee97,01_第一问正式归档,已审核并通过联合总审
01_第一问/04_代码/关系建模/第一问建模完整复现包_20260824/02_候选B_样条混合模型/02_结果表/02_模型选择决策.csv,1592,a0b0c48b81142a14a5d86b585f75437cbf16efe48459647b044e8b3e66a8287c,01_第一问正式归档,已审核并通过联合总审
01_第一问/04_代码/关系建模/第一问建模完整复现包_20260824/02_候选B_样条混合模型/02_结果表/03_整体显著性检验.csv,813,1bf0026c278b5452773b9452ded3cff9cd17fb511b1e862504352394874d426a,01_第一问正式归档,已审核并通过联合总审
01_第一问/04_代码/关系建模/第一问建模完整复现包_20260824/02_候选B_样条混合模型/02_结果表/04_最终模型固定效应系数.csv,2053,f3a9fc78c5411b99ce10904a7dbb31aa0b32b8784b3249740dda714e7403485d,01_第一问正式归档,已审核并通过联合总审
01_第一问/04_代码/关系建模/第一问建模完整复现包_20260824/02_候选B_样条混合模型/02_结果表/05_核心效应原尺度.csv,1065,f975da60e021cbcc3dca4095cffdb711685d242ba3d1178fefa745c042d5ebd2,01_第一问正式归档,已审核并通过联合总审
01_第一问/04_代码/关系建模/第一问建模完整复现包_20260824/02_候选B_样条混合模型/02_结果表/06_曲线预测数据.csv,46090,b7d8d42a8e4d5ef0de3d4a2c181f9e2353986e9e68108b0fb44bba0cafdbe2ba,01_第一问正式归档,已审核并通过联合总审
01_第一问/04_代码/关系建模/第一问建模完整复现包_20260824/02_候选B_样条混合模型/02_结果表/07_诊断指标.csv,1113,a0067ebe92ce65eff04f45ca20ca45a6108be0ae68c1849d0c38054f21cc8a5d,01_第一问正式归档,已审核并通过联合总审
01_第一问/04_代码/关系建模/第一问建模完整复现包_20260824/02_候选B_样条混合模型/02_结果表/08_稳健性分析.csv,5660,9c39e4ffc843fa922e7e072cad1a80e4f62b45b2ac064ffacb566ecebb39594b,01_第一问正式归档,已审核并通过联合总审
01_第一问/04_代码/关系建模/第一问建模完整复现包_20260824/02_候选B_样条混合模型/02_结果表/09_强影响孕妇逐一删除检查.csv,32062,83f4c21b5bd9909a038fa297d02d45116d1bebf80dcdd8badbdccc3895e0285b,01_第一问正式归档,已审核并通过联合总审
01_第一问/04_代码/关系建模/第一问建模完整复现包_20260824/02_候选B_样条混合模型/02_结果表/10_随机斜率比较.csv,621,f0ce127ef8aba802db3b9911d88b948bc527c569502ec768b50df0c660c4d06f,01_第一问正式归档,已审核并通过联合总审
01_第一问/04_代码/关系建模/第一问建模完整复现包_20260824/02_候选B_样条混合模型/02_结果表/11_交叉验证折明细.csv,6852,f59e8500659d0e0e63c9acb0f3a62e217f17ed84538df3e4c52740b865780292,01_第一问正式归档,已审核并通过联合总审
01_第一问/04_代码/关系建模/第一问建模完整复现包_20260824/02_候选B_样条混合模型/02_结果表/12_交叉验证逐事件预测.csv,481761,25028364d1971aeb0f2bb3ce6040296ce02df522691548f8425b5acd5578e612,01_第一问正式归档,已审核并通过联合总审
01_第一问/04_代码/关系建模/第一问建模完整复现包_20260824/02_候选B_样条混合模型/02_结果表/13_中心化与标准化参照值.csv,495,7f0484d8aa89e6c06ad20ba1412e2ae94ef9f0dfde8c1d7ad3bf631f17c8a754,01_第一问正式归档,已审核并通过联合总审
01_第一问/04_代码/关系建模/第一问建模完整复现包_20260824/02_候选B_样条混合模型/02_结果表/14_响应尺度诊断对照.csv,2591,721709c656d77739004e0a478de78a2ae0f4809747576df36dd1c0b2e74c4f0f,01_第一问正式归档,已审核并通过联合总审
01_第一问/04_代码/关系建模/第一问建模完整复现包_20260824/02_候选B_样条混合模型/02_结果表/15_孕妇整簇自助核心效应.csv,781,477e7197e7b2b9fd7466e7ddc03974aecfc0bf5f198022c8573368d173abce96,01_第一问正式归档,已审核并通过联合总审
01_第一问/04_代码/关系建模/第一问建模完整复现包_20260824/02_候选B_样条混合模型/02_结果表/16_孕妇整簇自助重复明细.csv,140481,71e7ee22178a83760131583691661e8fb2143cc0d007b0f0fca8b0feb21e055e,01_第一问正式归档,已审核并通过联合总审
01_第一问/04_代码/关系建模/第一问建模完整复现包_20260824/02_候选B_样条混合模型/03_模型报告/候选B_受控样条混合模型报告.md,5137,3c60312a79f239557c53b6525ec938363120374b025b492624347b74f182bf01,01_第一问正式归档,已审核并通过联合总审
01_第一问/04_代码/关系建模/第一问建模完整复现包_20260824/02_候选B_样条混合模型/04_制图提示词/第一问孕周Y浓度受控关系曲线_MATLAB_SVG提示词.txt,2179,0fbbb64c65219ad0b0b7c47270624ff498423518545ba18393a8578e45f689b3,01_第一问正式归档,已审核并通过联合总审
01_第一问/04_代码/关系建模/第一问建模完整复现包_20260824/02_候选B_样条混合模型/05_复现/一键运行候选B.ps1,713,55c6fa709057d4ecd4989712af3210a792d9e080a1d9a4178459c232aa49f885,01_第一问正式归档,已审核并通过联合总审
01_第一问/04_代码/关系建模/第一问建模完整复现包_20260824/02_候选B_样条混合模型/05_复现/文件哈希清单.csv,2726,9d92a7b7c2f12327ea18d50b81f37857a134db9b95d03c831f0fc611cacd740b,01_第一问正式归档,已审核并通过联合总审
01_第一问/04_代码/关系建模/第一问建模完整复现包_20260824/02_候选B_样条混合模型/05_复现/运行环境与哈希.json,504,f49966e4f573e2e32b899293256997adc138fac9a49576d42de453f7afa68cbc,01_第一问正式归档,已审核并通过联合总审
01_第一问/04_代码/关系建模/第一问建模完整复现包_20260824/03_候选C_边界稳健模型/01_样本边界与分布诊断.csv,541,cc756e1d779d61a31b00bab514c4cd8b039b3e49cd1e0da319f18b8eb5a08b83,01_第一问正式归档,已审核并通过联合总审
01_第一问/04_代码/关系建模/第一问建模完整复现包_20260824/03_候选C_边界稳健模型/02_模型比较与分组验证.csv,1399,8a4c3eaf191dbce6bcb02f10677553d17456933a1820897affcf44c82a36ecfe,01_第一问正式归档,已审核并通过联合总审
01_第一问/04_代码/关系建模/第一问建模完整复现包_20260824/03_候选C_边界稳健模型/03_模型系数与聚类稳健推断.csv,7619,e7ff6fbd7e31251d25c8075bd7a5bc6601c73d06eb7887385ee71b41f5a02dd1,01_第一问正式归档,已审核并通过联合总审
01_第一问/04_代码/关系建模/第一问建模完整复现包_20260824/03_候选C_边界稳健模型/04_整体显著性检验.csv,2245,36dd8ec12edf6ea58b11573b68b08f105366d9e1566e980e23122f2c31d820da,01_第一问正式归档,已审核并通过联合总审
01_第一问/04_代码/关系建模/第一问建模完整复现包_20260824/03_候选C_边界稳健模型/05_原尺度边际效应.csv,3996,c65d01f65fece4e5de3729d79510f60b9965d97e6032dec83503e3c67b448b69,01_第一问正式归档,已审核并通过联合总审
01_第一问/04_代码/关系建模/第一问建模完整复现包_20260824/03_候选C_边界稳健模型/06_交叉验证折明细.csv,3379,b24f21092ef031446b67b563e28349aed79399f4887624618f608b65cef94f1b,01_第一问正式归档,已审核并通过联合总审
01_第一问/04_代码/关系建模/第一问建模完整复现包_20260824/03_候选C_边界稳健模型/07_异方差与相关结构诊断.csv,1427,3bf0058d60b527a0c999e111882b13bc4f48effd9455c7d03d0d0d22c76b85ba,01_第一问正式归档,已审核并通过联合总审
01_第一问/04_代码/关系建模/第一问建模完整复现包_20260824/03_候选C_边界稳健模型/08_稳健性分析.csv,1199,0222d20efb81930ff3b764f88cdfc291107a58383e9afbc41dbe9f4466abe888,01_第一问正式归档,已审核并通过联合总审
01_第一问/04_代码/关系建模/第一问建模完整复现包_20260824/03_候选C_边界稳健模型/09_强影响孕妇.csv,23156,4d75b19d8427a6d881d6df90a0174dc6be717202c0a6fdb81f8d0c01dec0e056,01_第一问正式归档,已审核并通过联合总审
01_第一问/04_代码/关系建模/第一问建模完整复现包_20260824/03_候选C_边界稳健模型/10_共线性诊断.csv,1039,cb6f8ff30a39b4f691a99289e8515887dd42d8a908123997c70267248cb32a74,01_第一问正式归档,已审核并通过联合总审
01_第一问/04_代码/关系建模/第一问建模完整复现包_20260824/03_候选C_边界稳健模型/11_Beta簇自助法摘要.csv,1378,876c2831b39a7fc237c0d8c3f5843cb9de0ef18f1422652f1fed838e9a9be1fd,01_第一问正式归档,已审核并通过联合总审
01_第一问/04_代码/关系建模/第一问建模完整复现包_20260824/03_候选C_边界稳健模型/11b_Beta簇自助法原始结果.csv,319522,ec636eed9c92aa47d1fa1eec7357fbb572b7ca12d7b04862f2cfee2146d78f01,01_第一问正式归档,已审核并通过联合总审
01_第一问/04_代码/关系建模/第一问建模完整复现包_20260824/03_候选C_边界稳健模型/12_主样本固定效应预测.csv,202623,311b638a415ccb62b4442d951b986c7a9bd071e70b51174acd24cf320ffd2f8f,01_第一问正式归档,已审核并通过联合总审
01_第一问/04_代码/关系建模/第一问建模完整复现包_20260824/03_候选C_边界稳健模型/13_孕妇交叉验证折分配.csv,1201,1aad6c1ef1ed03025fdb2c61ea01217cf152d3dce908f13d88617d55e321c391,01_第一问正式归档,已审核并通过联合总审
01_第一问/04_代码/关系建模/第一问建模完整复现包_20260824/03_候选C_边界稳健模型/14_原尺度预测网格.csv,40836,d410620171e87a260703219eea5105dd1bef34b9e19d8775bca63ddab66737a2,01_第一问正式归档,已审核并通过联合总审
01_第一问/04_代码/关系建模/第一问建模完整复现包_20260824/03_候选C_边界稳健模型/一键运行候选C.ps1,216,c3595a345fb21aabfadf985b061797bbb134206f931f49f03986db1109adfb8a,01_第一问正式归档,已审核并通过联合总审
01_第一问/04_代码/关系建模/第一问建模完整复现包_20260824/03_候选C_边界稳健模型/候选C_制图提示词.txt,2655,8c369ec71e5f38f7cbfef9403003564ba3dbdb334548972c05743f22db16c88f,01_第一问正式归档,已审核并通过联合总审
01_第一问/04_代码/关系建模/第一问建模完整复现包_20260824/03_候选C_边界稳健模型/候选C_复现清单.json,3890,d2dc4a076b4f3cd242a0cb08724601066447132a19c2ad4693bba2e46c2c76e0,01_第一问正式归档,已审核并通过联合总审
01_第一问/04_代码/关系建模/第一问建模完整复现包_20260824/03_候选C_边界稳健模型/候选C_边界稳健模型报告.md,6272,258b9b905cd65a50e6b28beef5fab4717a21330bcf93ab08e1081c8cc3ec6023,01_第一问正式归档,已审核并通过联合总审
01_第一问/04_代码/关系建模/第一问建模完整复现包_20260824/03_候选C_边界稳健模型/候选C_运行摘要.json,1005,2b39db788b1b0c46f14d9a66534b6f24394b3cf9c202933e2ea318385f5fdc49,01_第一问正式归档,已审核并通过联合总审
01_第一问/04_代码/关系建模/第一问建模完整复现包_20260824/03_候选C_边界稳健模型/运行候选C_边界稳健模型.py,48263,5dfc0f7a4278e80560df4c2609dab265a89208f64d763dc351f18bda572b288d,01_第一问正式归档,已审核并通过联合总审
01_第一问/04_代码/关系建模/第一问建模完整复现包_20260824/04_主审验收/一键复现第一问推荐主线.ps1,1798,47007ece7ce9790a210d481a296ccb375357137eca6bfbcee03eaef98d7e901f,01_第一问正式归档,已审核并通过联合总审
01_第一问/04_代码/关系建模/第一问建模完整复现包_20260824/04_主审验收/主审统一检验.py,24044,249680298d6834257261594b8b239cf40aff062266bc50823e585631826b3b3e,01_第一问正式归档,已审核并通过联合总审
01_第一问/04_代码/关系建模/第一问建模完整复现包_20260824/04_主审验收/二次Logit混合模型独立复核/主线候选_渐近系数表.csv,1217,efe825a17c1d2fdc2ac76f9c75397cdc8848c95db09e827c90a66259a1f6b3a8,01_第一问正式归档,已审核并通过联合总审
01_第一问/04_代码/关系建模/第一问建模完整复现包_20260824/04_主审验收/二次Logit混合模型独立复核/主线候选_簇自助明细.csv,67196,c90419ee03db4e2afbe6642224ef3e8df06f3490b52cc549d8b6bf4091960c62,01_第一问正式归档,已审核并通过联合总审
01_第一问/04_代码/关系建模/第一问建模完整复现包_20260824/04_主审验收/二次Logit混合模型独立复核/主线候选_簇自助明细_检查点.csv,67196,c90419ee03db4e2afbe6642224ef3e8df06f3490b52cc549d8b6bf4091960c62,01_第一问正式归档,已审核并通过联合总审
01_第一问/04_代码/关系建模/第一问建模完整复现包_20260824/04_主审验收/二次Logit混合模型独立复核/主线候选_簇自助置信区间.csv,1098,f7862235320af6109ed0c84933d9216a078dd9b238e495edce3f05a1a9f4a641,01_第一问正式归档,已审核并通过联合总审
01_第一问/04_代码/关系建模/第一问建模完整复现包_20260824/04_主审验收/二次Logit混合模型独立复核/主线候选_运行清单.json,1583,2a31bff4826a1acc4677af84907624e774f315eff678438175d5df3de30eaa61,01_第一问正式归档,已审核并通过联合总审
01_第一问/04_代码/关系建模/第一问建模完整复现包_20260824/04_主审验收/二次Logit混合模型独立复核/主线候选_随机效应摘要.csv,224,24163c2da96e628e8b9e2b327b59fcaffa3d1a0a67a53cc2b7f728b51c87211b,01_第一问正式归档,已审核并通过联合总审
01_第一问/04_代码/关系建模/第一问建模完整复现包_20260824/04_主审验收/二次Logit混合模型独立复核/主线候选_预测关系网格.csv,19717,acd68db737988bb50ebf5dff0992599d3a8896ba4ba0d849aa3609931504b3d6,01_第一问正式归档,已审核并通过联合总审
01_第一问/04_代码/关系建模/第一问建模完整复现包_20260824/04_主审验收/独立簇自助复核_二次Logit混合模型.py,12276,faae40e893f820f5c8954585ccdd8f1dff42c0c61a4ad937987246369f6820b6,01_第一问正式归档,已审核并通过联合总审
01_第一问/04_代码/关系建模/第一问建模完整复现包_20260824/04_主审验收/生成待审核材料清单.py,2338,24330cc2512db0a6729360e1458e9edfb49eff4a1b2ce797715747ee991d920a,01_第一问正式归档,已审核并通过联合总审
01_第一问/04_代码/关系建模/第一问建模完整复现包_20260824/04_主审验收/生成待用户审核结果表.py,15412,64869a28a6a2e3fa82f9118962265c474fd2a08d166fb5ae366e44d9b92d5995,01_第一问正式归档,已审核并通过联合总审
01_第一问/04_代码/关系建模/第一问建模完整复现包_20260824/04_主审验收/统一复核结果/01_候选模型统一比较.csv,4921,eccbf4623084ed0522ec22ad6ac6b70d7da8457d871ae785be585d4010c2b343,01_第一问正式归档,已审核并通过联合总审
01_第一问/04_代码/关系建模/第一问建模完整复现包_20260824/04_主审验收/统一复核结果/02_按孕妇分组交叉验证逐折.csv,20421,6267ba40658b73260a4b72c0c60cc7a1de6fa7ed6c137045e722417e82c0642c,01_第一问正式归档,已审核并通过联合总审
01_第一问/04_代码/关系建模/第一问建模完整复现包_20260824/04_主审验收/统一复核结果/03_按孕妇分组交叉验证汇总.csv,1202,a45931b60a4803fc3f5c52c7e0c2e218abaa57f3e06d6e8815d8a5ee55579053,01_第一问正式归档,已审核并通过联合总审
01_第一问/04_代码/关系建模/第一问建模完整复现包_20260824/04_主审验收/统一复核结果/04_推荐主线固定效应.csv,1182,0cd3d29bf945ee1b8adc351eff4be9d7c1b840e10c539523ee68cf84bb2778f9,01_第一问正式归档,已审核并通过联合总审
01_第一问/04_代码/关系建模/第一问建模完整复现包_20260824/04_主审验收/统一复核结果/05_推荐主线整体显著性检验.csv,758,b109c1bcadbc1ccf458a7d42c8b55aa09398127e32925da9108d6c42faf361cb,01_第一问正式归档,已审核并通过联合总审
01_第一问/04_代码/关系建模/第一问建模完整复现包_20260824/04_主审验收/统一复核结果/06_推荐主线稳健性分析.csv,6689,0a3efabcfdeaa609992df805d44543941304f0543fa153ffb1aaf40b9dca9315,01_第一问正式归档,已审核并通过联合总审
01_第一问/04_代码/关系建模/第一问建模完整复现包_20260824/04_主审验收/统一复核结果/07_推荐主线诊断汇总.csv,839,0132f0df614933b3eb5efada00718370674053cfc2ea826a65020400ad3d5487,01_第一问正式归档,已审核并通过联合总审
01_第一问/04_代码/关系建模/第一问建模完整复现包_20260824/04_主审验收/统一复核结果/08_主审模型选择决策.csv,825,e4113ac225add307fde5c957f794b302e9068be65a326cd7255c205196877ff3,01_第一问正式归档,已审核并通过联合总审
01_第一问/04_代码/关系建模/第一问建模完整复现包_20260824/04_主审验收/统一复核结果/09_推荐主线逐事件诊断.csv,93974,cc24ba5158c6dc6c4e3c424dd34253ac7e88941d68334e944eca964bd3ad40ec,01_第一问正式归档,已审核并通过联合总审
01_第一问/04_代码/关系建模/第一问建模完整复现包_20260824/04_主审验收/统一复核结果/主审统一检验运行清单.json,1665,70ac8195e98ec72da90b6ac93defd4bf7b77d6a740a61fe7ed3dc503ef89d0ff,01_第一问正式归档,已审核并通过联合总审
01_第一问/04_代码/关系建模/第一问建模完整复现包_20260824/05_待用户审核/子代理任务书与主审分工说明.md,3732,057b8ea830520df4074ee543d6ab49c336e17fec7f418b241367dbf54ba6aacb,01_第一问正式归档,已审核并通过联合总审
01_第一问/04_代码/关系建模/第一问建模完整复现包_20260824/05_待用户审核/待用户审核材料清单.json,3801,414a5a4b785d4719ffcaa7fc92ab07580a99bf25f501f3b396a792ebaf8ecd51,01_第一问正式归档,已审核并通过联合总审
01_第一问/04_代码/关系建模/第一问建模完整复现包_20260824/05_待用户审核/第一问建模主审报告_待审核.md,6058,203594c19a75adac5929d6a05f07f05979515e8d723dee73d2a1676830ccef46,01_第一问正式归档,已审核并通过联合总审
01_第一问/04_代码/关系建模/第一问建模完整复现包_20260824/05_待用户审核/第一问建模依赖版本.txt,356,97abcf765227fb273aa4da95c26f05f10ddbcb9be5bfc66887711fbacf7070e3,01_第一问正式归档,已审核并通过联合总审
01_第一问/04_代码/关系建模/第一问建模完整复现包_20260824/05_待用户审核/第一问建模复现说明.md,3342,cbd144b54b928238c211bcd9156ef9b2981b748183dda936f8f073e0d651e35f,01_第一问正式归档,已审核并通过联合总审
01_第一问/04_代码/关系建模/第一问建模完整复现包_20260824/05_待用户审核/第一问推荐模型_论文写作稿_待审核.md,10557,f0177842bc966609d959a3992fb050718ba9c917e2abff1f709cbb49acb55860,01_第一问正式归档,已审核并通过联合总审
01_第一问/04_代码/关系建模/第一问建模完整复现包_20260824/05_待用户审核/结果表/第一问候选路线主审对比.csv,1388,3d0a93294663cbb214e1b4f8541d65e063baa37b5d61ad072c36e75f3c52cc5b,01_第一问正式归档,已审核并通过联合总审
01_第一问/04_代码/关系建模/第一问建模完整复现包_20260824/05_待用户审核/结果表/第一问待审核结果表清单.json,779,4c10ece7ea6d83b9b0a2a1201333d9764c6e7f635187d83f0f7b75721a3ed9f9,01_第一问正式归档,已审核并通过联合总审
01_第一问/04_代码/关系建模/第一问建模完整复现包_20260824/05_待用户审核/结果表/第一问推荐模型系数与显著性.csv,926,3b6a3b22355f11096dfc6593d7043de4d025da774ea4bf7c04eace993ca9f4c2,01_第一问正式归档,已审核并通过联合总审
01_第一问/04_代码/关系建模/第一问建模完整复现包_20260824/05_待用户审核/结果表/第一问最终验收清单.csv,855,b9186e393978464cecb7cf005dbc1c1d1b11518842b3bd5a7d83d72255fb8fa8,01_第一问正式归档,已审核并通过联合总审
01_第一问/04_代码/关系建模/第一问建模完整复现包_20260824/05_待用户审核/结果表/第一问核心效应原尺度解释.csv,2482,c87fb7d1e83fa1bdae8c5f3e853d7944952ff75285d905264758ac1d565606eb,01_第一问正式归档,已审核并通过联合总审
01_第一问/04_代码/关系建模/第一问建模完整复现包_20260824/05_待用户审核/结果表/第一问稳健性分析摘要.csv,1878,6fafce3cab8348ab0a63466d41dcb29e464e928ac416c98c9fd689077c953fd4,01_第一问正式归档,已审核并通过联合总审
01_第一问/04_代码/关系建模/第一问建模完整复现包_20260824/06_制图提示词/图01_孕周与Y浓度调整关系_MATLAB_SVG提示词.txt,3604,b8e7fbdd6693f9c41d6f0ae88431604b5efa8474679e9f63d024fe97e83496a4,01_第一问正式归档,已审核并通过联合总审
01_第一问/04_代码/关系建模/第一问建模完整复现包_20260824/06_制图提示词/图02_BMI妇间与个体内效应对比_MATLAB_SVG提示词.txt,2642,f0125150654376d613a5241d4778c45ed80b0fbf32540235cf14faf5f8b27166,01_第一问正式归档,已审核并通过联合总审
01_第一问/04_代码/关系建模/第一问建模完整复现包_20260824/06_制图提示词/图03_推荐模型残差诊断_MATLAB_SVG提示词.txt,2813,322c0bf711fe2dd767501f96c6cc4c83132cbeefe1b266bef2e3b917f0a83b23,01_第一问正式归档,已审核并通过联合总审
01_第一问/04_代码/关系建模/第一问建模完整复现包_20260825/00_共同口径/一键生成冻结建模数据.ps1,375,71652c522c9a8e11ffc9206c041b4e42747d39ce6017c6eaec2aaca6b7da9472,01_第一问正式归档,已审核并通过联合总审
01_第一问/04_代码/关系建模/第一问建模完整复现包_20260825/00_共同口径/冻结数据/冻结数据清单.json,1553,31c955f8aa8541b1bdbe98bda26d439012bac925907736bcd82ca901d799388b,01_第一问正式归档,已审核并通过联合总审
01_第一问/04_代码/关系建模/第一问建模完整复现包_20260825/00_共同口径/冻结数据/冻结样本核对摘要.csv,583,63bf5416e932b715df1910483ed1afbec02934bb8b530b5269fa30f5fade1226,01_第一问正式归档,已审核并通过联合总审
01_第一问/04_代码/关系建模/第一问建模完整复现包_20260825/00_共同口径/冻结数据/第一问主模型冻结样本.csv,214048,a054d7f3c6cfad277539d87db78bd332bacfa3ae76ac398b58fa78ff479ff589,01_第一问正式归档,已审核并通过联合总审
01_第一问/04_代码/关系建模/第一问建模完整复现包_20260825/00_共同口径/冻结数据/第一问主模型排除事件.csv,1265,2e1e2caf90a3275dfb6fb3f309929aacdd9c19c370b68bab9cce1f7450db11d3,01_第一问正式归档,已审核并通过联合总审
01_第一问/04_代码/关系建模/第一问建模完整复现包_20260825/00_共同口径/冻结数据/第一问建模变量角色表.csv,1915,dee591ad5007ee8deebf1e2fbb39ce91b77fa821f9754b8b84d8181f7ff1f5fa,01_第一问正式归档,已审核并通过联合总审
01_第一问/04_代码/关系建模/第一问建模完整复现包_20260825/00_共同口径/冻结数据/第一问抽血事件层冻结样本.csv,214395,98d7ddce43ed8416eaaa0ce9ffe3203c76b2dd294b71a94c972db6f991700f73,01_第一问正式归档,已审核并通过联合总审
01_第一问/04_代码/关系建模/第一问建模完整复现包_20260825/00_共同口径/冻结数据/第一问记录层冻结样本.csv,235228,4375f4b928d52a3c4ea8bd487544c63f6fc6c7f195c80d7445157e0592da7330,01_第一问正式归档,已审核并通过联合总审
01_第一问/04_代码/关系建模/第一问建模完整复现包_20260825/00_共同口径/源数据快照/01_男胎检测数据.json,707295,5c0936e30507f25aa52e6cedd996fd3e76c1fb4eda3a1e5795e74b1494bf37ea,01_第一问正式归档,已审核并通过联合总审
01_第一问/04_代码/关系建模/第一问建模完整复现包_20260825/00_共同口径/生成第一问冻结建模数据.py,17913,9b0c7fba6002f47e54ebf473639df45f1ebd8ee974e947e7dc1ab406bd40f938,01_第一问正式归档,已审核并通过联合总审
01_第一问/04_代码/关系建模/第一问建模完整复现包_20260825/00_共同口径/第一问候选模型验收表.md,1653,cb55c7b76eeadf4b3c12c2a2736ae224277388a121acb9ea2189febb3db29a9a,01_第一问正式归档,已审核并通过联合总审
01_第一问/04_代码/关系建模/第一问建模完整复现包_20260825/00_共同口径/第一问建模冻结协议.md,5678,ed55de460ddb9a265a9ebbcdd161ec283f7f95c0562cffa6726e8afe3587b07b,01_第一问正式归档,已审核并通过联合总审
01_第一问/04_代码/关系建模/第一问建模完整复现包_20260825/01_候选A_线性混合模型/00_候选A设计说明.md,5519,787d0f06f8a36ca616b5694ac308ecadbcacd1016dbfc4fbd4fbb0dd00e62b98,01_第一问正式归档,已审核并通过联合总审
01_第一问/04_代码/关系建模/第一问建模完整复现包_20260825/01_候选A_线性混合模型/00_风险与自我否决条件.md,2352,847a7c57edb02863c3b82e244befd52bda156541f898243866a0227685f70e88,01_第一问正式归档,已审核并通过联合总审
01_第一问/04_代码/关系建模/第一问建模完整复现包_20260825/01_候选A_线性混合模型/01_运行候选A模型.py,65918,9b8130be51bd80f2e9c256969a8f89b0422f624cc63f1c7a9a2bb1834886e89a,01_第一问正式归档,已审核并通过联合总审
01_第一问/04_代码/关系建模/第一问建模完整复现包_20260825/01_候选A_线性混合模型/01a_一键运行候选A.ps1,629,87941732648f4ecc878051758d8b6d73eb7bd18b0c3ae473965ab23f58c11ced,01_第一问正式归档,已审核并通过联合总审
01_第一问/04_代码/关系建模/第一问建模完整复现包_20260825/01_候选A_线性混合模型/02_候选A建模报告.md,5862,5e6555c9d33859bb3ad7685d31ef12fa76a0da542bb1a8c328d522557b21658e,01_第一问正式归档,已审核并通过联合总审
01_第一问/04_代码/关系建模/第一问建模完整复现包_20260825/01_候选A_线性混合模型/03_模型比较表.csv,1750,e689a8efac35cf2c1cd7ca274d4aa96262d36c06f3bc4eeb63902e5dea73e779,01_第一问正式归档,已审核并通过联合总审
01_第一问/04_代码/关系建模/第一问建模完整复现包_20260825/01_候选A_线性混合模型/04_整体显著性检验表.csv,2736,ac26172a2b460b1d324c6bf510cb841220be89693314519c4c5043124e2f1fa0,01_第一问正式归档,已审核并通过联合总审
01_第一问/04_代码/关系建模/第一问建模完整复现包_20260825/01_候选A_线性混合模型/05_核心效应估计表.csv,888,903be4a4bf844c7906743284a2e71f41cea73df213ab4a66b9bad390c6c69389,01_第一问正式归档,已审核并通过联合总审
01_第一问/04_代码/关系建模/第一问建模完整复现包_20260825/01_候选A_线性混合模型/06_全部固定效应参数表.csv,896,6249c5fc9dcf55baac00db01fdc99b90374099e4e17185b94d4491bfe3a885c0,01_第一问正式归档,已审核并通过联合总审
01_第一问/04_代码/关系建模/第一问建模完整复现包_20260825/01_候选A_线性混合模型/07_分组交叉验证汇总.csv,1395,fbc7e2719dc4538fcdc5b45833ea3d002a9f3efdeb730a5cb122532395ee9f7e,01_第一问正式归档,已审核并通过联合总审
01_第一问/04_代码/关系建模/第一问建模完整复现包_20260825/01_候选A_线性混合模型/07a_分组交叉验证逐轮.csv,4240,2f3a9777891de3a439039acb8c0d03e4c0da64b779853d4871d9114eeb1cb2a1,01_第一问正式归档,已审核并通过联合总审
01_第一问/04_代码/关系建模/第一问建模完整复现包_20260825/01_候选A_线性混合模型/07b_分组交叉验证逐折.csv,29140,8030bc70e9020c8cc8325b3d38f9e9fdba41c3a53bb4320d6aa90290691d50c7,01_第一问正式归档,已审核并通过联合总审
01_第一问/04_代码/关系建模/第一问建模完整复现包_20260825/01_候选A_线性混合模型/08_分组交叉验证折分名单.csv,10067,8585c6b356dc1a8245b05b645583c9c4549c8c3f12c4de83d3a4e7c933726794,01_第一问正式归档,已审核并通过联合总审
01_第一问/04_代码/关系建模/第一问建模完整复现包_20260825/01_候选A_线性混合模型/09_模型诊断汇总.csv,978,75d15cd77c5858ece25b7d5286d6baddca1e4fd4afd06c81417a2fb148ea30b9,01_第一问正式归档,已审核并通过联合总审
01_第一问/04_代码/关系建模/第一问建模完整复现包_20260825/01_候选A_线性混合模型/10_共线性诊断.csv,223,bf1d5018ecd388f97a3fbb11e07c48ba13a21a10a00d5b16e163a3863af73d77,01_第一问正式归档,已审核并通过联合总审
01_第一问/04_代码/关系建模/第一问建模完整复现包_20260825/01_候选A_线性混合模型/11_稳健性结果表.csv,1244,c9ded440a179e555b264be37ab30d46b54fad8d6b1731eff46bb68e8ac94cc85,01_第一问正式归档,已审核并通过联合总审
01_第一问/04_代码/关系建模/第一问建模完整复现包_20260825/01_候选A_线性混合模型/12_整簇自助法逐次.csv,22028,18206834139ef385b6e897b41d5c569bd3a6d1a884c682f542aadcc433b210ef,01_第一问正式归档,已审核并通过联合总审
01_第一问/04_代码/关系建模/第一问建模完整复现包_20260825/01_候选A_线性混合模型/13_整簇自助法汇总.csv,435,6ade6750077d2e8b55ba0dcd13c49a41f75b2205ec4888c36d7ed9e0f145962c,01_第一问正式归档,已审核并通过联合总审
01_第一问/04_代码/关系建模/第一问建模完整复现包_20260825/01_候选A_线性混合模型/14_留一孕妇影响分析.csv,41933,7c4dfff5fdca9b3785a0d87b9fc2003eea60bd0ac1a06baf238aa2c4fe24fe05,01_第一问正式归档,已审核并通过联合总审
01_第一问/04_代码/关系建模/第一问建模完整复现包_20260825/01_候选A_线性混合模型/15_模型诊断逐事件.csv,82964,4ec30fa6451ecbbc69139bd9eaaba544a508ace38516071e0194f49e85395953,01_第一问正式归档,已审核并通过联合总审
01_第一问/04_代码/关系建模/第一问建模完整复现包_20260825/01_候选A_线性混合模型/16_预测关系数据.csv,31099,f7aa2f2e8e7eba3d1bc74ba4129dae5758cf54e1774a305a7c4d6852f92c21e7,01_第一问正式归档,已审核并通过联合总审
01_第一问/04_代码/关系建模/第一问建模完整复现包_20260825/01_候选A_线性混合模型/17_制图提示词_调整后关系曲线.txt,1295,f1eb17f656b50b88ee3def97c7f938b7fbda3aba597d78c3c917bc00aedf2f4e,01_第一问正式归档,已审核并通过联合总审
01_第一问/04_代码/关系建模/第一问建模完整复现包_20260825/01_候选A_线性混合模型/18_制图提示词_残差诊断.txt,1102,2efaf168c4d6662b336a3fe6221019d2000185245d3caa41ecc0590ac51f47b1,01_第一问正式归档,已审核并通过联合总审
01_第一问/04_代码/关系建模/第一问建模完整复现包_20260825/01_候选A_线性混合模型/19_复现信息与文件哈希.json,4425,3798e05c294c0623d2a1ef17c4a05d36621d68b7606af70347d73910771e3535,01_第一问正式归档,已审核并通过联合总审
01_第一问/04_代码/关系建模/第一问建模完整复现包_20260825/02_候选B_样条混合模型/00_风险与自我否决条件.md,1414,f55be764da27e79555c5acf06ff755a280d38a98f9976173bbec6d23c9e0a93d,01_第一问正式归档,已审核并通过联合总审
01_第一问/04_代码/关系建模/第一问建模完整复现包_20260825/02_候选B_样条混合模型/01_代码/候选B_受控样条混合模型.py,65929,bae73b107272df86b30abf5333bbb2c4fb4e35432a48f88abde53c53a5c39d60,01_第一问正式归档,已审核并通过联合总审
01_第一问/04_代码/关系建模/第一问建模完整复现包_20260825/02_候选B_样条混合模型/02_结果表/00_最终模型摘要.csv,570,9da8ba007c455dac5d017506856e2156d35ba54ce4f07d31e7af45e0b4e9a648,01_第一问正式归档,已审核并通过联合总审
01_第一问/04_代码/关系建模/第一问建模完整复现包_20260825/02_候选B_样条混合模型/02_结果表/01_候选模型拟合与交叉验证.csv,3273,31cbd3f37380688aaea1986e3625beb920ea70cf46cea1a635f3d77cf42aee97,01_第一问正式归档,已审核并通过联合总审
01_第一问/04_代码/关系建模/第一问建模完整复现包_20260825/02_候选B_样条混合模型/02_结果表/02_模型选择决策.csv,1592,a0b0c48b81142a14a5d86b585f75437cbf16efe48459647b044e8b3e66a8287c,01_第一问正式归档,已审核并通过联合总审
01_第一问/04_代码/关系建模/第一问建模完整复现包_20260825/02_候选B_样条混合模型/02_结果表/03_整体显著性检验.csv,813,1bf0026c278b5452773b9452ded3cff9cd17fb511b1e862504352394874d426a,01_第一问正式归档,已审核并通过联合总审
01_第一问/04_代码/关系建模/第一问建模完整复现包_20260825/02_候选B_样条混合模型/02_结果表/04_最终模型固定效应系数.csv,2053,f3a9fc78c5411b99ce10904a7dbb31aa0b32b8784b3249740dda714e7403485d,01_第一问正式归档,已审核并通过联合总审
01_第一问/04_代码/关系建模/第一问建模完整复现包_20260825/02_候选B_样条混合模型/02_结果表/05_核心效应原尺度.csv,1065,f975da60e021cbcc3dca4095cffdb711685d242ba3d1178fefa745c042d5ebd2,01_第一问正式归档,已审核并通过联合总审
01_第一问/04_代码/关系建模/第一问建模完整复现包_20260825/02_候选B_样条混合模型/02_结果表/06_曲线预测数据.csv,46090,b7d8d42a8e4d5ef0de3d4a2c181f9e2353986e9e68108b0fb44bba0cafdbe2ba,01_第一问正式归档,已审核并通过联合总审
01_第一问/04_代码/关系建模/第一问建模完整复现包_20260825/02_候选B_样条混合模型/02_结果表/07_诊断指标.csv,1113,a0067ebe92ce65eff04f45ca20ca45a6108be0ae68c1849d0c38054f21cc8a5d,01_第一问正式归档,已审核并通过联合总审
01_第一问/04_代码/关系建模/第一问建模完整复现包_20260825/02_候选B_样条混合模型/02_结果表/08_稳健性分析.csv,5660,9c39e4ffc843fa922e7e072cad1a80e4f62b45b2ac064ffacb566ecebb39594b,01_第一问正式归档,已审核并通过联合总审
01_第一问/04_代码/关系建模/第一问建模完整复现包_20260825/02_候选B_样条混合模型/02_结果表/09_强影响孕妇逐一删除检查.csv,32062,83f4c21b5bd9909a038fa297d02d45116d1bebf80dcdd8badbdccc3895e0285b,01_第一问正式归档,已审核并通过联合总审
01_第一问/04_代码/关系建模/第一问建模完整复现包_20260825/02_候选B_样条混合模型/02_结果表/10_随机斜率比较.csv,621,f0ce127ef8aba802db3b9911d88b948bc527c569502ec768b50df0c660c4d06f,01_第一问正式归档,已审核并通过联合总审
01_第一问/04_代码/关系建模/第一问建模完整复现包_20260825/02_候选B_样条混合模型/02_结果表/11_交叉验证折明细.csv,6852,f59e8500659d0e0e63c9acb0f3a62e217f17ed84538df3e4c52740b865780292,01_第一问正式归档,已审核并通过联合总审
01_第一问/04_代码/关系建模/第一问建模完整复现包_20260825/02_候选B_样条混合模型/02_结果表/12_交叉验证逐事件预测.csv,481761,25028364d1971aeb0f2bb3ce6040296ce02df522691548f8425b5acd5578e612,01_第一问正式归档,已审核并通过联合总审
01_第一问/04_代码/关系建模/第一问建模完整复现包_20260825/02_候选B_样条混合模型/02_结果表/13_中心化与标准化参照值.csv,495,7f0484d8aa89e6c06ad20ba1412e2ae94ef9f0dfde8c1d7ad3bf631f17c8a754,01_第一问正式归档,已审核并通过联合总审
01_第一问/04_代码/关系建模/第一问建模完整复现包_20260825/02_候选B_样条混合模型/02_结果表/14_响应尺度诊断对照.csv,2591,721709c656d77739004e0a478de78a2ae0f4809747576df36dd1c0b2e74c4f0f,01_第一问正式归档,已审核并通过联合总审
01_第一问/04_代码/关系建模/第一问建模完整复现包_20260825/02_候选B_样条混合模型/02_结果表/15_孕妇整簇自助核心效应.csv,781,477e7197e7b2b9fd7466e7ddc03974aecfc0bf5f198022c8573368d173abce96,01_第一问正式归档,已审核并通过联合总审
01_第一问/04_代码/关系建模/第一问建模完整复现包_20260825/02_候选B_样条混合模型/02_结果表/16_孕妇整簇自助重复明细.csv,140481,71e7ee22178a83760131583691661e8fb2143cc0d007b0f0fca8b0feb21e055e,01_第一问正式归档,已审核并通过联合总审
01_第一问/04_代码/关系建模/第一问建模完整复现包_20260825/02_候选B_样条混合模型/03_模型报告/候选B_受控样条混合模型报告.md,5137,3c60312a79f239557c53b6525ec938363120374b025b492624347b74f182bf01,01_第一问正式归档,已审核并通过联合总审
01_第一问/04_代码/关系建模/第一问建模完整复现包_20260825/02_候选B_样条混合模型/04_制图提示词/第一问孕周Y浓度受控关系曲线_MATLAB_SVG提示词.txt,2179,0fbbb64c65219ad0b0b7c47270624ff498423518545ba18393a8578e45f689b3,01_第一问正式归档,已审核并通过联合总审
01_第一问/04_代码/关系建模/第一问建模完整复现包_20260825/02_候选B_样条混合模型/05_复现/一键运行候选B.ps1,716,eec41ba47cb04cbdec537b1733c598e763b66767e935f9ad84c0f85083bc05a3,01_第一问正式归档,已审核并通过联合总审
01_第一问/04_代码/关系建模/第一问建模完整复现包_20260825/02_候选B_样条混合模型/05_复现/文件哈希清单.csv,2726,9d92a7b7c2f12327ea18d50b81f37857a134db9b95d03c831f0fc611cacd740b,01_第一问正式归档,已审核并通过联合总审
01_第一问/04_代码/关系建模/第一问建模完整复现包_20260825/02_候选B_样条混合模型/05_复现/运行环境与哈希.json,504,f49966e4f573e2e32b899293256997adc138fac9a49576d42de453f7afa68cbc,01_第一问正式归档,已审核并通过联合总审
01_第一问/04_代码/关系建模/第一问建模完整复现包_20260825/03_候选C_边界稳健模型/01_样本边界与分布诊断.csv,541,cc756e1d779d61a31b00bab514c4cd8b039b3e49cd1e0da319f18b8eb5a08b83,01_第一问正式归档,已审核并通过联合总审
01_第一问/04_代码/关系建模/第一问建模完整复现包_20260825/03_候选C_边界稳健模型/02_模型比较与分组验证.csv,1399,8a4c3eaf191dbce6bcb02f10677553d17456933a1820897affcf44c82a36ecfe,01_第一问正式归档,已审核并通过联合总审
01_第一问/04_代码/关系建模/第一问建模完整复现包_20260825/03_候选C_边界稳健模型/03_模型系数与聚类稳健推断.csv,7619,e7ff6fbd7e31251d25c8075bd7a5bc6601c73d06eb7887385ee71b41f5a02dd1,01_第一问正式归档,已审核并通过联合总审
01_第一问/04_代码/关系建模/第一问建模完整复现包_20260825/03_候选C_边界稳健模型/04_整体显著性检验.csv,2245,36dd8ec12edf6ea58b11573b68b08f105366d9e1566e980e23122f2c31d820da,01_第一问正式归档,已审核并通过联合总审
01_第一问/04_代码/关系建模/第一问建模完整复现包_20260825/03_候选C_边界稳健模型/05_原尺度边际效应.csv,3996,c65d01f65fece4e5de3729d79510f60b9965d97e6032dec83503e3c67b448b69,01_第一问正式归档,已审核并通过联合总审
01_第一问/04_代码/关系建模/第一问建模完整复现包_20260825/03_候选C_边界稳健模型/06_交叉验证折明细.csv,3379,b24f21092ef031446b67b563e28349aed79399f4887624618f608b65cef94f1b,01_第一问正式归档,已审核并通过联合总审
01_第一问/04_代码/关系建模/第一问建模完整复现包_20260825/03_候选C_边界稳健模型/07_异方差与相关结构诊断.csv,1427,3bf0058d60b527a0c999e111882b13bc4f48effd9455c7d03d0d0d22c76b85ba,01_第一问正式归档,已审核并通过联合总审
01_第一问/04_代码/关系建模/第一问建模完整复现包_20260825/03_候选C_边界稳健模型/08_稳健性分析.csv,1199,0222d20efb81930ff3b764f88cdfc291107a58383e9afbc41dbe9f4466abe888,01_第一问正式归档,已审核并通过联合总审
01_第一问/04_代码/关系建模/第一问建模完整复现包_20260825/03_候选C_边界稳健模型/09_强影响孕妇.csv,23156,4d75b19d8427a6d881d6df90a0174dc6be717202c0a6fdb81f8d0c01dec0e056,01_第一问正式归档,已审核并通过联合总审
01_第一问/04_代码/关系建模/第一问建模完整复现包_20260825/03_候选C_边界稳健模型/10_共线性诊断.csv,1039,cb6f8ff30a39b4f691a99289e8515887dd42d8a908123997c70267248cb32a74,01_第一问正式归档,已审核并通过联合总审
01_第一问/04_代码/关系建模/第一问建模完整复现包_20260825/03_候选C_边界稳健模型/11_Beta簇自助法摘要.csv,1378,876c2831b39a7fc237c0d8c3f5843cb9de0ef18f1422652f1fed838e9a9be1fd,01_第一问正式归档,已审核并通过联合总审
01_第一问/04_代码/关系建模/第一问建模完整复现包_20260825/03_候选C_边界稳健模型/11b_Beta簇自助法原始结果.csv,319522,ec636eed9c92aa47d1fa1eec7357fbb572b7ca12d7b04862f2cfee2146d78f01,01_第一问正式归档,已审核并通过联合总审
01_第一问/04_代码/关系建模/第一问建模完整复现包_20260825/03_候选C_边界稳健模型/12_主样本固定效应预测.csv,202623,311b638a415ccb62b4442d951b986c7a9bd071e70b51174acd24cf320ffd2f8f,01_第一问正式归档,已审核并通过联合总审
01_第一问/04_代码/关系建模/第一问建模完整复现包_20260825/03_候选C_边界稳健模型/13_孕妇交叉验证折分配.csv,1201,1aad6c1ef1ed03025fdb2c61ea01217cf152d3dce908f13d88617d55e321c391,01_第一问正式归档,已审核并通过联合总审
01_第一问/04_代码/关系建模/第一问建模完整复现包_20260825/03_候选C_边界稳健模型/14_原尺度预测网格.csv,40836,d410620171e87a260703219eea5105dd1bef34b9e19d8775bca63ddab66737a2,01_第一问正式归档,已审核并通过联合总审
01_第一问/04_代码/关系建模/第一问建模完整复现包_20260825/03_候选C_边界稳健模型/一键运行候选C.ps1,219,94fffcecea0f81a40dd76c9e34333103186b742cdcf83119dc0b42e8bd564f99,01_第一问正式归档,已审核并通过联合总审
01_第一问/04_代码/关系建模/第一问建模完整复现包_20260825/03_候选C_边界稳健模型/候选C_制图提示词.txt,2655,8c369ec71e5f38f7cbfef9403003564ba3dbdb334548972c05743f22db16c88f,01_第一问正式归档,已审核并通过联合总审
01_第一问/04_代码/关系建模/第一问建模完整复现包_20260825/03_候选C_边界稳健模型/候选C_复现清单.json,3918,3258059c8be120465a5884ea266265a4a746d0314ed4d66061054e9d88998559,01_第一问正式归档,已审核并通过联合总审
01_第一问/04_代码/关系建模/第一问建模完整复现包_20260825/03_候选C_边界稳健模型/候选C_边界稳健模型报告.md,6272,258b9b905cd65a50e6b28beef5fab4717a21330bcf93ab08e1081c8cc3ec6023,01_第一问正式归档,已审核并通过联合总审
01_第一问/04_代码/关系建模/第一问建模完整复现包_20260825/03_候选C_边界稳健模型/候选C_运行摘要.json,1005,2b39db788b1b0c46f14d9a66534b6f24394b3cf9c202933e2ea318385f5fdc49,01_第一问正式归档,已审核并通过联合总审
01_第一问/04_代码/关系建模/第一问建模完整复现包_20260825/03_候选C_边界稳健模型/运行候选C_边界稳健模型.py,48263,5dfc0f7a4278e80560df4c2609dab265a89208f64d763dc351f18bda572b288d,01_第一问正式归档,已审核并通过联合总审
01_第一问/04_代码/关系建模/第一问建模完整复现包_20260825/04_主审验收/一键复现第一问推荐主线.ps1,1801,c32609882e9c0e1a7971aec414c9d0035a87390c23db7e03f8cde951918ced34,01_第一问正式归档,已审核并通过联合总审
01_第一问/04_代码/关系建模/第一问建模完整复现包_20260825/04_主审验收/主审统一检验.py,24044,249680298d6834257261594b8b239cf40aff062266bc50823e585631826b3b3e,01_第一问正式归档,已审核并通过联合总审
01_第一问/04_代码/关系建模/第一问建模完整复现包_20260825/04_主审验收/二次Logit混合模型独立复核/主线候选_渐近系数表.csv,1217,efe825a17c1d2fdc2ac76f9c75397cdc8848c95db09e827c90a66259a1f6b3a8,01_第一问正式归档,已审核并通过联合总审
01_第一问/04_代码/关系建模/第一问建模完整复现包_20260825/04_主审验收/二次Logit混合模型独立复核/主线候选_簇自助明细.csv,67196,c90419ee03db4e2afbe6642224ef3e8df06f3490b52cc549d8b6bf4091960c62,01_第一问正式归档,已审核并通过联合总审
01_第一问/04_代码/关系建模/第一问建模完整复现包_20260825/04_主审验收/二次Logit混合模型独立复核/主线候选_簇自助明细_检查点.csv,67196,c90419ee03db4e2afbe6642224ef3e8df06f3490b52cc549d8b6bf4091960c62,01_第一问正式归档,已审核并通过联合总审
01_第一问/04_代码/关系建模/第一问建模完整复现包_20260825/04_主审验收/二次Logit混合模型独立复核/主线候选_簇自助置信区间.csv,1098,f7862235320af6109ed0c84933d9216a078dd9b238e495edce3f05a1a9f4a641,01_第一问正式归档,已审核并通过联合总审
01_第一问/04_代码/关系建模/第一问建模完整复现包_20260825/04_主审验收/二次Logit混合模型独立复核/主线候选_运行清单.json,1611,15823afd10e35c5fa211c8f3acc902dda971b177f0c8727c20fdff0ac25d81f8,01_第一问正式归档,已审核并通过联合总审
01_第一问/04_代码/关系建模/第一问建模完整复现包_20260825/04_主审验收/二次Logit混合模型独立复核/主线候选_随机效应摘要.csv,224,24163c2da96e628e8b9e2b327b59fcaffa3d1a0a67a53cc2b7f728b51c87211b,01_第一问正式归档,已审核并通过联合总审
01_第一问/04_代码/关系建模/第一问建模完整复现包_20260825/04_主审验收/二次Logit混合模型独立复核/主线候选_预测关系网格.csv,19717,acd68db737988bb50ebf5dff0992599d3a8896ba4ba0d849aa3609931504b3d6,01_第一问正式归档,已审核并通过联合总审
01_第一问/04_代码/关系建模/第一问建模完整复现包_20260825/04_主审验收/独立簇自助复核_二次Logit混合模型.py,12276,faae40e893f820f5c8954585ccdd8f1dff42c0c61a4ad937987246369f6820b6,01_第一问正式归档,已审核并通过联合总审
01_第一问/04_代码/关系建模/第一问建模完整复现包_20260825/04_主审验收/生成待审核材料清单.py,2338,24330cc2512db0a6729360e1458e9edfb49eff4a1b2ce797715747ee991d920a,01_第一问正式归档,已审核并通过联合总审
01_第一问/04_代码/关系建模/第一问建模完整复现包_20260825/04_主审验收/生成待用户审核结果表.py,15428,de0a1821a564cdcd9c2e31d22ee8ac2771596f1d4596c1e685457d9ab95825f2,01_第一问正式归档,已审核并通过联合总审
01_第一问/04_代码/关系建模/第一问建模完整复现包_20260825/04_主审验收/统一复核结果/01_候选模型统一比较.csv,4921,eccbf4623084ed0522ec22ad6ac6b70d7da8457d871ae785be585d4010c2b343,01_第一问正式归档,已审核并通过联合总审
01_第一问/04_代码/关系建模/第一问建模完整复现包_20260825/04_主审验收/统一复核结果/02_按孕妇分组交叉验证逐折.csv,20421,6267ba40658b73260a4b72c0c60cc7a1de6fa7ed6c137045e722417e82c0642c,01_第一问正式归档,已审核并通过联合总审
01_第一问/04_代码/关系建模/第一问建模完整复现包_20260825/04_主审验收/统一复核结果/03_按孕妇分组交叉验证汇总.csv,1202,a45931b60a4803fc3f5c52c7e0c2e218abaa57f3e06d6e8815d8a5ee55579053,01_第一问正式归档,已审核并通过联合总审
01_第一问/04_代码/关系建模/第一问建模完整复现包_20260825/04_主审验收/统一复核结果/04_推荐主线固定效应.csv,1183,dfcc50148012591d65170c49eb2d4f007a3b4c43636da9cbd3ffa075aafec5da,01_第一问正式归档,已审核并通过联合总审
01_第一问/04_代码/关系建模/第一问建模完整复现包_20260825/04_主审验收/统一复核结果/05_推荐主线整体显著性检验.csv,758,b109c1bcadbc1ccf458a7d42c8b55aa09398127e32925da9108d6c42faf361cb,01_第一问正式归档,已审核并通过联合总审
01_第一问/04_代码/关系建模/第一问建模完整复现包_20260825/04_主审验收/统一复核结果/06_推荐主线稳健性分析.csv,6689,0a3efabcfdeaa609992df805d44543941304f0543fa153ffb1aaf40b9dca9315,01_第一问正式归档,已审核并通过联合总审
01_第一问/04_代码/关系建模/第一问建模完整复现包_20260825/04_主审验收/统一复核结果/07_推荐主线诊断汇总.csv,839,0132f0df614933b3eb5efada00718370674053cfc2ea826a65020400ad3d5487,01_第一问正式归档,已审核并通过联合总审
01_第一问/04_代码/关系建模/第一问建模完整复现包_20260825/04_主审验收/统一复核结果/08_主审模型选择决策.csv,825,e4113ac225add307fde5c957f794b302e9068be65a326cd7255c205196877ff3,01_第一问正式归档,已审核并通过联合总审
01_第一问/04_代码/关系建模/第一问建模完整复现包_20260825/04_主审验收/统一复核结果/09_推荐主线逐事件诊断.csv,93974,cc24ba5158c6dc6c4e3c424dd34253ac7e88941d68334e944eca964bd3ad40ec,01_第一问正式归档,已审核并通过联合总审
01_第一问/04_代码/关系建模/第一问建模完整复现包_20260825/04_主审验收/统一复核结果/主审统一检验运行清单.json,1693,368bdd13893282cf2d044c4d03c20b3c47c4f3539c27d4a862c91c9970aa34e1,01_第一问正式归档,已审核并通过联合总审
01_第一问/04_代码/关系建模/第一问建模完整复现包_20260825/05_待用户审核/子代理任务书与主审分工说明.md,3732,057b8ea830520df4074ee543d6ab49c336e17fec7f418b241367dbf54ba6aacb,01_第一问正式归档,已审核并通过联合总审
01_第一问/04_代码/关系建模/第一问建模完整复现包_20260825/05_待用户审核/待用户审核材料清单.json,3760,e6e640cc30f2929b6e22a4081c1001b09c98a62641814c173c7de555cdaffe9e,01_第一问正式归档,已审核并通过联合总审
01_第一问/04_代码/关系建模/第一问建模完整复现包_20260825/05_待用户审核/第一问建模主审报告_待审核.md,6217,6ccaa4c7c04b26a0eb4e15bb503e42a86f3da79977b2f31aba930bec732ea408,01_第一问正式归档,已审核并通过联合总审
01_第一问/04_代码/关系建模/第一问建模完整复现包_20260825/05_待用户审核/第一问建模依赖版本.txt,356,97abcf765227fb273aa4da95c26f05f10ddbcb9be5bfc66887711fbacf7070e3,01_第一问正式归档,已审核并通过联合总审
01_第一问/04_代码/关系建模/第一问建模完整复现包_20260825/05_待用户审核/第一问建模复现说明.md,3385,f908f6a49bf7ab582064d44c8f267871eca80cce52624eefde6375ce6aa76563,01_第一问正式归档,已审核并通过联合总审
01_第一问/04_代码/关系建模/第一问建模完整复现包_20260825/05_待用户审核/第一问推荐模型_论文写作稿_待审核.md,10557,f0177842bc966609d959a3992fb050718ba9c917e2abff1f709cbb49acb55860,01_第一问正式归档,已审核并通过联合总审
01_第一问/04_代码/关系建模/第一问建模完整复现包_20260825/05_待用户审核/结果表/第一问候选路线主审对比.csv,1388,3d0a93294663cbb214e1b4f8541d65e063baa37b5d61ad072c36e75f3c52cc5b,01_第一问正式归档,已审核并通过联合总审
01_第一问/04_代码/关系建模/第一问建模完整复现包_20260825/05_待用户审核/结果表/第一问待审核结果表清单.json,779,e6a8c4a0768884d21d61f27312bc1db45e01b7da9c4bf1fc29486442e0e658fe,01_第一问正式归档,已审核并通过联合总审
01_第一问/04_代码/关系建模/第一问建模完整复现包_20260825/05_待用户审核/结果表/第一问推荐模型系数与显著性.csv,926,3b6a3b22355f11096dfc6593d7043de4d025da774ea4bf7c04eace993ca9f4c2,01_第一问正式归档,已审核并通过联合总审
01_第一问/04_代码/关系建模/第一问建模完整复现包_20260825/05_待用户审核/结果表/第一问最终验收清单.csv,871,6b5dad370c1d43827ca7b42f91e15c293100f9f72b3524fec8cdaee3ec7a2584,01_第一问正式归档,已审核并通过联合总审
01_第一问/04_代码/关系建模/第一问建模完整复现包_20260825/05_待用户审核/结果表/第一问核心效应原尺度解释.csv,2482,c87fb7d1e83fa1bdae8c5f3e853d7944952ff75285d905264758ac1d565606eb,01_第一问正式归档,已审核并通过联合总审
01_第一问/04_代码/关系建模/第一问建模完整复现包_20260825/05_待用户审核/结果表/第一问稳健性分析摘要.csv,1878,6fafce3cab8348ab0a63466d41dcb29e464e928ac416c98c9fd689077c953fd4,01_第一问正式归档,已审核并通过联合总审
01_第一问/04_代码/关系建模/第一问建模完整复现包_20260825/06_制图提示词/图01_孕周与Y浓度调整关系_MATLAB_SVG提示词.txt,3604,b8e7fbdd6693f9c41d6f0ae88431604b5efa8474679e9f63d024fe97e83496a4,01_第一问正式归档,已审核并通过联合总审
01_第一问/04_代码/关系建模/第一问建模完整复现包_20260825/06_制图提示词/图02_BMI妇间与个体内效应对比_MATLAB_SVG提示词.txt,2642,f0125150654376d613a5241d4778c45ed80b0fbf32540235cf14faf5f8b27166,01_第一问正式归档,已审核并通过联合总审
01_第一问/04_代码/关系建模/第一问建模完整复现包_20260825/06_制图提示词/图03_推荐模型残差诊断_MATLAB_SVG提示词.txt,2813,322c0bf711fe2dd767501f96c6cc4c83132cbeefe1b266bef2e3b917f0a83b23,01_第一问正式归档,已审核并通过联合总审
01_第一问/04_代码/关系建模/第一问建模完整复现包_20260825/07_总控追加复核/交叉验证设置稳定性/第一问交叉验证设置稳定性复核.json,1824,3f9356c138d3618d0bd5519ed83a68d82024d713eea33121963798d9c78c98b2,01_第一问正式归档,已审核并通过联合总审
01_第一问/04_代码/关系建模/第一问建模完整复现包_20260825/07_总控追加复核/交叉验证设置稳定性/第一问交叉验证设置稳定性汇总.csv,4878,f7219c35ba077b1d85d1e9d5c5a5f118f35b5315bdcfc747e66eba68f27b55de,01_第一问正式归档,已审核并通过联合总审
01_第一问/04_代码/关系建模/第一问建模完整复现包_20260825/07_总控追加复核/交叉验证设置稳定性/第一问交叉验证设置稳定性逐折.csv,60691,8fd8e51b94639cc555dce4e75e3cd4f703089aeb7154a9959e57daedbf0f2b00,01_第一问正式归档,已审核并通过联合总审
01_第一问/04_代码/关系建模/第一问建模完整复现包_20260825/07_总控追加复核/交叉验证设置稳定性/第一问推荐模型稳定性复核.csv,1115,f1848e880b75aa1f7f4ee1e3f4838d32c4cd6de14ee03fdd25ac8721524d7413,01_第一问正式归档,已审核并通过联合总审
01_第一问/04_代码/关系建模/第一问建模完整复现包_20260825/07_总控追加复核/检验第一问计算设置稳定性.py,7840,e5e416932ac7acc34271dd7cd26a364a20e91a59e08b9a651ebb4c1690ff488a,01_第一问正式归档,已审核并通过联合总审
01_第一问/04_代码/关系建模/第一问建模完整复现包_20260825/07_总控追加复核/汇总第一问自助收敛性.py,4162,66e143872569767c84c15ae42154bbce38bbf072a7067b36463c14ae903d8748,01_第一问正式归档,已审核并通过联合总审
01_第一问/04_代码/关系建模/第一问建模完整复现包_20260825/07_总控追加复核/生成第一问总控复核材料.py,23329,cf579fc87108e6a24291f4827ddde771d6768f46f11fbf7dbfb1209f7382a189,01_第一问正式归档,已审核并通过联合总审
01_第一问/04_代码/关系建模/第一问建模完整复现包_20260825/07_总控追加复核/第一问总控复核材料/第一问参数来源表.csv,9052,241c908eed00a905fae89f6789bf9da11e12561ff873cfca1284b7a452927c4d,01_第一问正式归档,已审核并通过联合总审
01_第一问/04_代码/关系建模/第一问建模完整复现包_20260825/07_总控追加复核/第一问总控复核材料/第一问总控复核报告.md,2884,bee64ecc407069412b0ee4262437e2a1b19165ed4ba3dd683cf5a7aa520edeae,01_第一问正式归档,已审核并通过联合总审
01_第一问/04_代码/关系建模/第一问建模完整复现包_20260825/07_总控追加复核/第一问总控复核材料/第一问总控验收清单.csv,1646,77aa52846ea48323fe98f8571f20f2bec1f3c49aced86fb9e9c36f5b37c326d3,01_第一问正式归档,已审核并通过联合总审
01_第一问/04_代码/关系建模/第一问建模完整复现包_20260825/07_总控追加复核/第一问总控复核材料/第一问自审PASS记录.json,790,3b487005d56f425fdd921bcdaa5a08ee02a362217bdf7647b0258179faee361c,01_第一问正式归档,已审核并通过联合总审
01_第一问/04_代码/关系建模/第一问建模完整复现包_20260825/07_总控追加复核/第一问总控复核材料/第一问输出文件哈希.csv,349,c8de943c0f71c788ec6231d8a759d56173840c182831c210a1218eb863242acb,01_第一问正式归档,已审核并通过联合总审
01_第一问/04_代码/关系建模/第一问建模完整复现包_20260825/07_总控追加复核/自助收敛性/B200/主线候选_渐近系数表.csv,1217,efe825a17c1d2fdc2ac76f9c75397cdc8848c95db09e827c90a66259a1f6b3a8,01_第一问正式归档,已审核并通过联合总审
01_第一问/04_代码/关系建模/第一问建模完整复现包_20260825/07_总控追加复核/自助收敛性/B200/主线候选_簇自助明细.csv,33523,225ef9c4d6c0d872153dd77fd678f037eab01f0629ea9c9bc79f727335aa7856,01_第一问正式归档,已审核并通过联合总审
01_第一问/04_代码/关系建模/第一问建模完整复现包_20260825/07_总控追加复核/自助收敛性/B200/主线候选_簇自助明细_检查点.csv,33523,225ef9c4d6c0d872153dd77fd678f037eab01f0629ea9c9bc79f727335aa7856,01_第一问正式归档,已审核并通过联合总审
01_第一问/04_代码/关系建模/第一问建模完整复现包_20260825/07_总控追加复核/自助收敛性/B200/主线候选_簇自助置信区间.csv,1096,bff7ac0d46181dc48d5995ba4846be2e6331783a2aae0800c24de3772b0d9407,01_第一问正式归档,已审核并通过联合总审
01_第一问/04_代码/关系建模/第一问建模完整复现包_20260825/07_总控追加复核/自助收敛性/B200/主线候选_运行清单.json,1611,b2ee357fad35d320a5744110bab4647be03caad7b3697d9f9c17fac148d5f69a,01_第一问正式归档,已审核并通过联合总审
01_第一问/04_代码/关系建模/第一问建模完整复现包_20260825/07_总控追加复核/自助收敛性/B200/主线候选_随机效应摘要.csv,224,24163c2da96e628e8b9e2b327b59fcaffa3d1a0a67a53cc2b7f728b51c87211b,01_第一问正式归档,已审核并通过联合总审
01_第一问/04_代码/关系建模/第一问建模完整复现包_20260825/07_总控追加复核/自助收敛性/B200/主线候选_预测关系网格.csv,19717,a1f72ac43f7526fa7915777287719867a1ca28e65a4f4330a0d78ad9e84bae6e,01_第一问正式归档,已审核并通过联合总审
01_第一问/04_代码/关系建模/第一问建模完整复现包_20260825/07_总控追加复核/自助收敛性/B400/主线候选_渐近系数表.csv,1217,efe825a17c1d2fdc2ac76f9c75397cdc8848c95db09e827c90a66259a1f6b3a8,01_第一问正式归档,已审核并通过联合总审
01_第一问/04_代码/关系建模/第一问建模完整复现包_20260825/07_总控追加复核/自助收敛性/B400/主线候选_簇自助明细.csv,67196,c90419ee03db4e2afbe6642224ef3e8df06f3490b52cc549d8b6bf4091960c62,01_第一问正式归档,已审核并通过联合总审
01_第一问/04_代码/关系建模/第一问建模完整复现包_20260825/07_总控追加复核/自助收敛性/B400/主线候选_簇自助明细_检查点.csv,67196,c90419ee03db4e2afbe6642224ef3e8df06f3490b52cc549d8b6bf4091960c62,01_第一问正式归档,已审核并通过联合总审
01_第一问/04_代码/关系建模/第一问建模完整复现包_20260825/07_总控追加复核/自助收敛性/B400/主线候选_簇自助置信区间.csv,1098,f7862235320af6109ed0c84933d9216a078dd9b238e495edce3f05a1a9f4a641,01_第一问正式归档,已审核并通过联合总审
01_第一问/04_代码/关系建模/第一问建模完整复现包_20260825/07_总控追加复核/自助收敛性/B400/主线候选_运行清单.json,1611,be1fc98cca59b3fa522b3d9c0b7eaed9b420f7e62f44798ebe913e8045a5853d,01_第一问正式归档,已审核并通过联合总审
01_第一问/04_代码/关系建模/第一问建模完整复现包_20260825/07_总控追加复核/自助收敛性/B400/主线候选_随机效应摘要.csv,224,24163c2da96e628e8b9e2b327b59fcaffa3d1a0a67a53cc2b7f728b51c87211b,01_第一问正式归档,已审核并通过联合总审
01_第一问/04_代码/关系建模/第一问建模完整复现包_20260825/07_总控追加复核/自助收敛性/B400/主线候选_预测关系网格.csv,19717,acd68db737988bb50ebf5dff0992599d3a8896ba4ba0d849aa3609931504b3d6,01_第一问正式归档,已审核并通过联合总审
01_第一问/04_代码/关系建模/第一问建模完整复现包_20260825/07_总控追加复核/自助收敛性/B800/主线候选_渐近系数表.csv,1217,efe825a17c1d2fdc2ac76f9c75397cdc8848c95db09e827c90a66259a1f6b3a8,01_第一问正式归档,已审核并通过联合总审
01_第一问/04_代码/关系建模/第一问建模完整复现包_20260825/07_总控追加复核/自助收敛性/B800/主线候选_簇自助明细.csv,133964,4948eb8ea78d635b3d878811e66f3e022a67df6c4f6c169e1a50ea6e6127488f,01_第一问正式归档,已审核并通过联合总审
01_第一问/04_代码/关系建模/第一问建模完整复现包_20260825/07_总控追加复核/自助收敛性/B800/主线候选_簇自助明细_检查点.csv,133964,4948eb8ea78d635b3d878811e66f3e022a67df6c4f6c169e1a50ea6e6127488f,01_第一问正式归档,已审核并通过联合总审
01_第一问/04_代码/关系建模/第一问建模完整复现包_20260825/07_总控追加复核/自助收敛性/B800/主线候选_簇自助置信区间.csv,1096,58fe943b71a53344a23fc1330f51eb1e998fb2f44e9690a21157a6203737ff7f,01_第一问正式归档,已审核并通过联合总审
01_第一问/04_代码/关系建模/第一问建模完整复现包_20260825/07_总控追加复核/自助收敛性/B800/主线候选_运行清单.json,1611,efc6376f43ef595b6d1b2c4eda72444264e1ffe46fcb53bf6f408067b32f6fde,01_第一问正式归档,已审核并通过联合总审
01_第一问/04_代码/关系建模/第一问建模完整复现包_20260825/07_总控追加复核/自助收敛性/B800/主线候选_随机效应摘要.csv,224,24163c2da96e628e8b9e2b327b59fcaffa3d1a0a67a53cc2b7f728b51c87211b,01_第一问正式归档,已审核并通过联合总审
01_第一问/04_代码/关系建模/第一问建模完整复现包_20260825/07_总控追加复核/自助收敛性/B800/主线候选_预测关系网格.csv,19697,6bf4781a956f53d0d23618aef66c9c6de567b2bc8a3fa8a255bfe51de578ad66,01_第一问正式归档,已审核并通过联合总审
01_第一问/04_代码/关系建模/第一问建模完整复现包_20260825/07_总控追加复核/自助收敛性复核/第一问自助收敛性区间对比.csv,2010,df3d6ca08476346d90463ee4b7c50d828cc7ab5bdaf0e04d710f10a4dc90aae9,01_第一问正式归档,已审核并通过联合总审
01_第一问/04_代码/关系建模/第一问建模完整复现包_20260825/07_总控追加复核/自助收敛性复核/第一问自助收敛性复核.json,483,80f588a259a5782314b6a85fd5305fcabe62a21eed817b42420aa71adea9c04c,01_第一问正式归档,已审核并通过联合总审
01_第一问/04_代码/关系建模/第一问建模完整复现包_20260825/07_总控追加复核/自助收敛性复核/第一问自助收敛性长表.csv,2929,6aa342e32ae5f7bab456856386d2bca02c3fcf0f302626eb221e4e3283293060,01_第一问正式归档,已审核并通过联合总审
01_第一问/04_代码/关系建模/第一问建模完整复现包_20260825/README_复现入口.md,963,a9a4d99df95faf01bcce11a410ba41c7e46c04f1809f6c1e34406092fc9aa3b0,01_第一问正式归档,已审核并通过联合总审
01_第一问/04_代码/关系建模/第一问建模完整复现包_20260825/一键运行第一问完整复现.ps1,2457,521356a783606269f6b17c562ed5d572d22322578df01d21634ee97a0004e845,01_第一问正式归档,已审核并通过联合总审
01_第一问/04_代码/数据质量与结构审计/build_q1_svgs.m,14261,a363189815143bb726f106209357bd18f046cb0b8101e6e81102b831e38e2672,01_第一问正式归档,已审核并通过联合总审
01_第一问/04_代码/数据质量与结构审计/requirements_数据审计.txt,118,30b4ca8b2de762bb80e247a1836fa869df452346aa2cfa53740d9360bd72f025,01_第一问正式归档,已审核并通过联合总审
01_第一问/04_代码/数据质量与结构审计/Wolfram事件层级复核.wl,5523,29476a70fc79a919d4ae34870370eb9c25a07fac17ef9c969a1b0ead6fd42096,01_第一问正式归档,已审核并通过联合总审
01_第一问/04_代码/数据质量与结构审计/一键复现数据审计.ps1,11720,14afc2de6ff19c9768956466403035ae9415b63899db8a03dd5dcd674e11aa8b,01_第一问正式归档,已审核并通过联合总审
01_第一问/04_代码/数据质量与结构审计/中文表头规范化_normalize_headers.mjs,13633,29120c14ddcbd45f6253e82cbe30d7044f3ecc46ed0f4b51512d8ad48d86e18e,01_第一问正式归档,已审核并通过联合总审
01_第一问/04_代码/数据质量与结构审计/主审计脚本_audit_q1.py,56574,764154d7d2f3b78a3a80f3cdbbd0927b1e812d9c4e102ffda01ee76b46f280ce,01_第一问正式归档,已审核并通过联合总审
01_第一问/04_代码/数据质量与结构审计/只读提取脚本_extract_source.mjs,2751,22fb4446116788f64a03c9d9785546b9f026338f02af26728405bd72e494dd92,01_第一问正式归档,已审核并通过联合总审
01_第一问/04_代码/数据质量与结构审计/导出MATLAB绘图数据.py,12221,2ebabe3052e1ce08e93b1293ebde55b1c7fe7f3b9f461c47569e3021685e2f18,01_第一问正式归档,已审核并通过联合总审
01_第一问/04_代码/数据质量与结构审计/独立复算脚本_verify_audit.mjs,21540,4aaf69a1eb401a50d6b8ec6f6815f3bbf49f1260dda04df8a1eda4c73e691b4f,01_第一问正式归档,已审核并通过联合总审
01_第一问/04_代码/数据质量与结构审计/独立数据审计_q1_audit.py,34966,af137fcc1aa93a1c0ce6aaabad38b805f3a71e8c55490d2174093f80a63da154,01_第一问正式归档,已审核并通过联合总审
01_第一问/04_代码/数据质量与结构审计/独立读取检查_inspect_q1.mjs,564,80bb28e35d84ba1bb86d268102cb9229b8128349a7c9e57b39eaf44256091dd6,01_第一问正式归档,已审核并通过联合总审
01_第一问/04_代码/数据质量与结构审计/生成Wolfram事件层级载荷.mjs,1766,9653ffc0bb2632e75f7868479412a8ef83e755f17748e969790983919170b31e,01_第一问正式归档,已审核并通过联合总审
01_第一问/05_结果数据/关系建模/第一问候选路线主审对比.csv,1388,3d0a93294663cbb214e1b4f8541d65e063baa37b5d61ad072c36e75f3c52cc5b,01_第一问正式归档,已审核并通过联合总审
01_第一问/05_结果数据/关系建模/第一问待审核结果表清单.json,779,e6a8c4a0768884d21d61f27312bc1db45e01b7da9c4bf1fc29486442e0e658fe,01_第一问正式归档,已审核并通过联合总审
01_第一问/05_结果数据/关系建模/第一问推荐模型系数与显著性.csv,926,3b6a3b22355f11096dfc6593d7043de4d025da774ea4bf7c04eace993ca9f4c2,01_第一问正式归档,已审核并通过联合总审
01_第一问/05_结果数据/关系建模/第一问最终验收清单.csv,871,6b5dad370c1d43827ca7b42f91e15c293100f9f72b3524fec8cdaee3ec7a2584,01_第一问正式归档,已审核并通过联合总审
01_第一问/05_结果数据/关系建模/第一问核心效应原尺度解释.csv,2482,c87fb7d1e83fa1bdae8c5f3e853d7944952ff75285d905264758ac1d565606eb,01_第一问正式归档,已审核并通过联合总审
01_第一问/05_结果数据/关系建模/第一问稳健性分析摘要.csv,1878,6fafce3cab8348ab0a63466d41dcb29e464e928ac416c98c9fd689077c953fd4,01_第一问正式归档,已审核并通过联合总审
01_第一问/05_结果数据/数据质量与结构审计/683前后批次对比.csv,761,f37a859b1eab8649d0e111ef8303c781ad35ce6436e7080137505bed34151403,01_第一问正式归档,已审核并通过联合总审
01_第一问/05_结果数据/数据质量与结构审计/MATLAB绘图数据/图01_箱线摘要.csv,1377,514d0ad2bb6f0a5df81ab948a142c83ea5b8b4639728dc1d356e65279e8da9b3,01_第一问正式归档,已审核并通过联合总审
01_第一问/05_结果数据/数据质量与结构审计/MATLAB绘图数据/图03_孕周分箱中位数.csv,1731,d5fe648ac1b8b07fae29fc1f0d23679bfdaa378091192295e3fac1b1768bf0c8,01_第一问正式归档,已审核并通过联合总审
01_第一问/05_结果数据/数据质量与结构审计/MATLAB绘图数据/图04_个体内关系参数.csv,200,a6ac4670f11b5b78d06f1432f4562bc5f3a2945b3590c36570501a47783410cc,01_第一问正式归档,已审核并通过联合总审
01_第一问/05_结果数据/数据质量与结构审计/MATLAB绘图数据/图06_重复检测离散度明细.csv,11316,1315541bbfa99b8ada09d293cb202972aec1eded387014aa0c067099c7f607ed,01_第一问正式归档,已审核并通过联合总审
01_第一问/05_结果数据/数据质量与结构审计/MATLAB绘图数据/图07_相关结构摘要.csv,265,a8cf42283aeafd169094c0dd280ca297491b23f1710f1e99933cc3f454e593ef,01_第一问正式归档,已审核并通过联合总审
01_第一问/05_结果数据/数据质量与结构审计/MATLAB绘图数据/图08_日期孕周直方图.csv,2085,7e0484ae5a24ded6256d510bd1c36b849942ea93c79a8d2e2fdae912fe0a0569,01_第一问正式归档,已审核并通过联合总审
01_第一问/05_结果数据/数据质量与结构审计/MATLAB绘图数据/绘图基础数据.csv,160544,20fe4306c27c1dac4c81ac87fd06165d16d5dd4ec9b6e6fedfa6bff98ddd41e8,01_第一问正式归档,已审核并通过联合总审
01_第一问/05_结果数据/数据质量与结构审计/MATLAB绘图数据/绘图数据清单.json,1109,9713267e7e6f2956a257235928847560d994240904814722f582feef101ef33b,01_第一问正式归档,已审核并通过联合总审
01_第一问/05_结果数据/数据质量与结构审计/不同口径样本量.csv,302,194d3152fd9823728557ee7e380880a7ed97a5e4b8e26928c9775b464fd47c25,01_第一问正式归档,已审核并通过联合总审
01_第一问/05_结果数据/数据质量与结构审计/事件层级口径对照.csv,2782,5bd1c26d65ad47c4a973d69d87744ae71592f11dd68196192e9601acb30539ae,01_第一问正式归档,已审核并通过联合总审
01_第一问/05_结果数据/数据质量与结构审计/多记录抽血事件组.csv,3148,95abaedbbb4675124ba804edb88f6f44ddd2f0ee10735cd40d21133b8f561748,01_第一问正式归档,已审核并通过联合总审
01_第一问/05_结果数据/数据质量与结构审计/审计汇总.json,46067,f57d36da865e025d1b7ac2736ea25f4d49a250d104a6f8eb44d0c6614e3f68cf,01_第一问正式归档,已审核并通过联合总审
01_第一问/05_结果数据/数据质量与结构审计/审计问题清单.csv,2278,99e00b014df5739832c0132c16fe8154c55490b97949d581dd5f19ff9cfd3006,01_第一问正式归档,已审核并通过联合总审
01_第一问/05_结果数据/数据质量与结构审计/抽血序号缺口.csv,109,750edd214c6107a34b0e93bb496a4e23b7f7a98329be7f3e390f603cb44f6f3c,01_第一问正式归档,已审核并通过联合总审
01_第一问/05_结果数据/数据质量与结构审计/日期孕周偏差超过14天.csv,1770,0800b83cb0d6f535a3a1314e0293ca01ab5b5c445693414ebe432cf86e159f4e,01_第一问正式归档,已审核并通过联合总审
01_第一问/05_结果数据/数据质量与结构审计/相关结构分解.csv,6453,d35311c02e4884faa94deb9d49ded48f0479c72885e2f03640aa4ab965ce6d45,01_第一问正式归档,已审核并通过联合总审
01_第一问/05_结果数据/数据质量与结构审计/稳健单变量异常标志.csv,981,a1d5479704c5c4351bf2d5292f308bb9c0b85be1b4e7d27c80b0fc09e6ee9863,01_第一问正式归档,已审核并通过联合总审
01_第一问/05_结果数据/数据质量与结构审计/纵向进展检查.csv,36304,3c8aed0ea7366f8451deb6f1eb50f2433e0752dddeb49844adec3bbaa809c437,01_第一问正式归档,已审核并通过联合总审
01_第一问/05_结果数据/数据质量与结构审计/缺失值统计.csv,1074,3133a4c5909a2b3f529a6de12ab59236d113699b227896e5e078b13999705312,01_第一问正式归档,已审核并通过联合总审
01_第一问/06_图表/关系建模/制图提示词/图01_孕周与Y浓度调整关系_MATLAB_SVG提示词.txt,3604,b8e7fbdd6693f9c41d6f0ae88431604b5efa8474679e9f63d024fe97e83496a4,01_第一问正式归档,已审核并通过联合总审
01_第一问/06_图表/关系建模/制图提示词/图02_BMI妇间与个体内效应对比_MATLAB_SVG提示词.txt,2642,f0125150654376d613a5241d4778c45ed80b0fbf32540235cf14faf5f8b27166,01_第一问正式归档,已审核并通过联合总审
01_第一问/06_图表/关系建模/制图提示词/图03_推荐模型残差诊断_MATLAB_SVG提示词.txt,2813,322c0bf711fe2dd767501f96c6cc4c83132cbeefe1b266bef2e3b917f0a83b23,01_第一问正式归档,已审核并通过联合总审
01_第一问/06_图表/数据质量与结构审计/01_683前后数据分布.svg,170037,f5dacceba01e381e7c0eac8183372633857c934d3c8e190126ee683300a75e78,01_第一问正式归档,已审核并通过联合总审
01_第一问/06_图表/数据质量与结构审计/02_孕周BMI共同支持域.svg,224403,7503ee4c7b90d4d6f2cc034700d8e57a9bdc5d540e2ac8194d2a78bb0e4e6553,01_第一问正式归档,已审核并通过联合总审
01_第一问/06_图表/数据质量与结构审计/03_分批次孕周与Y浓度.svg,309479,8d028e04073d3ae1f2915be7210254eb4fc924db6f90aa57890bc90bb4bb844b,01_第一问正式归档,已审核并通过联合总审
01_第一问/06_图表/数据质量与结构审计/04_分批次个体内BMI与Y浓度.svg,317761,fd436839e48f9e997b585937d9c01341b21a5439bacfe0aea74d4da2d474d145,01_第一问正式归档,已审核并通过联合总审
01_第一问/06_图表/数据质量与结构审计/05_测序读段关系断裂.svg,288221,5351885133ed8af2122a6d9fbbb366db061e8c81bfbe566a0c20119164ae3118,01_第一问正式归档,已审核并通过联合总审
01_第一问/06_图表/数据质量与结构审计/06_重复检测离散度.svg,359255,a0d008b6983d87ef324df529bbefe22638e05bbf3ed22046a9e968859ca59c99,01_第一问正式归档,已审核并通过联合总审
01_第一问/06_图表/数据质量与结构审计/07_相关结构分解.svg,108877,f0f33f55517fe83678ae8e237c17e70106a4e4923ba1b3b902b6fe545c20c0be,01_第一问正式归档,已审核并通过联合总审
01_第一问/06_图表/数据质量与结构审计/08_日期孕周一致性.svg,217381,1c3da786ca5a6b66542da42bdca9e22dc5db436c8cb0ccd3f1764564eb0115b0,01_第一问正式归档,已审核并通过联合总审
01_第一问/07_手写正文素材/关系建模/第一问正文写作稿.md,10569,b85ebb3b778dd1f0be300bf9c94568550376da25bf22de37c404195406012146,01_第一问正式归档,已审核并通过联合总审
01_第一问/08_复核记录/关系建模/总控复核_20260825/交叉验证设置稳定性/第一问交叉验证设置稳定性复核.json,1824,3f9356c138d3618d0bd5519ed83a68d82024d713eea33121963798d9c78c98b2,01_第一问正式归档,已审核并通过联合总审
01_第一问/08_复核记录/关系建模/总控复核_20260825/交叉验证设置稳定性/第一问交叉验证设置稳定性汇总.csv,4878,f7219c35ba077b1d85d1e9d5c5a5f118f35b5315bdcfc747e66eba68f27b55de,01_第一问正式归档,已审核并通过联合总审
01_第一问/08_复核记录/关系建模/总控复核_20260825/交叉验证设置稳定性/第一问交叉验证设置稳定性逐折.csv,60691,8fd8e51b94639cc555dce4e75e3cd4f703089aeb7154a9959e57daedbf0f2b00,01_第一问正式归档,已审核并通过联合总审
01_第一问/08_复核记录/关系建模/总控复核_20260825/交叉验证设置稳定性/第一问推荐模型稳定性复核.csv,1115,f1848e880b75aa1f7f4ee1e3f4838d32c4cd6de14ee03fdd25ac8721524d7413,01_第一问正式归档,已审核并通过联合总审
01_第一问/08_复核记录/关系建模/总控复核_20260825/第一问参数来源表.csv,9052,241c908eed00a905fae89f6789bf9da11e12561ff873cfca1284b7a452927c4d,01_第一问正式归档,已审核并通过联合总审
01_第一问/08_复核记录/关系建模/总控复核_20260825/第一问总控复核报告.md,2884,bee64ecc407069412b0ee4262437e2a1b19165ed4ba3dd683cf5a7aa520edeae,01_第一问正式归档,已审核并通过联合总审
01_第一问/08_复核记录/关系建模/总控复核_20260825/第一问总控验收清单.csv,1646,77aa52846ea48323fe98f8571f20f2bec1f3c49aced86fb9e9c36f5b37c326d3,01_第一问正式归档,已审核并通过联合总审
01_第一问/08_复核记录/关系建模/总控复核_20260825/第一问自审PASS记录.json,790,3b487005d56f425fdd921bcdaa5a08ee02a362217bdf7647b0258179faee361c,01_第一问正式归档,已审核并通过联合总审
01_第一问/08_复核记录/关系建模/总控复核_20260825/第一问输出文件哈希.csv,349,c8de943c0f71c788ec6231d8a759d56173840c182831c210a1218eb863242acb,01_第一问正式归档,已审核并通过联合总审
01_第一问/08_复核记录/关系建模/总控复核_20260825/自助收敛性复核/第一问自助收敛性区间对比.csv,2010,df3d6ca08476346d90463ee4b7c50d828cc7ab5bdaf0e04d710f10a4dc90aae9,01_第一问正式归档,已审核并通过联合总审
01_第一问/08_复核记录/关系建模/总控复核_20260825/自助收敛性复核/第一问自助收敛性复核.json,483,80f588a259a5782314b6a85fd5305fcabe62a21eed817b42420aa71adea9c04c,01_第一问正式归档,已审核并通过联合总审
01_第一问/08_复核记录/关系建模/总控复核_20260825/自助收敛性复核/第一问自助收敛性长表.csv,2929,6aa342e32ae5f7bab456856386d2bca02c3fcf0f302626eb221e4e3283293060,01_第一问正式归档,已审核并通过联合总审
01_第一问/08_复核记录/关系建模/第一问候选路线主审对比.csv,1388,3d0a93294663cbb214e1b4f8541d65e063baa37b5d61ad072c36e75f3c52cc5b,01_第一问正式归档,已审核并通过联合总审
01_第一问/08_复核记录/关系建模/第一问关系建模归档清单.json,44345,95ac5354e9399fb4a0b1fddc9481a025d2d8b6813f20ffc583bf8a0eccad4d26,01_第一问正式归档,已审核并通过联合总审
01_第一问/08_复核记录/关系建模/第一问关系建模归档说明.md,1787,6cdef334b01b6167975e461b11f5a90904b34f72f0f29bfaba63d09e7a246f3e,01_第一问正式归档,已审核并通过联合总审
01_第一问/08_复核记录/关系建模/第一问建模主审报告.md,6097,7b6f25febe042224c891e0e908d08d91543119c8d6c2bdc0027dd4220b669a9e,01_第一问正式归档,已审核并通过联合总审
01_第一问/08_复核记录/关系建模/第一问建模复现说明.md,3940,e1369e372b2c730290abc535b26f3d87cb2826c7b1c8f039d4c5795b78dcf247,01_第一问正式归档,已审核并通过联合总审
01_第一问/08_复核记录/关系建模/第一问最终验收清单.csv,858,9fff1443346d682df662b05ed4007ace3172f8727a4a389248a75c53b6537162,01_第一问正式归档,已审核并通过联合总审
01_第一问/08_复核记录/数据质量与结构审计/MATLAB_SVG制图校验.json,845,9341fb61e03f16ed2c0b45a73f96cf2ab9b9ef199a60732b9c5bc2072c82c6a6,01_第一问正式归档,已审核并通过联合总审
01_第一问/08_复核记录/数据质量与结构审计/Wolfram事件层级复核结果_20260824.json,7924,8a7f552ff86ce257d0d370ca2a903e8d724abb2e329109bc2ef181a045d74b0f,01_第一问正式归档,已审核并通过联合总审
01_第一问/08_复核记录/数据质量与结构审计/Wolfram事件层级复核载荷_20260824.json,46496,d87f39f2909841601aa67c3ec02573e8c411eeb77de2b130fc798d2528e1ee1e,01_第一问正式归档,已审核并通过联合总审
01_第一问/08_复核记录/数据质量与结构审计/归档说明与使用边界.md,3897,45b176b8cf93fd2d42dfeea1d8a38c10ef4cde68b296dc5f17ca4ab1be6a2d40,01_第一问正式归档,已审核并通过联合总审
01_第一问/08_复核记录/数据质量与结构审计/数据来源与复现说明.md,4645,8962a5e43bcd30f1889d9991343e027bef9936b08042351279e8df892309970c,01_第一问正式归档,已审核并通过联合总审
01_第一问/08_复核记录/数据质量与结构审计/本机一键复现验证_20260824_事件层级修订.json,15640,ae018259fc7066ca14de305f412807fa46ec452661c9afa244f0bd7394ca6b19,01_第一问正式归档,已审核并通过联合总审
01_第一问/08_复核记录/数据质量与结构审计/源数据只读导入清单.json,1073,87d4c6ceb2b85a58a8885ddfc4142a99054f38d99cca405c564b8f7818e83fee,01_第一问正式归档,已审核并通过联合总审
01_第一问/08_复核记录/数据质量与结构审计/独立JS复算结果_222项.json,44582,933d01e4ac4e09c937648423d0d0b598e2bb275cce0c74e0ac5b177018ad1383,01_第一问正式归档,已审核并通过联合总审
01_第一问/08_复核记录/数据质量与结构审计/独立数据审计结果.json,57375,8eb322c0442681c9fb914196502732372d19205d747eb4dab7745985f1f6ca17,01_第一问正式归档,已审核并通过联合总审
01_第一问/README_当前有效版本.md,2087,f0fe2c184e8e1ac80d1538562b47883ddbe8f1a9672aae76c1ad6d3d6428dc8f,01_第一问正式归档,已审核并通过联合总审
02_第二问/01_分析思路/.gitkeep,1,01ba4719c80b6fe911b091a7c05124b64eeece964e09c058ef8f9805daca546b,02_第二问正式归档,已审核并通过联合总审
02_第二问/01_分析思路/最佳时点与BMI分组/无自拟参数重构_20260825/README_复现入口.md,725,454b762c2dfbe8a4e058b652aec7d12c36c9bc6a8bc88ec2cbf4364a1447ffe9,02_第二问正式归档,已审核并通过联合总审
02_第二问/01_分析思路/最佳时点与BMI分组/无自拟参数重构_20260825/第二问题意合同与候选设计.md,4605,a77a4e8b966d2de4cab8625ea5972fa811df620a8c2482b58e602c168c7db0ef,02_第二问正式归档,已审核并通过联合总审
02_第二问/02_数据处理/.gitkeep,1,01ba4719c80b6fe911b091a7c05124b64eeece964e09c058ef8f9805daca546b,02_第二问正式归档,已审核并通过联合总审
02_第二问/02_数据处理/最佳时点与BMI分组/无自拟参数重构_20260825/第二问严格技术复测明细.csv,1746,a1b14e31d9bf6aeafe5fcc020a1cec06bab7e0359a92b0012d9becc6abe6fc84,02_第二问正式归档,已审核并通过联合总审
02_第二问/02_数据处理/最佳时点与BMI分组/无自拟参数重构_20260825/第二问孕妇首次达标删失区间表.csv,19274,08e4b11ca71caf04d137680b9a6fdb2a83708ebb0cec96be20065fe0a4b1dca3,02_第二问正式归档,已审核并通过联合总审
02_第二问/02_数据处理/最佳时点与BMI分组/无自拟参数重构_20260825/第二问抽血事件纵向表.csv,76895,38f74fdaf928a51fdd7fd5cfd6aab4919c5c090806a4d15df997f1e9d9041c9b,02_第二问正式归档,已审核并通过联合总审
02_第二问/02_数据处理/最佳时点与BMI分组/无自拟参数重构_20260825/第二问数据与误差审计摘要.csv,480,ac865a705584e32fcf7f15e4e05d58c63d7b5d972fa9ba82df0c45f9ed4f29cf,02_第二问正式归档,已审核并通过联合总审
02_第二问/02_数据处理/最佳时点与BMI分组/无自拟参数重构_20260825/第二问数据构造断言.json,601,eae4db15828dcd56c55458f0f277f0e7059c7e94164074cb65f23d4f8187d1e8,02_第二问正式归档,已审核并通过联合总审
02_第二问/03_模型与推导/.gitkeep,1,01ba4719c80b6fe911b091a7c05124b64eeece964e09c058ef8f9805daca546b,02_第二问正式归档,已审核并通过联合总审
02_第二问/03_模型与推导/最佳时点与BMI分组/无自拟参数重构_20260825/第二问AFT候选统一比较.csv,1029,415a5134a00fa9d1f16c8597d0a10bfea19f4b599f073fde6a1bccf5267a01c5,02_第二问正式归档,已审核并通过联合总审
02_第二问/03_模型与推导/最佳时点与BMI分组/无自拟参数重构_20260825/第二问主分组与中位达标时点.csv,327,cb99dbc3361f8e992c66098a3490810c2cc375d589d381cffdd94fedfdb6f95c,02_第二问正式归档,已审核并通过联合总审
02_第二问/03_模型与推导/最佳时点与BMI分组/无自拟参数重构_20260825/第二问全部组数BIC比较.csv,6336,261018acc662e51289949937809608db788e2051a1756c05831430095951f554,02_第二问正式归档,已审核并通过联合总审
02_第二问/03_模型与推导/最佳时点与BMI分组/无自拟参数重构_20260825/第二问参数来源表.csv,7096,83c2c73302d9e9c20c9f69c7f849bfe20bc2fa1c07c8e479c9a546d260484d75,02_第二问正式归档,已审核并通过联合总审
02_第二问/03_模型与推导/最佳时点与BMI分组/无自拟参数重构_20260825/第二问各组时点与尚未达标概率Pareto前沿.csv,47481,e6f00ad27851acecbfe1f451d1c630c1afeab3e5ae9587a1a439ad5c63b638ae,02_第二问正式归档,已审核并通过联合总审
02_第二问/03_模型与推导/最佳时点与BMI分组/无自拟参数重构_20260825/第二问固定两组分组敏感性.csv,525,8a03a3f8f945879cd9afb960a8fdaa791f9fe267cb6fb89f689ccc5c848000c5,02_第二问正式归档,已审核并通过联合总审
02_第二问/03_模型与推导/最佳时点与BMI分组/无自拟参数重构_20260825/第二问无自拟参数模型卡.md,2989,d8d46cb96ece7a739229aaec0f7381bd886905ee3f04a68a723bc2821d29f310,02_第二问正式归档,已审核并通过联合总审
02_第二问/03_模型与推导/最佳时点与BMI分组/无自拟参数重构_20260825/第二问留一预测最优分组敏感性.csv,537,5d5582b46ecc8bee90f29e3cea310f964eda061e5d69d77fafa7514db15d3661,02_第二问正式归档,已审核并通过联合总审
02_第二问/03_模型与推导/最佳时点与BMI分组/无自拟参数重构_20260825/第二问组数选择裁决.json,636,066a36f52610407b9a5e6a6e43b17d375e0ae0469e1cf330389012a79d7fcec9,02_第二问正式归档,已审核并通过联合总审
02_第二问/03_模型与推导/最佳时点与BMI分组/无自拟参数重构_20260825/第二问题面风险边界时点达标比例.csv,1557,d1674e7ad900caf7f26930d314479fb774026c05ad6e1ad9343e44c0b9554940,02_第二问正式归档,已审核并通过联合总审
02_第二问/04_代码/.gitkeep,1,01ba4719c80b6fe911b091a7c05124b64eeece964e09c058ef8f9805daca546b,02_第二问正式归档,已审核并通过联合总审
02_第二问/04_代码/第二问无自拟参数完整复现包_20260825/00_题意合同与候选设计.md,4605,a77a4e8b966d2de4cab8625ea5972fa811df620a8c2482b58e602c168c7db0ef,02_第二问正式归档,已审核并通过联合总审
02_第二问/04_代码/第二问无自拟参数完整复现包_20260825/README_复现入口.md,725,454b762c2dfbe8a4e058b652aec7d12c36c9bc6a8bc88ec2cbf4364a1447ffe9,02_第二问正式归档,已审核并通过联合总审
02_第二问/04_代码/第二问无自拟参数完整复现包_20260825/一键运行第二问无自拟参数重构.ps1,399,21f1f0e9c53032feb88995a0a57e7a700588219301db6fbb195f940274db3c22,02_第二问正式归档,已审核并通过联合总审
02_第二问/04_代码/第二问无自拟参数完整复现包_20260825/复核第二问无自拟参数结果.py,27262,86ca6c82e30294bcc239ba28b3adb330c37b444cb1ddea656bc9da3ea2b2c7b5,02_第二问正式归档,已审核并通过联合总审
02_第二问/04_代码/第二问无自拟参数完整复现包_20260825/正式候选输出/01_数据/第二问严格技术复测明细.csv,1746,a1b14e31d9bf6aeafe5fcc020a1cec06bab7e0359a92b0012d9becc6abe6fc84,02_第二问正式归档,已审核并通过联合总审
02_第二问/04_代码/第二问无自拟参数完整复现包_20260825/正式候选输出/01_数据/第二问孕妇首次达标删失区间表.csv,19274,08e4b11ca71caf04d137680b9a6fdb2a83708ebb0cec96be20065fe0a4b1dca3,02_第二问正式归档,已审核并通过联合总审
02_第二问/04_代码/第二问无自拟参数完整复现包_20260825/正式候选输出/01_数据/第二问抽血事件纵向表.csv,76895,38f74fdaf928a51fdd7fd5cfd6aab4919c5c090806a4d15df997f1e9d9041c9b,02_第二问正式归档,已审核并通过联合总审
02_第二问/04_代码/第二问无自拟参数完整复现包_20260825/正式候选输出/01_数据/第二问数据与误差审计摘要.csv,480,ac865a705584e32fcf7f15e4e05d58c63d7b5d972fa9ba82df0c45f9ed4f29cf,02_第二问正式归档,已审核并通过联合总审
02_第二问/04_代码/第二问无自拟参数完整复现包_20260825/正式候选输出/01_数据/第二问数据构造断言.json,601,eae4db15828dcd56c55458f0f277f0e7059c7e94164074cb65f23d4f8187d1e8,02_第二问正式归档,已审核并通过联合总审
02_第二问/04_代码/第二问无自拟参数完整复现包_20260825/正式候选输出/02_模型结果/第二问AFT候选统一比较.csv,1029,415a5134a00fa9d1f16c8597d0a10bfea19f4b599f073fde6a1bccf5267a01c5,02_第二问正式归档,已审核并通过联合总审
02_第二问/04_代码/第二问无自拟参数完整复现包_20260825/正式候选输出/02_模型结果/第二问主分组与中位达标时点.csv,327,cb99dbc3361f8e992c66098a3490810c2cc375d589d381cffdd94fedfdb6f95c,02_第二问正式归档,已审核并通过联合总审
02_第二问/04_代码/第二问无自拟参数完整复现包_20260825/正式候选输出/02_模型结果/第二问全部组数BIC比较.csv,6336,261018acc662e51289949937809608db788e2051a1756c05831430095951f554,02_第二问正式归档,已审核并通过联合总审
02_第二问/04_代码/第二问无自拟参数完整复现包_20260825/正式候选输出/02_模型结果/第二问参数来源表.csv,7096,83c2c73302d9e9c20c9f69c7f849bfe20bc2fa1c07c8e479c9a546d260484d75,02_第二问正式归档,已审核并通过联合总审
02_第二问/04_代码/第二问无自拟参数完整复现包_20260825/正式候选输出/02_模型结果/第二问各组时点与尚未达标概率Pareto前沿.csv,47481,e6f00ad27851acecbfe1f451d1c630c1afeab3e5ae9587a1a439ad5c63b638ae,02_第二问正式归档,已审核并通过联合总审
02_第二问/04_代码/第二问无自拟参数完整复现包_20260825/正式候选输出/02_模型结果/第二问固定两组分组敏感性.csv,525,8a03a3f8f945879cd9afb960a8fdaa791f9fe267cb6fb89f689ccc5c848000c5,02_第二问正式归档,已审核并通过联合总审
02_第二问/04_代码/第二问无自拟参数完整复现包_20260825/正式候选输出/02_模型结果/第二问无自拟参数模型卡.md,2989,d8d46cb96ece7a739229aaec0f7381bd886905ee3f04a68a723bc2821d29f310,02_第二问正式归档,已审核并通过联合总审
02_第二问/04_代码/第二问无自拟参数完整复现包_20260825/正式候选输出/02_模型结果/第二问留一预测最优分组敏感性.csv,537,5d5582b46ecc8bee90f29e3cea310f964eda061e5d69d77fafa7514db15d3661,02_第二问正式归档,已审核并通过联合总审
02_第二问/04_代码/第二问无自拟参数完整复现包_20260825/正式候选输出/02_模型结果/第二问组数选择裁决.json,636,066a36f52610407b9a5e6a6e43b17d375e0ae0469e1cf330389012a79d7fcec9,02_第二问正式归档,已审核并通过联合总审
02_第二问/04_代码/第二问无自拟参数完整复现包_20260825/正式候选输出/02_模型结果/第二问题面风险边界时点达标比例.csv,1557,d1674e7ad900caf7f26930d314479fb774026c05ad6e1ad9343e44c0b9554940,02_第二问正式归档,已审核并通过联合总审
02_第二问/04_代码/第二问无自拟参数完整复现包_20260825/正式候选输出/03_验证/第二问AFT候选留一验证逐孕妇.csv,19333,6513da23cbf9d5e6baaf7b84724dc196913f9165c0ff1c35efd840fdb71ad44f,02_第二问正式归档,已审核并通过联合总审
02_第二问/04_代码/第二问无自拟参数完整复现包_20260825/正式候选输出/03_验证/第二问全部组数留一验证汇总.csv,3737,57712d705197a40ce126a6d5d3cc076a1598719777acb49756efeecffcfb00b0,02_第二问正式归档,已审核并通过联合总审
02_第二问/04_代码/第二问无自拟参数完整复现包_20260825/正式候选输出/03_验证/第二问全部组数留一验证逐孕妇.csv,651012,1b1ffae546e60e34c913e629c01a269dbc059898374c625cda8c0b12fea4bd91,02_第二问正式归档,已审核并通过联合总审
02_第二问/04_代码/第二问无自拟参数完整复现包_20260825/正式候选输出/03_验证/第二问孕妇整簇自助次数收敛.csv,2699,b0cb58eb375de7355d9c7fe7b8cc14273adeb780288bae6bf58ada940754b3dd,02_第二问正式归档,已审核并通过联合总审
02_第二问/04_代码/第二问无自拟参数完整复现包_20260825/正式候选输出/03_验证/第二问孕妇整簇自助逐次.csv,38097,a8544eec9039242f01871f2964a3be605d8ec5a362be83644aa1a7e5d3453c30,02_第二问正式归档,已审核并通过联合总审
02_第二问/04_代码/第二问无自拟参数完整复现包_20260825/正式候选输出/03_验证/第二问总控复核报告.md,2276,fbdbde99149d0c89b3814821c455b6de5d1534f8125ec67e28eef2e4246203b2,02_第二问正式归档,已审核并通过联合总审
02_第二问/04_代码/第二问无自拟参数完整复现包_20260825/正式候选输出/03_验证/第二问总控验收清单.csv,1341,d67d883440d15bf9d90d14bd7358d48a49394f5c7c409bb642cc84b063933f17,02_第二问正式归档,已审核并通过联合总审
02_第二问/04_代码/第二问无自拟参数完整复现包_20260825/正式候选输出/03_验证/第二问数据质量口径敏感性.csv,884,d8e20a12624c9b81b671469402f3dcb8e1cbd8c747e4e107e219d78e5b570a4a,02_第二问正式归档,已审核并通过联合总审
02_第二问/04_代码/第二问无自拟参数完整复现包_20260825/正式候选输出/03_验证/第二问检测误差传播次数收敛.csv,5646,1d3ae5f1ad9267ede0b2ec44300c52291bd1597e68ae8e3eacf4c8e179ed778e,02_第二问正式归档,已审核并通过联合总审
02_第二问/04_代码/第二问无自拟参数完整复现包_20260825/正式候选输出/03_验证/第二问检测误差传播逐次.csv,87486,1eb7df121a7270ebac7f4061901a6cdab2638a38a141227816fb98a981177c08,02_第二问正式归档,已审核并通过联合总审
02_第二问/04_代码/第二问无自拟参数完整复现包_20260825/正式候选输出/04_复现/第二问依赖版本.txt,57,52524046a1eb46c32ca11714657a60966aa470e4d2f9124bfa5d39daea7e2187,02_第二问正式归档,已审核并通过联合总审
02_第二问/04_代码/第二问无自拟参数完整复现包_20260825/正式候选输出/04_复现/第二问结果文件哈希.csv,3845,12726f8efa1d9ba1e7b8a7977bf6a1a494822e55d0f1ef2c1ad6fbe748ad7f7a,02_第二问正式归档,已审核并通过联合总审
02_第二问/04_代码/第二问无自拟参数完整复现包_20260825/正式候选输出/04_复现/第二问自审PASS记录.json,515,3c60c84f67dec81017c6345db76e4ecd4d9fae06e1a2214bdb9421a40e4989aa,02_第二问正式归档,已审核并通过联合总审
02_第二问/04_代码/第二问无自拟参数完整复现包_20260825/正式候选输出/04_复现/第二问运行清单.json,1068,95009d2a68f3e9f1794f75dcf76675097c57883d28d1bb1da9df80b474e88d7b,02_第二问正式归档,已审核并通过联合总审
02_第二问/04_代码/第二问无自拟参数完整复现包_20260825/正式候选输出/05_图表提示词/图01_首次达标时间分布与BMI关系_MATLAB_SVG提示词.txt,1552,dcd3662c623f01ed62c41004fe84194293f2947013c3a917392a557d83b7f62f,02_第二问正式归档,已审核并通过联合总审
02_第二问/04_代码/第二问无自拟参数完整复现包_20260825/正式候选输出/05_图表提示词/图02_时点与尚未达标概率Pareto前沿_MATLAB_SVG提示词.txt,1402,486b1b12f07a04a82499d74d675d2216036ef60fe78d901c650d5b5b41c3f109,02_第二问正式归档,已审核并通过联合总审
02_第二问/04_代码/第二问无自拟参数完整复现包_20260825/正式候选输出/05_图表提示词/图03_检测误差与切点不确定性_MATLAB_SVG提示词.txt,1498,d07a1eaf957d61c1cd380763aaf158eedf9c053ac032cb13543eca4113be48d7,02_第二问正式归档,已审核并通过联合总审
02_第二问/04_代码/第二问无自拟参数完整复现包_20260825/独立复核/第二问独立审核PASS记录.json,647,89918f8573e7b9f280d8c2ede35d884cee98777aed353985d98272988f8f0630,02_第二问正式归档,已审核并通过联合总审
02_第二问/04_代码/第二问无自拟参数完整复现包_20260825/独立复核/第二问独立总控复核报告.md,1008,d9785fb623d58fa648b530b55a8bf524dac7bc1f293c08d145f351a2c793c8b8,02_第二问正式归档,已审核并通过联合总审
02_第二问/04_代码/第二问无自拟参数完整复现包_20260825/独立复核/第二问独立总控验收清单.csv,2867,77cf90416bf09ecc86452e5715dcb1e1d12ba353eb01b80c37203b2286e571d1,02_第二问正式归档,已审核并通过联合总审
02_第二问/04_代码/第二问无自拟参数完整复现包_20260825/第二问无自拟参数重构.py,64253,63959c17e6aed7868ef3376f7006acd65690fe5d7fadc7e04ee74b1c280231de,02_第二问正式归档,已审核并通过联合总审
02_第二问/05_结果数据/.gitkeep,1,01ba4719c80b6fe911b091a7c05124b64eeece964e09c058ef8f9805daca546b,02_第二问正式归档,已审核并通过联合总审
02_第二问/05_结果数据/最佳时点与BMI分组/无自拟参数重构_20260825/第二问AFT候选统一比较.csv,1029,415a5134a00fa9d1f16c8597d0a10bfea19f4b599f073fde6a1bccf5267a01c5,02_第二问正式归档,已审核并通过联合总审
02_第二问/05_结果数据/最佳时点与BMI分组/无自拟参数重构_20260825/第二问主分组与中位达标时点.csv,327,cb99dbc3361f8e992c66098a3490810c2cc375d589d381cffdd94fedfdb6f95c,02_第二问正式归档,已审核并通过联合总审
02_第二问/05_结果数据/最佳时点与BMI分组/无自拟参数重构_20260825/第二问全部组数BIC比较.csv,6336,261018acc662e51289949937809608db788e2051a1756c05831430095951f554,02_第二问正式归档,已审核并通过联合总审
02_第二问/05_结果数据/最佳时点与BMI分组/无自拟参数重构_20260825/第二问参数来源表.csv,7096,83c2c73302d9e9c20c9f69c7f849bfe20bc2fa1c07c8e479c9a546d260484d75,02_第二问正式归档,已审核并通过联合总审
02_第二问/05_结果数据/最佳时点与BMI分组/无自拟参数重构_20260825/第二问各组时点与尚未达标概率Pareto前沿.csv,47481,e6f00ad27851acecbfe1f451d1c630c1afeab3e5ae9587a1a439ad5c63b638ae,02_第二问正式归档,已审核并通过联合总审
02_第二问/05_结果数据/最佳时点与BMI分组/无自拟参数重构_20260825/第二问固定两组分组敏感性.csv,525,8a03a3f8f945879cd9afb960a8fdaa791f9fe267cb6fb89f689ccc5c848000c5,02_第二问正式归档,已审核并通过联合总审
02_第二问/05_结果数据/最佳时点与BMI分组/无自拟参数重构_20260825/第二问无自拟参数模型卡.md,2989,d8d46cb96ece7a739229aaec0f7381bd886905ee3f04a68a723bc2821d29f310,02_第二问正式归档,已审核并通过联合总审
02_第二问/05_结果数据/最佳时点与BMI分组/无自拟参数重构_20260825/第二问留一预测最优分组敏感性.csv,537,5d5582b46ecc8bee90f29e3cea310f964eda061e5d69d77fafa7514db15d3661,02_第二问正式归档,已审核并通过联合总审
02_第二问/05_结果数据/最佳时点与BMI分组/无自拟参数重构_20260825/第二问组数选择裁决.json,636,066a36f52610407b9a5e6a6e43b17d375e0ae0469e1cf330389012a79d7fcec9,02_第二问正式归档,已审核并通过联合总审
02_第二问/05_结果数据/最佳时点与BMI分组/无自拟参数重构_20260825/第二问题面风险边界时点达标比例.csv,1557,d1674e7ad900caf7f26930d314479fb774026c05ad6e1ad9343e44c0b9554940,02_第二问正式归档,已审核并通过联合总审
02_第二问/06_图表/.gitkeep,1,01ba4719c80b6fe911b091a7c05124b64eeece964e09c058ef8f9805daca546b,02_第二问正式归档,已审核并通过联合总审
02_第二问/06_图表/最佳时点与BMI分组/制图提示词/无自拟参数重构_20260825/图01_首次达标时间分布与BMI关系_MATLAB_SVG提示词.txt,1552,dcd3662c623f01ed62c41004fe84194293f2947013c3a917392a557d83b7f62f,02_第二问正式归档,已审核并通过联合总审
02_第二问/06_图表/最佳时点与BMI分组/制图提示词/无自拟参数重构_20260825/图02_时点与尚未达标概率Pareto前沿_MATLAB_SVG提示词.txt,1402,486b1b12f07a04a82499d74d675d2216036ef60fe78d901c650d5b5b41c3f109,02_第二问正式归档,已审核并通过联合总审
02_第二问/06_图表/最佳时点与BMI分组/制图提示词/无自拟参数重构_20260825/图03_检测误差与切点不确定性_MATLAB_SVG提示词.txt,1498,d07a1eaf957d61c1cd380763aaf158eedf9c053ac032cb13543eca4113be48d7,02_第二问正式归档,已审核并通过联合总审
02_第二问/07_手写正文素材/.gitkeep,1,01ba4719c80b6fe911b091a7c05124b64eeece964e09c058ef8f9805daca546b,02_第二问正式归档,已审核并通过联合总审
02_第二问/08_复核记录/.gitkeep,1,01ba4719c80b6fe911b091a7c05124b64eeece964e09c058ef8f9805daca546b,02_第二问正式归档,已审核并通过联合总审
02_第二问/08_复核记录/最佳时点与BMI分组/无自拟参数重构_20260825/第二问AFT候选留一验证逐孕妇.csv,19333,6513da23cbf9d5e6baaf7b84724dc196913f9165c0ff1c35efd840fdb71ad44f,02_第二问正式归档,已审核并通过联合总审
02_第二问/08_复核记录/最佳时点与BMI分组/无自拟参数重构_20260825/第二问依赖版本.txt,57,52524046a1eb46c32ca11714657a60966aa470e4d2f9124bfa5d39daea7e2187,02_第二问正式归档,已审核并通过联合总审
02_第二问/08_复核记录/最佳时点与BMI分组/无自拟参数重构_20260825/第二问全部组数留一验证汇总.csv,3737,57712d705197a40ce126a6d5d3cc076a1598719777acb49756efeecffcfb00b0,02_第二问正式归档,已审核并通过联合总审
02_第二问/08_复核记录/最佳时点与BMI分组/无自拟参数重构_20260825/第二问全部组数留一验证逐孕妇.csv,651012,1b1ffae546e60e34c913e629c01a269dbc059898374c625cda8c0b12fea4bd91,02_第二问正式归档,已审核并通过联合总审
02_第二问/08_复核记录/最佳时点与BMI分组/无自拟参数重构_20260825/第二问孕妇整簇自助次数收敛.csv,2699,b0cb58eb375de7355d9c7fe7b8cc14273adeb780288bae6bf58ada940754b3dd,02_第二问正式归档,已审核并通过联合总审
02_第二问/08_复核记录/最佳时点与BMI分组/无自拟参数重构_20260825/第二问孕妇整簇自助逐次.csv,38097,a8544eec9039242f01871f2964a3be605d8ec5a362be83644aa1a7e5d3453c30,02_第二问正式归档,已审核并通过联合总审
02_第二问/08_复核记录/最佳时点与BMI分组/无自拟参数重构_20260825/第二问总控复核报告.md,2276,fbdbde99149d0c89b3814821c455b6de5d1534f8125ec67e28eef2e4246203b2,02_第二问正式归档,已审核并通过联合总审
02_第二问/08_复核记录/最佳时点与BMI分组/无自拟参数重构_20260825/第二问总控验收清单.csv,1341,d67d883440d15bf9d90d14bd7358d48a49394f5c7c409bb642cc84b063933f17,02_第二问正式归档,已审核并通过联合总审
02_第二问/08_复核记录/最佳时点与BMI分组/无自拟参数重构_20260825/第二问数据质量口径敏感性.csv,884,d8e20a12624c9b81b671469402f3dcb8e1cbd8c747e4e107e219d78e5b570a4a,02_第二问正式归档,已审核并通过联合总审
02_第二问/08_复核记录/最佳时点与BMI分组/无自拟参数重构_20260825/第二问检测误差传播次数收敛.csv,5646,1d3ae5f1ad9267ede0b2ec44300c52291bd1597e68ae8e3eacf4c8e179ed778e,02_第二问正式归档,已审核并通过联合总审
02_第二问/08_复核记录/最佳时点与BMI分组/无自拟参数重构_20260825/第二问检测误差传播逐次.csv,87486,1eb7df121a7270ebac7f4061901a6cdab2638a38a141227816fb98a981177c08,02_第二问正式归档,已审核并通过联合总审
02_第二问/08_复核记录/最佳时点与BMI分组/无自拟参数重构_20260825/第二问独立审核PASS记录.json,647,89918f8573e7b9f280d8c2ede35d884cee98777aed353985d98272988f8f0630,02_第二问正式归档,已审核并通过联合总审
02_第二问/08_复核记录/最佳时点与BMI分组/无自拟参数重构_20260825/第二问独立总控复核报告.md,1008,d9785fb623d58fa648b530b55a8bf524dac7bc1f293c08d145f351a2c793c8b8,02_第二问正式归档,已审核并通过联合总审
02_第二问/08_复核记录/最佳时点与BMI分组/无自拟参数重构_20260825/第二问独立总控验收清单.csv,2867,77cf90416bf09ecc86452e5715dcb1e1d12ba353eb01b80c37203b2286e571d1,02_第二问正式归档,已审核并通过联合总审
02_第二问/08_复核记录/最佳时点与BMI分组/无自拟参数重构_20260825/第二问结果文件哈希.csv,3845,12726f8efa1d9ba1e7b8a7977bf6a1a494822e55d0f1ef2c1ad6fbe748ad7f7a,02_第二问正式归档,已审核并通过联合总审
02_第二问/08_复核记录/最佳时点与BMI分组/无自拟参数重构_20260825/第二问自审PASS记录.json,515,3c60c84f67dec81017c6345db76e4ecd4d9fae06e1a2214bdb9421a40e4989aa,02_第二问正式归档,已审核并通过联合总审
02_第二问/08_复核记录/最佳时点与BMI分组/无自拟参数重构_20260825/第二问运行清单.json,1068,95009d2a68f3e9f1794f75dcf76675097c57883d28d1bb1da9df80b474e88d7b,02_第二问正式归档,已审核并通过联合总审
02_第二问/README.md,302,faab2390e11ba3a4800227c821e341d054a98da1bd6656c0020e4931e49a1e03,02_第二问正式归档,已审核并通过联合总审
02_第二问/README_当前有效版本.md,2897,2dbd9e7f89e65d7e7d6085f8e1d67b64e85e0b160efb5f941880c94998b71d89,02_第二问正式归档,已审核并通过联合总审
03_第三问/01_分析思路/.gitkeep,1,01ba4719c80b6fe911b091a7c05124b64eeece964e09c058ef8f9805daca546b,03_第三问正式归档,已审核并通过联合总审
03_第三问/01_分析思路/多因素达标比例/无自拟参数建模_20260825/00_第三问题意合同与候选设计.md,7566,925f179ba6ca5b8ccdac6984b3dae5ed036b8863dbf08041205420bd17800d39,03_第三问正式归档,已审核并通过联合总审
03_第三问/01_分析思路/多因素达标比例/无自拟参数建模_20260825/README_复现入口.md,515,766458fc0d54c77bf222b952bfec99f8d853d93a80ee0a8882518c6ffaf0c308,03_第三问正式归档,已审核并通过联合总审
03_第三问/02_数据处理/.gitkeep,1,01ba4719c80b6fe911b091a7c05124b64eeece964e09c058ef8f9805daca546b,03_第三问正式归档,已审核并通过联合总审
03_第三问/02_数据处理/多因素达标比例/无自拟参数建模_20260825/第三问严格技术复测明细.csv,1746,a1b14e31d9bf6aeafe5fcc020a1cec06bab7e0359a92b0012d9becc6abe6fc84,03_第三问正式归档,已审核并通过联合总审
03_第三问/02_数据处理/多因素达标比例/无自拟参数建模_20260825/第三问变量可得性与角色表.csv,1103,e10111b0df79078fae223857286bb305ca8953e4b898d7fa58386acb621a13c9,03_第三问正式归档,已审核并通过联合总审
03_第三问/02_数据处理/多因素达标比例/无自拟参数建模_20260825/第三问孕妇首次可得基线表.csv,9483,d27533e796a5fa1add12fb1735f9955c5e7d4161908f3fedd868ae15bbbc9234,03_第三问正式归档,已审核并通过联合总审
03_第三问/02_数据处理/多因素达标比例/无自拟参数建模_20260825/第三问抽血事件与决策时可得变量表.csv,104941,9e63ba21fc52c8912f059711c1849fa650fa321c910c7647ac76e2efb1eb6d94,03_第三问正式归档,已审核并通过联合总审
03_第三问/02_数据处理/多因素达标比例/无自拟参数建模_20260825/第三问数据与误差审计摘要.csv,673,26cc113dbb4fdfb882b5acd412cc68bfb458219db5a3580946cf3821f6b674f1,03_第三问正式归档,已审核并通过联合总审
03_第三问/02_数据处理/多因素达标比例/无自拟参数建模_20260825/第三问数据构造断言.json,825,0a0c443066f89d54a1d8ee00f71b5c527cbb6c7b961662b5bd2096dfcbcbea8b,03_第三问正式归档,已审核并通过联合总审
03_第三问/03_模型与推导/.gitkeep,1,01ba4719c80b6fe911b091a7c05124b64eeece964e09c058ef8f9805daca546b,03_第三问正式归档,已审核并通过联合总审
03_第三问/03_模型与推导/多因素达标比例/无自拟参数建模_20260825/第三问两组分组敏感性.csv,432,385e16b51b92216ab611b3ad258b8c3a3e1b5a2598f57a890811d8af34ac81ff,03_第三问正式归档,已审核并通过联合总审
03_第三问/03_模型与推导/多因素达标比例/无自拟参数建模_20260825/第三问主BMI分组.csv,267,d94ad4ddd4223502c80c7fcf0e52b0d70468b10fa4f79923cb90b25df631541f,03_第三问正式归档,已审核并通过联合总审
03_第三问/03_模型与推导/多因素达标比例/无自拟参数建模_20260825/第三问候选路线统一比较.csv,2159,b816f381188e3517ddbe3e4365bc0fb0c17e3603baaa1358e5063d58ef68e978,03_第三问正式归档,已审核并通过联合总审
03_第三问/03_模型与推导/多因素达标比例/无自拟参数建模_20260825/第三问全部BMI组数BIC比较.csv,6241,f169bed50f26212acd6e58a5155d697411c40fb3515bd72914baa47594bc20ff,03_第三问正式归档,已审核并通过联合总审
03_第三问/03_模型与推导/多因素达标比例/无自拟参数建模_20260825/第三问参数来源表.csv,10970,9ddd157322dece0201f500e775426eceeba3f981089df71e6bd1f46f3b875f55,03_第三问正式归档,已审核并通过联合总审
03_第三问/03_模型与推导/多因素达标比例/无自拟参数建模_20260825/第三问各BMI组时点与尚未达标概率Pareto前沿.csv,56331,74248a2c8db3b496497688ec6d0c19b48234efb51b412e73dac944c5b127fa71,03_第三问正式归档,已审核并通过联合总审
03_第三问/03_模型与推导/多因素达标比例/无自拟参数建模_20260825/第三问推荐模型卡.md,3891,90a0b1de80fd7bb75193469804ad1fde264f0e1890c39b86c24635007dd4173e,03_第三问正式归档,已审核并通过联合总审
03_第三问/03_模型与推导/多因素达标比例/无自拟参数建模_20260825/第三问推荐模型参数表.csv,1236,038b64b46b8c8d9018eee9a1c9cd12ddd8a9474beada41f0ac2b968bf30c2091,03_第三问正式归档,已审核并通过联合总审
03_第三问/03_模型与推导/多因素达标比例/无自拟参数建模_20260825/第三问标准化参照表.csv,184,649e8ca177852b35e0f093e8e9a6f16f9460301fbc40017e88c17eab508218e3,03_第三问正式归档,已审核并通过联合总审
03_第三问/03_模型与推导/多因素达标比例/无自拟参数建模_20260825/第三问题面风险边界时点达标比例.csv,3924,a60e8aa3b27315991fa2d3d3ec87506609e926a55a1c802969e9605038f3382d,03_第三问正式归档,已审核并通过联合总审
03_第三问/04_代码/.gitkeep,1,01ba4719c80b6fe911b091a7c05124b64eeece964e09c058ef8f9805daca546b,03_第三问正式归档,已审核并通过联合总审
03_第三问/04_代码/第三问多因素达标比例完整复现包_20260825/00_第三问题意合同与候选设计.md,7566,925f179ba6ca5b8ccdac6984b3dae5ed036b8863dbf08041205420bd17800d39,03_第三问正式归档,已审核并通过联合总审
03_第三问/04_代码/第三问多因素达标比例完整复现包_20260825/README_复现入口.md,515,766458fc0d54c77bf222b952bfec99f8d853d93a80ee0a8882518c6ffaf0c308,03_第三问正式归档,已审核并通过联合总审
03_第三问/04_代码/第三问多因素达标比例完整复现包_20260825/一键运行第三问多因素建模.ps1,411,7bcb0700357fe6fadfffd0b256b7da04ece4cf4d9a45f614a5af0fe005d83eb0,03_第三问正式归档,已审核并通过联合总审
03_第三问/04_代码/第三问多因素达标比例完整复现包_20260825/复核第三问多因素达标比例结果.py,41048,dec9b62ffc2f9ba56d7db9d4e6996f772c3f2e37ddc519bf60389cfdb513a488,03_第三问正式归档,已审核并通过联合总审
03_第三问/04_代码/第三问多因素达标比例完整复现包_20260825/正式候选输出/01_数据/第三问严格技术复测明细.csv,1746,a1b14e31d9bf6aeafe5fcc020a1cec06bab7e0359a92b0012d9becc6abe6fc84,03_第三问正式归档,已审核并通过联合总审
03_第三问/04_代码/第三问多因素达标比例完整复现包_20260825/正式候选输出/01_数据/第三问变量可得性与角色表.csv,1103,e10111b0df79078fae223857286bb305ca8953e4b898d7fa58386acb621a13c9,03_第三问正式归档,已审核并通过联合总审
03_第三问/04_代码/第三问多因素达标比例完整复现包_20260825/正式候选输出/01_数据/第三问孕妇首次可得基线表.csv,9483,d27533e796a5fa1add12fb1735f9955c5e7d4161908f3fedd868ae15bbbc9234,03_第三问正式归档,已审核并通过联合总审
03_第三问/04_代码/第三问多因素达标比例完整复现包_20260825/正式候选输出/01_数据/第三问抽血事件与决策时可得变量表.csv,104941,9e63ba21fc52c8912f059711c1849fa650fa321c910c7647ac76e2efb1eb6d94,03_第三问正式归档,已审核并通过联合总审
03_第三问/04_代码/第三问多因素达标比例完整复现包_20260825/正式候选输出/01_数据/第三问数据与误差审计摘要.csv,673,26cc113dbb4fdfb882b5acd412cc68bfb458219db5a3580946cf3821f6b674f1,03_第三问正式归档,已审核并通过联合总审
03_第三问/04_代码/第三问多因素达标比例完整复现包_20260825/正式候选输出/01_数据/第三问数据构造断言.json,825,0a0c443066f89d54a1d8ee00f71b5c527cbb6c7b961662b5bd2096dfcbcbea8b,03_第三问正式归档,已审核并通过联合总审
03_第三问/04_代码/第三问多因素达标比例完整复现包_20260825/正式候选输出/02_模型结果/第三问两组分组敏感性.csv,432,385e16b51b92216ab611b3ad258b8c3a3e1b5a2598f57a890811d8af34ac81ff,03_第三问正式归档,已审核并通过联合总审
03_第三问/04_代码/第三问多因素达标比例完整复现包_20260825/正式候选输出/02_模型结果/第三问主BMI分组.csv,267,d94ad4ddd4223502c80c7fcf0e52b0d70468b10fa4f79923cb90b25df631541f,03_第三问正式归档,已审核并通过联合总审
03_第三问/04_代码/第三问多因素达标比例完整复现包_20260825/正式候选输出/02_模型结果/第三问候选路线统一比较.csv,2159,b816f381188e3517ddbe3e4365bc0fb0c17e3603baaa1358e5063d58ef68e978,03_第三问正式归档,已审核并通过联合总审
03_第三问/04_代码/第三问多因素达标比例完整复现包_20260825/正式候选输出/02_模型结果/第三问全部BMI组数BIC比较.csv,6241,f169bed50f26212acd6e58a5155d697411c40fb3515bd72914baa47594bc20ff,03_第三问正式归档,已审核并通过联合总审
03_第三问/04_代码/第三问多因素达标比例完整复现包_20260825/正式候选输出/02_模型结果/第三问参数来源表.csv,10970,9ddd157322dece0201f500e775426eceeba3f981089df71e6bd1f46f3b875f55,03_第三问正式归档,已审核并通过联合总审
03_第三问/04_代码/第三问多因素达标比例完整复现包_20260825/正式候选输出/02_模型结果/第三问各BMI组时点与尚未达标概率Pareto前沿.csv,56331,74248a2c8db3b496497688ec6d0c19b48234efb51b412e73dac944c5b127fa71,03_第三问正式归档,已审核并通过联合总审
03_第三问/04_代码/第三问多因素达标比例完整复现包_20260825/正式候选输出/02_模型结果/第三问推荐模型卡.md,3891,90a0b1de80fd7bb75193469804ad1fde264f0e1890c39b86c24635007dd4173e,03_第三问正式归档,已审核并通过联合总审
03_第三问/04_代码/第三问多因素达标比例完整复现包_20260825/正式候选输出/02_模型结果/第三问推荐模型参数表.csv,1236,038b64b46b8c8d9018eee9a1c9cd12ddd8a9474beada41f0ac2b968bf30c2091,03_第三问正式归档,已审核并通过联合总审
03_第三问/04_代码/第三问多因素达标比例完整复现包_20260825/正式候选输出/02_模型结果/第三问标准化参照表.csv,184,649e8ca177852b35e0f093e8e9a6f16f9460301fbc40017e88c17eab508218e3,03_第三问正式归档,已审核并通过联合总审
03_第三问/04_代码/第三问多因素达标比例完整复现包_20260825/正式候选输出/02_模型结果/第三问题面风险边界时点达标比例.csv,3924,a60e8aa3b27315991fa2d3d3ec87506609e926a55a1c802969e9605038f3382d,03_第三问正式归档,已审核并通过联合总审
03_第三问/04_代码/第三问多因素达标比例完整复现包_20260825/正式候选输出/03_验证/第三问候选全样本时点边界曲线.csv,59079,1c4f6619120d23c3cbb36b240c22048ee0933a37a845d94e31ba4189f1ae7288,03_第三问正式归档,已审核并通过联合总审
03_第三问/04_代码/第三问多因素达标比例完整复现包_20260825/正式候选输出/03_验证/第三问候选逐孕妇留一逐事件.csv,347753,afe31b3c63d4d289d778b83c13c674923a63f1d7bd89a9f473151b5db6d947eb,03_第三问正式归档,已审核并通过联合总审
03_第三问/04_代码/第三问多因素达标比例完整复现包_20260825/正式候选输出/03_验证/第三问候选逐孕妇留一逐孕妇.csv,72008,0c7bafc4f233ea2a9c00df9b9d186c5e8afbd2500beb7c2304045967c1679a82,03_第三问正式归档,已审核并通过联合总审
03_第三问/04_代码/第三问多因素达标比例完整复现包_20260825/正式候选输出/03_验证/第三问内部总控复核报告.md,1926,6aefc121e102593fc07d055493a169e4e16da681fe8d8f32a773c3cb44519f8d,03_第三问正式归档,已审核并通过联合总审
03_第三问/04_代码/第三问多因素达标比例完整复现包_20260825/正式候选输出/03_验证/第三问多因素相对第二问信息集增量检验.csv,531,40ba5fd4951e846023dcd60f29921c0c6171612f15c15f4aeb60ceced83ac0a9,03_第三问正式归档,已审核并通过联合总审
03_第三问/04_代码/第三问多因素达标比例完整复现包_20260825/正式候选输出/03_验证/第三问孕妇整簇自助次数收敛.csv,6806,898e9e6a5230b8654e939d18aee3418299f72faccd259d3a475bed33f19863e5,03_第三问正式归档,已审核并通过联合总审
03_第三问/04_代码/第三问多因素达标比例完整复现包_20260825/正式候选输出/03_验证/第三问孕妇整簇自助逐次.csv,136813,778c8c0bab68a8211e87d74c76772a74db286cca4e66cd9e2fa70a04c9f10169,03_第三问正式归档,已审核并通过联合总审
03_第三问/04_代码/第三问多因素达标比例完整复现包_20260825/正式候选输出/03_验证/第三问总控验收清单.csv,1474,3f6f17ea8e52df95acec39a6127aaef461724363301c737f01a945a6dff40696,03_第三问正式归档,已审核并通过联合总审
03_第三问/04_代码/第三问多因素达标比例完整复现包_20260825/正式候选输出/03_验证/第三问数据质量口径敏感性.csv,2658,9b87219b43cb43fa4e792adee64482e9e87185fc438ff3c4108ff56f5e16fc4b,03_第三问正式归档,已审核并通过联合总审
03_第三问/04_代码/第三问多因素达标比例完整复现包_20260825/正式候选输出/03_验证/第三问检测误差传播次数收敛.csv,7257,1c7b431d473f544fe23cff951ae7da47f7a4ab5a951db5a300b310bc5e04020f,03_第三问正式归档,已审核并通过联合总审
03_第三问/04_代码/第三问多因素达标比例完整复现包_20260825/正式候选输出/03_验证/第三问检测误差传播逐次.csv,146462,88e668bdd962ba9c48eacc55d3c39ad817b971d28073c701e52950c14bb30ed5,03_第三问正式归档,已审核并通过联合总审
03_第三问/04_代码/第三问多因素达标比例完整复现包_20260825/正式候选输出/04_复现/第三问依赖版本.txt,97,30f341f35818ef5a10a0c0a9eabde6d869b6a40dcf19a76ea223f534c7251c2e,03_第三问正式归档,已审核并通过联合总审
03_第三问/04_代码/第三问多因素达标比例完整复现包_20260825/正式候选输出/04_复现/第三问结果文件哈希.csv,4084,cac5b6fc384eeb5a02f4f0fef1d1015b56dfb5c426d2402b5e16c0b7549c6f92,03_第三问正式归档,已审核并通过联合总审
03_第三问/04_代码/第三问多因素达标比例完整复现包_20260825/正式候选输出/04_复现/第三问自审PASS记录.json,534,5317cd32554d2647ed43de2e55d75f02c897d5d1e515f3ab03e40f6d33be1ba8,03_第三问正式归档,已审核并通过联合总审
03_第三问/04_代码/第三问多因素达标比例完整复现包_20260825/正式候选输出/04_复现/第三问运行清单.json,1168,4ff6945ad75246f7d18b96714ff0728142ee3b792d425a0c4cd80aa0ff8c72a9,03_第三问正式归档,已审核并通过联合总审
03_第三问/04_代码/第三问多因素达标比例完整复现包_20260825/正式候选输出/05_图表提示词/图01_多因素候选留一预测比较_MATLAB_SVG提示词.txt,831,02bfd6010ee26e4a332f425fbbca9575b4764e25de69a0ec0a58df06c0287c2e,03_第三问正式归档,已审核并通过联合总审
03_第三问/04_代码/第三问多因素达标比例完整复现包_20260825/正式候选输出/05_图表提示词/图02_BMI分组达标比例与时点前沿_MATLAB_SVG提示词.txt,812,23748ce3be86e9158b49f5a237dd3bbce912698a088f0fa5c89b41b85ae27024,03_第三问正式归档,已审核并通过联合总审
03_第三问/04_代码/第三问多因素达标比例完整复现包_20260825/正式候选输出/05_图表提示词/图03_检测误差与BMI切点稳定性_MATLAB_SVG提示词.txt,822,c7537a3d44795c3abb5da0d49b98246a8cb7fb12a068a0c720dbbfb692a514d2,03_第三问正式归档,已审核并通过联合总审
03_第三问/04_代码/第三问多因素达标比例完整复现包_20260825/独立复核/第三问独立审核PASS记录.json,647,3270e1dafb34d7891dc084ffde3b58d30ef47725cde82528ba88e16ec0d7b7c6,03_第三问正式归档,已审核并通过联合总审
03_第三问/04_代码/第三问多因素达标比例完整复现包_20260825/独立复核/第三问独立总控复核报告.md,1172,00f3d1db19623f1431e0861f567bd667e158a67d0a571d401c86331c36c2caa8,03_第三问正式归档,已审核并通过联合总审
03_第三问/04_代码/第三问多因素达标比例完整复现包_20260825/独立复核/第三问独立总控验收清单.csv,3084,8f18b11e03c23975c5acd0638ef0c72cd4082ffd5059815587c512ca75e8ed77,03_第三问正式归档,已审核并通过联合总审
03_第三问/04_代码/第三问多因素达标比例完整复现包_20260825/第三问多因素达标比例建模.py,85628,8560cfba970bfdd5a20a81c68b3d42a4b91c579bfcffd11aa9e046d41aeae21b,03_第三问正式归档,已审核并通过联合总审
03_第三问/05_结果数据/.gitkeep,1,01ba4719c80b6fe911b091a7c05124b64eeece964e09c058ef8f9805daca546b,03_第三问正式归档,已审核并通过联合总审
03_第三问/05_结果数据/多因素达标比例/无自拟参数建模_20260825/02_模型结果/第三问两组分组敏感性.csv,432,385e16b51b92216ab611b3ad258b8c3a3e1b5a2598f57a890811d8af34ac81ff,03_第三问正式归档,已审核并通过联合总审
03_第三问/05_结果数据/多因素达标比例/无自拟参数建模_20260825/02_模型结果/第三问主BMI分组.csv,267,d94ad4ddd4223502c80c7fcf0e52b0d70468b10fa4f79923cb90b25df631541f,03_第三问正式归档,已审核并通过联合总审
03_第三问/05_结果数据/多因素达标比例/无自拟参数建模_20260825/02_模型结果/第三问候选路线统一比较.csv,2159,b816f381188e3517ddbe3e4365bc0fb0c17e3603baaa1358e5063d58ef68e978,03_第三问正式归档,已审核并通过联合总审
03_第三问/05_结果数据/多因素达标比例/无自拟参数建模_20260825/02_模型结果/第三问全部BMI组数BIC比较.csv,6241,f169bed50f26212acd6e58a5155d697411c40fb3515bd72914baa47594bc20ff,03_第三问正式归档,已审核并通过联合总审
03_第三问/05_结果数据/多因素达标比例/无自拟参数建模_20260825/02_模型结果/第三问参数来源表.csv,10970,9ddd157322dece0201f500e775426eceeba3f981089df71e6bd1f46f3b875f55,03_第三问正式归档,已审核并通过联合总审
03_第三问/05_结果数据/多因素达标比例/无自拟参数建模_20260825/02_模型结果/第三问各BMI组时点与尚未达标概率Pareto前沿.csv,56331,74248a2c8db3b496497688ec6d0c19b48234efb51b412e73dac944c5b127fa71,03_第三问正式归档,已审核并通过联合总审
03_第三问/05_结果数据/多因素达标比例/无自拟参数建模_20260825/02_模型结果/第三问推荐模型卡.md,3891,90a0b1de80fd7bb75193469804ad1fde264f0e1890c39b86c24635007dd4173e,03_第三问正式归档,已审核并通过联合总审
03_第三问/05_结果数据/多因素达标比例/无自拟参数建模_20260825/02_模型结果/第三问推荐模型参数表.csv,1236,038b64b46b8c8d9018eee9a1c9cd12ddd8a9474beada41f0ac2b968bf30c2091,03_第三问正式归档,已审核并通过联合总审
03_第三问/05_结果数据/多因素达标比例/无自拟参数建模_20260825/02_模型结果/第三问标准化参照表.csv,184,649e8ca177852b35e0f093e8e9a6f16f9460301fbc40017e88c17eab508218e3,03_第三问正式归档,已审核并通过联合总审
03_第三问/05_结果数据/多因素达标比例/无自拟参数建模_20260825/02_模型结果/第三问题面风险边界时点达标比例.csv,3924,a60e8aa3b27315991fa2d3d3ec87506609e926a55a1c802969e9605038f3382d,03_第三问正式归档,已审核并通过联合总审
03_第三问/05_结果数据/多因素达标比例/无自拟参数建模_20260825/03_验证/第三问候选全样本时点边界曲线.csv,59079,1c4f6619120d23c3cbb36b240c22048ee0933a37a845d94e31ba4189f1ae7288,03_第三问正式归档,已审核并通过联合总审
03_第三问/05_结果数据/多因素达标比例/无自拟参数建模_20260825/03_验证/第三问候选逐孕妇留一逐事件.csv,347753,afe31b3c63d4d289d778b83c13c674923a63f1d7bd89a9f473151b5db6d947eb,03_第三问正式归档,已审核并通过联合总审
03_第三问/05_结果数据/多因素达标比例/无自拟参数建模_20260825/03_验证/第三问候选逐孕妇留一逐孕妇.csv,72008,0c7bafc4f233ea2a9c00df9b9d186c5e8afbd2500beb7c2304045967c1679a82,03_第三问正式归档,已审核并通过联合总审
03_第三问/05_结果数据/多因素达标比例/无自拟参数建模_20260825/03_验证/第三问内部总控复核报告.md,1926,6aefc121e102593fc07d055493a169e4e16da681fe8d8f32a773c3cb44519f8d,03_第三问正式归档,已审核并通过联合总审
03_第三问/05_结果数据/多因素达标比例/无自拟参数建模_20260825/03_验证/第三问多因素相对第二问信息集增量检验.csv,531,40ba5fd4951e846023dcd60f29921c0c6171612f15c15f4aeb60ceced83ac0a9,03_第三问正式归档,已审核并通过联合总审
03_第三问/05_结果数据/多因素达标比例/无自拟参数建模_20260825/03_验证/第三问孕妇整簇自助次数收敛.csv,6806,898e9e6a5230b8654e939d18aee3418299f72faccd259d3a475bed33f19863e5,03_第三问正式归档,已审核并通过联合总审
03_第三问/05_结果数据/多因素达标比例/无自拟参数建模_20260825/03_验证/第三问孕妇整簇自助逐次.csv,136813,778c8c0bab68a8211e87d74c76772a74db286cca4e66cd9e2fa70a04c9f10169,03_第三问正式归档,已审核并通过联合总审
03_第三问/05_结果数据/多因素达标比例/无自拟参数建模_20260825/03_验证/第三问总控验收清单.csv,1474,3f6f17ea8e52df95acec39a6127aaef461724363301c737f01a945a6dff40696,03_第三问正式归档,已审核并通过联合总审
03_第三问/05_结果数据/多因素达标比例/无自拟参数建模_20260825/03_验证/第三问数据质量口径敏感性.csv,2658,9b87219b43cb43fa4e792adee64482e9e87185fc438ff3c4108ff56f5e16fc4b,03_第三问正式归档,已审核并通过联合总审
03_第三问/05_结果数据/多因素达标比例/无自拟参数建模_20260825/03_验证/第三问检测误差传播次数收敛.csv,7257,1c7b431d473f544fe23cff951ae7da47f7a4ab5a951db5a300b310bc5e04020f,03_第三问正式归档,已审核并通过联合总审
03_第三问/05_结果数据/多因素达标比例/无自拟参数建模_20260825/03_验证/第三问检测误差传播逐次.csv,146462,88e668bdd962ba9c48eacc55d3c39ad817b971d28073c701e52950c14bb30ed5,03_第三问正式归档,已审核并通过联合总审
03_第三问/06_图表/.gitkeep,1,01ba4719c80b6fe911b091a7c05124b64eeece964e09c058ef8f9805daca546b,03_第三问正式归档,已审核并通过联合总审
03_第三问/06_图表/多因素达标比例/制图提示词/无自拟参数建模_20260825/图01_多因素候选留一预测比较_MATLAB_SVG提示词.txt,831,02bfd6010ee26e4a332f425fbbca9575b4764e25de69a0ec0a58df06c0287c2e,03_第三问正式归档,已审核并通过联合总审
03_第三问/06_图表/多因素达标比例/制图提示词/无自拟参数建模_20260825/图02_BMI分组达标比例与时点前沿_MATLAB_SVG提示词.txt,812,23748ce3be86e9158b49f5a237dd3bbce912698a088f0fa5c89b41b85ae27024,03_第三问正式归档,已审核并通过联合总审
03_第三问/06_图表/多因素达标比例/制图提示词/无自拟参数建模_20260825/图03_检测误差与BMI切点稳定性_MATLAB_SVG提示词.txt,822,c7537a3d44795c3abb5da0d49b98246a8cb7fb12a068a0c720dbbfb692a514d2,03_第三问正式归档,已审核并通过联合总审
03_第三问/07_手写正文素材/.gitkeep,1,01ba4719c80b6fe911b091a7c05124b64eeece964e09c058ef8f9805daca546b,03_第三问正式归档,已审核并通过联合总审
03_第三问/08_复核记录/.gitkeep,1,01ba4719c80b6fe911b091a7c05124b64eeece964e09c058ef8f9805daca546b,03_第三问正式归档,已审核并通过联合总审
03_第三问/08_复核记录/多因素达标比例/无自拟参数建模_20260825/04_复现/第三问依赖版本.txt,97,30f341f35818ef5a10a0c0a9eabde6d869b6a40dcf19a76ea223f534c7251c2e,03_第三问正式归档,已审核并通过联合总审
03_第三问/08_复核记录/多因素达标比例/无自拟参数建模_20260825/04_复现/第三问结果文件哈希.csv,4084,cac5b6fc384eeb5a02f4f0fef1d1015b56dfb5c426d2402b5e16c0b7549c6f92,03_第三问正式归档,已审核并通过联合总审
03_第三问/08_复核记录/多因素达标比例/无自拟参数建模_20260825/04_复现/第三问自审PASS记录.json,534,5317cd32554d2647ed43de2e55d75f02c897d5d1e515f3ab03e40f6d33be1ba8,03_第三问正式归档,已审核并通过联合总审
03_第三问/08_复核记录/多因素达标比例/无自拟参数建模_20260825/04_复现/第三问运行清单.json,1168,4ff6945ad75246f7d18b96714ff0728142ee3b792d425a0c4cd80aa0ff8c72a9,03_第三问正式归档,已审核并通过联合总审
03_第三问/08_复核记录/多因素达标比例/无自拟参数建模_20260825/独立复核/第三问独立审核PASS记录.json,647,3270e1dafb34d7891dc084ffde3b58d30ef47725cde82528ba88e16ec0d7b7c6,03_第三问正式归档,已审核并通过联合总审
03_第三问/08_复核记录/多因素达标比例/无自拟参数建模_20260825/独立复核/第三问独立总控复核报告.md,1172,00f3d1db19623f1431e0861f567bd667e158a67d0a571d401c86331c36c2caa8,03_第三问正式归档,已审核并通过联合总审
03_第三问/08_复核记录/多因素达标比例/无自拟参数建模_20260825/独立复核/第三问独立总控验收清单.csv,3084,8f18b11e03c23975c5acd0638ef0c72cd4082ffd5059815587c512ca75e8ed77,03_第三问正式归档,已审核并通过联合总审
03_第三问/08_复核记录/多因素达标比例/无自拟参数建模_20260825/第三问内部总控复核报告.md,1926,6aefc121e102593fc07d055493a169e4e16da681fe8d8f32a773c3cb44519f8d,03_第三问正式归档,已审核并通过联合总审
03_第三问/08_复核记录/多因素达标比例/无自拟参数建模_20260825/第三问总控验收清单.csv,1474,3f6f17ea8e52df95acec39a6127aaef461724363301c737f01a945a6dff40696,03_第三问正式归档,已审核并通过联合总审
03_第三问/README.md,262,e4df05e8df3752b85128a03fbdd3731c5fa374aab041a23c9dec20d5cd1b403c,03_第三问正式归档,已审核并通过联合总审
03_第三问/README_当前有效版本.md,4028,a99d8d724b04b5bd34bbbe80da1c0f898c311d6469e4c11d570219da16829ab3,03_第三问正式归档,已审核并通过联合总审
04_第四问/01_分析思路/.gitkeep,1,01ba4719c80b6fe911b091a7c05124b64eeece964e09c058ef8f9805daca546b,04_第四问正式归档,已审核并通过联合总审
04_第四问/01_分析思路/女胎异常判定/无自拟参数建模_20260825/00_第四问题意合同与候选设计.md,6626,9159b9e202a18efa08c741ddcd724dd1ff65923498b90524336b21f3fa1cad38,04_第四问正式归档,已审核并通过联合总审
04_第四问/01_分析思路/女胎异常判定/无自拟参数建模_20260825/README_复现入口.md,999,3cabfc907da2962e913461162caf29789a162c2edbc4e0d959fa3b8b5a337d9a,04_第四问正式归档,已审核并通过联合总审
04_第四问/02_数据处理/.gitkeep,1,01ba4719c80b6fe911b091a7c05124b64eeece964e09c058ef8f9805daca546b,04_第四问正式归档,已审核并通过联合总审
04_第四问/02_数据处理/女胎异常判定/无自拟参数建模_20260825/第四问变量角色与泄漏禁用表.csv,3160,c78fd4c181fe1d051050937275a2d0270573313739babc68c4a991bc4f49873d,04_第四问正式归档,已审核并通过联合总审
04_第四问/02_数据处理/女胎异常判定/无自拟参数建模_20260825/第四问女胎记录级建模表.csv,190460,ed6bdddfff42f4b284d31b93ad3dca69adcf8f80fcb54a67e10aabd75dc007bc,04_第四问正式归档,已审核并通过联合总审
04_第四问/02_数据处理/女胎异常判定/无自拟参数建模_20260825/第四问孕妇级标签审计表.csv,2778,fe3c52537a2521a47dd0597533afc1fb2eda469904b6cd0e644ecc22a1d78c62,04_第四问正式归档,已审核并通过联合总审
04_第四问/02_数据处理/女胎异常判定/无自拟参数建模_20260825/第四问抽血事件重复审计表.csv,30935,b37cfa963e193d243abf99f5ba6bef34b859eb6ff2a3eef6f5fbb00bac41837f,04_第四问正式归档,已审核并通过联合总审
04_第四问/02_数据处理/女胎异常判定/无自拟参数建模_20260825/第四问数据构造断言.json,831,d4666eb010d04aed185db012d053342c0a967d6d73e5e0f41d7434efdbb7a2e7,04_第四问正式归档,已审核并通过联合总审
04_第四问/02_数据处理/女胎异常判定/无自拟参数建模_20260825/第四问标签与样本审计摘要.csv,682,ae1f3e66e8899723083395a98a3380e7ce7732c28182fbc4f57a6bca0a7783c2,04_第四问正式归档,已审核并通过联合总审
04_第四问/03_模型与推导/.gitkeep,1,01ba4719c80b6fe911b091a7c05124b64eeece964e09c058ef8f9805daca546b,04_第四问正式归档,已审核并通过联合总审
04_第四问/03_模型与推导/女胎异常判定/无自拟参数建模_20260825/第四问候选路线统一比较.csv,1936,2c48e378d86475887b908e363f562b3459d6e8712f321a29009dd4f9f615d654,04_第四问正式归档,已审核并通过联合总审
04_第四问/03_模型与推导/女胎异常判定/无自拟参数建模_20260825/第四问入选模型全样本参数表.csv,1595,2ce98850bc688c4851be308a0bb411c253b642f1885f7252b43d65a613b20cfb,04_第四问正式归档,已审核并通过联合总审
04_第四问/03_模型与推导/女胎异常判定/无自拟参数建模_20260825/第四问入选模型校准十分位表.csv,1031,3fd2aa3e9b48c9c7158b5c6ab5d4be58f1e1edece3eda9e21d387938b88bf90b,04_第四问正式归档,已审核并通过联合总审
04_第四问/03_模型与推导/女胎异常判定/无自拟参数建模_20260825/第四问入选模型留一系数稳定性.csv,2396,89ccceca9478879ea9bc911b6c4339ab2cc9cab716cb2d0fd9ce07a69d04d8b4,04_第四问正式归档,已审核并通过联合总审
04_第四问/03_模型与推导/女胎异常判定/无自拟参数建模_20260825/第四问入选模型阈值性能完整曲线.csv,147421,3fca20cd2aa2b8e79284759bcc22954a1c23c59194d9c6702a9d750fd8a7b6d7,04_第四问正式归档,已审核并通过联合总审
04_第四问/03_模型与推导/女胎异常判定/无自拟参数建模_20260825/第四问入选模型预处理参照表.csv,1443,e24cb03c2272afbbf46e4b815373d5efbfb5e33fe007ccf6c8d062236821add7,04_第四问正式归档,已审核并通过联合总审
04_第四问/03_模型与推导/女胎异常判定/无自拟参数建模_20260825/第四问参数来源表.csv,2161,5ada6ec8e942e178ee3ad775663f9d6b7cffc98936bf1268514c947fd798ae14,04_第四问正式归档,已审核并通过联合总审
04_第四问/03_模型与推导/女胎异常判定/无自拟参数建模_20260825/第四问各异常类型全样本参数表.csv,3608,8cecc8fdf5cded84f37dd00fbe5cf6bb6b9b68fe9b3c65b385842c4611289993,04_第四问正式归档,已审核并通过联合总审
04_第四问/03_模型与推导/女胎异常判定/无自拟参数建模_20260825/第四问各异常类型识别指标.csv,2446,80fdbc0589bec6c1e67c73778ad370047769968564a5119e381853cdc7256c2e,04_第四问正式归档,已审核并通过联合总审
04_第四问/03_模型与推导/女胎异常判定/无自拟参数建模_20260825/第四问多标签组合识别摘要.csv,115,118aabe33d0b77d4f85bc0341abd40cf45e523164fbf3a88b3f573c33599e055,04_第四问正式归档,已审核并通过联合总审
04_第四问/03_模型与推导/女胎异常判定/无自拟参数建模_20260825/第四问推荐模型卡.md,3663,c00d37583ec9d493d49e609a1a688acf2b16d27ef52d6a4d6e0fc8d04584ff14,04_第四问正式归档,已审核并通过联合总审
04_第四问/04_代码/.gitkeep,1,01ba4719c80b6fe911b091a7c05124b64eeece964e09c058ef8f9805daca546b,04_第四问正式归档,已审核并通过联合总审
04_第四问/04_代码/第四问女胎异常判定完整复现包_20260825/00_第四问题意合同与候选设计.md,6626,9159b9e202a18efa08c741ddcd724dd1ff65923498b90524336b21f3fa1cad38,04_第四问正式归档,已审核并通过联合总审
04_第四问/04_代码/第四问女胎异常判定完整复现包_20260825/README_复现入口.md,999,3cabfc907da2962e913461162caf29789a162c2edbc4e0d959fa3b8b5a337d9a,04_第四问正式归档,已审核并通过联合总审
04_第四问/04_代码/第四问女胎异常判定完整复现包_20260825/一键运行第四问女胎异常判定.ps1,528,9336721839a6b8833b92386345d1274eda5ac8d5861382d410b2845273ba7253,04_第四问正式归档,已审核并通过联合总审
04_第四问/04_代码/第四问女胎异常判定完整复现包_20260825/复核第四问女胎异常判定结果.py,46184,e9d31e9fd5409392c1f5a7ad3e9db04c16c39da7206a32818847a607215eaffa,04_第四问正式归档,已审核并通过联合总审
04_第四问/04_代码/第四问女胎异常判定完整复现包_20260825/正式候选输出/01_数据/第四问变量角色与泄漏禁用表.csv,3160,c78fd4c181fe1d051050937275a2d0270573313739babc68c4a991bc4f49873d,04_第四问正式归档,已审核并通过联合总审
04_第四问/04_代码/第四问女胎异常判定完整复现包_20260825/正式候选输出/01_数据/第四问女胎记录级建模表.csv,190460,ed6bdddfff42f4b284d31b93ad3dca69adcf8f80fcb54a67e10aabd75dc007bc,04_第四问正式归档,已审核并通过联合总审
04_第四问/04_代码/第四问女胎异常判定完整复现包_20260825/正式候选输出/01_数据/第四问孕妇级标签审计表.csv,2778,fe3c52537a2521a47dd0597533afc1fb2eda469904b6cd0e644ecc22a1d78c62,04_第四问正式归档,已审核并通过联合总审
04_第四问/04_代码/第四问女胎异常判定完整复现包_20260825/正式候选输出/01_数据/第四问抽血事件重复审计表.csv,30935,b37cfa963e193d243abf99f5ba6bef34b859eb6ff2a3eef6f5fbb00bac41837f,04_第四问正式归档,已审核并通过联合总审
04_第四问/04_代码/第四问女胎异常判定完整复现包_20260825/正式候选输出/01_数据/第四问数据构造断言.json,831,d4666eb010d04aed185db012d053342c0a967d6d73e5e0f41d7434efdbb7a2e7,04_第四问正式归档,已审核并通过联合总审
04_第四问/04_代码/第四问女胎异常判定完整复现包_20260825/正式候选输出/01_数据/第四问标签与样本审计摘要.csv,682,ae1f3e66e8899723083395a98a3380e7ce7732c28182fbc4f57a6bca0a7783c2,04_第四问正式归档,已审核并通过联合总审
04_第四问/04_代码/第四问女胎异常判定完整复现包_20260825/正式候选输出/02_模型结果/第四问候选路线统一比较.csv,1936,2c48e378d86475887b908e363f562b3459d6e8712f321a29009dd4f9f615d654,04_第四问正式归档,已审核并通过联合总审
04_第四问/04_代码/第四问女胎异常判定完整复现包_20260825/正式候选输出/02_模型结果/第四问入选模型全样本参数表.csv,1595,2ce98850bc688c4851be308a0bb411c253b642f1885f7252b43d65a613b20cfb,04_第四问正式归档,已审核并通过联合总审
04_第四问/04_代码/第四问女胎异常判定完整复现包_20260825/正式候选输出/02_模型结果/第四问入选模型校准十分位表.csv,1031,3fd2aa3e9b48c9c7158b5c6ab5d4be58f1e1edece3eda9e21d387938b88bf90b,04_第四问正式归档,已审核并通过联合总审
04_第四问/04_代码/第四问女胎异常判定完整复现包_20260825/正式候选输出/02_模型结果/第四问入选模型留一系数稳定性.csv,2396,89ccceca9478879ea9bc911b6c4339ab2cc9cab716cb2d0fd9ce07a69d04d8b4,04_第四问正式归档,已审核并通过联合总审
04_第四问/04_代码/第四问女胎异常判定完整复现包_20260825/正式候选输出/02_模型结果/第四问入选模型阈值性能完整曲线.csv,147421,3fca20cd2aa2b8e79284759bcc22954a1c23c59194d9c6702a9d750fd8a7b6d7,04_第四问正式归档,已审核并通过联合总审
04_第四问/04_代码/第四问女胎异常判定完整复现包_20260825/正式候选输出/02_模型结果/第四问入选模型预处理参照表.csv,1443,e24cb03c2272afbbf46e4b815373d5efbfb5e33fe007ccf6c8d062236821add7,04_第四问正式归档,已审核并通过联合总审
04_第四问/04_代码/第四问女胎异常判定完整复现包_20260825/正式候选输出/02_模型结果/第四问参数来源表.csv,2161,5ada6ec8e942e178ee3ad775663f9d6b7cffc98936bf1268514c947fd798ae14,04_第四问正式归档,已审核并通过联合总审
04_第四问/04_代码/第四问女胎异常判定完整复现包_20260825/正式候选输出/02_模型结果/第四问各异常类型全样本参数表.csv,3608,8cecc8fdf5cded84f37dd00fbe5cf6bb6b9b68fe9b3c65b385842c4611289993,04_第四问正式归档,已审核并通过联合总审
04_第四问/04_代码/第四问女胎异常判定完整复现包_20260825/正式候选输出/02_模型结果/第四问各异常类型识别指标.csv,2446,80fdbc0589bec6c1e67c73778ad370047769968564a5119e381853cdc7256c2e,04_第四问正式归档,已审核并通过联合总审
04_第四问/04_代码/第四问女胎异常判定完整复现包_20260825/正式候选输出/02_模型结果/第四问多标签组合识别摘要.csv,115,118aabe33d0b77d4f85bc0341abd40cf45e523164fbf3a88b3f573c33599e055,04_第四问正式归档,已审核并通过联合总审
04_第四问/04_代码/第四问女胎异常判定完整复现包_20260825/正式候选输出/02_模型结果/第四问推荐模型卡.md,3663,c00d37583ec9d493d49e609a1a688acf2b16d27ef52d6a4d6e0fc8d04584ff14,04_第四问正式归档,已审核并通过联合总审
04_第四问/04_代码/第四问女胎异常判定完整复现包_20260825/正式候选输出/03_验证/第四问候选路线差异整簇自助逐次.csv,26421,ab4a093be61d88d1d1110e1cfa1c7480431e8f31e3cbf9d6fc36181f3db7b0e1,04_第四问正式归档,已审核并通过联合总审
04_第四问/04_代码/第四问女胎异常判定完整复现包_20260825/正式候选输出/03_验证/第四问候选路线指标95%区间.csv,3354,2493c97e6a784b0874cfb82b83b087bd85ac22e96d31138a2f18fe9f33bf8ff7,04_第四问正式归档,已审核并通过联合总审
04_第四问/04_代码/第四问女胎异常判定完整复现包_20260825/正式候选输出/03_验证/第四问候选路线指标前缀收敛.csv,9889,33ac2c1ae72237efd1d57f5348ec645b6dfcf9c0820c0fe2b03ae80a439efbab,04_第四问正式归档,已审核并通过联合总审
04_第四问/04_代码/第四问女胎异常判定完整复现包_20260825/正式候选输出/03_验证/第四问候选路线指标整簇自助逐次.csv,470789,86877e29ef0820df3cdd51b394210573f5f9868dbc1a52515869d961823f1021,04_第四问正式归档,已审核并通过联合总审
04_第四问/04_代码/第四问女胎异常判定完整复现包_20260825/正式候选输出/03_验证/第四问候选路线训练内阈值逐孕妇.csv,54317,d6a1e8f956a70118499439d0e1debac5fe71ffdc760573d4169a1d4c025bd516,04_第四问正式归档,已审核并通过联合总审
04_第四问/04_代码/第四问女胎异常判定完整复现包_20260825/正式候选输出/03_验证/第四问候选路线逐孕妇留一逐记录.csv,271048,71753c2ae05370eee2cafed5f6ce86e2792fcaecd6b17446c39d8578dd039567,04_第四问正式归档,已审核并通过联合总审
04_第四问/04_代码/第四问女胎异常判定完整复现包_20260825/正式候选输出/03_验证/第四问内层折数敏感性.csv,329,1f710a55d28bad807aef6b52e1f638357e43fe0e43d0d3ff0d969968c3ad3f64,04_第四问正式归档,已审核并通过联合总审
04_第四问/04_代码/第四问女胎异常判定完整复现包_20260825/正式候选输出/03_验证/第四问内部总控复核报告.md,2390,443617f71ab0d5bf56d643c2f71b810cdefc82c9bd9e6a20c897258b31dd3307,04_第四问正式归档,已审核并通过联合总审
04_第四问/04_代码/第四问女胎异常判定完整复现包_20260825/正式候选输出/03_验证/第四问剪枝树留一结构逐次.csv,10887,8beb62466968c3e5b1a59f215d271268a86bdf512cb9e39953cc4108a9ba53d8,04_第四问正式归档,已审核并通过联合总审
04_第四问/04_代码/第四问女胎异常判定完整复现包_20260825/正式候选输出/03_验证/第四问各异常类型指标95%区间.csv,4388,6d98c69e00979fcd1d9e02e65fb3a86254674639a9715eccfe7e68c2416a6d29,04_第四问正式归档,已审核并通过联合总审
04_第四问/04_代码/第四问女胎异常判定完整复现包_20260825/正式候选输出/03_验证/第四问各异常类型指标整簇自助逐次.csv,797809,df7369a47156f323b68889ec82a09df95ebe264ee7d24b6011d35662ba3a9d85,04_第四问正式归档,已审核并通过联合总审
04_第四问/04_代码/第四问女胎异常判定完整复现包_20260825/正式候选输出/03_验证/第四问各异常类型训练内阈值逐孕妇.csv,40719,dd0809c78c6db882eaaac5be1c0035c9c0200db4be1c92ba13f680f4e3cf5fd0,04_第四问正式归档,已审核并通过联合总审
04_第四问/04_代码/第四问女胎异常判定完整复现包_20260825/正式候选输出/03_验证/第四问各异常类型逐孕妇留一预测.csv,336769,bbd0c64d9627936059795c00cedffcaec47b6a9d67dfd275c522e891f22f749c,04_第四问正式归档,已审核并通过联合总审
04_第四问/04_代码/第四问女胎异常判定完整复现包_20260825/正式候选输出/03_验证/第四问多标签组合逐记录结果.csv,13677,25b9cd632db902064740858c7a0adafc11426803047455112167f042888d4473,04_第四问正式归档,已审核并通过联合总审
04_第四问/04_代码/第四问女胎异常判定完整复现包_20260825/正式候选输出/03_验证/第四问总控验收清单.csv,2082,9c3c3463a3fe8b0c195143d0f3dcef58429b7602a169e90b336035eb8ec35d6d,04_第四问正式归档,已审核并通过联合总审
04_第四问/04_代码/第四问女胎异常判定完整复现包_20260825/正式候选输出/03_验证/第四问数据与评价口径敏感性.csv,3684,78a7cd1a39ba70ab3994f52ce94330924efa892a66673da7e8a57d36c0bc0625,04_第四问正式归档,已审核并通过联合总审
04_第四问/04_代码/第四问女胎异常判定完整复现包_20260825/正式候选输出/03_验证/第四问逻辑回归留一系数逐次.csv,217831,5f57e3ba5ef42e2637a60ba2765b820aa59441e4feadd07c927b1b77675a89de,04_第四问正式归档,已审核并通过联合总审
04_第四问/04_代码/第四问女胎异常判定完整复现包_20260825/正式候选输出/04_复现/第四问依赖版本.txt,133,0317334efd6edb811f59cf78372807a3740d2cf50dc242f966a56e810fe1fdf8,04_第四问正式归档,已审核并通过联合总审
04_第四问/04_代码/第四问女胎异常判定完整复现包_20260825/正式候选输出/04_复现/第四问结果文件哈希.csv,5023,1a416caf9faa90122c2127b96aa095c4b8c2343bff1f78816d6efa8cbf56f5c6,04_第四问正式归档,已审核并通过联合总审
04_第四问/04_代码/第四问女胎异常判定完整复现包_20260825/正式候选输出/04_复现/第四问自审PASS记录.json,429,4e432414d076e64052dcdc8e0fdfc5e9fdc30eb97d8966060c10b8a7b78d7ece,04_第四问正式归档,已审核并通过联合总审
04_第四问/04_代码/第四问女胎异常判定完整复现包_20260825/正式候选输出/04_复现/第四问运行清单.json,2418,a179b431e35175dc6103c83c513558ab17fe5e53ae29a70ce4c0d1a038b47ec5,04_第四问正式归档,已审核并通过联合总审
04_第四问/04_代码/第四问女胎异常判定完整复现包_20260825/正式候选输出/05_图表提示词/图01_三条候选路线外层验证比较_MATLAB_SVG提示词.txt,1129,75d515f531cb7755a1fa86a85992226efcb88659cabd85c8ffe80bef8744e5fc,04_第四问正式归档,已审核并通过联合总审
04_第四问/04_代码/第四问女胎异常判定完整复现包_20260825/正式候选输出/05_图表提示词/图02_入选模型阈值性能全曲线_MATLAB_SVG提示词.txt,942,e96ff52f48949e0caf89cc412b2f140129c63129d644f1390e8aac9bb932305e,04_第四问正式归档,已审核并通过联合总审
04_第四问/04_代码/第四问女胎异常判定完整复现包_20260825/正式候选输出/05_图表提示词/图03_入选模型特征稳定性与分型性能_MATLAB_SVG提示词.txt,1151,88bb5a91b17dfc27b159bb65897cf7d33b1dde1f744d2d1ade5b909cf553f3a3,04_第四问正式归档,已审核并通过联合总审
04_第四问/04_代码/第四问女胎异常判定完整复现包_20260825/独立复核/第四问独立审核PASS记录.json,654,4d326cb983a75c2c8f8b88ebe280f2d4faf308e4061b0a672c7a4d5c426e6d22,04_第四问正式归档,已审核并通过联合总审
04_第四问/04_代码/第四问女胎异常判定完整复现包_20260825/独立复核/第四问独立总控复核报告.md,986,2292a910c091458c9df43f78cf06319099ba68f39f01f44380de80aa1649f550,04_第四问正式归档,已审核并通过联合总审
04_第四问/04_代码/第四问女胎异常判定完整复现包_20260825/独立复核/第四问独立总控验收清单.csv,3029,0fcde8e924da924e5bd5a4b58b401b9e00d3fd491e1cb40dbd278a46a1f106c5,04_第四问正式归档,已审核并通过联合总审
04_第四问/04_代码/第四问女胎异常判定完整复现包_20260825/第四问女胎异常判定建模.py,87405,a2198f5f7fbd220243c0250ef18b42149e5a6e0a57bfee066695789485f641ba,04_第四问正式归档,已审核并通过联合总审
04_第四问/05_结果数据/.gitkeep,1,01ba4719c80b6fe911b091a7c05124b64eeece964e09c058ef8f9805daca546b,04_第四问正式归档,已审核并通过联合总审
04_第四问/05_结果数据/女胎异常判定/无自拟参数建模_20260825/02_模型结果/第四问候选路线统一比较.csv,1936,2c48e378d86475887b908e363f562b3459d6e8712f321a29009dd4f9f615d654,04_第四问正式归档,已审核并通过联合总审
04_第四问/05_结果数据/女胎异常判定/无自拟参数建模_20260825/02_模型结果/第四问入选模型全样本参数表.csv,1595,2ce98850bc688c4851be308a0bb411c253b642f1885f7252b43d65a613b20cfb,04_第四问正式归档,已审核并通过联合总审
04_第四问/05_结果数据/女胎异常判定/无自拟参数建模_20260825/02_模型结果/第四问入选模型校准十分位表.csv,1031,3fd2aa3e9b48c9c7158b5c6ab5d4be58f1e1edece3eda9e21d387938b88bf90b,04_第四问正式归档,已审核并通过联合总审
04_第四问/05_结果数据/女胎异常判定/无自拟参数建模_20260825/02_模型结果/第四问入选模型留一系数稳定性.csv,2396,89ccceca9478879ea9bc911b6c4339ab2cc9cab716cb2d0fd9ce07a69d04d8b4,04_第四问正式归档,已审核并通过联合总审
04_第四问/05_结果数据/女胎异常判定/无自拟参数建模_20260825/02_模型结果/第四问入选模型阈值性能完整曲线.csv,147421,3fca20cd2aa2b8e79284759bcc22954a1c23c59194d9c6702a9d750fd8a7b6d7,04_第四问正式归档,已审核并通过联合总审
04_第四问/05_结果数据/女胎异常判定/无自拟参数建模_20260825/02_模型结果/第四问入选模型预处理参照表.csv,1443,e24cb03c2272afbbf46e4b815373d5efbfb5e33fe007ccf6c8d062236821add7,04_第四问正式归档,已审核并通过联合总审
04_第四问/05_结果数据/女胎异常判定/无自拟参数建模_20260825/02_模型结果/第四问参数来源表.csv,2161,5ada6ec8e942e178ee3ad775663f9d6b7cffc98936bf1268514c947fd798ae14,04_第四问正式归档,已审核并通过联合总审
04_第四问/05_结果数据/女胎异常判定/无自拟参数建模_20260825/02_模型结果/第四问各异常类型全样本参数表.csv,3608,8cecc8fdf5cded84f37dd00fbe5cf6bb6b9b68fe9b3c65b385842c4611289993,04_第四问正式归档,已审核并通过联合总审
04_第四问/05_结果数据/女胎异常判定/无自拟参数建模_20260825/02_模型结果/第四问各异常类型识别指标.csv,2446,80fdbc0589bec6c1e67c73778ad370047769968564a5119e381853cdc7256c2e,04_第四问正式归档,已审核并通过联合总审
04_第四问/05_结果数据/女胎异常判定/无自拟参数建模_20260825/02_模型结果/第四问多标签组合识别摘要.csv,115,118aabe33d0b77d4f85bc0341abd40cf45e523164fbf3a88b3f573c33599e055,04_第四问正式归档,已审核并通过联合总审
04_第四问/05_结果数据/女胎异常判定/无自拟参数建模_20260825/02_模型结果/第四问推荐模型卡.md,3663,c00d37583ec9d493d49e609a1a688acf2b16d27ef52d6a4d6e0fc8d04584ff14,04_第四问正式归档,已审核并通过联合总审
04_第四问/05_结果数据/女胎异常判定/无自拟参数建模_20260825/03_验证/第四问候选路线差异整簇自助逐次.csv,26421,ab4a093be61d88d1d1110e1cfa1c7480431e8f31e3cbf9d6fc36181f3db7b0e1,04_第四问正式归档,已审核并通过联合总审
04_第四问/05_结果数据/女胎异常判定/无自拟参数建模_20260825/03_验证/第四问候选路线指标95%区间.csv,3354,2493c97e6a784b0874cfb82b83b087bd85ac22e96d31138a2f18fe9f33bf8ff7,04_第四问正式归档,已审核并通过联合总审
04_第四问/05_结果数据/女胎异常判定/无自拟参数建模_20260825/03_验证/第四问候选路线指标前缀收敛.csv,9889,33ac2c1ae72237efd1d57f5348ec645b6dfcf9c0820c0fe2b03ae80a439efbab,04_第四问正式归档,已审核并通过联合总审
04_第四问/05_结果数据/女胎异常判定/无自拟参数建模_20260825/03_验证/第四问候选路线指标整簇自助逐次.csv,470789,86877e29ef0820df3cdd51b394210573f5f9868dbc1a52515869d961823f1021,04_第四问正式归档,已审核并通过联合总审
04_第四问/05_结果数据/女胎异常判定/无自拟参数建模_20260825/03_验证/第四问候选路线训练内阈值逐孕妇.csv,54317,d6a1e8f956a70118499439d0e1debac5fe71ffdc760573d4169a1d4c025bd516,04_第四问正式归档,已审核并通过联合总审
04_第四问/05_结果数据/女胎异常判定/无自拟参数建模_20260825/03_验证/第四问候选路线逐孕妇留一逐记录.csv,271048,71753c2ae05370eee2cafed5f6ce86e2792fcaecd6b17446c39d8578dd039567,04_第四问正式归档,已审核并通过联合总审
04_第四问/05_结果数据/女胎异常判定/无自拟参数建模_20260825/03_验证/第四问内层折数敏感性.csv,329,1f710a55d28bad807aef6b52e1f638357e43fe0e43d0d3ff0d969968c3ad3f64,04_第四问正式归档,已审核并通过联合总审
04_第四问/05_结果数据/女胎异常判定/无自拟参数建模_20260825/03_验证/第四问内部总控复核报告.md,2390,443617f71ab0d5bf56d643c2f71b810cdefc82c9bd9e6a20c897258b31dd3307,04_第四问正式归档,已审核并通过联合总审
04_第四问/05_结果数据/女胎异常判定/无自拟参数建模_20260825/03_验证/第四问剪枝树留一结构逐次.csv,10887,8beb62466968c3e5b1a59f215d271268a86bdf512cb9e39953cc4108a9ba53d8,04_第四问正式归档,已审核并通过联合总审
04_第四问/05_结果数据/女胎异常判定/无自拟参数建模_20260825/03_验证/第四问各异常类型指标95%区间.csv,4388,6d98c69e00979fcd1d9e02e65fb3a86254674639a9715eccfe7e68c2416a6d29,04_第四问正式归档,已审核并通过联合总审
04_第四问/05_结果数据/女胎异常判定/无自拟参数建模_20260825/03_验证/第四问各异常类型指标整簇自助逐次.csv,797809,df7369a47156f323b68889ec82a09df95ebe264ee7d24b6011d35662ba3a9d85,04_第四问正式归档,已审核并通过联合总审
04_第四问/05_结果数据/女胎异常判定/无自拟参数建模_20260825/03_验证/第四问各异常类型训练内阈值逐孕妇.csv,40719,dd0809c78c6db882eaaac5be1c0035c9c0200db4be1c92ba13f680f4e3cf5fd0,04_第四问正式归档,已审核并通过联合总审
04_第四问/05_结果数据/女胎异常判定/无自拟参数建模_20260825/03_验证/第四问各异常类型逐孕妇留一预测.csv,336769,bbd0c64d9627936059795c00cedffcaec47b6a9d67dfd275c522e891f22f749c,04_第四问正式归档,已审核并通过联合总审
04_第四问/05_结果数据/女胎异常判定/无自拟参数建模_20260825/03_验证/第四问多标签组合逐记录结果.csv,13677,25b9cd632db902064740858c7a0adafc11426803047455112167f042888d4473,04_第四问正式归档,已审核并通过联合总审
04_第四问/05_结果数据/女胎异常判定/无自拟参数建模_20260825/03_验证/第四问总控验收清单.csv,2082,9c3c3463a3fe8b0c195143d0f3dcef58429b7602a169e90b336035eb8ec35d6d,04_第四问正式归档,已审核并通过联合总审
04_第四问/05_结果数据/女胎异常判定/无自拟参数建模_20260825/03_验证/第四问数据与评价口径敏感性.csv,3684,78a7cd1a39ba70ab3994f52ce94330924efa892a66673da7e8a57d36c0bc0625,04_第四问正式归档,已审核并通过联合总审
04_第四问/05_结果数据/女胎异常判定/无自拟参数建模_20260825/03_验证/第四问逻辑回归留一系数逐次.csv,217831,5f57e3ba5ef42e2637a60ba2765b820aa59441e4feadd07c927b1b77675a89de,04_第四问正式归档,已审核并通过联合总审
04_第四问/06_图表/.gitkeep,1,01ba4719c80b6fe911b091a7c05124b64eeece964e09c058ef8f9805daca546b,04_第四问正式归档,已审核并通过联合总审
04_第四问/06_图表/女胎异常判定/制图提示词/无自拟参数建模_20260825/图01_三条候选路线外层验证比较_MATLAB_SVG提示词.txt,1129,75d515f531cb7755a1fa86a85992226efcb88659cabd85c8ffe80bef8744e5fc,04_第四问正式归档,已审核并通过联合总审
04_第四问/06_图表/女胎异常判定/制图提示词/无自拟参数建模_20260825/图02_入选模型阈值性能全曲线_MATLAB_SVG提示词.txt,942,e96ff52f48949e0caf89cc412b2f140129c63129d644f1390e8aac9bb932305e,04_第四问正式归档,已审核并通过联合总审
04_第四问/06_图表/女胎异常判定/制图提示词/无自拟参数建模_20260825/图03_入选模型特征稳定性与分型性能_MATLAB_SVG提示词.txt,1151,88bb5a91b17dfc27b159bb65897cf7d33b1dde1f744d2d1ade5b909cf553f3a3,04_第四问正式归档,已审核并通过联合总审
04_第四问/07_手写正文素材/.gitkeep,1,01ba4719c80b6fe911b091a7c05124b64eeece964e09c058ef8f9805daca546b,04_第四问正式归档,已审核并通过联合总审
04_第四问/08_复核记录/.gitkeep,1,01ba4719c80b6fe911b091a7c05124b64eeece964e09c058ef8f9805daca546b,04_第四问正式归档,已审核并通过联合总审
04_第四问/08_复核记录/女胎异常判定/无自拟参数建模_20260825/04_复现/第四问依赖版本.txt,133,0317334efd6edb811f59cf78372807a3740d2cf50dc242f966a56e810fe1fdf8,04_第四问正式归档,已审核并通过联合总审
04_第四问/08_复核记录/女胎异常判定/无自拟参数建模_20260825/04_复现/第四问结果文件哈希.csv,5023,1a416caf9faa90122c2127b96aa095c4b8c2343bff1f78816d6efa8cbf56f5c6,04_第四问正式归档,已审核并通过联合总审
04_第四问/08_复核记录/女胎异常判定/无自拟参数建模_20260825/04_复现/第四问自审PASS记录.json,429,4e432414d076e64052dcdc8e0fdfc5e9fdc30eb97d8966060c10b8a7b78d7ece,04_第四问正式归档,已审核并通过联合总审
04_第四问/08_复核记录/女胎异常判定/无自拟参数建模_20260825/04_复现/第四问运行清单.json,2418,a179b431e35175dc6103c83c513558ab17fe5e53ae29a70ce4c0d1a038b47ec5,04_第四问正式归档,已审核并通过联合总审
04_第四问/08_复核记录/女胎异常判定/无自拟参数建模_20260825/独立复核/第四问独立审核PASS记录.json,654,4d326cb983a75c2c8f8b88ebe280f2d4faf308e4061b0a672c7a4d5c426e6d22,04_第四问正式归档,已审核并通过联合总审
04_第四问/08_复核记录/女胎异常判定/无自拟参数建模_20260825/独立复核/第四问独立总控复核报告.md,986,2292a910c091458c9df43f78cf06319099ba68f39f01f44380de80aa1649f550,04_第四问正式归档,已审核并通过联合总审
04_第四问/08_复核记录/女胎异常判定/无自拟参数建模_20260825/独立复核/第四问独立总控验收清单.csv,3029,0fcde8e924da924e5bd5a4b58b401b9e00d3fd491e1cb40dbd278a46a1f106c5,04_第四问正式归档,已审核并通过联合总审
04_第四问/08_复核记录/女胎异常判定/无自拟参数建模_20260825/第四问内部总控复核报告.md,2390,443617f71ab0d5bf56d643c2f71b810cdefc82c9bd9e6a20c897258b31dd3307,04_第四问正式归档,已审核并通过联合总审
04_第四问/08_复核记录/女胎异常判定/无自拟参数建模_20260825/第四问总控验收清单.csv,2082,9c3c3463a3fe8b0c195143d0f3dcef58429b7602a169e90b336035eb8ec35d6d,04_第四问正式归档,已审核并通过联合总审
04_第四问/README.md,253,64efab19294c145fe998fbf6025f82d670e8eaeaecc77436cba6c5b098a43531,04_第四问正式归档,已审核并通过联合总审
04_第四问/README_当前有效版本.md,4146,5c5d95e48eb42cb7299adacb0073e2a432b0959b517c807a0903ef9dd53676ae,04_第四问正式归档,已审核并通过联合总审
05_公共材料/01_统一符号/.gitkeep,1,01ba4719c80b6fe911b091a7c05124b64eeece964e09c058ef8f9805daca546b,四问公共审核材料,已审核通过
05_公共材料/02_公共数据/.gitkeep,1,01ba4719c80b6fe911b091a7c05124b64eeece964e09c058ef8f9805daca546b,四问公共审核材料,已审核通过
05_公共材料/03_公共代码/.gitkeep,1,01ba4719c80b6fe911b091a7c05124b64eeece964e09c058ef8f9805daca546b,四问公共审核材料,已审核通过
05_公共材料/04_公共图表/.gitkeep,1,01ba4719c80b6fe911b091a7c05124b64eeece964e09c058ef8f9805daca546b,四问公共审核材料,已审核通过
05_公共材料/05_文献资料/.gitkeep,1,01ba4719c80b6fe911b091a7c05124b64eeece964e09c058ef8f9805daca546b,四问公共审核材料,已审核通过
05_公共材料/README.md,176,38692b1ad4f67a7fa0838a233b13b3086a62fc48fd46760d38d72c4f0c5e822a,四问公共审核材料,已审核通过
05_公共材料/四问统一口径与论文手使用说明_20260825.md,4105,4e4f8605b7616eba74092fb52b114ee39a1c20b5bba7aa2b20dfea15d01c058e,四问公共审核材料,已审核通过
05_公共材料/四问联合总审_20260825/四问联合PASS记录.json,447,947a889a2d5936e607f26cfab4eb0d3069bc22bb1962e35f950eac038b53adc9,四问公共审核材料,已审核通过
05_公共材料/四问联合总审_20260825/四问联合总审.py,22955,6340d36ea8a0fb8dd23ef261753b094a2bc85db3361f988a98f0d86a1029dc2c,四问公共审核材料,已审核通过
05_公共材料/四问联合总审_20260825/四问联合总审报告.md,976,ad3cffdc8493052398bfeb4af0925f2eb5c121f0b46de208fe23c7fba4e01473,四问公共审核材料,已审核通过
05_公共材料/四问联合总审_20260825/四问联合验收清单.csv,6913,fc6d33641dfc7da719f938db2093c35fd99a340b14eced3dcec6a7864a80b31d,四问公共审核材料,已审核通过
05_公共材料/最终工作区复核_20260825/最终工作区PASS记录.json,227,734d0e34e7184986660dc35949817d14a8737bd4763fc8106faf7ef85e573e1f,四问公共审核材料,已审核通过
05_公共材料/最终工作区复核_20260825/最终工作区复核.py,14575,6fd146e109db3f0f077d67cbf29bf81859f86d25270b669afec2da64030eae60,四问公共审核材料,已审核通过
05_公共材料/最终工作区复核_20260825/最终工作区复核报告.md,266,87db1c5b4bd660477aa7026398a6d28362e4ef50f190fb5bf7c77e7d4c68d984,四问公共审核材料,已审核通过
05_公共材料/最终工作区复核_20260825/最终工作区验收清单.csv,7346,0fdb8b28beb8f844a7ded668a29e818264b02638a57ef6431abebe859b20936f,四问公共审核材料,已审核通过
06_论文总稿/01_摘要/.gitkeep,1,01ba4719c80b6fe911b091a7c05124b64eeece964e09c058ef8f9805daca546b,论文手预留目录,未由建模代理写入正文
06_论文总稿/02_问题重述/.gitkeep,1,01ba4719c80b6fe911b091a7c05124b64eeece964e09c058ef8f9805daca546b,论文手预留目录,未由建模代理写入正文
06_论文总稿/03_模型假设/.gitkeep,1,01ba4719c80b6fe911b091a7c05124b64eeece964e09c058ef8f9805daca546b,论文手预留目录,未由建模代理写入正文
06_论文总稿/04_符号说明/.gitkeep,1,01ba4719c80b6fe911b091a7c05124b64eeece964e09c058ef8f9805daca546b,论文手预留目录,未由建模代理写入正文
06_论文总稿/05_各问正文整合/.gitkeep,1,01ba4719c80b6fe911b091a7c05124b64eeece964e09c058ef8f9805daca546b,论文手预留目录,未由建模代理写入正文
06_论文总稿/06_模型评价与推广/.gitkeep,1,01ba4719c80b6fe911b091a7c05124b64eeece964e09c058ef8f9805daca546b,论文手预留目录,未由建模代理写入正文
06_论文总稿/07_参考文献/.gitkeep,1,01ba4719c80b6fe911b091a7c05124b64eeece964e09c058ef8f9805daca546b,论文手预留目录,未由建模代理写入正文
06_论文总稿/README.md,269,4029d8946060555e26421ca2b47f6fb464ee0b5745fb1240ff5f555e243c87a9,论文手预留目录,未由建模代理写入正文
07_最终提交/01_论文定稿/.gitkeep,1,01ba4719c80b6fe911b091a7c05124b64eeece964e09c058ef8f9805daca546b,论文手预留目录,未由建模代理写入正文
07_最终提交/02_支撑材料/.gitkeep,1,01ba4719c80b6fe911b091a7c05124b64eeece964e09c058ef8f9805daca546b,论文手预留目录,未由建模代理写入正文
07_最终提交/03_代码附件/.gitkeep,1,01ba4719c80b6fe911b091a7c05124b64eeece964e09c058ef8f9805daca546b,论文手预留目录,未由建模代理写入正文
07_最终提交/04_提交前检查/.gitkeep,1,01ba4719c80b6fe911b091a7c05124b64eeece964e09c058ef8f9805daca546b,论文手预留目录,未由建模代理写入正文
07_最终提交/README.md,155,3da677963dfc5f422d36fa20a1467dbe70aa048966ef8c79e13c35325a67c877,论文手预留目录,未由建模代理写入正文
08_发布与复核/发布审计说明.md,2208,7391423790ab554345166ee7aa866dfe5a5cd8d8bb09fc1fbd5b1c5d16b8b816,GitHub发布与复核材料,发布辅助材料
README.md,4353,ddbe1287b10ec9d25147600083fd67e723fa7101576ed454788a9f0373b9503f,GitHub发布与复核材料,发布辅助材料
README_建模材料总索引.md,3471,11d2a1d2bf566a521d85d05ab540e7305f00a4713a5c70308a81a85644cfb57e,GitHub发布与复核材料,发布辅助材料
tools/build_approved_manifest.py,2429,e94601b09ca26ac551d8763bf73e62b254cb4b2b3dcb6178723f4760d0109a48,GitHub发布与复核材料,发布辅助材料
tools/verify_repository.py,7865,ef688567d80172624dba13c79e941694e25efe300b74d6de3e4c2b0d95e7b1ec,GitHub发布与复核材料,发布辅助材料
