自助序号,异常类型,路线,真阳性,假阳性,假阴性,真阴性,灵敏度,特异度,精确率,F1分数,马修斯相关系数,平衡准确率,准确率,ROC曲线下面积,PR曲线下面积,实际异常比例,预测异常比例,布里尔分数,对数损失,校准截距,校准斜率,校准实际异常比例,校准平均预测概率
1,T13,对应染色体三标准差Z值规则,0.4,4.780952380952382,8.366666666666667,133.45238095238096,0.045627376425855515,0.9654138964483792,0.07720588235294117,0.05735745988391942,0.014179819343164025,0.5055206364371173,0.9105604146420474,0.5440680992011792,0.10054283017504854,0.05963718820861677,0.03524457402008422,,,,,,
1,T13,L1正则多因素逻辑回归,1.5,5.45,7.266666666666667,132.78333333333333,0.1711026615969582,0.960573908849771,0.2158273381294964,0.19088016967126195,0.14692584091247884,0.5658382852233645,0.9134920634920635,0.5773796152713159,0.21765933292825068,0.05963718820861677,0.04727891156462585,0.05424554233326628,0.24931228065783712,-1.5503297263492526,0.32458445716792256,0.05963718820861677,0.04398780003340693
1,T18,对应染色体三标准差Z值规则,0.0,8.214285714285714,14.733333333333333,124.05238095238096,0.0,0.9378960253456221,0.0,,-0.08119659601663397,0.46894801267281105,0.8438937479753806,0.5695842271461935,0.11666194329304846,0.1002267573696145,0.055879494655004865,,,,,,
1,T18,L1正则多因素逻辑回归,7.1,4.916666666666666,7.633333333333334,127.35,0.48190045248868774,0.962827620967742,0.5908460471567268,0.5308411214953271,0.4874590922268282,0.7223640367282149,0.914625850340136,0.8547127423394918,0.6717077522703141,0.1002267573696145,0.08174603174603173,0.053054872128941354,0.21329379338173465,-0.25725251253790593,0.7995829997995577,0.1002267573696145,0.09767622076829344
1,T21,对应染色体三标准差Z值规则,0.0,0.0,2.3333333333333335,144.66666666666669,0.0,1.0,,,,0.5,0.9841269841269841,0.6738385215837486,0.03562323911606792,0.015873015873015872,0.0,,,,,,
1,T21,L1正则多因素逻辑回归,0.25,0.5,2.0833333333333335,144.16666666666666,0.10714285714285714,0.9965437788018433,0.3333333333333333,0.16216216216216214,0.18189335989946678,0.5518433179723502,0.9824263038548752,0.5240947992100065,0.12605708258400247,0.015873015873015872,0.00510204081632653,0.014953980966995654,0.08329242542791176,-2.1149916157685573,0.5300698722254067,0.015873015873015872,0.024739222295030297
2,T13,对应染色体三标准差Z值规则,0.4,3.1666666666666665,5.416666666666667,138.01666666666665,0.06876790830945559,0.9775705347656711,0.11214953271028039,0.0852575488454707,0.05871025066931611,0.5231692215375634,0.941609977324263,0.5473246640086209,0.07675338765074345,0.039569160997732424,0.024263038548752835,,,,,,
2,T13,L1正则多因素逻辑回归,0.75,4.7,5.066666666666666,136.48333333333335,0.12893982808022922,0.9667099515995751,0.13761467889908258,0.1331360946745562,0.09868691887506327,0.5478248898399022,0.933560090702948,0.5401732998374025,0.15250556275047847,0.039569160997732424,0.03707482993197279,0.03755141185874786,0.18472062607638007,-2.2279547358648073,0.24789019448620472,0.039569160997732424,0.038090192396323164
2,T18,对应染色体三标准差Z值规则,0.0,4.476190476190475,9.933333333333334,132.5904761904762,0.0,0.967342968315731,0.0,,-0.04770810291387969,0.4836714841578655,0.9019760285066407,0.6064346682938445,0.09237880879281016,0.0675736961451247,0.030450275348234534,,,,,,
2,T18,L1正则多因素逻辑回归,3.95,5.5,5.983333333333333,131.56666666666666,0.3976510067114094,0.9598735408560312,0.417989417989418,0.40756663800515913,0.36590900234691975,0.6787622737837202,0.9218820861678003,0.8352185370041523,0.5472596774417612,0.0675736961451247,0.06428571428571428,0.046046619909967834,0.18187175586106158,-0.7191412158736763,0.7315780643383768,0.0675736961451247,0.08078039893424242
2,T21,对应染色体三标准差Z值规则,0.0,0.0,1.6666666666666665,145.33333333333331,0.0,1.0,,,,0.5,0.9886621315192744,0.6186839231105284,0.0227238446941126,0.011337868480725622,0.0,,,,,,
2,T21,L1正则多因素逻辑回归,0.0,0.0,1.6666666666666665,145.33333333333331,0.0,1.0,,,,0.5,0.9886621315192744,0.6667125382262997,0.02767559822708268,0.011337868480725622,0.0,0.011481376574700629,0.06551514022411264,-2.1459759905003493,0.6100020166354819,0.011337868480725622,0.023573427028727667
3,T13,对应染色体三标准差Z值规则,0.2,3.0666666666666664,6.45,137.28333333333333,0.03007518796992481,0.9781498634366466,0.06122448979591837,0.04033613445378151,0.011596434862581502,0.5041125257032857,0.9352607709750566,0.31516234391430925,0.03552084684745603,0.045238095238095244,0.022222222222222223,,,,,,
3,T13,L1正则多因素逻辑回归,1.5,4.4,5.15,135.95,0.22556390977443608,0.9686498040612753,0.2542372881355932,0.2390438247011952,0.2056399130354696,0.5971068569178557,0.9350340136054421,0.6141512023905933,0.2489996653896529,0.045238095238095244,0.04013605442176871,0.03898225443245898,0.18648267145451541,-1.4199428734615718,0.4489930579738754,0.045238095238095244,0.04071417913574361
3,T18,对应染色体三标准差Z值规则,0.0,4.0928571428571425,11.25,131.65714285714284,0.0,0.9698500394632991,0.0,,-0.0487183607557668,0.48492501973164953,0.8956268221574343,0.6111010509471733,0.10488988118218481,0.07653061224489796,0.027842565597667637,,,,,,
3,T18,L1正则多因素逻辑回归,4.0,3.25,7.25,132.5,0.35555555555555557,0.9760589318600368,0.5517241379310345,0.4324324324324324,0.4071315553448381,0.6658072437077962,0.9285714285714286,0.8794249206674007,0.5847332229131813,0.07653061224489796,0.04931972789115646,0.04780023785694794,0.17743552685902056,0.058895319817323245,0.9713765257645742,0.07653061224489796,0.07132825144989273
3,T21,对应染色体三标准差Z值规则,0.0,0.0,3.583333333333333,143.41666666666666,0.0,1.0,,,,0.5,0.9756235827664398,0.4761030923456772,0.0338385216911237,0.02437641723356009,0.0,,,,,,
3,T21,L1正则多因素逻辑回归,1.0,0.0,2.583333333333333,143.41666666666666,0.27906976744186046,1.0,1.0,0.43636363636363634,0.5235760585976671,0.6395348837209303,0.9824263038548752,0.7221367473519413,0.31671673730604694,0.02437641723356009,0.006802721088435374,0.01901663550276583,0.09342889322469033,0.9989995214715593,1.3499705890076363,0.02437641723356009,0.027115450299212224
4,T13,对应染色体三标准差Z值规则,0.0,4.454761904761905,1.75,140.79523809523812,0.0,0.9693303827555119,0.0,,-0.019404249292086343,0.48466519137775593,0.9577907353417557,0.2952911744158364,0.009898282399499844,0.011904761904761904,0.03030450275348234,,,,,,
4,T13,L1正则多因素逻辑回归,0.0,4.95,1.75,140.3,0.0,0.9659208261617901,0.0,,-0.020490046040533224,0.48296041308089505,0.9544217687074831,0.6997295303663635,0.05662438644316607,0.011904761904761904,0.0336734693877551,0.013981445165474027,0.07322022905958983,-2.2055040577557974,0.6237087791115452,0.011904761904761904,0.035391849774317294
4,T18,对应染色体三标准差Z值规则,0.0,6.721428571428572,11.166666666666668,129.11190476190478,0.0,0.9505170902716916,0.0,,-0.06276155909873127,0.4752585451358458,0.8783122772918691,0.6232257904168903,0.10936786112444037,0.07596371882086167,0.045724003887269195,,,,,,
4,T18,L1正则多因素逻辑回归,4.0,5.25,7.166666666666667,130.58333333333334,0.3582089552238806,0.9613496932515337,0.43243243243243246,0.39183673469387753,0.34865737887788417,0.6597793242377071,0.9155328798185942,0.8169839496644735,0.4596980508491308,0.07596371882086167,0.06292517006802721,0.0567311440673353,0.2167003572533967,-0.617003806544596,0.6698608266530216,0.07596371882086167,0.07852173158047003
4,T21,对应染色体三标准差Z值规则,0.0,0.0,3.0,144.0,0.0,1.0,,,,0.5,0.9795918367346939,0.6093253968253971,0.029896242718924444,0.02040816326530612,0.0,,,,,,
4,T21,L1正则多因素逻辑回归,0.0,0.0,3.0,144.0,0.0,1.0,,,,0.5,0.9795918367346939,0.30333673206937084,0.017357710064501177,0.02040816326530612,0.0,0.02053618447629786,0.11402207662395626,-8.172500723901942,-1.0119835701950461,0.02040816326530612,0.021757737383074394
5,T13,对应染色体三标准差Z值规则,0.2,3.388095238095238,5.133333333333333,138.2785714285714,0.037500000000000006,0.9760840336134453,0.055739880557398806,0.04483586869495596,0.01646028559585387,0.5067920168067227,0.9420310981535471,0.37198566176470604,0.03248779414960315,0.036281179138321996,0.02440881114350502,,,,,,
5,T13,L1正则多因素逻辑回归,1.8333333333333333,2.5,3.5,139.16666666666666,0.34375,0.9823529411764705,0.4230769230769231,0.3793103448275862,0.36050858517074996,0.6630514705882353,0.9591836734693877,0.7269549894957983,0.5118939921050504,0.036281179138321996,0.029478458049886618,0.026165968333275176,0.12750921967226744,-0.22212541852476994,0.9340930328463734,0.036281179138321996,0.03802457203306332
5,T18,对应染色体三标准差Z值规则,0.0,6.5214285714285705,10.333333333333332,130.14523809523808,0.0,0.9522822299651568,0.0,,-0.0592454835472211,0.4761411149825784,0.8853417557499189,0.656871754523997,0.10923137113279699,0.07029478458049886,0.04436345966958212,,,,,,
5,T18,L1正则多因素逻辑回归,3.45,3.833333333333333,6.883333333333334,132.83333333333334,0.3338709677419355,0.9719512195121951,0.4736842105263158,0.39167455061494794,0.3602726627975379,0.6529110936270652,0.9270975056689342,0.848525851410588,0.5122469441190116,0.07029478458049886,0.04954648526077098,0.04790847925568245,0.18463194548848152,-0.35642165800734865,0.7793875257467238,0.07029478458049886,0.06829199070834488
5,T21,对应染色体三标准差Z值规则,0.0,0.0,4.25,142.75,0.0,1.0,,,,0.5,0.9710884353741497,0.36914352430989916,0.026247311549439503,0.02891156462585034,0.0,,,,,,
5,T21,L1正则多因素逻辑回归,1.8333333333333333,1.0,2.4166666666666665,141.75,0.4313725490196078,0.9929947460595446,0.6470588235294118,0.5176470588235293,0.517181719783166,0.7121836475395762,0.9767573696145125,0.5841345061083394,0.4507486845601937,0.02891156462585034,0.01927437641723356,0.019822315769606035,0.10589736039111759,0.3807307474127111,1.1301069209861612,0.02891156462585034,0.029326511808930287
6,T13,对应染色体三标准差Z值规则,0.4,4.171428571428572,6.533333333333333,135.89523809523808,0.057692307692307696,0.9702182634119807,0.0875,0.06953642384105961,0.03408651737674091,0.5139552855521442,0.9271784904437965,0.5449891785788383,0.07380855443870117,0.047165532879818596,0.031098153547133137,,,,,,
6,T13,L1正则多因素逻辑回归,0.5,3.45,6.433333333333334,136.61666666666667,0.07211538461538461,0.9753688719657306,0.12658227848101264,0.09188361408882081,0.06225089516430581,0.5237421282905577,0.9327664399092971,0.6763481936911258,0.21997380601483038,0.047165532879818596,0.02687074829931973,0.04174800282478041,0.18617671122198753,-1.01320312174534,0.5363260096241345,0.047165532879818596,0.03535655897741011
6,T18,对应染色体三标准差Z值规则,0.0,8.530952380952382,11.749999999999998,126.71904761904761,0.0,0.9369245664994278,0.0,,-0.07315983253891432,0.4684622832497139,0.8620343375445416,0.5373005031730007,0.08635774955234715,0.07993197278911565,0.05803368966634273,,,,,,
6,T18,L1正则多因素逻辑回归,4.1,3.833333333333333,7.65,131.41666666666666,0.3489361702127659,0.9716574245224892,0.5168067226890757,0.4165961049957663,0.38477162516966673,0.6602967973676275,0.9218820861678003,0.8658115326727434,0.5621074636627623,0.07993197278911565,0.05396825396825397,0.05071754225282419,0.1905440900026196,-0.2209890435666263,0.8347045781782851,0.07993197278911565,0.07701838759623132
6,T21,对应染色体三标准差Z值规则,0.0,0.0,3.1666666666666665,143.83333333333331,0.0,1.0,,,,0.5,0.9784580498866213,0.5262394108097589,0.024811345733437462,0.021541950113378682,0.0,,,,,,
6,T21,L1正则多因素逻辑回归,0.25,0.5,2.9166666666666665,143.33333333333331,0.07894736842105264,0.996523754345307,0.3333333333333333,0.12765957446808512,0.1537918034736191,0.5377355613831798,0.9767573696145125,0.49111393779930707,0.11081109826193167,0.021541950113378682,0.00510204081632653,0.020279309044843586,0.10737186106612838,-2.8331348535882017,0.249220862989712,0.021541950113378682,0.02324132486009144
7,T13,对应染色体三标准差Z值规则,0.2,1.8166666666666667,5.8,139.18333333333334,0.03333333333333333,0.9871158392434989,0.09917355371900827,0.0498960498960499,0.034784424416571015,0.5102245862884162,0.9481859410430838,0.5678349093774626,0.11285394552579106,0.04081632653061224,0.013718820861678005,,,,,,
7,T13,L1正则多因素逻辑回归,1.25,4.2,4.75,136.8,0.20833333333333334,0.9702127659574469,0.2293577981651376,0.2183406113537118,0.18697449120758394,0.5892730496453901,0.9391156462585035,0.5743873128447597,0.2100488265581842,0.04081632653061224,0.03707482993197279,0.03752638148122419,0.18034540317781483,-1.7405738532237458,0.37478019260122153,0.04081632653061224,0.038604827782759796
7,T18,对应染色体三标准差Z值规则,0.0,3.05,12.7,131.25,0.0,0.97728965003723,0.0,,-0.04476184089520602,0.488644825018615,0.8928571428571429,0.6082209753564873,0.12175177991347327,0.08639455782312924,0.02074829931972789,,,,,,
7,T18,L1正则多因素逻辑回归,6.95,2.25,5.750000000000001,132.05,0.5472440944881889,0.9832464631422189,0.7554347826086957,0.6347031963470319,0.6153171254701121,0.7652452788152039,0.9455782312925171,0.9238460791805344,0.783051043094864,0.08639455782312924,0.06258503401360543,0.03632300399363674,0.14258613735100473,0.3495201843741975,1.129896200057578,0.08639455782312924,0.08080328632385525
7,T21,对应染色体三标准差Z值规则,0.0,0.0,3.6666666666666665,143.33333333333331,0.0,1.0,,,,0.5,0.9750566893424036,0.5745216701902749,0.032584848339122084,0.02494331065759637,0.0,,,,,,
7,T21,L1正则多因素逻辑回归,0.0,0.0,3.6666666666666665,143.33333333333331,0.0,1.0,,,,0.5,0.9750566893424036,0.4473916490486257,0.03074519847222203,0.02494331065759637,0.0,0.024761473884690865,0.1283012950341656,-5.22485681627973,-0.37785108055755373,0.02494331065759637,0.02241796918485353
8,T13,对应染色体三标准差Z值规则,0.2,3.7547619047619047,7.316666666666667,135.72857142857143,0.026607538802660754,0.9730809279142414,0.050571944611679714,0.034869240348692404,-0.00042411280291099326,0.4998442333584511,0.9246841593780368,0.4825500674029945,0.061989293608183615,0.051133786848072564,0.02690314220926466,,,,,,
8,T13,L1正则多因素逻辑回归,0.9166666666666666,2.5,6.6,136.98333333333332,0.12195121951219512,0.9820767116740351,0.2682926829268293,0.16768292682926828,0.1520794191648394,0.5520139655931151,0.938095238095238,0.5690300187355231,0.2718022517469442,0.051133786848072564,0.023242630385487528,0.04429974171735065,0.21313017869417636,-1.513902946539693,0.373183608030585,0.051133786848072564,0.036130977411550726
8,T18,对应染色体三标准差Z值规则,0.0,5.321428571428572,10.95,130.72857142857143,0.0,0.960886228802436,0.0,,-0.054981909734724686,0.480443114401218,0.889310009718173,0.5589859866792702,0.08366100834536255,0.07448979591836734,0.03620019436345967,,,,,,
8,T18,L1正则多因素逻辑回归,2.9,3.25,8.05,132.79999999999998,0.2648401826484018,0.9761117236310181,0.47154471544715443,0.3391812865497076,0.3159880913403631,0.6204759531397099,0.9231292517006804,0.825151337966429,0.45989184084872275,0.07448979591836734,0.04183673469387755,0.0537781658933362,0.20703110027781738,-0.4022110108439108,0.7197544851915324,0.07448979591836734,0.0687300756881057
8,T21,对应染色体三标准差Z值规则,0.0,0.0,4.833333333333333,142.16666666666666,0.0,1.0,,,,0.5,0.9671201814058956,0.4517995021916273,0.03204222932264885,0.032879818594104306,0.0,,,,,,
8,T21,L1正则多因素逻辑回归,0.9166666666666666,0.5,3.9166666666666665,141.66666666666666,0.1896551724137931,0.9964830011723329,0.6470588235294118,0.29333333333333333,0.33975671211227493,0.593069086793063,0.9699546485260769,0.5481592062786227,0.23371955460617855,0.032879818594104306,0.00963718820861678,0.027874510265937125,0.1386420748845344,-0.6440315134630519,0.7464757069703566,0.032879818594104306,0.02726129536616702
9,T13,对应染色体三标准差Z值规则,0.2,4.688095238095237,5.8166666666666655,136.2952380952381,0.033240997229916906,0.9667471670072451,0.040915733073550904,0.036681222707423584,-1.3078955364631205e-05,0.499994082118581,0.9285390346614836,0.4805931460578823,0.05560932081962363,0.0409297052154195,0.03325234855847101,,,,,,
9,T13,L1正则多因素逻辑回归,1.8333333333333333,3.2,4.183333333333334,137.78333333333333,0.3047091412742382,0.977302281593569,0.36423841059602646,0.3318250377073906,0.3072610595658424,0.6410057114339036,0.9497732426303855,0.680381540083495,0.32106434746900686,0.0409297052154195,0.03424036281179138,0.03437950535228632,0.15936421440375256,-1.0784681671483343,0.5994144882740515,0.0409297052154195,0.04374140999840451
9,T18,对应染色体三标准差Z值规则,0.0,6.047619047619047,12.05,128.90238095238095,0.0,0.9551862241747385,0.0,,-0.061896071275856904,0.47759311208736926,0.8768869452542922,0.5341527368004058,0.08755093550776796,0.08197278911564625,0.04114026563006155,,,,,,
9,T18,L1正则多因素逻辑回归,4.9,3.4166666666666665,7.1499999999999995,131.53333333333336,0.4066390041493776,0.9746819809806102,0.5891783567134269,0.4811783960720131,0.452776513331008,0.690660492564994,0.9281179138321995,0.8696170765079029,0.5980874170481657,0.08197278911564625,0.05657596371882086,0.04995912281852808,0.18849661819368585,-0.3132569120408106,0.8102805561029394,0.08197278911564625,0.0817875797066077
9,T21,对应染色体三标准差Z值规则,0.0,0.0,4.083333333333333,142.91666666666666,0.0,1.0,,,,0.5,0.9722222222222222,0.5261587717136,0.03464503559871968,0.027777777777777776,0.0,,,,,,
9,T21,L1正则多因素逻辑回归,0.8333333333333333,1.0,3.2499999999999996,141.91666666666666,0.20408163265306123,0.993002915451895,0.45454545454545453,0.2816901408450704,0.2918416434867331,0.5985422740524782,0.9710884353741497,0.5221472912363613,0.23288095301741954,0.027777777777777776,0.012471655328798185,0.02359530129881315,0.122027377001222,-0.8771455368405587,0.7218144722576896,0.027777777777777776,0.02626722921904423
10,T13,对应染色体三标准差Z值规则,0.6,2.3714285714285714,6.366666666666666,137.66190476190474,0.0861244019138756,0.9830652565715646,0.2019230769230769,0.12074748442740778,0.10446298753374217,0.5345948292427201,0.9405571752510528,0.5283058032434746,0.10134303613249412,0.04739229024943311,0.020213799805636538,,,,,,
10,T13,L1正则多因素逻辑回归,0.75,2.95,6.216666666666667,137.08333333333331,0.10765550239234449,0.9789335872411331,0.2027027027027027,0.140625,0.11745390098246146,0.5432945448167388,0.9376417233560091,0.6185065545211625,0.2012951899320978,0.04739229024943311,0.025170068027210887,0.04301828005681918,0.1974468226511928,-1.4740868370598152,0.4151948065328787,0.04739229024943311,0.041252136592233535
10,T18,对应染色体三标准差Z值规则,0.0,4.538095238095239,12.116666666666665,130.3452380952381,0.0,0.9663554041411448,0.0,,-0.05349335844534691,0.4831777020705724,0.8867022999676062,0.5534192959294654,0.09867090652307764,0.08242630385487529,0.030871396177518627,,,,,,
10,T18,L1正则多因素逻辑回归,4.95,3.9166666666666665,7.166666666666667,130.96666666666667,0.40852819807427787,0.9709625602372421,0.5582706766917294,0.47180301826846704,0.43837168256488007,0.68974537915576,0.9246031746031745,0.8927475466536259,0.6244312553467695,0.08242630385487529,0.06031746031746032,0.0484810420003279,0.17750802221329665,-0.2056690867395201,0.9286611482212825,0.08242630385487529,0.08727136891866284
10,T21,对应染色体三标准差Z值规则,0.0,0.0,4.833333333333333,142.16666666666669,0.0,1.0,,,,0.5,0.9671201814058956,0.5680158120571264,0.04498525881909344,0.032879818594104306,0.0,,,,,,
10,T21,L1正则多因素逻辑回归,0.0,0.0,4.833333333333333,142.16666666666669,0.0,1.0,,,,0.5,0.9671201814058956,0.47637344868011455,0.039746241188886464,0.032879818594104306,0.0,0.03224175399671252,0.15756787673734998,-4.359010946268195,-0.2463554334603939,0.032879818594104306,0.024536548463568206
11,T13,对应染色体三标准差Z值规则,0.0,2.776190476190476,5.533333333333333,138.6904761904762,0.0,0.9803756563888516,0.0,,-0.02743926695971507,0.4901878281944258,0.9434726271460966,0.47972443834852013,0.05003775739371595,0.03764172335600907,0.018885649497894393,,,,,,
11,T13,L1正则多因素逻辑回归,0.25,2.7,5.283333333333333,138.76666666666665,0.045180722891566265,0.980914231856739,0.0847457627118644,0.058939096267190565,0.03541680543955923,0.5130474773741526,0.9456916099773242,0.6158516184030589,0.14903566505181348,0.03764172335600907,0.020068027210884354,0.03504535524126512,0.16562040129220787,-1.6762996086457178,0.4087200887280585,0.03764172335600907,0.03535182038041469
11,T18,对应染色体三标准差Z值规则,0.0,6.535714285714286,8.583333333333332,131.88095238095238,0.0,0.9527823170207277,0.0,,-0.053715221111624564,0.47639115851036384,0.8971493359248461,0.5152840489842998,0.06033303787398023,0.05839002267573695,0.04446064139941691,,,,,,
11,T18,L1正则多因素逻辑回归,3.15,5.25,5.433333333333334,133.16666666666666,0.3669902912621359,0.9620710415412402,0.375,0.3709519136408243,0.332412829270568,0.6645306664016881,0.9273242630385488,0.8232901156581476,0.5229483057647186,0.05839002267573695,0.05714285714285715,0.04053812184169001,0.16696853977773632,-0.6145824566961838,0.7730139023367809,0.05839002267573695,0.06841778884193948
11,T21,对应染色体三标准差Z值规则,0.0,0.0,5.25,141.75,0.0,1.0,,,,0.5,0.9642857142857143,0.6235346865900322,0.056515920417609264,0.03571428571428571,0.0,,,,,,
11,T21,L1正则多因素逻辑回归,0.0,0.0,5.25,141.75,0.0,1.0,,,,0.5,0.9642857142857143,0.44916657890538786,0.03757036468593433,0.03571428571428571,0.0,0.035094598594475925,0.17137331156198235,-4.702996865141015,-0.3490053927580637,0.03571428571428571,0.023709741079936807
12,T13,对应染色体三标准差Z值规则,0.0,2.5000000000000004,4.766666666666667,139.73333333333332,0.0,0.9824232481837356,0.0,,-0.024079240149247273,0.4912116240918678,0.9505668934240362,0.3269860363837398,0.023908623787920885,0.032426303854875285,0.017006802721088437,,,,,,
12,T13,L1正则多因素逻辑回归,1.1666666666666665,2.5,3.6,139.73333333333335,0.24475524475524474,0.9824232481837356,0.3181818181818182,0.2766798418972332,0.2580274937052745,0.6135892464694902,0.958503401360544,0.712304217928779,0.19115033163155304,0.032426303854875285,0.02494331065759637,0.02946667508160233,0.1330382620166023,-1.1461857840050547,0.6325892938925389,0.032426303854875285,0.03755893593040613
12,T18,对应染色体三标准差Z值规则,0.0,3.9499999999999997,8.6,134.45,0.0,0.9714595375722545,0.0,,-0.041422451422505065,0.4857297687861272,0.914625850340136,0.5794877814869582,0.07673973127976928,0.058503401360544216,0.02687074829931973,,,,,,
12,T18,L1正则多因素逻辑回归,3.2,3.6666666666666665,5.3999999999999995,134.73333333333335,0.372093023255814,0.9735067437379576,0.46601941747572817,0.4137931034482759,0.3843678040490348,0.6727998834968858,0.9383219954648526,0.8847211953518248,0.5012319013466732,0.058503401360544216,0.046712018140589576,0.04119471248667853,0.1520667797837509,-0.3938531004408682,0.8726019929609805,0.058503401360544216,0.06573066289610091
12,T21,对应染色体三标准差Z值规则,0.0,0.0,4.583333333333333,142.41666666666669,0.0,1.0,,,,0.5,0.9688208616780045,0.42826320548965385,0.03182926163468842,0.031179138321995464,0.0,,,,,,
12,T21,L1正则多因素逻辑回归,0.9166666666666666,0.5,3.6666666666666665,141.91666666666666,0.2,0.9964891749561147,0.6470588235294118,0.3055555555555555,0.3495586810530215,0.5982445874780573,0.9716553287981858,0.6258418000957497,0.24906833364578215,0.031179138321995464,0.00963718820861678,0.026034504879104532,0.12487551003176639,0.26876889095473,1.0337443073641805,0.031179138321995464,0.0270451722519089
13,T13,对应染色体三标准差Z值规则,0.0,2.938095238095238,4.916666666666666,139.14523809523808,0.0,0.979321323837453,0.0,,-0.026565755574555264,0.4896606619187265,0.9465662455458373,0.42973337214999335,0.029644986074063833,0.03344671201814058,0.01998704243602203,,,,,,
13,T13,L1正则多因素逻辑回归,0.5,4.4,4.416666666666666,137.68333333333334,0.1016949152542373,0.9690322580645161,0.1020408163265306,0.10186757215619693,0.07084320061353673,0.5353635866593767,0.9400226757369615,0.6243548032066351,0.16539248323155506,0.03344671201814058,0.03333333333333333,0.031197505087829005,0.14908044662038586,-1.7551313492405072,0.44464734918252385,0.03344671201814058,0.0396642122876735
13,T18,对应染色体三标准差Z值规则,0.0,5.504761904761905,12.850000000000001,128.64523809523808,0.0,0.9589656212839218,0.0,,-0.06104563039138386,0.4794828106419609,0.8751376741172658,0.6475983342070581,0.12285475920909006,0.08741496598639456,0.03744735989633949,,,,,,
13,T18,L1正则多因素逻辑回归,5.0,4.5,7.8500000000000005,129.64999999999998,0.3891050583657587,0.966455460305628,0.5263157894736842,0.44742729306487694,0.4084578825808346,0.6777802593356934,0.9159863945578232,0.876353430292267,0.5349624834699677,0.08741496598639456,0.06462585034013606,0.05710513160789219,0.2055410872187168,-0.19217796108222288,0.8079551858600968,0.08741496598639456,0.08137090131637774
13,T21,对应染色体三标准差Z值规则,0.0,0.0,3.2499999999999996,143.75,0.0,1.0,,,,0.5,0.9778911564625851,0.5419720762329456,0.02855384722672829,0.022108843537414966,0.0,,,,,,
13,T21,L1正则多因素逻辑回归,0.25,0.5,2.9999999999999996,143.25,0.07692307692307693,0.9965217391304347,0.3333333333333333,0.125,0.1515752124256066,0.5367224080267559,0.9761904761904762,0.5528986568986569,0.11017885446332384,0.022108843537414966,0.00510204081632653,0.02070350368008428,0.10734752761714493,-2.1980485231277087,0.4173223127123847,0.022108843537414966,0.02484645552943578
14,T13,对应染色体三标准差Z值规则,0.0,2.988095238095238,8.85,135.16190476190476,0.0,0.9783706461230891,0.0,,-0.03645811505370289,0.48918532306154455,0.9194687398769031,0.5483243494616543,0.13273249256633737,0.06020408163265306,0.020327178490443798,,,,,,
14,T13,L1正则多因素逻辑回归,1.4166666666666665,4.95,7.433333333333334,133.2,0.16007532956685497,0.964169381107492,0.22251308900523556,0.18619934282584882,0.14518601913656223,0.5621223553371735,0.9157596371882085,0.585559080685356,0.2592259680831749,0.06020408163265306,0.04331065759637188,0.05126830374043742,0.23885627873193305,-1.2394861826866157,0.41361389790476233,0.06020408163265306,0.042863485055454474
14,T18,对应染色体三标准差Z值规则,0.0,6.2214285714285715,14.816666666666666,125.96190476190476,0.0,0.952933335735,0.0,,-0.07038233782552768,0.4764666678675,0.8568837058632977,0.6005784302269781,0.13301641955262122,0.1007936507936508,0.042322643343051504,,,,,,
14,T18,L1正则多因素逻辑回归,8.2,3.6666666666666665,6.616666666666667,128.51666666666665,0.5534308211473565,0.9722607489597781,0.6910112359550562,0.6146158650843222,0.5809637052465576,0.7628457850535673,0.9300453514739228,0.9140766233948588,0.7574768278749497,0.1007936507936508,0.08072562358276644,0.045309820400609775,0.17379232792337002,0.12071042853333878,0.9664577629212664,0.1007936507936508,0.09294909245450897
14,T21,对应染色体三标准差Z值规则,0.0,0.0,4.083333333333333,142.91666666666669,0.0,1.0,,,,0.5,0.9722222222222222,0.39315387296109605,0.024133603643369216,0.027777777777777776,0.0,,,,,,
14,T21,L1正则多因素逻辑回归,1.1666666666666665,1.0,2.9166666666666665,141.91666666666669,0.2857142857142857,0.993002915451895,0.5384615384615384,0.3733333333333333,0.3800863861299917,0.6393586005830904,0.9733560090702946,0.5745493799352309,0.31592314375478653,0.027777777777777776,0.014739229024943309,0.021951480565500725,0.11392824650976827,-0.21088126359019566,0.9319557918343572,0.027777777777777776,0.027593494757508257
15,T13,对应染色体三标准差Z值规则,0.4,3.142857142857143,5.3999999999999995,138.05714285714285,0.06896551724137931,0.9777418049372724,0.11290322580645162,0.0856269113149847,0.059289584288104775,0.5233536610893258,0.9418853255587949,0.4958666120871844,0.07091457917694068,0.03945578231292516,0.024101068999028183,,,,,,
15,T13,L1正则多因素逻辑回归,0.5833333333333333,4.65,5.216666666666667,136.55,0.10057471264367815,0.9670679886685553,0.11146496815286623,0.10574018126888217,0.07106831606392269,0.5338213506561167,0.9328798185941044,0.5934009801048483,0.09627864032474326,0.03945578231292516,0.035600907029478455,0.03889733098445145,0.17797961207848978,-1.9311533950184363,0.32493146578398185,0.03945578231292516,0.0350499450367515
15,T18,对应染色体三标准差Z值规则,0.0,5.619047619047619,11.616666666666665,129.7642857142857,0.0,0.9584952779585304,0.0,,-0.05839747471325547,0.4792476389792652,0.8827502429543245,0.635303786572895,0.1064560198993969,0.07902494331065758,0.038224813735017814,,,,,,
15,T18,L1正则多因素逻辑回归,5.0,3.4166666666666665,6.616666666666667,131.96666666666667,0.430416068866571,0.9747630185891912,0.5940594059405941,0.49916805324459235,0.4704839600093943,0.7025895437278811,0.9317460317460318,0.9056099375160807,0.6574109129926051,0.07902494331065758,0.0572562358276644,0.043164525923167586,0.16046869856539275,0.19006133804594552,1.0475624127515801,0.07902494331065758,0.07404743550414448
15,T21,对应染色体三标准差Z值规则,0.0,0.0,1.9166666666666665,145.08333333333331,0.0,1.0,,,,0.5,0.9869614512471656,0.4539748341960962,0.014124247004652347,0.013038548752834465,0.0,,,,,,
15,T21,L1正则多因素逻辑回归,0.3333333333333333,0.0,1.5833333333333333,145.08333333333331,0.17391304347826086,1.0,1.0,0.29629629629629634,0.4147717120568007,0.5869565217391304,0.9892290249433108,0.6587454201019616,0.19895288876122966,0.013038548752834465,0.0022675736961451248,0.01151754271796747,0.06635471374185743,-0.16473297581953295,1.1487773498935052,0.013038548752834465,0.024414462743946083
16,T13,对应染色体三标准差Z值规则,0.0,3.2214285714285715,8.7,135.07857142857142,0.0,0.9767069517611817,0.0,,-0.03754271765348395,0.48835347588059086,0.9189018464528668,0.41602599730025536,0.05923364826146735,0.05918367346938775,0.021914480077745383,,,,,,
16,T13,L1正则多因素逻辑回归,2.4166666666666665,5.1,6.283333333333333,133.2,0.2777777777777778,0.9631236442516269,0.3215077605321508,0.29804727646454265,0.258069259406906,0.6204507110147024,0.9225623582766439,0.7284776120702519,0.3402115410607083,0.05918367346938775,0.051133786848072564,0.04753005480098584,0.20107514998137066,-0.44918493209414934,0.6937817535748999,0.05918367346938775,0.04555693047066692
16,T18,对应染色体三标准差Z值规则,0.0,8.621428571428572,15.783333333333335,122.5952380952381,0.0,0.9342962385004809,0.0,,-0.0865685333227555,0.46714811925024047,0.833981211532232,0.5525653704384939,0.12123118770072702,0.10736961451247165,0.058649173955296396,,,,,,
16,T18,L1正则多因素逻辑回归,6.15,5.416666666666666,9.633333333333333,125.8,0.3896515311510032,0.9587196748380541,0.531700288184438,0.4497257769652651,0.4005615168372369,0.6741856029945287,0.8976190476190475,0.8296983507433027,0.5789492242464692,0.10736961451247165,0.07868480725623582,0.06665754122230981,0.25724491707703023,-0.2503437256321344,0.7003025949678386,0.10736961451247165,0.09253965745916543
16,T21,对应染色体三标准差Z值规则,0.0,0.0,6.416666666666667,140.58333333333331,0.0,1.0,,,,0.5,0.9563492063492064,0.5450120038315482,0.06211011584946147,0.04365079365079365,0.0,,,,,,
16,T21,L1正则多因素逻辑回归,1.1666666666666665,1.0,5.25,139.58333333333331,0.18181818181818182,0.992886781268524,0.5384615384615384,0.2718446601941748,0.2962078655106434,0.587352481543353,0.9574829931972789,0.5868181103340726,0.2323934737427596,0.04365079365079365,0.014739229024943309,0.037000723813634326,0.17173855220913672,-0.07839433397673301,0.8229457106554043,0.04365079365079365,0.02752612944742456
17,T13,对应染色体三标准差Z值规则,0.4,2.4,4.666666666666667,139.53333333333333,0.07894736842105263,0.9830906528886801,0.14285714285714288,0.1016949152542373,0.08279415147105158,0.5310190106548663,0.9519274376417234,0.3596219551638607,0.04174368590895343,0.034467120181405894,0.019047619047619046,,,,,,
17,T13,L1正则多因素逻辑回归,1.1666666666666665,2.9,3.8999999999999995,139.03333333333333,0.23026315789473684,0.9795678722404885,0.28688524590163933,0.2554744525547445,0.23339257286106208,0.6049155150676127,0.9537414965986394,0.6471282384860695,0.20721092729002788,0.034467120181405894,0.02766439909297052,0.030851879127852616,0.14727801242020022,-1.452059159981317,0.5225609822780226,0.034467120181405894,0.038986577573889555
17,T18,对应染色体三标准差Z值规则,0.0,4.8,12.316666666666666,129.88333333333333,0.0,0.9643608464298972,0.0,,-0.055559776022852655,0.4821804232149486,0.8835600907029478,0.5552194606961307,0.09089538930442057,0.08378684807256236,0.03265306122448979,,,,,,
17,T18,L1正则多因素逻辑回归,2.95,4.416666666666666,9.366666666666665,130.26666666666665,0.23951285520974291,0.9672070288330653,0.4004524886877828,0.2997459779847587,0.26251596033358005,0.6033599420214041,0.9062358276643991,0.8024876340851317,0.4239967201518168,0.08378684807256236,0.05011337868480726,0.06326231661601092,0.2418695217919022,-0.39298982268600874,0.6601003926998416,0.08378684807256236,0.06911112202239386
17,T21,对应染色体三标准差Z值规则,0.0,0.0,3.75,143.25,0.0,1.0,,,,0.5,0.9744897959183674,0.5137103828668693,0.03198916614659229,0.025510204081632654,0.0,,,,,,
17,T21,L1正则多因素逻辑回归,0.9166666666666666,0.5,2.8333333333333335,142.75,0.24444444444444444,0.9965095986038395,0.6470588235294118,0.3548387096774193,0.3888727397967892,0.620477021524142,0.9773242630385487,0.5391885894038306,0.26804819650704403,0.025510204081632654,0.00963718820861678,0.020920001012385173,0.10978644596698722,-0.4461677300485791,0.872743178583071,0.025510204081632654,0.02607418510998528
18,T13,对应染色体三标准差Z值规则,0.2,3.2999999999999994,3.033333333333333,140.46666666666667,0.061855670103092786,0.9770461395780199,0.057142857142857155,0.05940594059405941,0.037425203767251815,0.5194509048405563,0.9569160997732425,0.30656916713874693,0.021503304088128915,0.02199546485260771,0.023809523809523808,,,,,,
18,T13,L1正则多因素逻辑回归,0.5,3.4,2.7333333333333334,140.36666666666667,0.15463917525773196,0.9763505680500811,0.12820512820512822,0.14018691588785048,0.11954722849680403,0.5654948716539066,0.9582766439909297,0.5966910156539449,0.11555688806233733,0.02199546485260771,0.026530612244897958,0.022667068682037078,0.11496998463443883,-2.441937001755296,0.3371560275422139,0.02199546485260771,0.03243317143780132
18,T18,对应染色体三标准差Z值规则,0.0,4.133333333333333,6.066666666666667,136.8,0.0,0.9706717123935668,0.0,,-0.035290106086277154,0.4853358561967834,0.9306122448979592,0.5299595449489016,0.04701063129791756,0.04126984126984127,0.02811791383219955,,,,,,
18,T18,L1正则多因素逻辑回归,1.75,2.666666666666667,4.316666666666667,138.26666666666665,0.28846153846153844,0.9810785241248818,0.3962264150943396,0.33386327503974556,0.314067906722861,0.6347700312932101,0.9524943310657595,0.7982101271481593,0.38423026448086245,0.04126984126984127,0.0300453514739229,0.03369432203331419,0.1421687177545041,-1.0134113272818353,0.7059440045608596,0.04126984126984127,0.05673879836577417
18,T21,对应染色体三标准差Z值规则,0.0,0.0,2.083333333333333,144.91666666666666,0.0,1.0,,,,0.5,0.9858276643990929,0.5064182480352694,0.01744956555737482,0.014172335600907027,0.0,,,,,,
18,T21,L1正则多因素逻辑回归,0.0,0.0,2.083333333333333,144.91666666666669,0.0,1.0,,,,0.5,0.9858276643990929,0.4297427640406364,0.02491200167054889,0.014172335600907027,0.0,0.014312803538576047,0.08299016952178637,-6.240452257642718,-0.4833278711930465,0.014172335600907027,0.022216187058846572
19,T13,对应染色体三标准差Z值规则,0.0,2.638095238095238,11.299999999999999,133.06190476190477,0.0,0.9805593571253114,0.0,,-0.039009306635009705,0.4902796785626557,0.9051830255911889,0.6049658783451441,0.1861298733418849,0.07687074829931974,0.017946226109491415,,,,,,
19,T13,L1正则多因素逻辑回归,1.25,2.2,10.05,133.5,0.11061946902654866,0.9837877671333826,0.36231884057971014,0.1694915254237288,0.16612052048169734,0.5472036180799656,0.9166666666666666,0.5421756344894972,0.24492036268089953,0.07687074829931974,0.02346938775510204,0.06766549117758637,0.3250278242601337,-1.4188473876205236,0.2657644905633124,0.07687074829931974,0.03662192066300707
19,T18,对应染色体三标准差Z值规则,0.0,5.723809523809524,12.133333333333333,129.14285714285717,0.0,0.9575594943859896,0.0,,-0.06037343015468744,0.4787797471929948,0.8785228377065112,0.6092403267059895,0.11601691440316911,0.08253968253968254,0.038937479753806285,,,,,,
19,T18,L1正则多因素逻辑回归,7.1,3.9166666666666665,5.033333333333333,130.95000000000002,0.5851648351648352,0.9709589718240238,0.6444780635400907,0.6133909287257019,0.5812271832483688,0.7780619034944295,0.9391156462585035,0.920557330883226,0.7510937246865413,0.08253968253968254,0.07494331065759637,0.038083018369970176,0.14794526015780776,-0.06525371351626451,1.0488662246181442,0.08253968253968254,0.08812393644938472
19,T21,对应染色体三标准差Z值规则,0.0,0.0,2.75,144.25,0.0,1.0,,,,0.5,0.9812925170068028,0.3632517299761666,0.017339777845181877,0.01870748299319728,0.0,,,,,,
19,T21,L1正则多因素逻辑回归,1.25,0.5,1.5,143.75,0.45454545454545453,0.9965337954939342,0.7142857142857143,0.5555555555555556,0.5635079048298232,0.7255396250196944,0.9863945578231292,0.609847922152948,0.4694464194601419,0.01870748299319728,0.011904761904761904,0.01291085312491215,0.07716693236077818,0.1839819779192565,1.2363920082592017,0.01870748299319728,0.029458836143913245
20,T13,对应染色体三标准差Z值规则,0.0,3.742857142857143,3.4166666666666665,139.84047619047618,0.0,0.9739325097421442,0.0,,-0.02493404693553149,0.4869662548710721,0.9512957563977972,0.3373606929005199,0.017879465936893983,0.023242630385487528,0.025461613216715258,,,,,,
20,T13,L1正则多因素逻辑回归,1.0,2.7,2.4166666666666665,140.88333333333333,0.29268292682926833,0.9811955890887987,0.27027027027027023,0.2810304449648712,0.26344340420037937,0.6369392579590335,0.9651927437641723,0.6518458001096054,0.19390046832643587,0.023242630385487528,0.025170068027210887,0.02157145230678339,0.10820889993446212,-1.5915061095822443,0.5822228931543874,0.023242630385487528,0.03303631420659119
20,T18,对应染色体三标准差Z值规则,0.0,6.70952380952381,12.816666666666666,127.47380952380952,0.0,0.949997338396295,0.0,,-0.06758806469188479,0.4749986691981475,0.867168772270813,0.6174532488213205,0.11193665807340886,0.08718820861678005,0.04564301911240686,,,,,,
20,T18,L1正则多因素逻辑回归,5.0,3.0,7.816666666666667,131.18333333333334,0.3901170351105332,0.9776425288784002,0.625,0.4803843074459568,0.4573497173964127,0.6838797819944666,0.9264172335600908,0.8566810971658869,0.5655974783189152,0.08718820861678005,0.05442176870748299,0.054795192113506135,0.20798259937875235,0.019664335638386068,0.837827294833718,0.08718820861678005,0.07110998805170275
20,T21,对应染色体三标准差Z值规则,0.0,0.0,2.0833333333333335,144.91666666666666,0.0,1.0,,,,0.5,0.9858276643990929,0.5403709849667298,0.02034035464702233,0.014172335600907027,0.0,,,,,,
20,T21,L1正则多因素逻辑回归,0.5,1.0,1.5833333333333333,143.91666666666666,0.24000000000000005,0.9930994824611846,0.3333333333333333,0.2790697674418605,0.27415914207040937,0.6165497412305924,0.9824263038548752,0.53295260001643,0.25634221565693416,0.014172335600907027,0.01020408163265306,0.01205619119859039,0.07189699800499613,-0.7355373034065906,0.9430630941431564,0.014172335600907027,0.02367769890526931
21,T13,对应染色体三标准差Z值规则,0.4,2.0666666666666664,7.25,137.28333333333333,0.05228758169934641,0.9851692381294104,0.1621621621621622,0.07907742998352554,0.06477029337505617,0.5187284099143784,0.9366213151927438,0.4876057241591901,0.0780592644841231,0.05204081632653061,0.016780045351473923,,,,,,
21,T13,L1正则多因素逻辑回归,0.3333333333333333,4.25,7.316666666666666,135.1,0.04357298474945534,0.9695012558306423,0.07272727272727272,0.05449591280653951,0.016708195422895096,0.5065371202900488,0.9213151927437642,0.5723457877084308,0.12657037068906152,0.05204081632653061,0.031179138321995464,0.04935320882484353,0.22812875628540888,-1.8020970864167556,0.28331728241967236,0.05204081632653061,0.03921446100670863
21,T18,对应染色体三标准差Z值规则,0.0,5.569047619047618,10.833333333333332,130.59761904761905,0.0,0.9591012414757826,0.0,,-0.055971105237956356,0.4795506207378913,0.8884191771946874,0.5839221757434733,0.09383927901766222,0.07369614512471655,0.03788467768059604,,,,,,
21,T18,L1正则多因素逻辑回归,4.7,1.4166666666666665,6.133333333333334,134.75,0.4338461538461538,0.9895960832313342,0.7683923705722071,0.5545722713864307,0.5540174134756013,0.711721118538744,0.9486394557823129,0.9430551064602473,0.6911495829370848,0.07369614512471655,0.04160997732426304,0.0392551888870004,0.13815979759680433,0.38216819024839904,1.2697933950629228,0.07369614512471655,0.07523048036817036
21,T21,对应染色体三标准差Z值规则,0.0,0.0,4.166666666666666,142.83333333333331,0.0,1.0,,,,0.5,0.971655328798186,0.406934822470412,0.026951025730120533,0.028344671201814053,0.0,,,,,,
21,T21,L1正则多因素逻辑回归,0.3333333333333333,0.0,3.833333333333333,142.83333333333331,0.08,1.0,1.0,0.14814814814814814,0.27912200004494614,0.54,0.9739229024943312,0.5830121686947822,0.13410555503273527,0.028344671201814053,0.0022675736961451248,0.026081185223935262,0.12567850800395822,-0.7952683303336139,0.7279399274102137,0.028344671201814053,0.02431057933885383
22,T13,对应染色体三标准差Z值规则,0.4,5.754761904761906,4.766666666666667,136.07857142857142,0.07741935483870968,0.9594258855128421,0.06499032882011604,0.07066246056782334,0.03387654084201152,0.5184226201757759,0.9284256559766764,0.4148696301992235,0.04065973491660936,0.03514739229024943,0.04186912860382248,,,,,,
22,T13,L1正则多因素逻辑回归,0.9166666666666666,3.2,4.25,138.63333333333333,0.17741935483870966,0.9774383078730906,0.2226720647773279,0.19748653500897664,0.17284763377505352,0.5774288313559002,0.9493197278911564,0.7360948084931254,0.22219939710431474,0.03514739229024943,0.028004535147392293,0.03112166450324983,0.1348013994906648,-0.8184538565323521,0.7447722442523211,0.03514739229024943,0.04043181520983325
22,T18,对应染色体三标准差Z值规则,0.0,5.454761904761905,12.316666666666668,129.22857142857143,0.0,0.9594993547474676,0.0,,-0.05936492638083894,0.4797496773737338,0.8791059280855199,0.5983251494336067,0.10695779035662853,0.08378684807256236,0.03710722384191772,,,,,,
22,T18,L1正则多因素逻辑回归,4.15,2.75,8.166666666666666,131.93333333333334,0.3369418132611638,0.9795817349337953,0.6014492753623188,0.43191673894189075,0.4146349769614442,0.6582617740974795,0.9257369614512472,0.8639420321209861,0.559843329922669,0.08378684807256236,0.04693877551020408,0.05322527877615592,0.19970706472111469,0.013550148457061852,0.869142146877882,0.08378684807256236,0.07134749552006868
22,T21,对应染色体三标准差Z值规则,0.0,0.0,3.583333333333333,143.41666666666666,0.0,1.0,,,,0.5,0.9756235827664398,0.4088536951204679,0.022661269369768956,0.02437641723356009,0.0,,,,,,
22,T21,L1正则多因素逻辑回归,0.9166666666666666,0.5,2.6666666666666665,142.91666666666666,0.2558139534883721,0.9965136548518303,0.6470588235294118,0.3666666666666667,0.39830753390218193,0.6261638041701012,0.9784580498866212,0.6106103806602434,0.2890243111588256,0.02437641723356009,0.00963718820861678,0.019595214780443935,0.1002768299718856,0.31990846477482765,1.1119951548695102,0.02437641723356009,0.025540429867897632
23,T13,对应染色体三标准差Z值规则,0.2,3.1,4.9,138.8,0.0392156862745098,0.97815362931642,0.06060606060606061,0.04761904761904762,0.021457229084619764,0.5086846577954649,0.9455782312925171,0.45984199803169257,0.03612707084856158,0.03469387755102041,0.022448979591836737,,,,,,
23,T13,L1正则多因素逻辑回归,1.8333333333333333,4.75,3.2666666666666666,137.15,0.35947712418300654,0.9665257223396758,0.27848101265822783,0.31383737517831667,0.28844660104053543,0.6630014232613411,0.9454648526077098,0.7590869172036523,0.3544676684643378,0.03469387755102041,0.04478458049886621,0.027968068196700335,0.12550563453311328,-0.5890736300464372,0.8395192958445379,0.03469387755102041,0.04075281651273204
23,T18,对应染色体三标准差Z值规则,0.0,5.769047619047619,10.283333333333333,130.94761904761907,0.0,0.9578028944114522,0.0,,-0.05542980416641968,0.4789014472057261,0.8908001295756398,0.5639676548629691,0.08094453955843157,0.0699546485260771,0.039245221898283125,,,,,,
23,T18,L1正则多因素逻辑回归,5.4,2.5,4.883333333333334,134.21666666666667,0.5251215559157212,0.981714007070584,0.6835443037974683,0.5939505041246562,0.5732811434640163,0.7534177814931526,0.9497732426303855,0.8999768464922436,0.7005099979505469,0.0699546485260771,0.05374149659863946,0.03495239841394572,0.1393519396858854,-0.11383135344155025,0.9991118408392909,0.0699546485260771,0.07432477052896369
23,T21,对应染色体三标准差Z值规则,0.0,0.0,2.1666666666666665,144.83333333333334,0.0,1.0,,,,0.5,0.9852607709750567,0.534295451384059,0.024922402070229617,0.014739229024943309,0.0,,,,,,
23,T21,L1正则多因素逻辑回归,0.5833333333333333,0.5,1.5833333333333333,144.33333333333331,0.2692307692307692,0.996547756041427,0.5384615384615384,0.3589743589743589,0.37446971327576606,0.6328892626360981,0.9858276643990931,0.6427370098256175,0.2934796651419265,0.014739229024943309,0.0073696145124716545,0.011963694949473722,0.06913035097599389,0.16885224435494806,1.2074264896135873,0.014739229024943309,0.023891742613804556
24,T13,对应染色体三标准差Z值规则,0.0,6.730952380952381,4.85,135.4190476190476,0.0,0.9526489456141233,0.0,,-0.04046269190693854,0.47632447280706164,0.9212180110139294,0.41492472504072714,0.02901276841053013,0.03299319727891156,0.045788791707159056,,,,,,
24,T13,L1正则多因素逻辑回归,0.75,5.65,4.1,136.5,0.15463917525773196,0.9602532536053464,0.1171875,0.13333333333333333,0.10056643723082882,0.5574462144315392,0.9336734693877551,0.6537520520390367,0.16374788269438095,0.03299319727891156,0.0435374149659864,0.032101327549874034,0.1469479592179349,-1.69117576464933,0.47377465666100566,0.03299319727891156,0.04143760513869347
24,T18,对应染色体三标准差Z值规则,0.0,6.966666666666667,10.983333333333333,129.05,0.0,0.9487807866683005,0.0,,-0.06338227459903922,0.47439039333415023,0.8778911564625851,0.5986622428340963,0.09242435812858898,0.07471655328798185,0.04739229024943311,,,,,,
24,T18,L1正则多因素逻辑回归,5.7,4.75,5.283333333333333,131.26666666666668,0.5189681335356601,0.965077809092023,0.5454545454545455,0.5318818040435459,0.49527423120221975,0.7420229713138415,0.9317460317460318,0.8870457492773669,0.6098008697123436,0.07471655328798185,0.07108843537414966,0.04435098678725706,0.16790723596043405,-0.4080995977001892,0.8991849509565668,0.07471655328798185,0.08747936509982032
24,T21,对应染色体三标准差Z值规则,0.0,0.0,3.75,143.25,0.0,1.0,,,,0.5,0.9744897959183674,0.6058673216555706,0.0403300812518005,0.025510204081632654,0.0,,,,,,
24,T21,L1正则多因素逻辑回归,0.0,0.0,3.75,143.25,0.0,1.0,,,,0.5,0.9744897959183674,0.6279784912478341,0.04967623242370235,0.025510204081632654,0.0,0.024829425155735857,0.11881919518785793,-1.7327928734859424,0.49592021073670745,0.025510204081632654,0.023223926486110887
25,T13,对应染色体三标准差Z值规则,0.0,3.75,6.266666666666667,136.98333333333332,0.0,0.9733538607295121,0.0,,-0.03414193480346024,0.48667693036475607,0.9318594104308389,0.45895516657331664,0.049792559974461414,0.04263038548752835,0.025510204081632654,,,,,,
25,T13,L1正则多因素逻辑回归,0.3333333333333333,2.5,5.933333333333334,138.23333333333332,0.05319148936170213,0.982235907153008,0.1176470588235294,0.07326007326007325,0.05205647523007613,0.517713698257355,0.9426303854875283,0.5948352384887959,0.16185107550881353,0.04263038548752835,0.01927437641723356,0.03963149463809605,0.1856937967971794,-1.6821974444741434,0.37700429542355485,0.04263038548752835,0.03799928633339735
25,T18,对应染色体三标准差Z值规则,0.0,5.735714285714286,11.3,129.96428571428572,0.0,0.9577323928834613,0.0,,-0.058146939865164594,0.4788661964417307,0.8841107871720117,0.5647466850259975,0.08806037797833842,0.07687074829931974,0.03901846452866861,,,,,,
25,T18,L1正则多因素逻辑回归,4.7,4.583333333333333,6.6,131.11666666666665,0.415929203539823,0.9662245148612134,0.5062836624775584,0.4566801619433199,0.4185255845712237,0.6910768592005182,0.9239229024943311,0.8493021001123857,0.5722758633505995,0.07687074829931974,0.06315192743764174,0.04880939248507121,0.19061980818595126,-0.40924718390937787,0.8092840973971004,0.07687074829931974,0.0822760469388557
25,T21,对应染色体三标准差Z值规则,0.0,0.0,2.3333333333333335,144.66666666666669,0.0,1.0,,,,0.5,0.9841269841269841,0.473274240571805,0.0211684289663591,0.015873015873015872,0.0,,,,,,
25,T21,L1正则多因素逻辑回归,0.3333333333333333,0.0,2.0,144.66666666666669,0.14285714285714285,1.0,1.0,0.25,0.37537859676477414,0.5714285714285714,0.9863945578231292,0.7009075519608768,0.1730828508178697,0.015873015873015872,0.0022675736961451248,0.014251853565387619,0.07517874171523348,0.08276048901565812,1.1736662596595635,0.015873015873015872,0.025175957036643975
26,T13,对应染色体三标准差Z值规则,0.0,4.609523809523809,6.3,136.09047619047618,0.0,0.9672386367482316,0.0,,-0.03807244658920664,0.4836193183741158,0.9257855523161646,0.6959553544232193,0.1336291307501893,0.04285714285714286,0.03135730482669258,,,,,,
26,T13,L1正则多因素逻辑回归,0.25,2.2,6.05,138.5,0.03968253968253968,0.9843638948116561,0.1020408163265306,0.05714285714285715,0.03804310214597362,0.5120232172470979,0.9438775510204082,0.6077625316888187,0.15543180144943847,0.04285714285714286,0.016666666666666666,0.04058128999600208,0.18875784683018082,-1.6790229962969165,0.3630308921082963,0.04285714285714286,0.03575546978803299
26,T18,对应染色体三标准差Z值规则,0.0,7.395238095238096,13.733333333333333,125.87142857142857,0.0,0.9445079682698493,0.0,,-0.07388447257977053,0.47225398413492464,0.856268221574344,0.555234491378838,0.10839635068448132,0.09342403628117915,0.05030774214447684,,,,,,
26,T18,L1正则多因素逻辑回归,7.1,3.0,6.633333333333333,130.26666666666665,0.5169902912621359,0.9774887443721861,0.7029702970297029,0.5958041958041959,0.5688977561503168,0.747239517817161,0.9344671201814058,0.916572320487567,0.7406803655905358,0.09342403628117915,0.06870748299319727,0.04387808784930304,0.16520925634928763,0.303887905255952,0.997893159741496,0.09342403628117915,0.08035287234896746
26,T21,对应染色体三标准差Z值规则,0.0,0.0,2.5,144.5,0.0,1.0,,,,0.5,0.9829931972789115,0.39936562860438285,0.015027454310422052,0.017006802721088437,0.0,,,,,,
26,T21,L1正则多因素逻辑回归,0.25,0.5,2.25,144.0,0.1,0.9965397923875432,0.3333333333333333,0.15384615384615383,0.17519903886909535,0.5482698961937716,0.9812925170068028,0.54319108035371,0.12783205812392973,0.017006802721088437,0.00510204081632653,0.015986883506753043,0.08708331948146165,-1.8901400154551147,0.5754365203213245,0.017006802721088437,0.025317748032549853
27,T13,对应染色体三标准差Z值规则,0.0,4.65,3.1666666666666665,139.18333333333334,0.0,0.9676709154113557,0.0,,-0.02681755273590949,0.4838354577056779,0.9468253968253969,0.1367872171738732,0.014087853986887285,0.021541950113378682,0.031632653061224494,,,,,,
27,T13,L1正则多因素逻辑回归,1.25,2.25,1.9166666666666665,141.58333333333334,0.39473684210526316,0.9843568945538818,0.35714285714285715,0.37500000000000006,0.36100863034829883,0.6895468683295725,0.9716553287981861,0.8855583338415565,0.32449580689098084,0.021541950113378682,0.023809523809523808,0.017949501803875077,0.07794610672609592,-0.3836371834796906,1.2279238470668985,0.021541950113378682,0.042169829173151374
27,T18,对应染色体三标准差Z值规则,0.0,3.183333333333333,12.516666666666666,131.3,0.0,0.9763291609864915,0.0,,-0.0453885762397373,0.48816458049324574,0.8931972789115648,0.5518741291337801,0.09626446852977114,0.08514739229024942,0.021655328798185942,,,,,,
27,T18,L1正则多因素逻辑回归,4.5,3.25,8.016666666666667,131.23333333333335,0.3595206391478029,0.9758334366092453,0.5806451612903226,0.44407894736842113,0.4188260747612792,0.6676770378785241,0.9233560090702947,0.8209951485349646,0.5355672842131938,0.08514739229024942,0.05272108843537415,0.056717774605037026,0.22490277099957265,-0.22361549167175818,0.7296676223877692,0.08514739229024942,0.07069429277190448
27,T21,对应染色体三标准差Z值规则,0.0,0.0,4.5,142.5,0.0,1.0,,,,0.5,0.9693877551020408,0.4360017327268789,0.03174549199978126,0.030612244897959183,0.0,,,,,,
27,T21,L1正则多因素逻辑回归,1.25,0.5,3.25,142.0,0.2777777777777778,0.9964912280701754,0.7142857142857143,0.4,0.43562553269376714,0.6371345029239766,0.9744897959183674,0.48669698938704775,0.300311633446131,0.030612244897959183,0.011904761904761904,0.024349103921840944,0.12838877133284707,-0.5686269637052628,0.7835434929972271,0.030612244897959183,0.026811169823229206
28,T13,对应染色体三标准差Z值规则,0.2,1.2333333333333334,6.133333333333333,139.43333333333334,0.031578947368421054,0.9912322274881518,0.13953488372093023,0.05150214592274678,0.04713623124516369,0.5114055874282865,0.9498866213151927,0.5622358176246303,0.11947216676288674,0.04308390022675737,0.009750566893424037,,,,,,
28,T13,L1正则多因素逻辑回归,0.5833333333333333,2.2,5.75,138.46666666666664,0.09210526315789473,0.9843601895734598,0.20958083832335328,0.12797074954296161,0.1139165171233268,0.5382327263656773,0.9459183673469388,0.44522004062288445,0.10375937058359788,0.04308390022675737,0.01893424036281179,0.04212694495085358,0.2138614708374168,-2.8442755143936265,0.06207513219054846,0.04308390022675737,0.03534071959694303
28,T18,对应染色体三标准差Z值规则,0.0,4.7023809523809526,12.249999999999998,130.04761904761904,0.0,0.9651029242865977,0.0,,-0.05481049767905987,0.48255146214329886,0.8846776805960479,0.672778822516432,0.12485506102117126,0.08333333333333333,0.03198898607061872,,,,,,
28,T18,L1正则多因素逻辑回归,5.95,3.0,6.3,131.75,0.4857142857142857,0.9777365491651205,0.664804469273743,0.5613207547169812,0.5356811656206024,0.7317254174397031,0.9367346938775509,0.8772321537502713,0.6480632018995297,0.08333333333333333,0.060884353741496595,0.04669475357755466,0.18168409623511833,-0.00802676016925781,0.9692061374564667,0.08333333333333333,0.08123179388353909
28,T21,对应染色体三标准差Z值规则,0.0,0.0,1.9166666666666665,145.08333333333331,0.0,1.0,,,,0.5,0.9869614512471656,0.39111027074466365,0.015702804637447186,0.013038548752834465,0.0,,,,,,
28,T21,L1正则多因素逻辑回归,0.5833333333333333,0.5,1.3333333333333333,144.58333333333331,0.3043478260869565,0.996553704767375,0.5384615384615384,0.3888888888888889,0.39909193511991636,0.6504507654271657,0.987528344671202,0.7106296445606688,0.32978201892957765,0.013038548752834465,0.0073696145124716545,0.01043239463700191,0.06177305230348744,0.5193453867566905,1.40169127620731,0.013038548752834465,0.025890122869874046
29,T13,对应染色体三标准差Z值规则,0.0,2.5166666666666666,5.116666666666667,139.36666666666667,0.0,0.9822624221778455,0.0,,-0.025062930119801072,0.49113121108892277,0.9480725623582767,0.35411460507548465,0.027204299193857702,0.034807256235827665,0.01712018140589569,,,,,,
29,T13,L1正则多因素逻辑回归,1.0,2.45,4.116666666666667,139.43333333333334,0.19543973941368076,0.9827322917890287,0.2898550724637681,0.23346303501945523,0.2157186228982674,0.5890860156013547,0.9553287981859411,0.7485042037642371,0.2954587948137912,0.034807256235827665,0.02346938775510204,0.028916027053015752,0.1302696812267652,-0.7745212955343462,0.7763421967321891,0.034807256235827665,0.0425908779458471
29,T18,对应染色体三标准差Z值规则,0.0,7.85,8.58333333333333,130.56666666666666,0.0,0.9432871763997592,0.0,,-0.05914622337988697,0.4716435881998796,0.8882086167800454,0.4975955920031019,0.05679499748173801,0.05839002267573695,0.053401360544217694,,,,,,
29,T18,L1正则多因素逻辑回归,3.65,4.083333333333333,4.933333333333334,134.33333333333334,0.4252427184466019,0.9704996989765201,0.47198275862068967,0.4473953013278855,0.4156500425988481,0.697871208711561,0.9386621315192745,0.8821750846080558,0.5311831884909716,0.05839002267573695,0.0526077097505669,0.040921004300319246,0.1530760805328435,-0.5933520049890049,0.8403064269792936,0.05839002267573695,0.07350416094031127
29,T21,对应染色体三标准差Z值规则,0.0,0.0,4.416666666666666,142.58333333333334,0.0,1.0,,,,0.5,0.9699546485260772,0.5318005212296316,0.037334310233065715,0.0300453514739229,0.0,,,,,,
29,T21,L1正则多因素逻辑回归,1.0,0.0,3.4166666666666665,142.58333333333334,0.22641509433962267,1.0,1.0,0.3692307692307693,0.47023033461116076,0.6132075471698113,0.9767573696145125,0.5081606622336415,0.2552072689572354,0.0300453514739229,0.006802721088435374,0.02483497660850358,0.129707969086938,-0.8624395696182178,0.7043711916731373,0.0300453514739229,0.026759858608466726
30,T13,对应染色体三标准差Z值规则,1.0,3.7095238095238092,4.933333333333333,137.35714285714286,0.16853932584269665,0.9737037537132056,0.21233569261880691,0.18791946308724836,0.15897041475235035,0.5711215397779511,0.9412050534499514,0.5109621899087793,0.10390853355487151,0.04036281179138322,0.03203757693553612,,,,,,
30,T13,L1正则多因素逻辑回归,1.3333333333333333,3.15,4.6,137.91666666666666,0.22471910112359553,0.9776701323251418,0.2973977695167286,0.256,0.2316411106733247,0.6011946167243687,0.9472789115646258,0.7352098074898277,0.342917948811764,0.04036281179138322,0.030498866213151926,0.03349426150052635,0.1459989541088143,-0.3005564378063044,0.8646093271898825,0.04036281179138322,0.03830036079838228
30,T18,对应染色体三标准差Z值规则,0.0,6.226190476190476,14.433333333333334,126.3404761904762,0.0,0.9530335141348468,0.0,,-0.06939312128933123,0.4765167570674234,0.8594590217039197,0.6337703203294677,0.13733440812525222,0.0981859410430839,0.042355037252996434,,,,,,
30,T18,L1正则多因素逻辑回归,3.2,4.166666666666666,11.233333333333333,128.4,0.22170900692840648,0.9685692733215993,0.4343891402714933,0.29357798165137616,0.25951331432468466,0.5951391401250029,0.8952380952380952,0.8254784998897076,0.5111587830723232,0.0981859410430839,0.05011337868480725,0.06806556104787148,0.2559911879900664,-0.04753818997038942,0.7358941585956472,0.0981859410430839,0.07202207894173548
30,T21,对应染色体三标准差Z值规则,0.0,0.0,4.083333333333333,142.91666666666669,0.0,1.0,,,,0.5,0.9722222222222222,0.513211672007412,0.03446252864894594,0.027777777777777776,0.0,,,,,,
30,T21,L1正则多因素逻辑回归,0.8333333333333333,1.0,3.25,141.91666666666669,0.20408163265306123,0.993002915451895,0.45454545454545453,0.2816901408450704,0.2918416434867331,0.5985422740524782,0.9710884353741497,0.5114848405001318,0.22855057209531415,0.027777777777777776,0.012471655328798185,0.023627765093337194,0.12155563298084761,-0.7602178530548263,0.749592561120272,0.027777777777777776,0.025505335466339134
31,T13,对应染色体三标准差Z值规则,0.2,3.9166666666666665,3.2,139.68333333333334,0.058823529411764705,0.9727251624883938,0.04858299595141701,0.053215077605321515,0.028743152375956392,0.5157743459500792,0.9515873015873015,0.440374269484953,0.02638988144335208,0.02312925170068027,0.028004535147392293,,,,,,
31,T13,L1正则多因素逻辑回归,0.25,3.25,3.15,140.35,0.07352941176470588,0.9773676880222841,0.07142857142857142,0.07246376811594203,0.05018220518952736,0.525448549893495,0.9564625850340136,0.6687916461849364,0.09315944900019604,0.02312925170068027,0.023809523809523808,0.0245350231347823,0.11360513190317112,-1.9536385776339162,0.4747913515141533,0.02312925170068027,0.034479694162177776
31,T18,对应染色体三标准差Z值规则,0.0,5.25,13.833333333333332,127.91666666666666,0.0,0.9605757196495619,0.0,,-0.062027428166084045,0.48028785982478095,0.8701814058956916,0.6338225492709262,0.12261717469138243,0.09410430839002266,0.03571428571428571,,,,,,
31,T18,L1正则多因素逻辑回归,6.0,2.5,7.833333333333334,130.66666666666666,0.43373493975903615,0.981226533166458,0.7058823529411765,0.537313432835821,0.5190803782638814,0.7074807364627471,0.929705215419501,0.8966856160562149,0.6706912343356798,0.09410430839002266,0.05782312925170068,0.05162202525975999,0.19140205726671328,0.45336674976252633,1.021431797098494,0.09410430839002266,0.07398809620657149
31,T21,对应染色体三标准差Z值规则,0.0,0.0,2.0,145.0,0.0,1.0,,,,0.5,0.9863945578231292,0.7565948275862069,0.04114232627487785,0.013605442176870748,0.0,,,,,,
31,T21,L1正则多因素逻辑回归,0.0,0.0,2.0,145.0,0.0,1.0,,,,0.5,0.9863945578231292,0.5782614942528737,0.02282661905945587,0.013605442176870748,0.0,0.013694512924534082,0.07591775567751274,-3.2372273142406733,0.27026331289704447,0.013605442176870748,0.023694719731289154
32,T13,对应染色体三标准差Z值规则,0.0,1.7999999999999998,5.300000000000001,139.9,0.0,0.9872971065631615,0.0,,-0.021533070090978643,0.49364855328158075,0.9517006802721089,0.42623341307779594,0.032815959050777194,0.03605442176870748,0.012244897959183675,,,,,,
32,T13,L1正则多因素逻辑回归,0.0,2.2,5.3,139.5,0.0,0.9844742413549754,0.0,,-0.023838562823222643,0.4922371206774877,0.9489795918367347,0.5863058911353873,0.1381047946019555,0.03605442176870748,0.014965986394557824,0.03472619332810668,0.166078274189134,-2.0559821283617166,0.3231999149387197,0.03605442176870748,0.03768843408314524
32,T18,对应染色体三标准差Z值规则,0.0,2.3095238095238093,10.366666666666667,134.32380952380953,0.0,0.9830969225943611,0.0,,-0.034800259651534986,0.49154846129718055,0.9137674117265955,0.5545247189180029,0.09305472796203154,0.07052154195011338,0.01571104632329122,,,,,,
32,T18,L1正则多因素逻辑回归,2.85,3.75,7.516666666666667,132.88333333333333,0.27491961414790994,0.972554281532081,0.4318181818181819,0.33595284872298625,0.30596501605952314,0.6237369478399954,0.9233560090702947,0.8262248553626186,0.46034131363862024,0.07052154195011338,0.044897959183673466,0.0522987669274993,0.20046318406145458,-0.5443922905835109,0.707919011680484,0.07052154195011338,0.07169992378130718
32,T21,对应染色体三标准差Z值规则,0.0,0.0,3.1666666666666665,143.83333333333331,0.0,1.0,,,,0.5,0.9784580498866213,0.5502557087969051,0.027272528214253064,0.021541950113378682,0.0,,,,,,
32,T21,L1正则多因素逻辑回归,0.0,0.0,3.1666666666666665,143.83333333333331,0.0,1.0,,,,0.5,0.9784580498866213,0.552303121651173,0.039205734542074246,0.021541950113378682,0.0,0.021163995238293563,0.10709060846104608,-3.195024238074987,0.1572938863216227,0.021541950113378682,0.022428381256632435
33,T13,对应染色体三标准差Z值规则,0.0,3.4214285714285713,8.45,135.1285714285714,0.0,0.9753054596071556,0.0,,-0.03812273184970003,0.4876527298035778,0.9192419825072886,0.42528557507876275,0.06001508042700107,0.057482993197278905,0.023275024295432458,,,,,,
33,T13,L1正则多因素逻辑回归,1.0,3.35,7.449999999999999,135.2,0.1183431952662722,0.975821003247925,0.2298850574712644,0.15625,0.12934120934069646,0.5470820992570986,0.9265306122448979,0.5775615070509996,0.21253307882555406,0.057482993197278905,0.029591836734693875,0.05260108166527716,0.24599672940226722,-1.6064620756948886,0.3127199606188616,0.057482993197278905,0.04472864862228547
33,T18,对应染色体三标准差Z值规则,0.0,4.930952380952381,14.533333333333333,127.53571428571428,0.0,0.9627759004960816,0.0,,-0.0617084990272809,0.4813879502480408,0.8675898931000972,0.5180881455212485,0.10215073144355691,0.09886621315192745,0.03354389374797538,,,,,,
33,T18,L1正则多因素逻辑回归,7.15,4.0,7.383333333333333,128.46666666666667,0.4919724770642202,0.9698037242073477,0.6412556053811659,0.5567813108371188,0.5205952641245754,0.7308881006357839,0.922562358276644,0.8961606644038149,0.6894768851876869,0.09886621315192745,0.07585034013605442,0.05202861880072914,0.19249383059289463,-0.014642878471418791,0.9084882148076577,0.09886621315192745,0.09244224765557042
33,T21,对应染色体三标准差Z值规则,0.0,0.0,2.25,144.75,0.0,1.0,,,,0.5,0.9846938775510204,0.5757387455717908,0.022274616864054537,0.015306122448979591,0.0,,,,,,
33,T21,L1正则多因素逻辑回归,0.25,0.5,2.0,144.25,0.1111111111111111,0.9965457685664939,0.3333333333333333,0.16666666666666666,0.1855084788520559,0.5538284398388025,0.9829931972789115,0.4935536243538544,0.13053588263586088,0.015306122448979591,0.00510204081632653,0.014371532196650924,0.0823764284945856,-2.7088392561717782,0.377507862828149,0.015306122448979591,0.02427753225920482
34,T13,对应染色体三标准差Z值规则,0.0,2.4166666666666665,10.05,134.5333333333333,0.0,0.9823536570524523,0.0,,-0.03502283289376337,0.49117682852622613,0.9151927437641723,0.42388828356579955,0.06639283376885671,0.06836734693877551,0.016439909297052153,,,,,,
34,T13,L1正则多因素逻辑回归,3.75,6.95,6.300000000000001,130.0,0.3731343283582089,0.9492515516611902,0.3504672897196262,0.3614457831325302,0.3131844888762209,0.6611929400096996,0.9098639455782312,0.6334827655333559,0.39552559640125834,0.06836734693877551,0.07278911564625849,0.05225250355094541,0.2480799349936387,-0.8465675994406466,0.5109706281949354,0.06836734693877551,0.048990335442604525
34,T18,对应染色体三标准差Z值规则,0.0,3.8095238095238098,15.533333333333331,127.65714285714284,0.0,0.9710228919153869,0.0,,-0.056066414656292335,0.48551144595769347,0.8684159378036929,0.5384015925076557,0.11875768430560406,0.1056689342403628,0.02591512795594428,,,,,,
34,T18,L1正则多因素逻辑回归,6.85,2.25,8.683333333333334,129.21666666666664,0.4409871244635193,0.9828853955375253,0.7527472527472527,0.5561569688768606,0.5407201940960601,0.7119362600005223,0.9256235827664399,0.8420874889470367,0.6433948585045343,0.1056689342403628,0.0619047619047619,0.0573797956788126,0.2325443192470749,-0.1027254184853861,0.7616214745310843,0.1056689342403628,0.08810702061758245
34,T21,对应染色体三标准差Z值规则,0.0,0.0,4.25,142.75,0.0,1.0,,,,0.5,0.9710884353741497,0.3841407199190242,0.032663303950854525,0.02891156462585034,0.0,,,,,,
34,T21,L1正则多因素逻辑回归,1.75,1.5,2.5,141.25,0.4117647058823529,0.989492119089317,0.5384615384615384,0.4666666666666667,0.45725593241390855,0.700628412485835,0.9727891156462585,0.689353616519579,0.4439489676269156,0.02891156462585034,0.022108843537414966,0.020062758517395717,0.0994891281527643,1.0795689885933726,1.3634265307005409,0.02891156462585034,0.02958752505815084
35,T13,对应染色体三标准差Z值规则,0.6,2.7333333333333334,7.433333333333334,136.23333333333332,0.07468879668049792,0.9803310146318063,0.18,0.10557184750733137,0.08400496020798796,0.5275099056561521,0.9308390022675735,0.596307810364785,0.1229369938264447,0.054648526077097505,0.022675736961451243,,,,,,
35,T13,L1正则多因素逻辑回归,1.5,4.75,6.533333333333333,134.21666666666667,0.18672199170124482,0.9658191412808828,0.24,0.21003500583430573,0.1718406755851918,0.5762705664910638,0.9232426303854876,0.5778282004401187,0.26433844561599595,0.054648526077097505,0.04251700680272109,0.046989750451579035,0.22302953822140928,-1.4796449418760735,0.3827102105848711,0.054648526077097505,0.044993902069076795
35,T18,对应染色体三标准差Z值规则,0.0,5.183333333333333,12.65,129.16666666666666,0.0,0.9614191787619402,0.0,,-0.05866341755217519,0.4807095893809701,0.8786848072562358,0.5773804124316254,0.11228700996871899,0.08605442176870748,0.035260770975056685,,,,,,
35,T18,L1正则多因素逻辑回归,5.75,3.1666666666666665,6.8999999999999995,131.18333333333334,0.4545454545454546,0.9764297233593847,0.6448598130841122,0.5332302936630603,0.5063425900068651,0.7154875889524197,0.9315192743764172,0.9296809456353802,0.6956963874597665,0.08605442176870748,0.06065759637188208,0.04448439259498504,0.15814913803076097,0.2216369763070616,1.10767923723219,0.08605442176870748,0.08354404933418322
35,T21,对应染色体三标准差Z值规则,0.0,0.0,3.75,143.25,0.0,1.0,,,,0.5,0.9744897959183674,0.4434361062633315,0.02753009907257413,0.025510204081632654,0.0,,,,,,
35,T21,L1正则多因素逻辑回归,0.75,1.5,3.0,141.75,0.2,0.9895287958115183,0.3333333333333333,0.25,0.24340954649772045,0.5947643979057592,0.9693877551020408,0.6545691939758258,0.24119274861428802,0.025510204081632654,0.015306122448979591,0.021703068455278845,0.10677368294324122,0.11029681841565933,1.0521441344393505,0.025510204081632654,0.02694766399844417
36,T13,对应染色体三标准差Z值规则,0.2,2.759523809523809,9.0,135.0404761904762,0.02173913043478261,0.9799744280876356,0.0675784392598552,0.032896025063638146,0.002955046167671282,0.5008567792612091,0.9200032393909945,0.5657687011511868,0.11328184400456118,0.06258503401360543,0.020132815030774215,,,,,,
36,T13,L1正则多因素逻辑回归,0.8333333333333333,1.25,8.366666666666667,136.55,0.09057971014492752,0.9909288824383164,0.4,0.14771048744460855,0.1670257256986713,0.540754296291622,0.9345804988662133,0.5698033138814516,0.2044199587839951,0.06258503401360543,0.014172335600907027,0.05591087569789695,0.26608336274157934,-1.5635959479647787,0.29009844576861415,0.06258503401360543,0.03670425366537708
36,T18,对应染色体三标准差Z值规则,0.0,3.809523809523809,12.566666666666666,130.6238095238095,0.0,0.971662356983458,0.0,,-0.04986948043480968,0.485831178491729,0.8885973436993845,0.6114287377337047,0.11711651436372998,0.0854875283446712,0.02591512795594428,,,,,,
36,T18,L1正则多因素逻辑回归,5.35,2.75,7.216666666666667,131.68333333333334,0.42572944297082227,0.9795437639474337,0.6604938271604938,0.5177419354838709,0.4966126661257032,0.702636603459128,0.9321995464852607,0.8503472253867698,0.6405454748009423,0.0854875283446712,0.055102040816326525,0.048012855028110084,0.19517195083271205,-0.1606385600453788,0.8363886824180622,0.0854875283446712,0.080006901069118
36,T21,对应染色体三标准差Z值规则,0.0,0.0,3.9166666666666665,143.08333333333331,0.0,1.0,,,,0.5,0.9733560090702948,0.42326847739306384,0.025149050546633737,0.02664399092970521,0.0,,,,,,
36,T21,L1正则多因素逻辑回归,0.3333333333333333,0.0,3.583333333333333,143.08333333333334,0.0851063829787234,1.0,1.0,0.1568627450980392,0.2881441988027436,0.5425531914893617,0.97562358276644,0.5403618030317243,0.1173091844396982,0.02664399092970521,0.0022675736961451248,0.024740197241036654,0.1217638569902955,-1.4201995970701964,0.5854416529342966,0.02664399092970521,0.026330716812515857
37,T13,对应染色体三标准差Z值规则,0.0,4.488095238095237,3.0,139.51190476190476,0.0,0.968832671957672,0.0,,-0.025614438556996487,0.484416335978836,0.949060576611597,0.5474495701058202,0.04345857965442214,0.02040816326530612,0.030531260123096857,,,,,,
37,T13,L1正则多因素逻辑回归,0.5833333333333333,2.75,2.4166666666666665,141.25,0.19444444444444442,0.9809027777777778,0.175,0.18421052631578944,0.16654184953041562,0.5876736111111112,0.9648526077097507,0.6671957671957672,0.14152145383884912,0.02040816326530612,0.022675736961451243,0.020491115037790355,0.1016721886311589,-1.7729660149877664,0.6110015850647019,0.02040816326530612,0.040034213201710675
37,T18,对应染色体三标准差Z值规则,0.0,7.457142857142856,12.333333333333332,127.2095238095238,0.0,0.9446251768033946,0.0,,-0.06995884092766541,0.4723125884016973,0.8653709102688694,0.6318473804426775,0.11486678545386873,0.0839002267573696,0.050728862973760926,,,,,,
37,T18,L1正则多因素逻辑回归,4.25,4.916666666666666,8.083333333333334,129.75,0.34459459459459457,0.963490099009901,0.4636363636363637,0.39534883720930236,0.35322998492007984,0.6540423468022478,0.9115646258503401,0.8154298711724455,0.5058152355911212,0.0839002267573696,0.06235827664399093,0.05808940930345494,0.22717704472806674,-0.43069978892084904,0.6890615412388352,0.0839002267573696,0.07789084184260607
37,T21,对应染色体三标准差Z值规则,0.0,0.0,4.333333333333333,142.66666666666669,0.0,1.0,,,,0.5,0.9705215419501133,0.535982592174181,0.03500142563736619,0.029478458049886618,0.0,,,,,,
37,T21,L1正则多因素逻辑回归,0.3333333333333333,0.0,4.0,142.66666666666666,0.07692307692307693,1.0,1.0,0.14285714285714288,0.27354190689028773,0.5384615384615384,0.9727891156462585,0.5330459843894424,0.11636671008227054,0.029478458049886618,0.0022675736961451248,0.02736297971542027,0.13475658395212475,-1.8466225757021848,0.4324936548482239,0.029478458049886618,0.025316207178528782
38,T13,对应染色体三标准差Z值规则,0.0,2.471428571428571,6.6,137.92857142857144,0.0,0.9823972323972324,0.0,,-0.02835212340024328,0.4911986161986162,0.9382896015549076,0.303609427837823,0.032000618136037384,0.044897959183673466,0.01681243926141885,,,,,,
38,T13,L1正则多因素逻辑回归,1.8333333333333333,5.15,4.766666666666667,135.25,0.2777777777777778,0.9633190883190883,0.26252983293556087,0.26993865030674846,0.23470688708677206,0.620548433048433,0.9325396825396826,0.6769855658744547,0.27669779528410177,0.044897959183673466,0.047505668934240367,0.03814837396743183,0.1746544487475006,-0.9935191048203702,0.5756352819612124,0.044897959183673466,0.03927868330857171
38,T18,对应染色体三标准差Z值规则,0.0,6.221428571428571,8.349999999999998,132.42857142857144,0.0,0.9551285353665449,0.0,,-0.05158935326954743,0.4775642676832724,0.9008746355685132,0.49835016484983774,0.05886344495140158,0.05680272108843537,0.042322643343051504,,,,,,
38,T18,L1正则多因素逻辑回归,2.7,3.583333333333333,5.6499999999999995,135.06666666666666,0.3233532934131737,0.9741555475417718,0.42970822281167115,0.36902050113895224,0.3404358058243064,0.6487544204774728,0.93718820861678,0.8852505693882442,0.5343085297114337,0.05680272108843537,0.0427437641723356,0.037889205782737766,0.14397209598101005,-0.3742089474565117,0.9307898793036821,0.05680272108843537,0.06711735755818551
38,T21,对应染色体三标准差Z值规则,0.0,0.0,3.583333333333333,143.41666666666666,0.0,1.0,,,,0.5,0.9756235827664398,0.5642482962402424,0.036199291995749075,0.02437641723356009,0.0,,,,,,
38,T21,L1正则多因素逻辑回归,0.5833333333333333,0.5,2.9999999999999996,142.91666666666666,0.1627906976744186,0.9965136548518303,0.5384615384615384,0.25,0.28723513052069916,0.5796521762631245,0.9761904761904762,0.5121034346741413,0.19082428255930386,0.02437641723356009,0.0073696145124716545,0.02141224035666527,0.11338491416094537,-1.4260321211947697,0.5891925247807919,0.02437641723356009,0.02392312790577965
39,T13,对应染色体三标准差Z值规则,0.2,3.321428571428571,7.45,136.02857142857144,0.026143790849673203,0.9761648469936951,0.05679513184584179,0.03580562659846548,0.0033534130549523387,0.5011543189216842,0.9267249757045676,0.46444220376647083,0.05722777546975122,0.05204081632653061,0.023955296404275996,,,,,,
39,T13,L1正则多因素逻辑回归,1.9166666666666665,5.2,5.733333333333333,134.15,0.25054466230936817,0.9626838894869035,0.26932084309133486,0.25959367945823925,0.22065220039993072,0.6066142758981359,0.9256235827664399,0.6202187449153407,0.19949790798198497,0.05204081632653061,0.04841269841269841,0.04736510967805374,0.2177670189639691,-1.4788797610040325,0.37975473409855326,0.05204081632653061,0.04206928724190604
39,T18,对应染色体三标准差Z值规则,0.0,7.58095238095238,14.233333333333333,125.18571428571428,0.0,0.9429001829202683,0.0,,-0.07635010045204102,0.47145009146013417,0.851603498542274,0.5810149181193038,0.11179020706080783,0.09682539682539683,0.05157110463232912,,,,,,
39,T18,L1正则多因素逻辑回归,7.0,3.333333333333333,7.233333333333334,129.4333333333333,0.4918032786885246,0.9748932965101681,0.6774193548387097,0.5698778833107192,0.539859725225818,0.7333482875993463,0.9281179138321995,0.9354971912662943,0.713064717858415,0.09682539682539683,0.07029478458049887,0.04886534174757929,0.16782726131331122,0.3927793452459556,1.0757976987418068,0.09682539682539683,0.08416851724378582
39,T21,对应染色体三标准差Z值规则,0.0,0.0,5.583333333333333,141.41666666666666,0.0,1.0,,,,0.5,0.9620181405895691,0.5031071597145178,0.04381825668555333,0.037981859410430835,0.0,,,,,,
39,T21,L1正则多因素逻辑回归,0.9166666666666666,0.5,4.666666666666666,140.91666666666666,0.16417910447761194,0.9964643488509134,0.6470588235294118,0.2619047619047619,0.31431886013742905,0.5803217266642626,0.9648526077097505,0.5582292259554154,0.20921033066515027,0.037981859410430835,0.00963718820861678,0.03275298472700193,0.1569558663341294,-0.4879501847646939,0.7334858096346888,0.037981859410430835,0.02583025842789515
40,T13,对应染色体三标准差Z值规则,0.4,4.116666666666667,5.250000000000001,137.23333333333335,0.07079646017699114,0.9708760759344417,0.08856088560885608,0.07868852459016393,0.04642276545915794,0.5208362680557164,0.936281179138322,0.42108164438662693,0.04318191725122513,0.03843537414965987,0.030725623582766433,,,,,,
40,T13,L1正则多因素逻辑回归,1.1666666666666665,3.65,4.483333333333333,137.7,0.20648967551622416,0.9741775733993633,0.2422145328719723,0.22292993630573246,0.19509849525370043,0.5903336244577937,0.9446712018140588,0.640011859632396,0.22905792673044037,0.03843537414965987,0.03276643990929705,0.03452891101096998,0.161458855245286,-1.3702686066310175,0.502815818250382,0.03843537414965987,0.03710331575790402
40,T18,对应染色体三标准差Z值规则,0.0,5.576190476190477,8.950000000000001,132.4738095238095,0.0,0.9596074576154258,0.0,,-0.050559276026560705,0.4798037288077129,0.9011823777129898,0.6571125511898733,0.09221448446528888,0.06088435374149661,0.03793326854551343,,,,,,
40,T18,L1正则多因素逻辑回归,3.45,3.4166666666666665,5.5,134.63333333333333,0.38547486033519557,0.9752505130991187,0.5024271844660194,0.43624868282402535,0.40875464947775175,0.6803626867171572,0.9393424036281178,0.8460176561402941,0.5112787913834249,0.06088435374149661,0.046712018140589576,0.04211518341069664,0.16634512144059907,-0.5776538496937877,0.7772410394121722,0.06088435374149661,0.06855098295791656
40,T21,对应染色体三标准差Z值规则,0.0,0.0,2.833333333333333,144.16666666666666,0.0,1.0,,,,0.5,0.9807256235827664,0.5115189197066111,0.02352402457094603,0.01927437641723356,0.0,,,,,,
40,T21,L1正则多因素逻辑回归,0.6666666666666666,0.0,2.1666666666666665,144.16666666666669,0.23529411764705885,1.0,1.0,0.380952380952381,0.4814667838687455,0.6176470588235294,0.9852607709750566,0.5180414824889492,0.2553734947087725,0.01927437641723356,0.0045351473922902496,0.016048581270497617,0.09098549256988532,-0.9070786206744379,0.8199675634857502,0.01927437641723356,0.025558704117887916
41,T13,对应染色体三标准差Z值规则,0.0,3.1095238095238096,6.866666666666666,137.02380952380952,0.0,0.9778102487426941,0.0,,-0.032541170835612594,0.48890512437134703,0.9321347586653709,0.646348138157834,0.15715810677046368,0.04671201814058957,0.02115322319403952,,,,,,
41,T13,L1正则多因素逻辑回归,1.5833333333333333,3.0,5.283333333333333,137.13333333333333,0.23058252427184467,0.9785918173168411,0.34545454545454546,0.27656477438136823,0.2539691642006349,0.6045871707943429,0.9436507936507936,0.6360145000930363,0.32746587665820637,0.04671201814058957,0.031179138321995464,0.03794501806321981,0.18073227199242842,-0.9623964907279858,0.5742863168983346,0.04671201814058957,0.03903589262422473
41,T18,对应染色体三标准差Z值规则,0.0,6.061904761904762,12.783333333333333,128.1547619047619,0.0,0.9548349328555462,0.0,,-0.06400430528239033,0.4774174664277731,0.8718011013929381,0.643174262619169,0.13520555217057303,0.08696145124716553,0.04123744735989634,,,,,,
41,T18,L1正则多因素逻辑回归,6.65,2.0,6.133333333333334,132.21666666666667,0.5202086049543676,0.9850987209735502,0.7687861271676301,0.6205287713841369,0.6050388199257551,0.7526536629639589,0.9446712018140591,0.8915983527550542,0.7229446937799885,0.08696145124716553,0.058843537414965986,0.04050153165231802,0.16574428511637768,0.0383582802845739,0.973664314678651,0.08696145124716553,0.08337898086399656
41,T21,对应染色体三标准差Z值规则,0.0,0.0,3.5833333333333335,143.41666666666666,0.0,1.0,,,,0.5,0.9756235827664398,0.4408871455018233,0.025597124867453292,0.02437641723356009,0.0,,,,,,
41,T21,L1正则多因素逻辑回归,0.8333333333333333,1.0,2.75,142.41666666666666,0.23255813953488372,0.9930273097036607,0.45454545454545453,0.30769230769230765,0.3134731373302768,0.6127927246192723,0.9744897959183674,0.5251246571084955,0.25668338332117724,0.02437641723356009,0.012471655328798185,0.020408885143739695,0.10789781278488562,-0.6758751083492297,0.8279736048211519,0.02437641723356009,0.026933314598089744
42,T13,对应染色体三标准差Z值规则,0.6,2.65,5.166666666666667,138.58333333333331,0.10404624277456648,0.9812367240972386,0.1846153846153846,0.13308687615526804,0.11260241943627555,0.5426414834359026,0.9468253968253968,0.5246839135735603,0.07848194848932173,0.03922902494331066,0.022108843537414966,,,,,,
42,T13,L1正则多因素逻辑回归,0.25,3.2,5.516666666666667,138.03333333333336,0.04335260115606936,0.9773424592872316,0.07246376811594203,0.054249547920434,0.026539123904084073,0.5103475302216505,0.940702947845805,0.6696358531570898,0.3039562589349858,0.03922902494331066,0.02346938775510204,0.03388439058971059,0.15531467654743275,-0.8336711822915417,0.6642999370696896,0.03922902494331066,0.03435141409416252
42,T18,对应染色体三标准差Z值规则,0.0,5.233333333333333,14.016666666666666,127.75,0.0,0.9606466975811506,0.0,,-0.06237720345389016,0.4803233487905753,0.8690476190476191,0.6049549806649113,0.12753393944018307,0.0953514739229025,0.035600907029478455,,,,,,
42,T18,L1正则多因素逻辑回归,2.55,3.9166666666666665,11.466666666666665,129.06666666666666,0.18192627824019025,0.9705476876801605,0.3943298969072165,0.24898291293734745,0.21836687816935274,0.5762369829601754,0.8953514739229026,0.7815041833206936,0.43752463259355523,0.0953514739229025,0.04399092970521542,0.07119880608279996,0.2818822920956559,-0.30225295694380366,0.6068395600875782,0.0953514739229025,0.06630324586231517
42,T21,对应染色体三标准差Z值规则,0.0,0.0,2.0833333333333335,144.91666666666666,0.0,1.0,,,,0.5,0.9858276643990929,0.3939934828445468,0.012557899253082512,0.014172335600907027,0.0,,,,,,
42,T21,L1正则多因素逻辑回归,0.25,0.5,1.8333333333333333,144.41666666666666,0.12000000000000002,0.9965497412305923,0.3333333333333333,0.17647058823529413,0.19336207318483675,0.5582748706152961,0.9841269841269841,0.40045850105424563,0.1334973680283896,0.014172335600907027,0.00510204081632653,0.013292540825261177,0.07855540911668248,-3.234953684424846,0.2586034279862202,0.014172335600907027,0.02359782166449943
43,T13,对应染色体三标准差Z值规则,0.2,2.8261904761904764,8.033333333333335,135.9404761904762,0.024291497975708502,0.9796335060567585,0.06608969315499606,0.03552548107422288,0.006355952697992519,0.5019625020162335,0.9261256883705862,0.5850999892050754,0.15705766785198852,0.05600907029478457,0.02058632977000324,,,,,,
43,T13,L1正则多因素逻辑回归,1.9166666666666665,4.1,6.316666666666666,134.66666666666666,0.23279352226720648,0.9704539995195772,0.3185595567867036,0.26900584795321636,0.23588146869801863,0.6016237608933919,0.9291383219954648,0.5122209452936283,0.2462452100595608,0.05600907029478457,0.0409297052154195,0.04938992235151436,0.24203317658000034,-1.8812374390985098,0.25013352427441393,0.05600907029478457,0.04099547333086427
43,T18,对应染色体三标准差Z值规则,0.0,4.6190476190476195,11.566666666666668,130.81428571428575,0.0,0.9658943075138005,0.0,,-0.05263705698008169,0.4829471537569002,0.8898931000971818,0.6864658744980636,0.13673008217455812,0.07868480725623582,0.03142209264658244,,,,,,
43,T18,L1正则多因素逻辑回归,5.5,0.9166666666666666,6.066666666666667,134.51666666666668,0.4755043227665706,0.9932316022643368,0.8571428571428571,0.6116774791473587,0.6176941327578038,0.7343679625154538,0.9524943310657598,0.8980929933619596,0.7108626340714923,0.07868480725623582,0.043650793650793655,0.03886762872844609,0.15429982388164792,0.21088155538367978,1.0797636094353704,0.07868480725623582,0.07533977660357713
43,T21,对应染色体三标准差Z值规则,0.0,0.0,3.583333333333333,143.41666666666666,0.0,1.0,,,,0.5,0.9756235827664398,0.388057627007399,0.022096288866314664,0.02437641723356009,0.0,,,,,,
43,T21,L1正则多因素逻辑回归,1.1666666666666665,1.0,2.4166666666666665,142.41666666666666,0.3255813953488372,0.9930273097036607,0.5384615384615384,0.40579710144927533,0.40772819103765223,0.659304352526249,0.9767573696145123,0.6204910611731954,0.35106170590992636,0.02437641723356009,0.014739229024943309,0.018749478056089227,0.09812690770405974,0.1668921154102695,1.1163127496595016,0.02437641723356009,0.02896291776944747
44,T13,对应染色体三标准差Z值规则,0.4,3.176190476190476,6.216666666666666,137.20714285714286,0.06045340050377834,0.9773748749173182,0.11185086551264982,0.07848633496846531,0.050906471743141335,0.5189141377105483,0.9361030126336249,0.479283428481543,0.06138590713956479,0.04501133786848073,0.024327826368642693,,,,,,
44,T13,L1正则多因素逻辑回归,0.25,5.7,6.366666666666667,134.68333333333334,0.03778337531486146,0.9593968894693103,0.04201680672268907,0.03978779840848806,-0.002966475074103616,0.4985901323920859,0.9179138321995465,0.6906335259737288,0.3022113190720756,0.04501133786848073,0.04047619047619048,0.03794464187205046,0.1695275374181606,-0.7321667565881744,0.6659551158544338,0.04501133786848073,0.03846095938232878
44,T18,对应染色体三标准差Z值规则,0.0,7.404761904761904,15.516666666666666,124.07857142857144,0.0,0.9436828857541242,0.0,,-0.07911960490467852,0.4718414428770621,0.8440719144800778,0.5415865752631559,0.1193330036966973,0.10555555555555556,0.05037252996436669,,,,,,
44,T18,L1正则多因素逻辑回归,4.8,5.166666666666666,10.716666666666665,126.31666666666666,0.30934479054779807,0.9607047788059324,0.48160535117056863,0.3767168083714847,0.3300577838899343,0.6350247846768653,0.8919501133786849,0.83638211502691,0.569432566868996,0.10555555555555556,0.06780045351473922,0.06635982834329347,0.25187262519606035,-0.0996007885572463,0.7613304109215538,0.10555555555555556,0.0869965540732018
44,T21,对应染色体三标准差Z值规则,0.0,0.0,2.75,144.25,0.0,1.0,,,,0.5,0.9812925170068028,0.4972217845701379,0.021021480415311333,0.01870748299319728,0.0,,,,,,
44,T21,L1正则多因素逻辑回归,0.25,0.5,2.5,143.75,0.09090909090909091,0.9965337954939342,0.3333333333333333,0.14285714285714288,0.16629154700731139,0.5437214432015125,0.9795918367346939,0.5099141951828259,0.1261818866657694,0.01870748299319728,0.00510204081632653,0.01746720599094022,0.09490043197642126,-2.46642242846095,0.38296202945828534,0.01870748299319728,0.023263217668684392
45,T13,对应染色体三标准差Z值规则,0.0,2.138095238095238,4.766666666666667,140.09523809523807,0.0,0.9849676922561853,0.0,,-0.022240427185918267,0.49248384612809265,0.953028830579851,0.47752013629679424,0.04867026776011292,0.032426303854875285,0.014544865565273728,,,,,,
45,T13,L1正则多因素逻辑回归,0.75,5.45,4.016666666666667,136.78333333333336,0.15734265734265734,0.9616826810405438,0.12096774193548386,0.13677811550151975,0.1048939253967144,0.5595126691916006,0.9356009070294785,0.5753167619818662,0.2998053308038744,0.032426303854875285,0.042176870748299324,0.02791938563689809,0.1430786284776,-1.6467379980293027,0.4871855635346501,0.032426303854875285,0.037106409303408
45,T18,对应染色体三标准差Z值规则,0.0,3.6809523809523808,12.4,130.9190476190476,0.0,0.9726526569022853,0.0,,-0.04864256360569337,0.48632632845114265,0.8906057661159701,0.6074864393104222,0.1231730691201421,0.08435374149659863,0.02504049238743116,,,,,,
45,T18,L1正则多因素逻辑回归,3.45,4.166666666666666,8.95,130.43333333333334,0.27822580645161293,0.969044081228331,0.4529540481400438,0.3447127393838468,0.3100392702783699,0.623634943839972,0.9107709750566892,0.7577400971492785,0.447915480313871,0.08435374149659863,0.0518140589569161,0.06192369859807934,0.25510483724017763,-0.6449559752844832,0.5934549190902658,0.08435374149659863,0.07734109978530017
45,T21,对应染色体三标准差Z值规则,0.0,0.0,2.9166666666666665,144.08333333333331,0.0,1.0,,,,0.5,0.9801587301587302,0.5097801017457303,0.02352644780350555,0.019841269841269837,0.0,,,,,,
45,T21,L1正则多因素逻辑回归,0.5,1.0,2.4166666666666665,143.08333333333331,0.17142857142857143,0.9930595720069404,0.3333333333333333,0.22641509433962265,0.22824840184277076,0.5822440717177559,0.9767573696145125,0.48168317182280673,0.19403685071974544,0.019841269841269837,0.01020408163265306,0.017606933935240685,0.09827266682090327,-1.9881228158559199,0.49800762247017305,0.019841269841269837,0.024364203355004343
46,T13,对应染色体三标准差Z值规则,0.0,3.542857142857143,8.35,135.10714285714283,0.0,0.974447478233991,0.0,,-0.03856550589057431,0.4872237391169955,0.9190962099125365,0.4806306539292065,0.08291288800241664,0.05680272108843537,0.024101068999028183,,,,,,
46,T13,L1正则多因素逻辑回归,0.3333333333333333,1.9,8.016666666666666,136.75,0.03992015968063872,0.9862964298593581,0.14925373134328357,0.06299212598425197,0.04960989501472655,0.5131082947699984,0.9325396825396826,0.5676313473031616,0.20531110750159728,0.05680272108843537,0.015192743764172336,0.051575160978111184,0.2445043027827605,-1.5745048418913823,0.30443538840904316,0.05680272108843537,0.030471786930179188
46,T18,对应染色体三标准差Z值规则,0.0,7.902380952380952,13.95,125.14761904761906,0.0,0.940605930459369,0.0,,-0.07717893782096313,0.4703029652296845,0.8513443472627147,0.5777907640696713,0.11172289357590126,0.09489795918367347,0.053757693553611915,,,,,,
46,T18,L1正则多因素逻辑回归,5.7,5.0,8.25,128.05,0.40860215053763443,0.9624201428034573,0.5327102803738318,0.46247464503042607,0.41855711805767903,0.6855111466705459,0.9098639455782312,0.8638808911161856,0.5803419053828422,0.09489795918367347,0.07278911564625849,0.05989135369578341,0.22090134307595297,-0.1702442575064307,0.7912598840271428,0.09489795918367347,0.0860350631726549
46,T21,对应染色体三标准差Z值规则,0.0,0.0,2.6666666666666665,144.33333333333331,0.0,1.0,,,,0.5,0.981859410430839,0.4481936654569449,0.020604625073717717,0.018140589569160998,0.0,,,,,,
46,T21,L1正则多因素逻辑回归,0.3333333333333333,0.0,2.333333333333333,144.33333333333331,0.125,1.0,1.0,0.2222222222222222,0.350729758698009,0.5625,0.9841269841269843,0.6644723276146489,0.15925199171626095,0.018140589569160998,0.0022675736961451248,0.01637545831044287,0.08431933561930893,-0.043691719279073865,1.0981809373405185,0.018140589569160998,0.025732129102942012
47,T13,对应染色体三标准差Z值规则,0.2,1.8214285714285712,7.3999999999999995,137.57857142857142,0.026315789473684213,0.9869337979094076,0.09893992932862192,0.041573867854491464,0.025191813288121204,0.5066247936915459,0.9372691933916423,0.3979340238448825,0.04947518540052322,0.05170068027210884,0.013751214771622935,,,,,,
47,T13,L1正则多因素逻辑回归,1.3333333333333333,2.9,6.266666666666666,136.5,0.1754385964912281,0.979196556671449,0.31496062992125984,0.22535211267605637,0.20473484729906102,0.5773175765813385,0.9376417233560091,0.6270679538396446,0.23160008434788043,0.05170068027210884,0.028798185941043084,0.04523500694870153,0.20939317792030798,-1.186424316698319,0.45742344390110395,0.05170068027210884,0.03732910669988915
47,T18,对应染色体三标准差Z值规则,0.0,6.814285714285715,8.933333333333334,131.25238095238092,0.0,0.9506449610264193,0.0,,-0.056081631552128954,0.47532248051320963,0.8928733398121153,0.5527108542271743,0.06833828548511557,0.060770975056689346,0.04635568513119533,,,,,,
47,T18,L1正则多因素逻辑回归,3.65,3.333333333333333,5.283333333333334,134.73333333333332,0.4085820895522388,0.9758570738773539,0.5226730310262531,0.45863874345549743,0.43177506640571756,0.6922195817147964,0.9413832199546485,0.8559322039351425,0.5226638808860645,0.060770975056689346,0.047505668934240367,0.041505691432977464,0.1619583143647542,-0.5824244986879816,0.7809795139451122,0.060770975056689346,0.0695976059412537
47,T21,对应染色体三标准差Z值规则,0.0,0.0,4.166666666666666,142.83333333333331,0.0,1.0,,,,0.5,0.971655328798186,0.45899083180530087,0.028601022418632396,0.028344671201814053,0.0,,,,,,
47,T21,L1正则多因素逻辑回归,0.8333333333333333,1.0,3.333333333333333,141.83333333333331,0.2,0.9929988331388565,0.45454545454545453,0.2777777777777778,0.2886088727225324,0.5964994165694283,0.9705215419501135,0.5524567427904654,0.2393493361647031,0.028344671201814053,0.012471655328798185,0.0238970852406788,0.12124842956307251,-0.373556904301803,0.841932508033688,0.028344671201814053,0.02421962736966788
48,T13,对应染色体三标准差Z值规则,0.2,2.4380952380952383,7.6499999999999995,136.71190476190475,0.025477707006369428,0.9824786544154134,0.07581227436823104,0.038138479001135074,0.013474709152006008,0.5039781807108914,0.9313735017816649,0.6336571685631377,0.18177546892247398,0.05340136054421769,0.017946226109491415,,,,,,
48,T13,L1正则多因素逻辑回归,1.8333333333333333,4.2,6.016666666666667,134.95,0.23354564755838642,0.9698167445203019,0.30386740331491713,0.2641056422569028,0.2304677702606508,0.6016811960393441,0.9304988662131519,0.6120213743385365,0.27539137548171233,0.05340136054421769,0.041043083900226755,0.04596132024283082,0.21440718118447316,-1.2169186705203576,0.450770318136163,0.05340136054421769,0.041929454156426696
48,T18,对应染色体三标准差Z值规则,0.0,2.780952380952381,14.233333333333334,129.9857142857143,0.0,0.979053835945626,0.0,,-0.04546678530845935,0.489526917972813,0.8842565597667639,0.6065710265617837,0.12793286882873298,0.09682539682539683,0.018918043407839324,,,,,,
48,T18,L1正则多因素逻辑回归,7.9,3.1666666666666665,6.333333333333333,129.59999999999997,0.5550351288056206,0.9761486316846598,0.713855421686747,0.6245059288537549,0.5953484500745116,0.7655918802451402,0.935374149659864,0.8637381756372244,0.7003832220655501,0.09682539682539683,0.07528344671201814,0.04897778543048747,0.20037434076817345,-0.23871099454006273,0.8154533199413687,0.09682539682539683,0.09519108182911365
48,T21,对应染色体三标准差Z值规则,0.0,0.0,3.583333333333333,143.41666666666669,0.0,1.0,,,,0.5,0.9756235827664399,0.4873736779010889,0.03183016114048745,0.02437641723356009,0.0,,,,,,
48,T21,L1正则多因素逻辑回归,0.8333333333333333,1.0,2.7499999999999996,142.41666666666669,0.23255813953488372,0.9930273097036607,0.45454545454545453,0.30769230769230765,0.31347313733027676,0.6127927246192723,0.9744897959183674,0.6296470606403987,0.27233644424872344,0.02437641723356009,0.012471655328798185,0.02010865149466532,0.10246034198656062,0.060763479240507866,1.0478942177101471,0.02437641723356009,0.026606115159693598
49,T13,对应染色体三标准差Z值规则,0.4,4.416666666666666,5.5,136.68333333333334,0.06779661016949153,0.968698322702575,0.08304498269896195,0.07465007776049767,0.04023689316273193,0.5182474664360333,0.9325396825396826,0.5086721095081557,0.06241659593806738,0.04013605442176871,0.03276643990929705,,,,,,
49,T13,L1正则多因素逻辑回归,0.8333333333333333,2.75,5.066666666666666,138.35,0.14124293785310735,0.9805102763997166,0.23255813953488372,0.1757469244288225,0.15496247034087623,0.560876607126412,0.9468253968253969,0.7025426398181626,0.34126462791284806,0.04013605442176871,0.02437641723356009,0.03265492103513326,0.14953492467562468,-0.40558587949358355,0.7710603405413904,0.04013605442176871,0.03230563250366427
49,T18,对应染色体三标准差Z值规则,0.0,7.266666666666667,9.933333333333332,129.8,0.0,0.9469844357976653,0.0,,-0.06139021987617073,0.47349221789883267,0.8829931972789117,0.5520421894993862,0.07746087217912588,0.06757369614512472,0.04943310657596372,,,,,,
49,T18,L1正则多因素逻辑回归,2.7,4.25,7.233333333333333,132.81666666666666,0.27181208053691275,0.9689931906614786,0.38848920863309355,0.3198420533070089,0.28480359093274005,0.6204026355991956,0.9218820861678003,0.8382127200141019,0.46440575218396835,0.06757369614512472,0.04727891156462585,0.04862406279910563,0.18740639904124765,-0.4575509735775498,0.7488263808284203,0.06757369614512472,0.06773796456708066
49,T21,对应染色体三标准差Z值规则,0.0,0.0,2.666666666666667,144.33333333333331,0.0,1.0,,,,0.5,0.981859410430839,0.372709776751347,0.01587879947555396,0.018140589569160998,0.0,,,,,,
49,T21,L1正则多因素逻辑回归,0.8333333333333333,1.0,1.8333333333333333,143.33333333333331,0.3125,0.9930715935334873,0.45454545454545453,0.3703703703703703,0.3674738980625832,0.6527857967667436,0.9807256235827666,0.6721769149345651,0.34806901068914015,0.018140589569160998,0.012471655328798185,0.014057640612145707,0.07589930942620723,0.6705070186029903,1.307798447014403,0.018140589569160998,0.024451283273404196
50,T13,对应染色体三标准差Z值规则,0.2,2.538095238095238,6.883333333333333,137.37857142857143,0.028235294117647063,0.9818599506508976,0.07304347826086957,0.04072727272727274,0.015990804441361414,0.5050476223842724,0.9359086491739552,0.38549827745273235,0.044021691423485845,0.0481859410430839,0.018626498218334953,,,,,,
50,T13,L1正则多因素逻辑回归,2.6666666666666665,4.7,4.416666666666666,135.21666666666667,0.37647058823529417,0.9664085765336511,0.3619909502262443,0.36908881199538635,0.3365616269139517,0.6714395823844727,0.9379818594104308,0.7545675547169435,0.40653920594429693,0.0481859410430839,0.05011337868480725,0.036395111653715694,0.15849993106843766,-0.39067422937289203,0.8391936755471131,0.0481859410430839,0.04899144534268339
50,T18,对应染色体三标准差Z值规则,0.0,4.992857142857142,11.1,130.90714285714284,0.0,0.9632608010091455,0.0,,-0.05358845501156979,0.48163040050457273,0.8905247813411078,0.5188189082596736,0.0830762844129721,0.07551020408163266,0.03396501457725947,,,,,,
50,T18,L1正则多因素逻辑回归,4.2,4.416666666666666,6.9,131.48333333333335,0.37837837837837834,0.9675006131959775,0.4874274661508704,0.4260355029585799,0.38903068845104244,0.6729394957871779,0.9230158730158728,0.882451935799986,0.5499038691866808,0.07551020408163266,0.05861678004535148,0.04969600158526487,0.17867065854327654,-0.3603327662068621,0.8523240766454995,0.07551020408163266,0.08168517179226119
50,T21,对应染色体三标准差Z值规则,0.0,0.0,5.0,142.0,0.0,1.0,,,,0.5,0.9659863945578231,0.4222487704001787,0.034089470122165434,0.034013605442176874,0.0,,,,,,
50,T21,L1正则多因素逻辑回归,1.6666666666666665,2.0,3.333333333333333,140.0,0.3333333333333333,0.9859154929577465,0.45454545454545453,0.3846153846153846,0.3710642957096342,0.6596244131455399,0.9637188208616779,0.6790722110440419,0.37604228516541477,0.034013605442176874,0.02494331065759637,0.02533631921871039,0.1198371062727087,1.0400370343557024,1.26709747881543,0.034013605442176874,0.028793033645196055
51,T13,对应染色体三标准差Z值规则,0.2,2.3047619047619046,4.9833333333333325,139.51190476190476,0.038585209003215444,0.9837483001192016,0.07984790874524715,0.05202849179312482,0.03182842731878949,0.5111667545612085,0.950421120829284,0.42085752862501846,0.03826734423338771,0.03526077097505669,0.017039196631033364,,,,,,
51,T13,L1正则多因素逻辑回归,0.25,3.65,4.933333333333334,138.16666666666669,0.04823151125401929,0.9742625455400165,0.06410256410256411,0.05504587155963303,0.02581569805847346,0.5112470283970179,0.941609977324263,0.7830559369357517,0.35216280679869155,0.03526077097505669,0.026530612244897958,0.028115487892840265,0.12238870018330889,-0.00027355930315664523,1.0428280510589865,0.03526077097505669,0.03868837298188839
51,T18,对应染色体三标准差Z值规则,0.0,5.7142857142857135,11.083333333333332,130.20238095238096,0.0,0.9579574318997985,0.0,,-0.05742892538861842,0.47897871594989927,0.8857304826692582,0.5013788039337198,0.07693349578156572,0.07539682539682539,0.038872691933916424,,,,,,
51,T18,L1正则多因素逻辑回归,3.9,3.083333333333333,7.183333333333334,132.83333333333334,0.3518796992481203,0.9773145309625996,0.5584725536992841,0.4317343173431734,0.4086039081873424,0.6645971151053599,0.9301587301587303,0.865524685849686,0.5249579881337245,0.07539682539682539,0.047505668934240367,0.049068035413836704,0.1834618853182529,-0.23177735882378223,0.8540161617407998,0.07539682539682539,0.07482900053376791
51,T21,对应染色体三标准差Z值规则,0.0,0.0,3.4166666666666665,143.58333333333334,0.0,1.0,,,,0.5,0.9767573696145125,0.5506836184355541,0.028811783716184376,0.023242630385487528,0.0,,,,,,
51,T21,L1正则多因素逻辑回归,0.25,0.5,3.1666666666666665,143.08333333333334,0.07317073170731708,0.9965177016831108,0.3333333333333333,0.12000000000000001,0.14737894847210392,0.534844216695214,0.9750566893424036,0.465132325313801,0.10205004889634461,0.023242630385487528,0.00510204081632653,0.021929046276923353,0.11584908947206589,-3.3413279707974137,0.09858187776468087,0.023242630385487528,0.022236211345526443
52,T13,对应染色体三标准差Z值规则,0.2,3.416666666666667,6.733333333333333,136.65,0.028846153846153848,0.9756068538791053,0.05529953917050691,0.037914691943127965,0.006093801556084807,0.5022265038626296,0.9309523809523809,0.5892232767232767,0.09820454725949689,0.047165532879818596,0.024603174603174603,,,,,,
52,T13,L1正则多因素逻辑回归,0.5833333333333333,2.7,6.35,137.36666666666667,0.08413461538461538,0.9807234650166589,0.17766497461928932,0.11419249592169657,0.09304466397626898,0.5324290402006371,0.9384353741496599,0.5569240968455627,0.18915049011674182,0.047165532879818596,0.022335600907029476,0.04256237232606445,0.20469689739159874,-1.670000127568504,0.3459319221237568,0.047165532879818596,0.03593107443106136
52,T18,对应染色体三标准差Z值规则,0.0,5.776190476190476,11.066666666666666,130.15714285714284,0.0,0.9575071813914384,0.0,,-0.057704837580688895,0.4787535906957192,0.8854227405247812,0.5679614608507597,0.09405620806110308,0.07528344671201814,0.039293812763200514,,,,,,
52,T18,L1正则多因素逻辑回归,4.9,1.75,6.166666666666667,134.18333333333334,0.44277108433734946,0.987126042177538,0.7368421052631579,0.5531514581373471,0.5457816236344396,0.7149485632574437,0.9461451247165533,0.9237705217281934,0.7328053034192694,0.07528344671201814,0.045238095238095244,0.03683227785449692,0.1380231313450234,0.36199466584922363,1.1243746440317224,0.07528344671201814,0.06919688832645642
52,T21,对应染色体三标准差Z值规则,0.0,0.0,3.166666666666667,143.83333333333334,0.0,1.0,,,,0.5,0.9784580498866213,0.28437562620339935,0.016550051887343844,0.021541950113378682,0.0,,,,,,
52,T21,L1正则多因素逻辑回归,0.5833333333333333,0.5,2.5833333333333335,143.33333333333331,0.18421052631578944,0.996523754345307,0.5384615384615384,0.2745098039215686,0.30678772556970946,0.5903671403305483,0.9790249433106577,0.6714067904407599,0.23558163035307372,0.021541950113378682,0.0073696145124716545,0.018367788228104445,0.09210325569786666,0.2878281261649119,1.1362294705546725,0.021541950113378682,0.02501863937181098
53,T13,对应染色体三标准差Z值规则,0.0,2.6214285714285714,7.1000000000000005,137.2785714285714,0.0,0.9812621260083734,0.0,,-0.030355539875804905,0.4906310630041867,0.9338678328474247,0.43952772308539517,0.053599654320928225,0.04829931972789116,0.017832847424684158,,,,,,
53,T13,L1正则多因素逻辑回归,2.9166666666666665,7.1,4.183333333333334,132.79999999999998,0.4107981220657277,0.9492494639027877,0.2911813643926789,0.34079844206426485,0.3063391191095033,0.6800237929842577,0.9232426303854875,0.6989749233227975,0.4084361330208081,0.04829931972789116,0.068140589569161,0.03663485554021222,0.17042078869478203,-0.7481261250522784,0.6876318059903761,0.04829931972789116,0.048649124826404065
53,T18,对应染色体三标准差Z值规则,0.0,4.621428571428572,13.899999999999999,128.47857142857143,0.0,0.9652785231297628,0.0,,-0.058221605783395136,0.4826392615648814,0.8740038872691934,0.5777003383876563,0.11685444355528005,0.09455782312925169,0.031438289601554904,,,,,,
53,T18,L1正则多因素逻辑回归,7.2,1.3333333333333333,6.7,131.76666666666665,0.5179856115107914,0.9899824693213122,0.84375,0.6419019316493314,0.6356248638282357,0.7539840404160518,0.9453514739229023,0.9013551850373305,0.7249535453467918,0.09455782312925169,0.05804988662131519,0.04453354024510464,0.17372919737199993,0.2680534286940044,0.9838113814805685,0.09455782312925169,0.08139941492553876
53,T21,对应染色体三标准差Z值规则,0.0,0.0,4.666666666666667,142.33333333333334,0.0,1.0,,,,0.5,0.9682539682539684,0.46931486880466483,0.035386304148868515,0.031746031746031744,0.0,,,,,,
53,T21,L1正则多因素逻辑回归,1.4166666666666665,1.5,3.25,140.83333333333331,0.3035714285714286,0.9894613583138173,0.4857142857142857,0.37362637362637363,0.36840256332257,0.646516393442623,0.967687074829932,0.5241400014338289,0.3278372040993721,0.031746031746031744,0.01984126984126984,0.024728088849949773,0.12697832465332864,-0.12344848745558251,0.9089303664345177,0.031746031746031744,0.02722681366450552
54,T13,对应染色体三标准差Z值规则,0.2,2.6,2.9,141.29999999999998,0.06451612903225806,0.9819318971507992,0.07142857142857142,0.06779661016949153,0.04882214557387924,0.5232240130915287,0.9625850340136054,0.49388772000240544,0.028213918358556127,0.021088435374149662,0.019047619047619046,,,,,,
54,T13,L1正则多因素逻辑回归,0.5,2.95,2.6,140.95,0.16129032258064516,0.9794996525364837,0.14492753623188406,0.15267175572519084,0.13362011158966824,0.5703949875585644,0.9622448979591836,0.7201355730408165,0.319899937717903,0.021088435374149662,0.02346938775510204,0.018150892182963247,0.09225547228323742,-0.9562046763036984,0.8415297047692065,0.021088435374149662,0.034113021336458556
54,T18,对应染色体三标准差Z值规则,0.0,3.526190476190476,13.65,129.82380952380953,0.0,0.9735568768189692,0.0,,-0.050157558089943266,0.4867784384094846,0.8831551668286363,0.6159686097729558,0.13374882748707234,0.09285714285714285,0.023987690314220926,,,,,,
54,T18,L1正则多因素逻辑回归,4.4,3.25,9.249999999999998,130.1,0.3223443223443224,0.9756280464941882,0.5751633986928105,0.41314553990610337,0.38936295132460336,0.6489861844192553,0.9149659863945578,0.8753350929686032,0.6037789419255484,0.09285714285714285,0.05204081632653061,0.056505257784307567,0.207680384424277,0.29188720893799996,0.9220106179180484,0.09285714285714285,0.07090325182994492
54,T21,对应染色体三标准差Z值规则,0.0,0.0,3.1666666666666665,143.83333333333331,0.0,1.0,,,,0.5,0.9784580498866213,0.4436152664395635,0.021205925134936555,0.021541950113378682,0.0,,,,,,
54,T21,L1正则多因素逻辑回归,0.5,1.0,2.6666666666666665,142.83333333333331,0.15789473684210528,0.9930475086906141,0.3333333333333333,0.2142857142857143,0.21805428646539163,0.5754711227663597,0.9750566893424036,0.4753359354353441,0.1812275802047567,0.021541950113378682,0.01020408163265306,0.019203775550479585,0.10307842762325806,-1.538460480007275,0.5945823783087734,0.021541950113378682,0.023689969074170817
55,T13,对应染色体三标准差Z值规则,0.2,3.05,6.633333333333334,137.11666666666667,0.029268292682926828,0.9782401902497027,0.06153846153846154,0.03966942148760331,0.010750910999938298,0.5037542414663148,0.9341269841269841,0.46113818376165744,0.05879811550457184,0.046485260770975055,0.022108843537414966,,,,,,
55,T13,L1正则多因素逻辑回归,2.25,4.0,4.583333333333334,136.16666666666666,0.3292682926829268,0.9714625445897741,0.36,0.34394904458598724,0.313799631218031,0.6503654186363504,0.941609977324263,0.7649487709587472,0.41046963777914025,0.046485260770975055,0.04251700680272109,0.03568810021535063,0.15352996576110603,-0.2933394208026825,0.8828449090583536,0.046485260770975055,0.04737257657149051
55,T18,对应染色体三标准差Z值规则,0.0,4.642857142857143,9.233333333333333,133.12380952380954,0.0,0.9662991255055131,0.0,,-0.046753078304914326,0.48314956275275656,0.9056041464204729,0.5184506282656595,0.07344405449082321,0.06281179138321996,0.03158406219630709,,,,,,
55,T18,L1正则多因素逻辑回归,3.7,4.5,5.533333333333333,133.26666666666665,0.4007220216606498,0.9673360754899588,0.451219512195122,0.42447418738049714,0.3891043174486183,0.6840290485753043,0.9317460317460318,0.8956557847646218,0.5460075474472834,0.06281179138321996,0.055782312925170066,0.043587237322875685,0.15620699220128978,-0.45343560905255353,0.9010460442323032,0.06281179138321996,0.0760931905995322
55,T21,对应染色体三标准差Z值规则,0.0,0.0,5.916666666666666,141.08333333333331,0.0,1.0,,,,0.5,0.9597505668934241,0.41433955178204496,0.03829263349762701,0.04024943310657596,0.0,,,,,,
55,T21,L1正则多因素逻辑回归,2.0,2.0,3.9166666666666665,139.08333333333331,0.33802816901408456,0.9858239810986414,0.5,0.4033613445378152,0.39122371948005874,0.661926075056363,0.9597505668934241,0.6208499669012301,0.3804662941223027,0.04024943310657596,0.027210884353741496,0.029874025041102092,0.14341933865150877,0.5265515693142669,1.0588297272835936,0.04024943310657596,0.030111783608383933
56,T13,对应染色体三标准差Z值规则,0.2,4.092857142857143,4.866666666666667,137.84047619047618,0.039473684210526314,0.9711635241226598,0.04658901830282861,0.04273721699313151,0.011524841443406835,0.505318604166593,0.9390508584386134,0.3600747737415403,0.029644996204899007,0.034467120181405894,0.029203109815354712,,,,,,
56,T13,L1正则多因素逻辑回归,1.1666666666666665,2.75,3.9,139.18333333333334,0.23026315789473684,0.980624706434946,0.2978723404255319,0.2597402597402597,0.23889228584594072,0.6054439321648415,0.9547619047619047,0.6939316682088027,0.2389229739625733,0.034467120181405894,0.026643990929705215,0.030427842148324516,0.13915834855584913,-1.0888889263941741,0.6199102211776417,0.034467120181405894,0.03659351826745435
56,T18,对应染色体三标准差Z值规则,0.0,5.835714285714285,8.383333333333333,132.78095238095239,0.0,0.9579003418128103,0.0,,-0.05000175349471177,0.4789501709064051,0.903271784904438,0.5882914437318446,0.07812953191929148,0.057029478458049884,0.039698736637512146,,,,,,
56,T18,L1正则多因素逻辑回归,4.25,3.083333333333333,4.133333333333334,135.53333333333336,0.5069582504970179,0.977756402548996,0.5795454545454546,0.5408271474019088,0.5163035895698831,0.742357326523007,0.9509070294784581,0.9295052953035322,0.6082537979490092,0.057029478458049884,0.049886621315192746,0.034605231698947934,0.12533534753615597,-0.34884460394073347,1.0017491637982896,0.057029478458049884,0.06983004901979088
56,T21,对应染色体三标准差Z值规则,0.0,0.0,4.0,143.0,0.0,1.0,,,,0.5,0.9727891156462585,0.4420404826654825,0.02747645614393572,0.027210884353741496,0.0,,,,,,
56,T21,L1正则多因素逻辑回归,0.9166666666666666,0.5,3.0833333333333335,142.5,0.22916666666666666,0.9965034965034965,0.6470588235294118,0.3384615384615385,0.375822251639434,0.6128350815850816,0.9756235827664398,0.5911051911051912,0.26347404782611394,0.027210884353741496,0.00963718820861678,0.022349619782429712,0.1121057474654451,0.059096691228916864,0.9845594618760685,0.027210884353741496,0.024608364676814223
57,T13,对应染色体三标准差Z值规则,0.0,2.8380952380952382,6.166666666666667,137.9952380952381,0.0,0.9798478444632291,0.0,,-0.02936031658326934,0.4899239222316146,0.9387431162941368,0.5213256113256114,0.06369982448303736,0.04195011337868481,0.01930677032717849,,,,,,
57,T13,L1正则多因素逻辑回归,0.5,2.25,5.666666666666667,138.58333333333334,0.08108108108108107,0.9840236686390532,0.18181818181818182,0.11214953271028036,0.09633106949950666,0.5325523748600671,0.9461451247165533,0.6741710264787188,0.2440321254326034,0.04195011337868481,0.01870748299319728,0.03682102051205314,0.16730085811115356,-1.1394949920720479,0.5575294781387427,0.04195011337868481,0.03985851819976144
57,T18,对应染色体三标准差Z值规则,0.0,6.788095238095239,13.766666666666666,126.4452380952381,0.0,0.9490510740198005,0.0,,-0.07072768943180206,0.47452553700990024,0.8601716877227081,0.5861805338784442,0.11474244320598223,0.09365079365079367,0.046177518626498215,,,,,,
57,T18,L1正则多因素逻辑回归,5.0,3.6666666666666665,8.766666666666666,129.56666666666666,0.36319612590799033,0.9724793595196398,0.576923076923077,0.4457652303120357,0.41519393727142667,0.6678377427138151,0.9154195011337868,0.8284613884141921,0.5913373721332362,0.09365079365079367,0.05895691609977325,0.05596585279258031,0.22494363665414838,-0.1836899396798197,0.7743139352315863,0.09365079365079367,0.0820595923046971
57,T21,对应染色体三标准差Z值规则,0.0,0.0,3.0,144.0,0.0,1.0,,,,0.5,0.9795918367346939,0.4551486258083479,0.02288403796080223,0.02040816326530612,0.0,,,,,,
57,T21,L1正则多因素逻辑回归,0.25,0.5,2.75,143.5,0.08333333333333333,0.9965277777777778,0.3333333333333333,0.13333333333333333,0.15848882753065527,0.5399305555555556,0.9778911564625851,0.35204704952968835,0.10045080813864671,0.02040816326530612,0.00510204081632653,0.01951421429655249,0.10761843462411794,-4.714273017886641,-0.2117718692784455,0.02040816326530612,0.024544174588522063
58,T13,对应染色体三标准差Z值规则,0.4,4.354761904761904,8.833333333333334,133.41190476190476,0.04332129963898917,0.9683903079741453,0.0841261892839259,0.057191489361702125,0.01606144408953719,0.5058558038065673,0.9102850664075155,0.6036395010311475,0.17025779623884418,0.06281179138321995,0.03234531908001296,,,,,,
58,T13,L1正则多因素逻辑回归,0.9166666666666666,3.2,8.316666666666666,134.56666666666666,0.09927797833935019,0.9767723203484153,0.2226720647773279,0.13732833957553062,0.11183780079835119,0.5380251493438828,0.9216553287981859,0.5461362881707718,0.17687059633408653,0.06281179138321995,0.028004535147392286,0.058433057159050755,0.2720987248802728,-1.694595589944014,0.2555369113604741,0.06281179138321995,0.039057004629067936
58,T18,对应染色体三标准差Z值规则,0.0,6.730952380952382,16.450000000000003,123.81904761904762,0.0,0.9484415750214295,0.0,,-0.07775921148107427,0.4742207875107147,0.842306446388079,0.6230330807214439,0.14847455639400636,0.1119047619047619,0.04578879170715904,,,,,,
58,T18,L1正则多因素逻辑回归,9.2,3.9166666666666665,7.25,126.63333333333333,0.5592705167173252,0.9699987233499299,0.7013977128335451,0.6223224351747464,0.5852926150935138,0.7646346200336276,0.9240362811791382,0.9237822723473217,0.7617548830253554,0.1119047619047619,0.08922902494331066,0.05014789676308264,0.18211212911442978,0.35807098790518777,1.0461818234102989,0.1119047619047619,0.09738218924651287
58,T21,对应染色体三标准差Z值规则,0.0,0.0,3.1666666666666665,143.83333333333331,0.0,1.0,,,,0.5,0.9784580498866213,0.33253077653577723,0.01746160078171975,0.021541950113378682,0.0,,,,,,
58,T21,L1正则多因素逻辑回归,0.6666666666666666,0.0,2.5,143.83333333333331,0.21052631578947367,1.0,1.0,0.34782608695652173,0.4548951799538377,0.6052631578947368,0.9829931972789115,0.5760443983655548,0.23871102656010537,0.021541950113378682,0.0045351473922902496,0.01828450362548721,0.0965386755436424,-0.5534809436396042,0.9017052676437336,0.021541950113378682,0.026716591893573987
59,T13,对应染色体三标准差Z值规则,0.0,3.933333333333333,5.95,137.11666666666667,0.0,0.9721139075977785,0.0,,-0.03405517251288994,0.48605695379888925,0.9327664399092971,0.36617947821138774,0.03156525494897432,0.04047619047619047,0.026757369614512472,,,,,,
59,T13,L1正则多因素逻辑回归,0.9166666666666666,1.7,5.033333333333333,139.35,0.15406162464985992,0.9879475363346332,0.3503184713375796,0.2140077821011673,0.21165506053460612,0.5710045804922466,0.9541950113378683,0.5817292295625565,0.23994104211639541,0.04047619047619047,0.017800453514739228,0.03520999246754578,0.17189800327107113,-1.4377666288510644,0.4621128783852772,0.04047619047619047,0.03524792390300017
59,T18,对应染色体三标准差Z值规则,0.0,6.585714285714286,11.183333333333332,129.23095238095237,0.0,0.9515102641866662,0.0,,-0.06214481454874638,0.4757551320933331,0.8791221250404924,0.6201060757548632,0.1019810191490366,0.07607709750566893,0.044800777453838675,,,,,,
59,T18,L1正则多因素逻辑回归,4.15,3.9166666666666665,7.033333333333334,131.9,0.3710879284649777,0.9711621057798504,0.5144628099173554,0.4311688311688312,0.3984330770617822,0.671125017122414,0.9255102040816328,0.829351628035566,0.5135488000950637,0.07607709750566893,0.05487528344671202,0.05202013448199754,0.20455347641521898,-0.41289572019641446,0.7302013803956043,0.07607709750566893,0.07293765409985689
59,T21,对应染色体三标准差Z值规则,0.0,0.0,3.1666666666666665,143.83333333333331,0.0,1.0,,,,0.5,0.9784580498866213,0.477270232359578,0.0297507323621463,0.021541950113378682,0.0,,,,,,
59,T21,L1正则多因素逻辑回归,0.9166666666666666,0.5,2.25,143.33333333333331,0.2894736842105263,0.996523754345307,0.6470588235294118,0.4,0.42501418433399507,0.6429987192779167,0.9812925170068028,0.6188915219683044,0.3179926099618491,0.021541950113378682,0.00963718820861678,0.01698529205579865,0.09025482412942099,0.1672778179943385,1.127059701166733,0.021541950113378682,0.026740841352466748
60,T13,对应染色体三标准差Z值规则,0.0,5.004761904761905,5.25,136.7452380952381,0.0,0.9646930377089108,0.0,,-0.03613041403956193,0.4823465188544554,0.9302397149335926,0.403089285880921,0.030747914852122575,0.03571428571428571,0.034045999352121804,,,,,,
60,T13,L1正则多因素逻辑回归,0.5,2.7,4.75,139.05,0.09523809523809523,0.980952380952381,0.15625,0.11834319526627218,0.0968918930714864,0.5380952380952382,0.9493197278911566,0.6122145036733098,0.11762022273119414,0.03571428571428571,0.0217687074829932,0.03487303060779464,0.16182987792113984,-1.922048326878731,0.36581594753225033,0.03571428571428571,0.03910734437151127
60,T18,对应染色体三标准差Z值规则,0.0,7.6309523809523805,7.066666666666667,132.30238095238096,0.0,0.9454672292928605,0.0,,-0.05258391520243048,0.47273361464643027,0.9000161969549725,0.5035977026881837,0.048639279597336285,0.048072562358276644,0.05191124068675089,,,,,,
60,T18,L1正则多因素逻辑回归,2.5,5.0,4.566666666666667,134.93333333333334,0.35377358490566035,0.9642686993806574,0.3333333333333333,0.3432494279176201,0.3091968219484666,0.6590211421431589,0.9349206349206349,0.8788167562142929,0.37759294489333955,0.048072562358276644,0.05102040816326531,0.041647800794016664,0.14846341119584036,-0.9269067192105844,0.7827863491346196,0.048072562358276644,0.07212495797347632
60,T21,对应染色体三标准差Z值规则,0.0,0.0,4.666666666666666,142.33333333333334,0.0,1.0,,,,0.5,0.9682539682539684,0.4681167256129619,0.031021658675019857,0.031746031746031744,0.0,,,,,,
60,T21,L1正则多因素逻辑回归,0.25,0.5,4.416666666666666,141.83333333333334,0.053571428571428575,0.9964871194379391,0.3333333333333333,0.09230769230769231,0.12318458930927807,0.5250292740046838,0.9665532879818595,0.531533778616833,0.10032246423486316,0.031746031746031744,0.00510204081632653,0.02990424212598504,0.14452496542862536,-2.030439351646103,0.3575580160912832,0.031746031746031744,0.02382403316434837
61,T13,对应染色体三标准差Z值规则,0.0,1.4166666666666665,8.016666666666666,137.56666666666666,0.0,0.9898069312867251,0.0,,-0.02369155460733018,0.4949034656433626,0.9358276643990929,0.5808166870644386,0.1139576756720129,0.05453514739229024,0.00963718820861678,,,,,,
61,T13,L1正则多因素逻辑回归,0.5,2.95,7.516666666666666,136.03333333333333,0.06237006237006238,0.9787744333852981,0.14492753623188406,0.0872093023255814,0.06171331462018236,0.5205722478776803,0.928798185941043,0.5422931948894294,0.148534274141805,0.05453514739229024,0.02346938775510204,0.051316775379469395,0.24375748277930298,-1.9640038808294893,0.22373225803539618,0.05453514739229024,0.03768551932507296
61,T18,对应染色体三标准差Z值规则,0.0,3.9333333333333336,12.616666666666667,130.45,0.0,0.9707304973334987,0.0,,-0.05080550316393511,0.48536524866674935,0.8874149659863945,0.5847406102307605,0.11390517924744004,0.08582766439909298,0.026757369614512472,,,,,,
61,T18,L1正则多因素逻辑回归,5.7,4.416666666666666,6.916666666666666,129.96666666666667,0.45178335535006603,0.9671338211583779,0.5634266886326195,0.501466275659824,0.4635314229386948,0.7094585882542219,0.9229024943310657,0.8652500593493346,0.6406858786421309,0.08582766439909298,0.06882086167800454,0.04914440252346177,0.1918160545039073,-0.281407631469128,0.8511170394470913,0.08582766439909298,0.08887851042568763
61,T21,对应染色体三标准差Z值规则,0.0,0.0,3.5,143.5,0.0,1.0,,,,0.5,0.9761904761904762,0.5426165588186493,0.03126626807282902,0.023809523809523808,0.0,,,,,,
61,T21,L1正则多因素逻辑回归,0.0,0.0,3.5,143.5,0.0,1.0,,,,0.5,0.9761904761904762,0.603135888501742,0.04242102402572615,0.023809523809523808,0.0,0.02339448879852205,0.11289412918586426,-1.946735830176344,0.4672059109656703,0.023809523809523808,0.024963859454362674
62,T13,对应染色体三标准差Z值规则,0.2,3.4714285714285715,7.916666666666666,135.41190476190476,0.024640657084188916,0.9750047144742934,0.054474708171206226,0.03393253888103414,-0.0005190432610928899,0.49982268577924116,0.922529964366699,0.4871234685116357,0.06711708272704048,0.05521541950113379,0.024975704567541297,,,,,,
62,T13,L1正则多因素逻辑回归,0.75,3.0,7.366666666666666,135.88333333333333,0.09240246406570841,0.9783991359654386,0.2,0.12640449438202248,0.10256378610342484,0.5354008000155736,0.9294784580498866,0.6564702599837638,0.2492964594446252,0.05521541950113379,0.025510204081632654,0.04771463914181906,0.21198006874089245,-1.0302598747377298,0.5065996983065019,0.05521541950113379,0.043293868902314604
62,T18,对应染色体三标准差Z值规则,0.0,5.557142857142858,16.883333333333333,124.55952380952381,0.0,0.957291075774488,0.0,,-0.07139994930235949,0.478645537887244,0.8473436993845157,0.5297200909033812,0.11857187541729547,0.11485260770975056,0.037803692905733724,,,,,,
62,T18,L1正则多因素逻辑回归,7.1,2.6666666666666665,9.783333333333333,127.44999999999999,0.420533070088845,0.9795055719226337,0.726962457337884,0.5328330206378986,0.5121468635104205,0.7000193210057393,0.9153061224489795,0.8911552333886634,0.7023311001128872,0.11485260770975056,0.06643990929705215,0.058568086618800246,0.216706034418246,0.4422365587931764,1.0000531090143703,0.11485260770975056,0.09031562139959504
62,T21,对应染色体三标准差Z值规则,0.0,0.0,3.25,143.75,0.0,1.0,,,,0.5,0.9778911564625851,0.5762931818583993,0.029665994538061166,0.022108843537414966,0.0,,,,,,
62,T21,L1正则多因素逻辑回归,0.25,0.5,3.0,143.25,0.07692307692307693,0.9965217391304347,0.3333333333333333,0.125,0.1515752124256066,0.5367224080267559,0.9761904761904762,0.5204746686485816,0.10914841094713232,0.022108843537414966,0.00510204081632653,0.02077151432192248,0.10858082525469454,-2.5343986238132374,0.32473176305683943,0.022108843537414966,0.024382724739708032
63,T13,对应染色体三标准差Z值规则,0.4,3.776190476190476,5.666666666666666,137.15714285714284,0.06593406593406594,0.9732058386268415,0.09578107183580388,0.07810320781032078,0.04686096581061461,0.5195699522804538,0.9357628765792031,0.4241557986996559,0.049435187557897275,0.04126984126984127,0.02840945902170392,,,,,,
63,T13,L1正则多因素逻辑回归,2.0,4.7,4.066666666666666,136.23333333333335,0.32967032967032966,0.9666508987701041,0.29850746268656714,0.3133159268929504,0.2826040992761872,0.6481606142202169,0.9403628117913834,0.7706711832902873,0.3785821954404486,0.04126984126984127,0.04557823129251701,0.03243312434782455,0.14088097749136055,-0.5029993746005526,0.8229376619113241,0.04126984126984127,0.04397966096625461
63,T18,对应染色体三标准差Z值规则,0.0,6.371428571428571,10.983333333333334,129.64523809523808,0.0,0.9531570010677963,0.0,,-0.06048569082378669,0.47657850053389816,0.8819403952057012,0.48775606930467974,0.07379340178991303,0.07471655328798187,0.043343051506316815,,,,,,
63,T18,L1正则多因素逻辑回归,4.45,4.666666666666666,6.533333333333334,131.35,0.40515933232169954,0.9656904791079525,0.48811700182815354,0.4427860696517413,0.4042846790321279,0.6854249057148261,0.9238095238095237,0.9140188488800333,0.6057363666068276,0.07471655328798187,0.062018140589569164,0.046350922605852114,0.1616229295154535,-0.3897355748358239,0.9056871757246597,0.07471655328798187,0.0857103511804956
63,T21,对应染色体三标准差Z值规则,0.0,0.0,4.166666666666666,142.83333333333331,0.0,1.0,,,,0.5,0.971655328798186,0.5353743401678057,0.037461671593834414,0.028344671201814053,0.0,,,,,,
63,T21,L1正则多因素逻辑回归,0.25,0.5,3.9166666666666665,142.33333333333331,0.06000000000000001,0.9964994165694282,0.3333333333333333,0.10169491525423731,0.13160565743161295,0.5282497082847141,0.9699546485260772,0.5562692671000723,0.10712882950658963,0.028344671201814053,0.00510204081632653,0.026536964340903683,0.12997403654350076,-1.6709866861782228,0.4806568743516156,0.028344671201814053,0.022983337433225514
64,T13,对应染色体三标准差Z值规则,0.6,4.888095238095238,5.283333333333334,136.22857142857143,0.10198300283286117,0.9653613187332332,0.10932754880694144,0.10552763819095477,0.06962970518444443,0.5336721607830471,0.9308066083576287,0.5553358607896958,0.08460809230356656,0.04002267573696145,0.03733398121153223,,,,,,
64,T13,L1正则多因素逻辑回归,0.25,2.4,5.633333333333333,138.71666666666667,0.042492917847025496,0.9829927955592299,0.09433962264150944,0.05859375,0.03754623085952434,0.5127428567031277,0.9453514739229025,0.6373416693285433,0.1978037226304757,0.04002267573696145,0.01802721088435374,0.03617362177289415,0.1663252365964955,-1.3769964111022053,0.49945091782207396,0.04002267573696145,0.03935314658289828
64,T18,对应染色体三标准差Z值规则,0.0,7.48095238095238,12.366666666666665,127.15238095238095,0.0,0.9444346196017402,0.0,,-0.07017973465777773,0.4722173098008701,0.8649821833495303,0.5312743174787703,0.09194902537861638,0.08412698412698413,0.050890832523485585,,,,,,
64,T18,L1正则多因素逻辑回归,2.95,2.75,9.416666666666666,131.88333333333333,0.238544474393531,0.9795741520178262,0.5175438596491229,0.32656826568265684,0.31360781166025614,0.6090593132056785,0.9172335600907028,0.8204515980739583,0.452229500928577,0.08412698412698413,0.03877551020408163,0.06196942487391145,0.23180662715326508,-0.38437472806173206,0.704269892537539,0.08412698412698413,0.07454220415187779
64,T21,对应染色体三标准差Z值规则,0.0,0.0,2.75,144.25,0.0,1.0,,,,0.5,0.9812925170068028,0.4782328525829392,0.01932422035736116,0.01870748299319728,0.0,,,,,,
64,T21,L1正则多因素逻辑回归,0.0,0.0,2.75,144.25,0.0,1.0,,,,0.5,0.9812925170068028,0.5595457754903164,0.04000616235624633,0.01870748299319728,0.0,0.018509571504602466,0.0956577896252141,-3.0354729740878965,0.2332427690305388,0.01870748299319728,0.022231759806554924
65,T13,对应染色体三标准差Z值规则,0.0,3.685714285714286,7.533333333333333,135.78095238095239,0.0,0.9735727943184922,0.0,,-0.037271294159084055,0.4867863971592461,0.9236799481697441,0.5996028833579489,0.13726901478831147,0.05124716553287982,0.02507288629737609,,,,,,
65,T13,L1正则多因素逻辑回归,0.75,1.95,6.783333333333333,137.51666666666665,0.09955752212389381,0.9860181644359466,0.27777777777777773,0.1465798045602606,0.14052841477780623,0.5427878432799202,0.9405895691609977,0.5763765718177492,0.19075419583591396,0.05124716553287982,0.018367346938775512,0.04650272420166838,0.22125093546792793,-1.5049699268972776,0.35521434049185885,0.05124716553287982,0.03414330514633459
65,T18,对应染色体三标准差Z值规则,0.0,7.261904761904762,9.866666666666667,129.87142857142857,0.0,0.9470449336759498,0.0,,-0.061147904237627136,0.4735224668379749,0.8834791059280855,0.5327375575537341,0.08123935016381384,0.06712018140589568,0.04940071266601879,,,,,,
65,T18,L1正则多因素逻辑回归,5.15,3.1666666666666665,4.716666666666667,133.96666666666664,0.5219594594594594,0.9769081186193487,0.6192384769539079,0.5664527956003667,0.5403252221137963,0.749433789039404,0.9463718820861678,0.9018493565619234,0.7113713397846373,0.06712018140589568,0.05657596371882086,0.033738409744907355,0.13713859226443315,-0.19391667309357025,0.974509475315961,0.06712018140589568,0.07298300731005869
65,T21,对应染色体三标准差Z值规则,0.0,0.0,2.3333333333333335,144.66666666666666,0.0,1.0,,,,0.5,0.9841269841269841,0.44001986739396226,0.016414361787370546,0.015873015873015872,0.0,,,,,,
65,T21,L1正则多因素逻辑回归,0.5,1.0,1.8333333333333333,143.66666666666666,0.2142857142857143,0.9930875576036866,0.3333333333333333,0.26086956521739124,0.25789818384225205,0.6036866359447004,0.9807256235827664,0.3976682262766855,0.22755056757652012,0.015873015873015872,0.01020408163265306,0.014039584089394989,0.08556078045954242,-2.688047028942272,0.37546035621249757,0.015873015873015872,0.025670950552228514
66,T13,对应染色体三标准差Z值规则,0.2,4.542857142857143,6.166666666666666,136.09047619047618,0.03141361256544503,0.9676971523380625,0.042168674698795185,0.036005143591941714,-0.0010243767762329902,0.4995553824517538,0.9271460965338515,0.5481731944902171,0.06002469417198166,0.04331065759637188,0.032264334305150626,,,,,,
66,T13,L1正则多因素逻辑回归,0.75,2.95,5.616666666666666,137.68333333333334,0.11780104712041886,0.9790234652761318,0.2027027027027027,0.14900662251655628,0.12582343952573302,0.5484122561982754,0.9417233560090703,0.6625733960218075,0.22134961109734871,0.04331065759637188,0.025170068027210887,0.03857749924150337,0.17396560152491872,-1.1373077067958286,0.5339500649860273,0.04331065759637188,0.03688620059689949
66,T18,对应染色体三标准差Z值规则,0.0,6.888095238095238,12.1,128.01190476190476,0.0,0.9489392495322814,0.0,,-0.06640469149292258,0.4744696247661407,0.8708292840945902,0.6141969257913731,0.11145397443019664,0.08231292517006802,0.04685779073534175,,,,,,
66,T18,L1正则多因素逻辑回归,4.85,2.833333333333333,7.25,132.06666666666666,0.40082644628099173,0.9789967877440079,0.631236442516269,0.4903117101937658,0.46903344568160404,0.6899116170124998,0.9314058956916099,0.8513323914294331,0.5866818732570329,0.08231292517006802,0.052267573696145125,0.05000594996506741,0.19751066310201082,-0.2511950498265257,0.7871871577087319,0.08231292517006802,0.07636506481710556
66,T21,对应染色体三标准差Z值规则,0.0,0.0,4.166666666666666,142.83333333333334,0.0,1.0,,,,0.5,0.9716553287981861,0.5798066344390732,0.03739812169396156,0.028344671201814053,0.0,,,,,,
66,T21,L1正则多因素逻辑回归,0.25,0.5,3.9166666666666665,142.33333333333334,0.06000000000000001,0.9964994165694282,0.3333333333333333,0.10169491525423731,0.13160565743161295,0.5282497082847141,0.9699546485260772,0.4152122020336722,0.08602023483391215,0.028344671201814053,0.00510204081632653,0.027033360592001423,0.14016600976860882,-4.402769625187648,-0.2161161909046641,0.028344671201814053,0.024008925262178897
67,T13,对应染色体三标准差Z值规则,0.2,1.1833333333333333,4.3,141.31666666666666,0.044444444444444446,0.9916959064327485,0.14457831325301207,0.0679886685552408,0.06448179077425602,0.5180701754385965,0.9626984126984126,0.3291388347411739,0.03581971825466908,0.030612244897959183,0.009410430839002268,,,,,,
67,T13,L1正则多因素逻辑回归,0.5833333333333333,3.15,3.9166666666666665,139.35000000000002,0.12962962962962962,0.9778947368421053,0.15624999999999997,0.1417004048582996,0.11773338187840443,0.5537621832358675,0.9519274376417234,0.7436283300844704,0.16734001578226143,0.030612244897959183,0.025396825396825397,0.02892248474590217,0.12496931370402259,-1.0719145769241443,0.6760800196348805,0.030612244897959183,0.03690490586855114
67,T18,对应染色体三标准差Z值规则,0.0,5.842857142857143,9.999999999999998,131.15714285714287,0.0,0.9573514077163712,0.0,,-0.054966859027886734,0.4786757038581856,0.8922254616132168,0.5421881589618818,0.07348318139149393,0.06802721088435375,0.039747327502429534,,,,,,
67,T18,L1正则多因素逻辑回归,3.7,2.583333333333333,6.300000000000001,134.41666666666669,0.37,0.9811435523114355,0.5888594164456233,0.45445240532241554,0.4370963325301866,0.6755717761557177,0.9395691609977322,0.8755293998377941,0.5660961697541189,0.06802721088435375,0.0427437641723356,0.04256134839242341,0.16378895787654904,-0.09435372905812388,0.9281203184643219,0.06802721088435375,0.06665726010116348
67,T21,对应染色体三标准差Z值规则,0.0,0.0,3.1666666666666665,143.83333333333334,0.0,1.0,,,,0.5,0.9784580498866213,0.5539584767248366,0.02806986807583832,0.021541950113378682,0.0,,,,,,
67,T21,L1正则多因素逻辑回归,0.3333333333333333,0.0,2.833333333333333,143.83333333333331,0.10526315789473684,1.0,1.0,0.1904761904761905,0.3212937364340773,0.5526315789473684,0.9807256235827666,0.5222963259829758,0.13057264495844448,0.021541950113378682,0.0022675736961451248,0.01975159899664532,0.10364594862965891,-1.6837311106614077,0.5550717582371738,0.021541950113378682,0.023506101888318115
68,T13,对应染色体三标准差Z值规则,0.2,5.380952380952381,4.8,136.61904761904762,0.04,0.9621059691482227,0.03583617747440273,0.037803780378037805,0.001997436889820568,0.5010529845741113,0.9307418205377388,0.5019666703927268,0.04902823556720858,0.034013605442176874,0.03796566245545837,,,,,,
68,T13,L1正则多因素逻辑回归,0.5,1.5,4.5,140.5,0.1,0.9894366197183099,0.25,0.14285714285714288,0.13994118656400004,0.5447183098591549,0.9591836734693877,0.7019603733512184,0.25512455067090706,0.034013605442176874,0.013605442176870748,0.029004064872664256,0.13359119392909374,-0.7879370699467871,0.7149790029169997,0.034013605442176874,0.03385439902429017
68,T18,对应染色体三标准差Z值规则,0.0,7.123809523809523,11.35,128.5261904761905,0.0,0.9474838958805049,0.0,,-0.06527881817164426,0.47374194794025243,0.8743278263686428,0.5577622753335711,0.08723640717956005,0.07721088435374149,0.0484612892776158,,,,,,
68,T18,L1正则多因素逻辑回归,4.2,2.6666666666666665,7.150000000000001,132.98333333333335,0.3700440528634361,0.9803415653028629,0.6116504854368932,0.4611161939615736,0.44321085920935704,0.6751928090831495,0.9332199546485259,0.8671663082389054,0.5892160827896417,0.07721088435374149,0.046712018140589576,0.046764101129594005,0.1811696997625711,-0.09632200258935486,0.8948191600104654,0.07721088435374149,0.07337771559393225
68,T21,对应染色体三标准差Z值规则,0.0,0.0,2.8333333333333335,144.16666666666666,0.0,1.0,,,,0.5,0.9807256235827664,0.6328263791065558,0.03176117208733488,0.01927437641723356,0.0,,,,,,
68,T21,L1正则多因素逻辑回归,0.25,0.5,2.5833333333333335,143.66666666666666,0.08823529411764705,0.9965317919075144,0.3333333333333333,0.13953488372093023,0.1635799039927549,0.5423835430125807,0.9790249433106575,0.542339988018329,0.11140228354847892,0.01927437641723356,0.00510204081632653,0.018129395679549035,0.09558405588268937,-1.8744726297891465,0.5430207775819231,0.01927437641723356,0.024772344437051237
69,T13,对应染色体三标准差Z值规则,0.2,5.559523809523809,4.383333333333333,136.85714285714286,0.04363636363636364,0.9609629691548943,0.034725093013642,0.038674033149171276,0.00411996085061905,0.502299666395629,0.9323615160349854,0.33024783993069534,0.025146408300652658,0.03117913832199547,0.039180434078393264,,,,,,
69,T13,L1正则多因素逻辑回归,0.8333333333333333,1.25,3.75,141.16666666666666,0.18181818181818182,0.9912229373902867,0.4,0.25000000000000006,0.2544379548942312,0.5865205596042342,0.9659863945578231,0.6921610116039609,0.2858257264337245,0.03117913832199547,0.014172335600907027,0.026631052537210802,0.126119729915165,-1.0259816656008451,0.6761873280295213,0.03117913832199547,0.036325987350457764
69,T18,对应染色体三标准差Z值规则,0.0,5.376190476190476,9.449999999999998,132.17380952380952,0.0,0.9609146457565214,0.0,,-0.051068699027044195,0.4804573228782607,0.8991415613864594,0.4810537858068435,0.06467247999650905,0.06428571428571428,0.036572724327826364,,,,,,
69,T18,L1正则多因素逻辑回归,2.45,2.25,7.0,135.3,0.2592592592592593,0.9836423118865867,0.5212765957446809,0.3462897526501767,0.3386297785054455,0.621450785572923,0.9370748299319728,0.9186664357482475,0.45408007699329295,0.06428571428571428,0.03197278911564626,0.04668488144334584,0.15610571811241522,0.09158876742298316,1.0210100807739702,0.06428571428571428,0.061942704144552295
69,T21,对应染色体三标准差Z值规则,0.0,0.0,3.9166666666666665,143.08333333333331,0.0,1.0,,,,0.5,0.9733560090702948,0.5109725204596268,0.03557490908347312,0.02664399092970521,0.0,,,,,,
69,T21,L1正则多因素逻辑回归,0.8333333333333333,1.0,3.083333333333333,142.08333333333331,0.2127659574468085,0.9930110658124636,0.45454545454545453,0.28985507246376807,0.29860394513220984,0.6028885116296361,0.9722222222222223,0.5458403626881552,0.2461715456285997,0.02664399092970521,0.012471655328798185,0.022446206651307258,0.11718284511869913,-0.7702345607692594,0.7615180200027619,0.02664399092970521,0.025772617872589224
70,T13,对应染色体三标准差Z值规则,0.0,2.788095238095238,6.2,138.01190476190476,0.0,0.9801981872294371,0.0,,-0.029177478864774817,0.49009909361471854,0.938856494978944,0.519950352580141,0.056967394176368716,0.042176870748299324,0.01896663427275672,,,,,,
70,T13,L1正则多因素逻辑回归,0.5833333333333333,2.45,5.616666666666667,138.35,0.09408602150537633,0.9825994318181819,0.1923076923076923,0.1263537906137184,0.10842242533550583,0.5383427266617791,0.945124716553288,0.5915026288955221,0.1783605720179962,0.042176870748299324,0.020634920634920634,0.03836455139634918,0.1829316267913305,-1.6857230556011906,0.3798114551620154,0.042176870748299324,0.03785027882664324
70,T18,对应染色体三标准差Z值规则,0.0,5.604761904761905,9.983333333333333,131.41190476190476,0.0,0.9590943055241802,0.0,,-0.05374180878549396,0.4795471527620901,0.8939585357952705,0.5965197119996539,0.08482478053597726,0.0679138321995465,0.03812763200518303,,,,,,
70,T18,L1正则多因素逻辑回归,3.9,1.9166666666666665,6.083333333333333,135.1,0.3906510851419032,0.9860114341321008,0.670487106017192,0.4936708860759495,0.48612514731610446,0.688331259637002,0.9455782312925171,0.8763001965759105,0.5883888520280489,0.0679138321995465,0.039569160997732424,0.041825097001377515,0.1613235400211026,-0.22481798576427878,0.9040321270658234,0.0679138321995465,0.07072963556093331
70,T21,对应染色体三标准差Z值规则,0.0,0.0,4.0,143.0,0.0,1.0,,,,0.5,0.9727891156462585,0.5360045047545048,0.03568659027012896,0.027210884353741492,0.0,,,,,,
70,T21,L1正则多因素逻辑回归,0.5833333333333333,0.5,3.4166666666666665,142.5,0.14583333333333331,0.9965034965034965,0.5384615384615384,0.22950819672131142,0.2707583133927253,0.5711684149184149,0.9733560090702948,0.6191257816257817,0.1888673620622952,0.027210884353741492,0.0073696145124716545,0.023903128306646385,0.1163762809975889,-0.21652714902096526,0.9171615185366264,0.027210884353741492,0.025658561108352077
71,T13,对应染色体三标准差Z值规则,0.6,3.466666666666667,6.633333333333334,136.29999999999998,0.08294930875576037,0.9751967564989268,0.14754098360655737,0.10619469026548672,0.07668410016405619,0.5290730326273436,0.9312925170068027,0.510504984403769,0.0719813085943394,0.049206349206349205,0.02766439909297052,,,,,,
71,T13,L1正则多因素逻辑回归,0.5,3.15,6.733333333333333,136.61666666666667,0.06912442396313365,0.9774624373956594,0.136986301369863,0.09188361408882083,0.06475737184705553,0.5232934306793965,0.9327664399092971,0.6284003072929321,0.18667931145261815,0.049206349206349205,0.024829931972789116,0.04448771018207912,0.20041392058574428,-1.3320700307038051,0.4457734357889499,0.049206349206349205,0.03828486414198353
71,T18,对应染色体三标准差Z值规则,0.0,5.959523809523809,13.966666666666665,127.07380952380952,0.0,0.9552027776783477,0.0,,-0.06660395893940503,0.47760138883917386,0.8644476838354389,0.5770346474248276,0.11185095649832581,0.09501133786848073,0.04054097829608034,,,,,,
71,T18,L1正则多因素逻辑回归,3.9,4.333333333333333,10.066666666666666,128.7,0.279236276849642,0.9674267100977197,0.4736842105263158,0.3513513513513513,0.3145575977940447,0.6233314934736809,0.9020408163265305,0.8045531699648453,0.4570940097481871,0.09501133786848073,0.05600907029478459,0.06804611460624399,0.259418396163668,-0.4025066121603456,0.6517237912775976,0.09501133786848073,0.08218811647691858
71,T21,对应染色体三标准差Z值规则,0.0,0.0,2.25,144.75,0.0,1.0,,,,0.5,0.9846938775510204,0.5350951741279893,0.019718087772587326,0.015306122448979591,0.0,,,,,,
71,T21,L1正则多因素逻辑回归,0.25,0.5,2.0,144.25,0.1111111111111111,0.9965457685664939,0.3333333333333333,0.16666666666666666,0.1855084788520559,0.5538284398388025,0.9829931972789115,0.710860725023074,0.14728971623017062,0.015306122448979591,0.00510204081632653,0.01413477323999872,0.0744638091939558,0.23962456218961084,1.2274579198003397,0.015306122448979591,0.02512074643859466
72,T13,对应染色体三标准差Z值规则,0.2,4.521428571428571,4.8,137.47857142857143,0.04,0.968158953722334,0.04236006051437217,0.041146216017634095,0.008387976099071546,0.5040794768611669,0.9365889212827988,0.5320497429018556,0.05112187325698121,0.034013605442176874,0.032118561710398445,,,,,,
72,T13,L1正则多因素逻辑回归,0.5,2.25,4.5,139.75,0.1,0.9841549295774648,0.18181818181818182,0.12903225806451613,0.11258602276406343,0.5420774647887324,0.9540816326530612,0.6343555779119159,0.16517694165063915,0.034013605442176874,0.01870748299319728,0.03162113492623799,0.1486901278148761,-1.5252745617281631,0.4793685770491117,0.034013605442176874,0.03257653724257961
72,T18,对应染色体三标准差Z值规则,0.0,3.4642857142857144,8.899999999999999,134.6357142857143,0.0,0.9749146581152374,0.0,,-0.039438921308515874,0.4874573290576187,0.9158892128279884,0.6225528901431399,0.08344349542284116,0.06054421768707483,0.023566569484936833,,,,,,
72,T18,L1正则多因素逻辑回归,3.7,3.9166666666666665,5.2,134.18333333333334,0.4157303370786517,0.9716389090031379,0.48577680525164113,0.44803229061553984,0.4168013173429413,0.6936846230408948,0.9379818594104308,0.9016826166526352,0.5665359598799337,0.06054421768707483,0.051814058956916105,0.039249555172567646,0.1444436605949294,-0.3443558166231937,0.9738185438082811,0.06054421768707483,0.07334443020405748
72,T21,对应染色体三标准差Z值规则,0.0,0.0,3.75,143.25,0.0,1.0,,,,0.5,0.9744897959183674,0.5520762347987478,0.032525168621485044,0.025510204081632654,0.0,,,,,,
72,T21,L1正则多因素逻辑回归,0.25,0.5,3.5,142.75,0.06666666666666667,0.9965095986038395,0.3333333333333333,0.1111111111111111,0.1398100299274356,0.5315881326352531,0.9727891156462585,0.4129288899969528,0.08964766764505445,0.025510204081632654,0.00510204081632653,0.024295826328752115,0.12759974077521002,-4.240127949954554,-0.1497513340353056,0.025510204081632654,0.02415690538930793
73,T13,对应染色体三标准差Z值规则,0.0,3.7380952380952377,9.783333333333333,133.47857142857143,0.0,0.972757717200812,0.0,,-0.04313202153543015,0.486378858600406,0.9080174927113702,0.45359572918193025,0.06710274737575239,0.06655328798185942,0.025429219306770327,,,,,,
73,T13,L1正则多因素逻辑回归,0.9166666666666666,2.0,8.866666666666665,135.21666666666667,0.09369676320272574,0.9854245111138102,0.3142857142857143,0.14435695538057744,0.141413170240138,0.539560637158268,0.9260770975056689,0.5179391462401768,0.18963795951005094,0.06655328798185942,0.01984126984126984,0.06081258480933063,0.29756465999885406,-1.9363304707817826,0.17182923967102479,0.06655328798185942,0.035498172152022174
73,T18,对应染色体三标准差Z值规则,0.0,4.654761904761905,10.466666666666665,131.87857142857143,0.0,0.9659075055803572,0.0,,-0.050068215650535576,0.4829537527901786,0.8971331389698737,0.5612623580918733,0.08495241008548,0.07120181405895691,0.03166504697116942,,,,,,
73,T18,L1正则多因素逻辑回归,3.9,2.333333333333333,6.566666666666667,134.2,0.37261146496815284,0.9829101562499999,0.625668449197861,0.467065868263473,0.45371117037785014,0.6777608106090763,0.9394557823129251,0.8998783240001563,0.6085070043220537,0.07120181405895691,0.04240362811791383,0.04212277681162888,0.15545298586820128,0.11156719495354318,1.0409398399577938,0.07120181405895691,0.06945793352905898
73,T21,对应染色体三标准差Z值规则,0.0,0.0,4.833333333333334,142.16666666666666,0.0,1.0,,,,0.5,0.9671201814058956,0.40165628122130537,0.03026875588778321,0.03287981859410431,0.0,,,,,,
73,T21,L1正则多因素逻辑回归,0.9166666666666666,0.5,3.916666666666667,141.66666666666666,0.18965517241379307,0.9964830011723329,0.6470588235294118,0.2933333333333333,0.3397567121122749,0.593069086793063,0.9699546485260769,0.6457544799866016,0.2584976706192481,0.03287981859410431,0.00963718820861678,0.027558662705747222,0.12976456736928957,0.34842351839740404,1.043921647437929,0.03287981859410431,0.027349901127302866
74,T13,对应染色体三标准差Z值规则,0.2,4.7,7.116666666666667,134.98333333333335,0.02733485193621868,0.9663524639064551,0.04081632653061224,0.03274215552523874,-0.007648000574516119,0.4968436579213369,0.9196145124716552,0.5548920506625306,0.12732720757276672,0.04977324263038549,0.03333333333333333,,,,,,
74,T13,L1正则多因素逻辑回归,1.9166666666666665,3.95,5.4,135.73333333333335,0.2619589977220957,0.971721751580957,0.3267045454545454,0.2907711757269279,0.2596219219233247,0.6168403746515263,0.9363945578231291,0.6171874748226673,0.29384730691122835,0.04977324263038549,0.039909297052154194,0.041943690995781255,0.200303568854121,-1.1157870574333784,0.4839079189046807,0.04977324263038549,0.03590353077316176
74,T18,对应染色体三标准差Z值规则,0.0,6.192857142857143,10.433333333333334,130.37380952380954,0.0,0.9546532305868405,0.0,,-0.05796587214584672,0.47732661529342024,0.8868966634272756,0.5643543432777509,0.09052593666585039,0.07097505668934241,0.04212827988338193,,,,,,
74,T18,L1正则多因素逻辑回归,5.0,2.5,5.4333333333333345,134.06666666666666,0.4792332268370607,0.9816939223822309,0.6666666666666666,0.5576208178438661,0.5378961674682946,0.7304635746096457,0.946031746031746,0.8996357110049356,0.6887482217388147,0.07097505668934241,0.05102040816326531,0.036095555284042506,0.14460829087832536,0.0325188995279302,1.0680871869426745,0.07097505668934241,0.07414016970970264
74,T21,对应染色体三标准差Z值规则,0.0,0.0,2.7499999999999996,144.25,0.0,1.0,,,,0.5,0.9812925170068028,0.40510627443036445,0.02200004198932609,0.01870748299319728,0.0,,,,,,
74,T21,L1正则多因素逻辑回归,1.1666666666666665,1.0,1.5833333333333333,143.25,0.4242424242424242,0.9930675909878682,0.5384615384615384,0.47457627118644063,0.4691943259990438,0.7086550076151462,0.9824263038548752,0.7434873618582456,0.4495713304894402,0.01870748299319728,0.014739229024943309,0.013162596569259092,0.07140825499869216,0.9763392375804371,1.4885564495625023,0.01870748299319728,0.028150719666178686
75,T13,对应染色体三标准差Z值规则,0.0,3.4714285714285715,5.416666666666666,138.11190476190475,0.0,0.975481375599092,0.0,,-0.030418999417539696,0.487740687799546,0.9395367670877874,0.4539952180446589,0.04787640681573431,0.036848072562358274,0.02361516034985422,,,,,,
75,T13,L1正则多因素逻辑回归,1.0,4.0,4.416666666666666,137.58333333333334,0.18461538461538463,0.9717480871100648,0.2,0.192,0.1625093120527684,0.5781817358627247,0.9427437641723356,0.5747838741599777,0.2172939360965629,0.036848072562358274,0.034013605442176874,0.033018977327376936,0.1634168439324144,-1.7387473443974215,0.4020410434059105,0.036848072562358274,0.03605915515005098
75,T18,对应染色体三标准差Z值规则,0.0,4.623809523809524,11.883333333333333,130.49285714285713,0.0,0.9657791326719415,0.0,,-0.05344363161780232,0.48288956633597074,0.8877065111758988,0.5807347843939081,0.0981163754604164,0.08083900226757369,0.03145448655652737,,,,,,
75,T18,L1正则多因素逻辑回归,4.75,3.9166666666666665,7.133333333333334,131.2,0.3997194950911641,0.971012705069693,0.5480769230769231,0.4622871046228711,0.4290366984884153,0.6853661000804285,0.9248299319727891,0.8802066984418013,0.5935088039236893,0.08083900226757369,0.058956916099773236,0.04955032658060406,0.1833885843924775,-0.13762766176205643,0.8693870269234739,0.08083900226757369,0.076697886878217
75,T21,对应染色体三标准差Z值规则,0.0,0.0,3.666666666666666,143.33333333333334,0.0,1.0,,,,0.5,0.9750566893424036,0.5579916691835297,0.03309458496364097,0.02494331065759637,0.0,,,,,,
75,T21,L1正则多因素逻辑回归,0.25,0.5,3.416666666666666,142.83333333333334,0.06818181818181819,0.9965116279069768,0.3333333333333333,0.11320754716981134,0.1416090575118846,0.5323467230443975,0.9733560090702948,0.40593161683277945,0.0945928053689995,0.02494331065759637,0.00510204081632653,0.023714081722586464,0.12622269260463237,-4.540657610372726,-0.21798708979234468,0.02494331065759637,0.02403047176551465
76,T13,对应染色体三标准差Z值规则,0.2,4.104761904761905,4.216666666666667,138.47857142857143,0.045283018867924525,0.9712114886866493,0.04646017699115044,0.04586404586404586,0.01670097168006047,0.508247253777287,0.9433916423712341,0.3916298061851253,0.029261858499103434,0.030045351473922906,0.02928409459021704,,,,,,
76,T13,L1正则多因素逻辑回归,1.0833333333333333,2.75,3.3333333333333335,139.83333333333331,0.2452830188679245,0.9807130333138515,0.2826086956521739,0.2626262626262626,0.2420880190480537,0.612998026090888,0.9586167800453516,0.7864349437049943,0.4284297429682002,0.030045351473922906,0.02607709750566893,0.023130515985366185,0.1070217266146152,-0.08225003991085471,1.0851012080221492,0.030045351473922906,0.038580498698717436
76,T18,对应染色体三标准差Z值规则,0.0,6.654761904761904,9.083333333333332,131.26190476190476,0.0,0.9517479499352611,0.0,,-0.05588325187664371,0.47587397496763056,0.8929381276320052,0.5490090713632386,0.07330239503854352,0.06179138321995464,0.04527048914804017,,,,,,
76,T18,L1正则多因素逻辑回归,2.2,4.5,6.883333333333333,133.41666666666669,0.24220183486238536,0.9673716012084592,0.3283582089552239,0.2787750791974657,0.24193628021554536,0.6047867180354223,0.9225623582766439,0.8071236690912404,0.35514329391600963,0.06179138321995464,0.04557823129251701,0.05161180674994845,0.19675931163812008,-0.8663940351173691,0.6384107391490921,0.06179138321995464,0.07178333180084355
76,T21,对应染色体三标准差Z值规则,0.0,0.0,4.999999999999999,142.0,0.0,1.0,,,,0.5,0.9659863945578231,0.5441126387957373,0.044431641988924415,0.034013605442176874,0.0,,,,,,
76,T21,L1正则多因素逻辑回归,0.5833333333333333,0.5,4.416666666666666,141.5,0.11666666666666667,0.9964788732394366,0.5384615384615384,0.1917808219178082,0.23979112782980427,0.5565727699530516,0.9665532879818595,0.5391564200014904,0.15790366699613043,0.034013605442176874,0.0073696145124716545,0.030545651493794956,0.1466710986717015,-0.8901664891837557,0.654160282277862,0.034013605442176874,0.02536289143442338
77,T13,对应染色体三标准差Z值规则,0.4,3.4166666666666665,4.983333333333333,138.20000000000002,0.07430340557275542,0.9758738378251148,0.10480349344978167,0.08695652173913045,0.05926540659696532,0.5250886216989351,0.9428571428571428,0.42702881094212797,0.04622842979446434,0.03662131519274376,0.02596371882086168,,,,,,
77,T13,L1正则多因素逻辑回归,1.0833333333333333,4.25,4.3,137.36666666666667,0.20123839009287925,0.9699894080263622,0.203125,0.20217729393468117,0.17199819536518693,0.5856138990596207,0.9418367346938776,0.5803604643978467,0.10977528914976266,0.03662131519274376,0.036281179138321996,0.03557669203717058,0.17130732667905774,-2.2100386115304804,0.2670425594073187,0.03662131519274376,0.0346488270669729
77,T18,对应染色体三标准差Z值规则,0.0,9.319047619047618,8.899999999999999,128.78095238095239,0.0,0.9325195682907487,0.0,,-0.0660460727770938,0.46625978414537433,0.8760609005506965,0.6151289242641382,0.07592576428134837,0.06054421768707482,0.06339488176222871,,,,,,
77,T18,L1正则多因素逻辑回归,2.75,4.083333333333333,6.150000000000001,134.01666666666665,0.30898876404494374,0.9704320540671011,0.4024390243902439,0.34957627118644063,0.31652784910862836,0.6397104090560224,0.9303854875283446,0.864656384701703,0.40663714192496997,0.06054421768707482,0.046485260770975055,0.04624038008506287,0.1688566316589864,-0.45228052589923534,0.8430572859241973,0.06054421768707482,0.06903661130373556
77,T21,对应染色体三标准差Z值规则,0.0,0.0,3.5,143.5,0.0,1.0,,,,0.5,0.9761904761904762,0.6616992054274284,0.04957876977516347,0.023809523809523808,0.0,,,,,,
77,T21,L1正则多因素逻辑回归,0.3333333333333333,0.0,3.1666666666666665,143.5,0.09523809523809523,1.0,1.0,0.17391304347826084,0.3052569707341966,0.5476190476190477,0.9784580498866213,0.4770182327673617,0.12049727383902378,0.023809523809523808,0.0022675736961451248,0.022053000430922908,0.11601132873526526,-2.6427199573211135,0.27387413514767206,0.023809523809523808,0.02390183359574622
78,T13,对应染色体三标准差Z值规则,0.0,4.166666666666667,6.75,136.08333333333334,0.0,0.9702911467617351,0.0,,-0.0374696852365568,0.48514557338086756,0.9257369614512472,0.37595856898689145,0.05093072717799976,0.04591836734693878,0.028344671201814053,,,,,,
78,T13,L1正则多因素逻辑回归,2.1666666666666665,5.2,4.583333333333333,135.04999999999998,0.32098765432098764,0.9629233511586454,0.2941176470588235,0.306965761511216,0.27236762687444055,0.6419555027398165,0.9334467120181406,0.6920783726883948,0.31070974681777763,0.04591836734693878,0.05011337868480726,0.03848220256732575,0.1734359212964029,-0.9311605880537062,0.6017883101420148,0.04591836734693878,0.04257269938336217
78,T18,对应染色体三标准差Z值规则,0.0,5.1000000000000005,13.333333333333334,128.56666666666666,0.0,0.9618453865336659,0.0,,-0.059875851095457275,0.48092269326683296,0.8746031746031746,0.5699283042394017,0.10923836115742633,0.09070294784580499,0.03469387755102041,,,,,,
78,T18,L1正则多因素逻辑回归,6.5,4.0,6.833333333333333,129.66666666666666,0.48750000000000004,0.970074812967581,0.6190476190476191,0.5454545454545455,0.510248883276676,0.7287874064837905,0.9263038548752833,0.8805520573566086,0.616503671418598,0.09070294784580499,0.07142857142857142,0.05404981757957515,0.1988384809175739,-0.20688957164498067,0.8198419403299558,0.09070294784580499,0.08691574740168807
78,T21,对应染色体三标准差Z值规则,0.0,0.0,3.25,143.75,0.0,1.0,,,,0.5,0.9778911564625851,0.4767783971262235,0.027248432903048323,0.022108843537414966,0.0,,,,,,
78,T21,L1正则多因素逻辑回归,0.9166666666666666,0.5,2.333333333333333,143.25,0.2820512820512821,0.9965217391304347,0.6470588235294118,0.39285714285714296,0.41927116408459114,0.6392865105908584,0.9807256235827664,0.6449399232007929,0.312933796101042,0.022108843537414966,0.00963718820861678,0.017515586801708064,0.09228551795566063,0.17730986644847807,1.1221947568875688,0.022108843537414966,0.026838097820150966
79,T13,对应染色体三标准差Z值规则,0.4,3.2714285714285714,5.25,138.07857142857142,0.07079646017699115,0.9768558289959068,0.10894941634241247,0.08582375478927204,0.058704578091965456,0.5238261445864489,0.9420310981535471,0.4961047010563213,0.07464450898385261,0.03843537414965987,0.0249757045675413,,,,,,
79,T13,L1正则多因素逻辑回归,0.8333333333333333,2.4,4.816666666666666,138.95,0.14749262536873156,0.9830208701804032,0.25773195876288657,0.18761726078799248,0.17106974593674198,0.5652567477745674,0.9509070294784581,0.6814737168375129,0.2996414240456299,0.03843537414965987,0.02199546485260771,0.03265253785709109,0.1503356027900676,-1.079179029782904,0.6312012171862015,0.03843537414965987,0.044451811586997896
79,T18,对应染色体三标准差Z值规则,0.0,3.8880952380952376,11.48333333333333,131.62857142857143,0.0,0.9713090992146458,0.0,,-0.04798087863293794,0.4856545496073229,0.8954324586977649,0.5071412646730031,0.08026571039915562,0.07811791383219956,0.02644962747003563,,,,,,
79,T18,L1正则多因素逻辑回归,4.45,3.4166666666666665,7.033333333333334,132.1,0.3875181422351234,0.9747878489730661,0.5656779661016949,0.45994832041343664,0.43201108216648526,0.6811529956040947,0.9289115646258502,0.897832259655053,0.6333904417760942,0.07811791383219956,0.053514739229024944,0.04529002679636681,0.16608591953817725,-0.09294945978862737,0.961135074454085,0.07811791383219956,0.0795669736565673
79,T21,对应染色体三标准差Z值规则,0.0,0.0,4.333333333333333,142.66666666666666,0.0,1.0,,,,0.5,0.9705215419501133,0.47920657029886005,0.029410431596778554,0.029478458049886618,0.0,,,,,,
79,T21,L1正则多因素逻辑回归,0.3333333333333333,0.0,4.0,142.66666666666666,0.07692307692307693,1.0,1.0,0.14285714285714288,0.27354190689028773,0.5384615384615384,0.9727891156462585,0.48974273390161227,0.1113210662963876,0.029478458049886618,0.0022675736961451248,0.027436248724044522,0.1369113568581259,-2.2485678604666983,0.3214484475376429,0.029478458049886618,0.024587436383351674
80,T13,对应染色体三标准差Z值规则,0.4,3.383333333333333,7.65,135.56666666666666,0.049689440993788817,0.9756507136859782,0.10572687224669605,0.0676056338028169,0.03640846700725397,0.5126700773398836,0.9249433106575964,0.4721820180841815,0.07125768566869294,0.05476190476190477,0.025736961451247164,,,,,,
80,T13,L1正则多因素逻辑回归,1.5,5.15,6.55,133.8,0.18633540372670807,0.9629363080244692,0.22556390977443608,0.2040816326530612,0.1634134118844964,0.5746358558755886,0.9204081632653062,0.5451432070864863,0.14460740171034261,0.05476190476190477,0.045238095238095244,0.05253771129874799,0.24699940009091445,-2.065429789747349,0.1979231568685318,0.05476190476190477,0.039063294828584165
80,T18,对应染色体三标准差Z值规则,0.0,5.897619047619047,12.299999999999999,128.80238095238096,0.0,0.9562166366175274,0.0,,-0.061778867806044635,0.4781083183087637,0.8762066731454486,0.6158521176779155,0.1087001736259658,0.0836734693877551,0.040119857466796235,,,,,,
80,T18,L1正则多因素逻辑回归,5.75,2.0,6.550000000000001,132.7,0.46747967479674796,0.9851521900519673,0.7419354838709677,0.57356608478803,0.560832309071855,0.7263159324243577,0.9418367346938775,0.9189502192154881,0.709545579298668,0.0836734693877551,0.05272108843537415,0.04242010358867513,0.15675137657500482,0.40266578479703374,1.134373126831324,0.0836734693877551,0.07614749949621623
80,T21,对应染色体三标准差Z值规则,0.0,0.0,4.75,142.25,0.0,1.0,,,,0.5,0.967687074829932,0.6099474423218757,0.04860479588716267,0.03231292517006803,0.0,,,,,,
80,T21,L1正则多因素逻辑回归,0.0,0.0,4.75,142.25,0.0,1.0,,,,0.5,0.967687074829932,0.4820769948695207,0.03625324869832932,0.03231292517006803,0.0,0.03176800933783996,0.15521519149988705,-4.105828002446008,-0.1743584423307066,0.03231292517006803,0.02243833245635663
81,T13,对应染色体三标准差Z值规则,0.2,3.016666666666666,5.3,138.48333333333335,0.03636363636363637,0.9786808009422849,0.06217616580310882,0.04588910133843213,0.01951543384095036,0.5075222186529607,0.9434240362811792,0.3777998052203,0.03434110625573254,0.03741496598639456,0.021882086167800453,,,,,,
81,T13,L1正则多因素逻辑回归,1.1666666666666665,2.2,4.333333333333333,139.3,0.2121212121212121,0.9844522968197881,0.3465346534653465,0.26315789473684215,0.24937727533474963,0.5982867544705001,0.9555555555555556,0.7432435409113854,0.3606770540428331,0.03741496598639456,0.022902494331065757,0.030073497694344767,0.133789975753176,-0.2370678197892997,0.8895364855492883,0.03741496598639456,0.035575828045466815
81,T18,对应染色体三标准差Z值规则,0.0,5.10952380952381,8.333333333333332,133.55714285714288,0.0,0.9631524725274726,0.0,,-0.046519702589661316,0.4815762362637363,0.9085519922254616,0.5821772321428571,0.07150488531912128,0.05668934240362812,0.03475866537091027,,,,,,
81,T18,L1正则多因素逻辑回归,2.7,4.25,5.633333333333333,134.41666666666669,0.32400000000000007,0.9693509615384616,0.38848920863309355,0.35332606324972743,0.3196310578448757,0.6466754807692308,0.932766439909297,0.8216687500000002,0.4181905733056787,0.05668934240362812,0.04727891156462585,0.043963159912655064,0.1731546370320015,-0.7904185035752377,0.6971701086814873,0.05668934240362812,0.06699627602201069
81,T21,对应染色体三标准差Z值规则,0.0,0.0,2.6666666666666665,144.33333333333331,0.0,1.0,,,,0.5,0.981859410430839,0.3598925684592545,0.015728956704310505,0.018140589569160998,0.0,,,,,,
81,T21,L1正则多因素逻辑回归,0.9166666666666666,0.5,1.75,143.83333333333331,0.34375,0.9965357967667436,0.6470588235294118,0.4489795918367347,0.4648596407224493,0.6701428983833718,0.9846938775510204,0.627231627350709,0.36472095430691875,0.018140589569160998,0.00963718820861678,0.013746465715731534,0.07728480034895051,0.3798309312520682,1.25941717099375,0.018140589569160998,0.026919358895636115
82,T13,对应染色体三标准差Z值规则,0.4,2.588095238095238,6.85,137.16190476190476,0.055172413793103454,0.9814805349689071,0.13386454183266935,0.07813953488372095,0.05624156749789317,0.5183264743810053,0.9357952704891481,0.6111891102749163,0.12545518508419595,0.04931972789115646,0.020327178490443798,,,,,,
82,T13,L1正则多因素逻辑回归,1.0833333333333333,4.6,6.166666666666667,135.15,0.14942528735632182,0.9670840787119858,0.1906158357771261,0.16752577319587628,0.13086017419414,0.5582546830341538,0.9267573696145126,0.6200252425112089,0.18522664243419387,0.04931972789115646,0.038662131519274376,0.0454335535028932,0.20815426669573509,-1.5126796273677952,0.38087226735242286,0.04931972789115646,0.04030074560896641
82,T18,对应染色体三标准差Z值规则,0.0,4.8309523809523816,12.233333333333333,129.93571428571428,0.0,0.9641532101339176,0.0,,-0.055538610835128635,0.4820766050669588,0.883916423712342,0.6010705565232144,0.10727856431090486,0.08321995464852608,0.03286362163913184,,,,,,
82,T18,L1正则多因素逻辑回归,5.65,5.0,6.583333333333334,129.76666666666665,0.46185286103542234,0.9628988374969082,0.5305164319248826,0.493809176984705,0.45258108293988103,0.7123758492661653,0.9212018140589568,0.8991287412745836,0.6494235816475831,0.08321995464852608,0.07244897959183674,0.04790178855581316,0.17424832063443346,-0.2769514817166616,0.8872226518143361,0.08321995464852608,0.08911600946133655
82,T21,对应染色体三标准差Z值规则,0.0,0.0,3.0833333333333335,143.91666666666666,0.0,1.0,,,,0.5,0.9790249433106575,0.4687692407437628,0.023329956012089134,0.0209750566893424,0.0,,,,,,
82,T21,L1正则多因素逻辑回归,0.5833333333333333,0.5,2.5,143.41666666666666,0.18918918918918917,0.9965257672264042,0.5384615384615384,0.28,0.3111567039118862,0.5928574782077967,0.9795918367346939,0.5322524609148809,0.21156421480700666,0.0209750566893424,0.0073696145124716545,0.018249041677830615,0.09730560475851378,-0.8714035420234807,0.8080138306984679,0.0209750566893424,0.025965609716697938
83,T13,对应染色体三标准差Z值规则,0.4,2.0214285714285714,5.75,138.82857142857142,0.06504065040650406,0.9856483594502764,0.16519174041297938,0.09333333333333332,0.07973371429389443,0.5253445049283902,0.9471331389698736,0.4285854619340916,0.0554897539582266,0.04183673469387755,0.016472303206997083,,,,,,
83,T13,L1正则多因素逻辑回归,1.3333333333333333,2.0,4.816666666666666,138.85,0.21680216802168023,0.9858004969826056,0.4,0.2811950790861161,0.2724857259610102,0.6013013325021429,0.9536281179138322,0.7506506616699955,0.27089288083687313,0.04183673469387755,0.022675736961451243,0.03564190972836917,0.15332777559576413,-0.7293460209835704,0.6768036438444541,0.04183673469387755,0.03889057694536222
83,T18,对应染色体三标准差Z值规则,0.0,5.747619047619048,10.966666666666667,130.28571428571428,0.0,0.9577484510099065,0.0,,-0.05727442670418213,0.47887422550495323,0.8862973760932944,0.47838060289415785,0.07264359058573892,0.07460317460317459,0.03909944930353094,,,,,,
83,T18,L1正则多因素逻辑回归,3.45,3.9166666666666665,7.516666666666667,132.11666666666665,0.31458966565349544,0.9712080372457732,0.4683257918552036,0.3763636363636364,0.3441824036026975,0.6428988514496343,0.9222222222222222,0.8544110773340081,0.48621950973521405,0.07460317460317459,0.05011337868480726,0.05264021227171592,0.19420113515323748,-0.40760168480968223,0.7444103667718382,0.07460317460317459,0.07266685722114978
83,T21,对应染色体三标准差Z值规则,0.0,0.0,4.0,143.0,0.0,1.0,,,,0.5,0.9727891156462585,0.34028471528471504,0.023554060904235147,0.027210884353741492,0.0,,,,,,
83,T21,L1正则多因素逻辑回归,0.8333333333333333,1.0,3.1666666666666665,142.0,0.20833333333333331,0.993006993006993,0.45454545454545453,0.2857142857142857,0.295171629546178,0.6006701631701632,0.9716553287981861,0.62447379009879,0.2539780029886328,0.027210884353741492,0.012471655328798185,0.022728350176167318,0.11214619726677905,0.17012556871305196,1.0090144355583845,0.027210884353741492,0.023963585869366404
84,T13,对应染色体三标准差Z值规则,1.6,2.7,6.6000000000000005,136.1,0.19512195121951217,0.9805475504322767,0.3720930232558139,0.25599999999999995,0.23924992713056162,0.5878347508258944,0.9367346938775509,0.5309149888448932,0.19540270218357503,0.055782312925170066,0.029251700680272108,,,,,,
84,T13,L1正则多因素逻辑回归,1.9166666666666665,3.5,6.283333333333333,135.3,0.23373983739837398,0.9747838616714698,0.35384615384615387,0.28151774785801714,0.2540299706032616,0.6042618495349219,0.9334467120181406,0.7398691259967355,0.4023527497536056,0.055782312925170066,0.036848072562358274,0.043660524369733944,0.1856796191801062,-0.03915083550653198,0.81404938717624,0.055782312925170066,0.03817191047509854
84,T18,对应染色体三标准差Z值规则,0.0,5.95,16.183333333333334,124.86666666666667,0.0,0.9545164989170596,0.0,,-0.07223944288802163,0.4772582494585298,0.8494331065759638,0.6061152012866263,0.14723428228681162,0.1100907029478458,0.04047619047619047,,,,,,
84,T18,L1正则多因素逻辑回归,4.5,3.4166666666666665,11.683333333333334,127.4,0.2780638516992791,0.9738820231876673,0.5684210526315789,0.37344398340248963,0.34935266149576366,0.6259729374434732,0.8972789115646259,0.8873104198072291,0.5950344771508548,0.1100907029478458,0.05385487528344671,0.06776072500685618,0.233423031660596,0.30660809124883087,0.8652335642136753,0.1100907029478458,0.0801375475779824
84,T21,对应染色体三标准差Z值规则,0.0,0.0,4.583333333333333,142.41666666666666,0.0,1.0,,,,0.5,0.9688208616780045,0.44105395677075016,0.029554686779907864,0.031179138321995464,0.0,,,,,,
84,T21,L1正则多因素逻辑回归,1.1666666666666665,1.0,3.4166666666666665,141.41666666666666,0.2545454545454545,0.9929783499122293,0.5384615384615384,0.345679012345679,0.35699142763391406,0.6237619022288419,0.9699546485260769,0.6173534053229783,0.31110233564805084,0.031179138321995464,0.014739229024943309,0.024864357839643098,0.12295158128998392,0.29258246561953005,1.018742747616202,0.031179138321995464,0.025408159644675212
85,T13,对应染色体三标准差Z值规则,0.0,2.854761904761905,6.333333333333333,137.81190476190477,0.0,0.9797054840893703,0.0,,-0.029861070402486374,0.48985274204468515,0.9374959507612569,0.4898980270581668,0.08069559605930342,0.043083900226757364,0.019420149011985743,,,,,,
85,T13,L1正则多因素逻辑回归,1.1666666666666665,2.95,5.166666666666666,137.71666666666664,0.1842105263157895,0.9790284360189574,0.28340080971659914,0.22328548644338117,0.2008963094031414,0.5816194811673734,0.9447845804988662,0.6193702562092435,0.21210944391467762,0.043083900226757364,0.028004535147392286,0.038966087349857896,0.1808644558426667,-1.435949290426347,0.4498440211749146,0.043083900226757364,0.039031439238385535
85,T18,对应染色体三标准差Z值规则,0.0,6.514285714285713,9.5,130.9857142857143,0.0,0.9526233766233767,0.0,,-0.05660147814495188,0.47631168831168835,0.8910592808551993,0.5210472342472343,0.0691616184195809,0.06462585034013606,0.044314868804664724,,,,,,
85,T18,L1正则多因素逻辑回归,4.75,3.583333333333333,4.750000000000001,133.91666666666669,0.5,0.9739393939393939,0.5700000000000001,0.5327102803738318,0.5038955762340563,0.7369696969696969,0.9433106575963718,0.9196085972507027,0.6632636763533221,0.06462585034013606,0.05668934240362811,0.036801448907789976,0.13680308872502772,-0.21824435370299625,1.0430461260760409,0.06462585034013606,0.07606673884175291
85,T21,对应染色体三标准差Z值规则,0.0,0.0,4.25,142.75,0.0,1.0,,,,0.5,0.9710884353741497,0.4601366057222655,0.030584642663532113,0.02891156462585034,0.0,,,,,,
85,T21,L1正则多因素逻辑回归,0.6666666666666666,0.0,3.583333333333333,142.75,0.1568627450980392,1.0,1.0,0.2711864406779661,0.3911797196863994,0.5784313725490196,0.9756235827664398,0.598233315509508,0.19550637876809016,0.02891156462585034,0.0045351473922902496,0.025109316068774142,0.12232276932458958,-0.2647213523631661,0.8820127527623931,0.02891156462585034,0.025523894661854812
86,T13,对应染色体三标准差Z值规则,0.0,3.604761904761905,6.35,137.0452380952381,0.0,0.9743706938872242,0.0,,-0.0336889846550991,0.4871853469436121,0.9322805312601231,0.5670021635967148,0.08546648723648395,0.04319727891156462,0.024522189828312276,,,,,,
86,T13,L1正则多因素逻辑回归,1.3333333333333333,3.45,5.016666666666667,137.20000000000002,0.2099737532808399,0.9754710273729116,0.2787456445993031,0.23952095808383234,0.21248622193517255,0.5927223903268757,0.9424036281179138,0.6538512138524456,0.3098130260921163,0.04319727891156462,0.03253968253968254,0.03645869764817856,0.1716629897861071,-1.09126524873782,0.5524203779924,0.04319727891156462,0.037941639192502964
86,T18,对应染色体三标准差Z值规则,0.0,7.271428571428571,10.95,128.77857142857144,0.0,0.9465532629810469,0.0,,-0.06471799412390414,0.47327663149052346,0.8760447035957241,0.5909209286744742,0.09277296062972223,0.07448979591836734,0.04946550048590864,,,,,,
86,T18,L1正则多因素逻辑回归,5.2,2.6666666666666665,5.750000000000001,133.38333333333333,0.4748858447488584,0.9803993629792969,0.6610169491525424,0.5527015057573074,0.5311643314687927,0.7276426038640776,0.9427437641723355,0.9028365491893707,0.680319143609486,0.07448979591836734,0.053514739229024944,0.03946849920997655,0.15246451751402076,-0.10291569345503357,0.984708677053767,0.07448979591836734,0.07790982421293759
86,T21,对应染色体三标准差Z值规则,0.0,0.0,1.9999999999999998,145.0,0.0,1.0,,,,0.5,0.9863945578231292,0.404618682722131,0.018896124780766122,0.013605442176870746,0.0,,,,,,
86,T21,L1正则多因素逻辑回归,0.5833333333333333,0.5,1.4166666666666665,144.5,0.2916666666666667,0.996551724137931,0.5384615384615384,0.3783783783783784,0.3903796630481979,0.6441091954022988,0.9869614512471656,0.650815772669221,0.3121980770521387,0.013605442176870746,0.0073696145124716545,0.011076683767909419,0.0658636714850212,0.09265136651379863,1.2524876830912692,0.013605442176870746,0.02624662873254361
87,T13,对应染色体三标准差Z值规则,0.0,2.5500000000000003,5.083333333333333,139.36666666666667,0.0,0.9820317087492659,0.0,,-0.02514599996719715,0.49101585437463297,0.9480725623582767,0.5367095674942002,0.09983653429448414,0.03458049886621315,0.017346938775510204,,,,,,
87,T13,L1正则多因素逻辑回归,0.8333333333333333,3.45,4.25,138.46666666666667,0.16393442622950818,0.9756899588960658,0.19455252918287935,0.1779359430604982,0.15167848624242625,0.569812192562787,0.9476190476190477,0.5838067826304588,0.18372106627431253,0.03458049886621315,0.02913832199546485,0.032110391968181176,0.15796478722058543,-1.8602339603152354,0.3796524013845848,0.03458049886621315,0.035561796039548586
87,T18,对应染色体三标准差Z值规则,0.0,5.033333333333333,14.633333333333335,127.33333333333334,0.0,0.9619743137748679,0.0,,-0.06260614607508955,0.48098715688743393,0.8662131519274378,0.6166194087085812,0.13227485870541275,0.09954648526077098,0.03424036281179138,,,,,,
87,T18,L1正则多因素逻辑回归,5.75,1.9166666666666665,8.883333333333333,130.45000000000002,0.3929384965831435,0.985520020146059,0.7500000000000001,0.515695067264574,0.509622304846972,0.6892292583646012,0.9265306122448981,0.8491127875273409,0.6173361689608611,0.09954648526077098,0.05215419501133786,0.05784250997154302,0.2316634067528769,0.1256329086057002,0.7769331204487607,0.09954648526077098,0.07217725927102082
87,T21,对应染色体三标准差Z值规则,0.0,0.0,3.1666666666666665,143.83333333333331,0.0,1.0,,,,0.5,0.9784580498866213,0.4221808867475755,0.02153484550833209,0.021541950113378682,0.0,,,,,,
87,T21,L1正则多因素逻辑回归,0.5833333333333333,0.5,2.583333333333333,143.33333333333331,0.1842105263157895,0.996523754345307,0.5384615384615384,0.27450980392156865,0.30678772556970946,0.5903671403305483,0.9790249433106577,0.48792157101908873,0.20890537184975305,0.021541950113378682,0.0073696145124716545,0.018801956884591957,0.10369939906886919,-1.6866698420394488,0.5623009749326786,0.021541950113378682,0.025409501326919968
88,T13,对应染色体三标准差Z值规则,0.2,2.138095238095238,8.05,136.61190476190478,0.024242424242424242,0.9845903045903045,0.0855397148676171,0.03777827749044299,0.016249132482373817,0.5044163644163644,0.9306932296728214,0.6057718324384993,0.14107726194572778,0.05612244897959184,0.015905409782960803,,,,,,
88,T13,L1正则多因素逻辑回归,1.1666666666666665,5.15,7.083333333333333,133.60000000000002,0.1414141414141414,0.9628828828828828,0.18469656992084432,0.16018306636155608,0.11837229919145253,0.5521485121485121,0.9167800453514738,0.4736377243043912,0.16033455104323113,0.05612244897959184,0.042970521541950114,0.05319462239300241,0.2600979549719209,-2.5504060661198737,0.06829088155828397,0.05612244897959184,0.038157585251391374
88,T18,对应染色体三标准差Z值规则,0.0,5.404761904761904,13.233333333333333,128.36190476190475,0.0,0.9595956000142395,0.0,,-0.061450388492284194,0.47979780000711975,0.8732102364755425,0.6133192349764311,0.13015387357601557,0.09002267573696145,0.036767087787495954,,,,,,
88,T18,L1正则多因素逻辑回归,5.7,4.25,7.533333333333333,129.51666666666668,0.43073047858942065,0.9682282581609768,0.5728643216080402,0.49173256649892166,0.45455401513229476,0.6994793683751988,0.9198412698412699,0.8822282063322988,0.6372043837622192,0.09002267573696145,0.06768707482993197,0.05143584334414078,0.19211739058170257,-0.13178429433263794,0.8898327511240671,0.09002267573696145,0.08801322212153127
88,T21,对应染色体三标准差Z值规则,0.0,0.0,3.583333333333333,143.41666666666666,0.0,1.0,,,,0.5,0.9756235827664398,0.37994431371186377,0.023690973456537742,0.02437641723356009,0.0,,,,,,
88,T21,L1正则多因素逻辑回归,0.6666666666666666,0.0,2.9166666666666665,143.41666666666666,0.18604651162790697,1.0,1.0,0.3137254901960785,0.4270108842640552,0.5930232558139534,0.98015873015873,0.7409770388973935,0.2537997847792387,0.02437641723356009,0.0045351473922902496,0.02055065437100136,0.0995205045604005,0.5727483814612431,1.2268154255378698,0.02437641723356009,0.027982814903367455
89,T13,对应染色体三标准差Z值规则,0.0,5.685714285714286,6.933333333333334,134.38095238095238,0.0,0.9594070850615354,0.0,,-0.044627558261789026,0.4797035425307677,0.9141561386459346,0.44145221325358763,0.050147947054349565,0.047165532879818596,0.03867832847424684,,,,,,
89,T13,L1正则多因素逻辑回归,0.9166666666666666,2.75,6.016666666666666,137.31666666666666,0.13221153846153846,0.9803664921465969,0.25,0.1729559748427673,0.15303218112615144,0.5562890153040677,0.9403628117913831,0.5247888155692474,0.20600820365139014,0.047165532879818596,0.02494331065759637,0.042548885644770065,0.21470791168710684,-2.0185727092837364,0.24558280497561952,0.047165532879818596,0.034853524223556025
89,T18,对应染色体三标准差Z值规则,0.0,8.395238095238094,6.500000000000001,132.10476190476192,0.0,0.9402474156922557,0.0,,-0.05293536956273014,0.47012370784612784,0.8986718496922579,0.5714918665096602,0.05365891469136146,0.04421768707482993,0.05711046323291222,,,,,,
89,T18,L1正则多因素逻辑回归,2.95,3.4166666666666665,3.55,137.08333333333334,0.4538461538461539,0.9756820877817319,0.46335078534031415,0.4585492227979275,0.4337968289107969,0.7147641208139429,0.9526077097505669,0.7960211437435636,0.5529642817341507,0.04421768707482993,0.043310657596371885,0.03181641351040211,0.14350322228412526,-1.0827134090630808,0.7520858489541408,0.04421768707482993,0.0704214838749812
89,T21,对应染色体三标准差Z值规则,0.0,0.0,2.1666666666666665,144.83333333333331,0.0,1.0,,,,0.5,0.9852607709750567,0.42856700261763564,0.018747044813923086,0.014739229024943309,0.0,,,,,,
89,T21,L1正则多因素逻辑回归,0.6666666666666666,0.0,1.5,144.83333333333331,0.3076923076923077,1.0,1.0,0.47058823529411764,0.5518498766105251,0.6538461538461539,0.9897959183673469,0.7300711946281565,0.3378289798147536,0.014739229024943309,0.0045351473922902496,0.011491371681728969,0.06538896156609149,0.7256544706183403,1.432633999668432,0.014739229024943309,0.026170998117400417
90,T13,对应染色体三标准差Z值规则,0.2,3.3499999999999996,4.033333333333333,139.41666666666666,0.047244094488188976,0.9765351389213168,0.05633802816901409,0.05139186295503212,0.02590526503850359,0.5118896167047529,0.9497732426303853,0.5137558905416999,0.05703738980554148,0.028798185941043084,0.02414965986394558,,,,,,
90,T13,L1正则多因素逻辑回归,1.25,3.45,2.9833333333333334,139.31666666666666,0.2952755905511811,0.9758346953070278,0.26595744680851063,0.27985074626865675,0.25772067424259737,0.6355551429291044,0.9562358276643991,0.6827368619548286,0.32506421433012517,0.028798185941043084,0.03197278911564626,0.024013243192708252,0.11841920314817767,-1.090247030480766,0.71768918737739,0.028798185941043084,0.03962529531341537
90,T18,对应染色体三标准差Z值规则,0.0,6.059523809523809,7.55,133.3904761904762,0.0,0.9565469787771689,0.0,,-0.04824647601432974,0.47827348938858444,0.907418205377389,0.5001553421433793,0.05406820527506127,0.05136054421768707,0.04122125040492388,,,,,,
90,T18,L1正则多因素逻辑回归,3.5,0.9166666666666666,4.050000000000001,138.53333333333333,0.46357615894039733,0.9934265567108881,0.7924528301886792,0.5849582172701949,0.590907935605195,0.7285013578256427,0.9662131519274376,0.9127186714396638,0.6413767448143171,0.05136054421768707,0.0300453514739229,0.02854018017017777,0.11389689895928971,-0.14209023246078162,1.088294202699047,0.05136054421768707,0.06138752354628482
90,T21,对应染色体三标准差Z值规则,0.0,0.0,3.6666666666666665,143.33333333333334,0.0,1.0,,,,0.5,0.9750566893424036,0.5079379341588642,0.027600884751442248,0.024943310657596373,0.0,,,,,,
90,T21,L1正则多因素逻辑回归,0.5,1.0,3.1666666666666665,142.33333333333331,0.13636363636363638,0.9930232558139535,0.3333333333333333,0.1935483870967742,0.20078093432389835,0.5646934460887949,0.971655328798186,0.4592573995771667,0.15948712671859153,0.024943310657596373,0.01020408163265306,0.022581045670228332,0.11850287050163508,-2.0791641327724966,0.41181644086509456,0.024943310657596373,0.02463298613010311
91,T13,对应染色体三标准差Z值规则,0.2,3.5380952380952384,4.783333333333333,138.4785714285714,0.04013377926421405,0.9750867604405921,0.05350318471337579,0.04586404586404586,0.017497223416517278,0.5076102698524031,0.9433916423712341,0.48294526704388785,0.0527797682360425,0.03390022675736961,0.025429219306770324,,,,,,
91,T13,L1正则多因素逻辑回归,1.3333333333333333,2.45,3.65,139.56666666666666,0.26755852842809363,0.9827485036967493,0.3524229074889868,0.3041825095057034,0.28606754779666743,0.6251535160624214,0.9585034013605442,0.6776142783857739,0.2629998568726664,0.03390022675736961,0.025736961451247164,0.029052189095766873,0.13680755987710444,-1.0037981170538017,0.6491122111260518,0.03390022675736961,0.03454277972992474
91,T18,对应染色体三标准差Z值规则,0.0,6.999999999999999,8.133333333333333,131.86666666666667,0.0,0.9495919347095535,0.0,,-0.05411532643317228,0.47479596735477675,0.8970521541950114,0.5874904153282792,0.07225035071747907,0.05532879818594104,0.047619047619047616,,,,,,
91,T18,L1正则多因素逻辑回归,2.75,3.583333333333333,5.383333333333334,135.28333333333333,0.33811475409836067,0.9741958713394142,0.4342105263157895,0.38018433179723504,0.35164810394127205,0.6561553127188875,0.9390022675736961,0.7847031169015146,0.4498115053087632,0.05532879818594104,0.043083900226757364,0.041560868221616885,0.17652317304966364,-0.8497566691509494,0.6645607719749383,0.05532879818594104,0.06402385629999564
91,T21,对应染色体三标准差Z值规则,0.0,0.0,2.916666666666667,144.08333333333331,0.0,1.0,,,,0.5,0.9801587301587302,0.4078452017012703,0.019106952808245127,0.01984126984126984,0.0,,,,,,
91,T21,L1正则多因素逻辑回归,0.8333333333333333,1.0,2.0833333333333335,143.08333333333331,0.28571428571428564,0.9930595720069404,0.45454545454545453,0.35087719298245607,0.3503064614646374,0.639386928860613,0.9790249433106577,0.4691756077792595,0.2997002712934762,0.01984126984126984,0.012471655328798185,0.01609684954788391,0.09243904519459156,-0.8646510023734884,0.8209073447487457,0.01984126984126984,0.025406674955013482
92,T13,对应染色体三标准差Z值规则,0.2,4.121428571428572,7.449999999999999,135.22857142857143,0.026143790849673207,0.9704239069147573,0.04628099173553719,0.03341288782816229,-0.0045131179264131325,0.4982838488822153,0.9212827988338191,0.39574241901574003,0.04601983838911075,0.05204081632653061,0.029397473275024295,,,,,,
92,T13,L1正则多因素逻辑回归,1.3333333333333333,2.9,6.316666666666666,136.45,0.17429193899782136,0.97918909221385,0.31496062992125984,0.2244039270687237,0.20383758702720117,0.5767405156058356,0.9373015873015873,0.5772034231970773,0.18855806332966443,0.05204081632653061,0.028798185941043084,0.047058997133207436,0.22467789344850664,-1.6012952881723987,0.3296375043118659,0.05204081632653061,0.034379719965961925
92,T18,对应染色体三标准差Z值规则,0.0,7.288095238095239,10.366666666666665,129.3452380952381,0.0,0.9466594639807617,0.0,,-0.06291171843812915,0.47332973199038086,0.8798995788791708,0.6508598958057263,0.10338239440297652,0.07052154195011338,0.049578879170715906,,,,,,
92,T18,L1正则多因素逻辑回归,3.25,3.9166666666666665,7.116666666666667,132.7166666666667,0.3135048231511254,0.9713344718223957,0.4534883720930233,0.370722433460076,0.3386365596243108,0.6424196474867605,0.9249433106575964,0.8037054983777148,0.4459772846138014,0.07052154195011338,0.048752834467120185,0.052143099568800755,0.2094455990786447,-0.6068987190669898,0.6365332473346645,0.07052154195011338,0.06598927113824733
92,T21,对应染色体三标准差Z值规则,0.0,0.0,2.8333333333333335,144.16666666666669,0.0,1.0,,,,0.5,0.9807256235827664,0.47230145237285664,0.022690869786446043,0.01927437641723356,0.0,,,,,,
92,T21,L1正则多因素逻辑回归,0.8333333333333333,1.0,2.0,143.16666666666669,0.29411764705882354,0.9930635838150289,0.45454545454545453,0.35714285714285715,0.3557813239663898,0.6435906154369262,0.9795918367346939,0.6374090445426726,0.31700691798987707,0.01927437641723356,0.012471655328798185,0.01529354298932507,0.0824884059764979,0.2934105275948719,1.1903669397724805,0.01927437641723356,0.02579027423313255
93,T13,对应染色体三标准差Z值规则,0.4,2.6095238095238096,5.433333333333334,138.55714285714288,0.06857142857142857,0.9815145893067971,0.1329113924050633,0.09046849757673668,0.06904388259525243,0.5250430089391128,0.9452866861030126,0.4399593924937153,0.05324846823568853,0.03968253968253968,0.020472951085195982,,,,,,
93,T13,L1正则多因素逻辑回归,0.75,3.7,5.083333333333334,137.46666666666667,0.12857142857142856,0.9737898465171193,0.16853932584269662,0.14586709886547813,0.11662631344086742,0.5511806375442739,0.9402494331065759,0.651868298677204,0.19412034095262481,0.03968253968253968,0.030272108843537416,0.03739525976246711,0.16845382745691723,-1.4648921489072375,0.4761677640579616,0.03968253968253968,0.043260646087194626
93,T18,对应染色体三标准差Z值规则,0.0,4.342857142857143,12.533333333333331,130.1238095238095,0.0,0.9677030951200509,0.0,,-0.05326807302797131,0.48385154756002546,0.8851959831551668,0.5295253061113264,0.0924158229290052,0.0852607709750567,0.02954324586977648,,,,,,
93,T18,L1正则多因素逻辑回归,5.15,2.4166666666666665,7.383333333333334,132.05,0.4109042553191489,0.9820277640059495,0.6806167400881058,0.5124378109452736,0.4966179680610902,0.6964660096625492,0.9333333333333335,0.8929160315509658,0.6666200524187671,0.0852607709750567,0.051473922902494335,0.04624580216582458,0.17442977237497923,0.12756034445239178,0.9996868555034935,0.0852607709750567,0.07917674971351106
93,T21,对应染色体三标准差Z值规则,0.0,0.0,3.583333333333333,143.41666666666669,0.0,1.0,,,,0.5,0.9756235827664399,0.5491768351733488,0.032263594530911766,0.02437641723356009,0.0,,,,,,
93,T21,L1正则多因素逻辑回归,0.25,0.5,3.333333333333333,142.91666666666669,0.06976744186046512,0.9965136548518303,0.3333333333333333,0.11538461538461539,0.14346783136700567,0.5331405483561477,0.973922902494331,0.547654760456944,0.10522100545039323,0.02437641723356009,0.00510204081632653,0.02283915549974462,0.11481373965306112,-1.7961072858909983,0.494139023731079,0.02437641723356009,0.02409311040147872
94,T13,对应染色体三标准差Z值规则,0.0,4.409523809523809,4.5,138.09047619047618,0.0,0.9690559732664995,0.0,,-0.031249956058295524,0.48452798663324975,0.9393909944930352,0.44208246954835667,0.028793467073109067,0.030612244897959183,0.029996760609005503,,,,,,
94,T13,L1正则多因素逻辑回归,1.5,3.95,3.0,138.55,0.3333333333333333,0.9722807017543861,0.27522935779816515,0.3015075376884422,0.2786337988355381,0.6528070175438597,0.9527210884353742,0.7609693988056561,0.35165726348660964,0.030612244897959183,0.03707482993197279,0.02429165859242548,0.11325344706247917,-0.3681824960251965,0.9324855492466233,0.030612244897959183,0.03615040387447127
94,T18,对应染色体三标准差Z值规则,0.0,6.126190476190476,10.633333333333333,130.2404761904762,0.0,0.9550756014945699,0.0,,-0.05823186776847076,0.47753780074728497,0.8859896339488176,0.568818868429452,0.08835986587617123,0.0723356009070295,0.0416747651441529,,,,,,
94,T18,L1正则多因素逻辑回归,3.25,3.083333333333333,7.383333333333334,133.28333333333333,0.30564263322884017,0.9773893913468589,0.5131578947368421,0.38310412573673874,0.36108764870063687,0.6415160122878495,0.928798185941043,0.8627038720431282,0.45878571028420156,0.0723356009070295,0.04308390022675737,0.05149018282732764,0.18791826138233522,-0.2916618837421602,0.7961333483009075,0.0723356009070295,0.06806264675954296
94,T21,对应染色体三标准差Z值规则,0.0,0.0,4.333333333333333,142.66666666666666,0.0,1.0,,,,0.5,0.9705215419501133,0.5100911257745369,0.03614443245593291,0.029478458049886618,0.0,,,,,,
94,T21,L1正则多因素逻辑回归,0.75,1.5,3.5833333333333335,141.16666666666666,0.17307692307692304,0.9894859813084113,0.3333333333333333,0.22784810126582275,0.22397173308177554,0.5812814521926671,0.9654195011337868,0.5193715552360414,0.20822408534556855,0.029478458049886618,0.015306122448979591,0.025687726836073073,0.1293298611772953,-0.9376250351684376,0.6845289532522134,0.029478458049886618,0.025866745638077674
95,T13,对应染色体三标准差Z值规则,0.2,3.7047619047619045,4.383333333333333,138.71190476190475,0.04363636363636364,0.9739864582462593,0.051219512195121955,0.04712482468443198,0.01904744429683769,0.5088114109413114,0.9449789439585357,0.41039465625071253,0.033582319612083855,0.03117913832199547,0.02656300615484289,,,,,,
95,T13,L1正则多因素逻辑回归,1.0,3.25,3.583333333333333,139.16666666666669,0.2181818181818182,0.9771796372147454,0.23529411764705882,0.22641509433962265,0.20264107867780903,0.5976807276982818,0.9535147392290249,0.6463675119497239,0.23115325733916295,0.03117913832199547,0.02891156462585034,0.028135602296393093,0.13657704037137314,-1.5156024704771518,0.5260765956953379,0.03117913832199547,0.03727649399876728
95,T18,对应染色体三标准差Z值规则,0.0,5.497619047619048,13.883333333333333,127.61904761904762,0.0,0.9587007458548713,0.0,,-0.0636555252451381,0.47935037292743565,0.8681567865241334,0.5925967017045244,0.1139450582153548,0.09444444444444444,0.037398769031422086,,,,,,
95,T18,L1正则多因素逻辑回归,5.45,3.25,8.433333333333334,129.86666666666667,0.3925570228091237,0.9755853261550019,0.6264367816091955,0.48265682656826575,0.45625554459775586,0.6840711744820628,0.9205215419501134,0.8652720635017498,0.630543934997113,0.09444444444444444,0.05918367346938775,0.05522289003156335,0.21107775614416957,0.163391624067281,0.8691387995013771,0.09444444444444444,0.07410453942009519
95,T21,对应染色体三标准差Z值规则,0.0,0.0,2.833333333333333,144.16666666666666,0.0,1.0,,,,0.5,0.9807256235827664,0.5509039685238258,0.026442118523245586,0.01927437641723356,0.0,,,,,,
95,T21,L1正则多因素逻辑回归,0.25,0.5,2.583333333333333,143.66666666666666,0.08823529411764706,0.9965317919075144,0.3333333333333333,0.13953488372093023,0.1635799039927549,0.5423835430125807,0.9790249433106575,0.33132365084762205,0.10601247309189743,0.01927437641723356,0.00510204081632653,0.01828496810884417,0.10487701161360927,-5.48346650253978,-0.3755708257941879,0.01927437641723356,0.022526126783723278
96,T13,对应染色体三标准差Z值规则,0.4,3.971428571428571,6.983333333333333,135.64523809523808,0.05417607223476298,0.971554767305036,0.09150326797385622,0.06805752481263926,0.03308520786621004,0.5128654197698995,0.9254778101716877,0.5001238335372886,0.09603019218028577,0.050226757369614516,0.029737609329446066,,,,,,
96,T13,L1正则多因素逻辑回归,0.3333333333333333,2.45,7.05,137.16666666666669,0.045146726862302484,0.982451951772711,0.11976047904191614,0.06557377049180328,0.04422754396486082,0.5137993393175068,0.935374149659864,0.5584012396775818,0.17252178797388423,0.050226757369614516,0.01893424036281179,0.04610110833622804,0.22052756363982584,-1.830512905481665,0.2795050778293973,0.050226757369614516,0.03401729801821839
96,T18,对应染色体三标准差Z值规则,0.0,9.923809523809522,8.383333333333333,128.69285714285712,0.0,0.9284082516017108,0.0,,-0.06616965016668663,0.4642041258008554,0.8754616132167152,0.619169118191337,0.08872896586132686,0.057029478458049884,0.06750890832523486,,,,,,
96,T18,L1正则多因素逻辑回归,3.75,3.9166666666666665,4.633333333333334,134.7,0.4473161033797217,0.9717446194541302,0.48913043478260876,0.4672897196261683,0.4370813204878344,0.7095303614169259,0.9418367346938775,0.8886519424137769,0.596382438530512,0.057029478458049884,0.05215419501133786,0.03699066692642131,0.14257183910483812,-0.5512838548056052,0.9112242922844884,0.057029478458049884,0.07410250344237712
96,T21,对应染色体三标准差Z值规则,0.0,0.0,2.4166666666666665,144.58333333333331,0.0,1.0,,,,0.5,0.9835600907029479,0.5996061006137523,0.029474020865617102,0.016439909297052153,0.0,,,,,,
96,T21,L1正则多因素逻辑回归,0.3333333333333333,0.0,2.083333333333333,144.58333333333331,0.13793103448275862,1.0,1.0,0.2424242424242424,0.36874352446362474,0.5689655172413793,0.9858276643990931,0.5723630650710052,0.1597549647380779,0.016439909297052153,0.0022675736961451248,0.014962933210011006,0.08257593556745271,-1.1217576602148993,0.8077272430376439,0.016439909297052153,0.025693654877078618
97,T13,对应染色体三标准差Z值规则,0.0,4.197619047619049,7.133333333333334,135.6690476190476,0.0,0.9699884243497209,0.0,,-0.03871889314017436,0.48499421217486044,0.9229186912860381,0.3718364237795295,0.0380101268180556,0.048526077097505664,0.02855523161645611,,,,,,
97,T13,L1正则多因素逻辑回归,1.9166666666666665,4.2,5.216666666666667,135.66666666666669,0.26869158878504673,0.9699714013346045,0.31335149863760214,0.2893081761006289,0.2568036741072034,0.6193314950598257,0.9359410430839001,0.7379874786973672,0.4189188375740493,0.048526077097505664,0.04160997732426304,0.036320601306282736,0.1631348024384904,-0.1721186924764169,0.8448567755107023,0.048526077097505664,0.0401294414626277
97,T18,对应染色体三标准差Z值规则,0.0,8.64047619047619,9.6,128.7595238095238,0.0,0.9371144382061413,0.0,,-0.06605513123619391,0.46855721910307063,0.8759151279559443,0.455221161325601,0.05742854243311798,0.06530612244897958,0.058778749595076125,,,,,,
97,T18,L1正则多因素逻辑回归,3.6,3.083333333333333,6.0,134.31666666666666,0.375,0.977559437166424,0.5386533665835411,0.4421699078812692,0.418128852312796,0.676279718583212,0.9382086167800453,0.8665535914046195,0.6025712467575641,0.06530612244897958,0.04546485260770975,0.03876859926942889,0.156228244257204,-0.3317862881016968,0.8835533966049508,0.06530612244897958,0.07062543208839155
97,T21,对应染色体三标准差Z值规则,0.0,0.0,3.8333333333333335,143.16666666666669,0.0,1.0,,,,0.5,0.973922902494331,0.4900798270414103,0.034649992182297695,0.026077097505668934,0.0,,,,,,
97,T21,L1正则多因素逻辑回归,0.9166666666666666,0.5,2.916666666666667,142.66666666666669,0.23913043478260868,0.9965075669383003,0.6470588235294118,0.3492063492063492,0.3843836563216573,0.6178190008604545,0.9767573696145123,0.4561576728682055,0.2650248003124983,0.026077097505668934,0.00963718820861678,0.021482159348275475,0.11797825184844962,-1.1444674403007733,0.6570028631870521,0.026077097505668934,0.025219881266117267
98,T13,对应染色体三标准差Z值规则,0.2,1.6666666666666667,4.949999999999999,140.18333333333334,0.03883495145631068,0.9882504993537775,0.10714285714285715,0.057007125890736345,0.04447719414166851,0.5135427254050441,0.9549886621315192,0.5114604890041133,0.07389182347301265,0.03503401360544218,0.012698412698412698,,,,,,
98,T13,L1正则多因素逻辑回归,0.5,5.5,4.65,136.35,0.0970873786407767,0.9612266478674656,0.08333333333333333,0.08968609865470852,0.05418837567427591,0.5291570132541211,0.9309523809523809,0.6530142683915128,0.18016176278194734,0.03503401360544218,0.04081632653061224,0.03249038119458992,0.14913121264869808,-1.4227397932875545,0.5153768475197351,0.03503401360544218,0.03530769210063189
98,T18,对应染色体三标准差Z值规则,0.0,5.359523809523809,12.283333333333333,129.35714285714283,0.0,0.9602163270355774,0.0,,-0.058737690661523255,0.4801081635177887,0.8799805636540331,0.5609540165961326,0.09942167099084287,0.08356009070294784,0.03645934564301911,,,,,,
98,T18,L1正则多因素逻辑回归,5.25,4.916666666666666,7.033333333333333,129.8,0.42740841248303935,0.9635036496350365,0.5163934426229508,0.467706013363029,0.4263464082671518,0.695456031059038,0.9187074829931974,0.889349059909717,0.6169040782298794,0.08356009070294784,0.06916099773242632,0.049096162946137265,0.1811916164132555,-0.07210934465699531,0.9224119640207683,0.08356009070294784,0.08101804673066737
98,T21,对应染色体三标准差Z值规则,0.0,0.0,3.6666666666666665,143.33333333333331,0.0,1.0,,,,0.5,0.9750566893424036,0.499511854424645,0.030978948367928222,0.02494331065759637,0.0,,,,,,
98,T21,L1正则多因素逻辑回归,0.0,0.0,3.6666666666666665,143.33333333333331,0.0,1.0,,,,0.5,0.9750566893424036,0.6047055270311084,0.0410026750699687,0.02494331065759637,0.0,0.02445681815284825,0.11681636067650425,-1.7672423187628417,0.4893369492194742,0.02494331065759637,0.022894609999440027
99,T13,对应染色体三标准差Z值规则,0.2,3.580952380952381,4.583333333333333,138.6357142857143,0.041811846689895474,0.9748204449950613,0.05289672544080604,0.04670558798999166,0.018641964172151106,0.5083161458424784,0.9444606413994169,0.4029222885856958,0.03254215725239623,0.03253968253968254,0.025720764496274702,,,,,,
99,T13,L1正则多因素逻辑回归,0.5,4.5,4.283333333333333,137.71666666666667,0.10452961672473868,0.9683581389898043,0.1,0.10221465076660989,0.07134539956262323,0.5364438778572714,0.9402494331065759,0.6406602726497901,0.2435138256600185,0.03253968253968254,0.034013605442176874,0.02860080718371087,0.13933300258531098,-1.3663681993429984,0.5563034860623282,0.03253968253968254,0.03534625962154903
99,T18,对应染色体三标准差Z值规则,0.0,5.190476190476191,10.35,131.4595238095238,0.0,0.9620162737616085,0.0,,-0.05265216809600213,0.48100813688080424,0.8942824748947198,0.5671130143096502,0.08833123869134502,0.0704081632653061,0.03530936183997409,,,,,,
99,T18,L1正则多因素逻辑回归,3.35,3.75,7.0,132.9,0.32367149758454106,0.9725576289791438,0.471830985915493,0.3839541547277937,0.35347989665794927,0.6481145632818424,0.9268707482993197,0.8686242799840959,0.5619754625212927,0.0704081632653061,0.04829931972789116,0.04514699232803956,0.17162812527380536,-0.18495528428744415,0.8899778477112578,0.0704081632653061,0.06979744338231983
99,T21,对应染色体三标准差Z值规则,0.0,0.0,1.6666666666666665,145.33333333333331,0.0,1.0,,,,0.5,0.9886621315192744,0.4870603975535166,0.014239072081545257,0.011337868480725622,0.0,,,,,,
99,T21,L1正则多因素逻辑回归,0.0,0.0,1.6666666666666665,145.33333333333334,0.0,1.0,,,,0.5,0.9886621315192744,0.4480125054608999,0.01678818634371121,0.011337868480725622,0.0,0.011566577190621182,0.06862371876209349,-5.336229691120664,-0.21200250948666344,0.011337868480725622,0.021291735404144294
100,T13,对应染色体三标准差Z值规则,0.2,1.3166666666666667,4.8,140.68333333333334,0.04,0.9907276995305164,0.13186813186813187,0.06138107416879795,0.055119786826174307,0.5153638497652582,0.9583900226757369,0.5242072434607645,0.08027123977589427,0.034013605442176874,0.010317460317460317,,,,,,
100,T13,L1正则多因素逻辑回归,0.5833333333333333,3.0,4.416666666666667,139.0,0.11666666666666665,0.9788732394366197,0.1627906976744186,0.13592233009708735,0.11229762401206177,0.5477699530516432,0.949546485260771,0.5478411021685666,0.15995349891441468,0.034013605442176874,0.024376417233560092,0.031681290939901185,0.15918065431655148,-2.266651194233154,0.27587071122441875,0.034013605442176874,0.03321720129792768
100,T18,对应染色体三标准差Z值规则,0.0,4.352380952380952,9.133333333333333,133.51428571428573,0.0,0.9684305056645484,0.0,,-0.0449589544915921,0.4842152528322742,0.9082604470359572,0.6692008027886077,0.09501170661903055,0.062131519274376414,0.02960803368966634,,,,,,
100,T18,L1正则多因素逻辑回归,3.45,3.9166666666666665,5.683333333333334,133.95,0.37773722627737233,0.9715909090909092,0.4683257918552036,0.41818181818181827,0.3864984843275769,0.6746640676841408,0.9346938775510203,0.8550106468698254,0.5504543256310672,0.062131519274376414,0.05011337868480726,0.04106379710925596,0.16310842571260978,-0.44302089278627393,0.8562411889347981,0.062131519274376414,0.0713425293721919
100,T21,对应染色体三标准差Z值规则,0.0,0.0,4.166666666666666,142.83333333333334,0.0,1.0,,,,0.5,0.9716553287981861,0.5405377562927154,0.035643876816538925,0.028344671201814053,0.0,,,,,,
100,T21,L1正则多因素逻辑回归,0.3333333333333333,0.0,3.833333333333333,142.83333333333331,0.08,1.0,1.0,0.14814814814814814,0.27912200004494614,0.54,0.9739229024943312,0.5430085014169025,0.11491406217237654,0.028344671201814053,0.0022675736961451248,0.02626911412548236,0.12792404698583232,-1.2330020869261942,0.6022909295632892,0.028344671201814053,0.023814902956667928
101,T13,对应染色体三标准差Z值规则,0.2,4.454761904761905,3.6166666666666667,138.72857142857143,0.05240174672489083,0.9688877064037115,0.04296675191815857,0.047217537942664416,0.019334486788395017,0.5106447265643012,0.945092322643343,0.4612941401461328,0.047984754129774834,0.025963718820861677,0.03166504697116942,,,,,,
101,T13,L1正则多因素逻辑回归,1.5833333333333333,3.25,2.2333333333333334,139.93333333333334,0.4148471615720524,0.9773018274938889,0.3275862068965517,0.3660886319845857,0.34971735569969287,0.6960744945329707,0.9626984126984128,0.7779065311788449,0.441709616741863,0.025963718820861677,0.032879818594104306,0.0199868954473732,0.09665026057619946,-0.5899776841947458,0.9535712272636306,0.025963718820861677,0.03872184602173879
101,T18,对应染色体三标准差Z值规则,0.0,7.3880952380952385,12.95,126.66190476190475,0.0,0.9448855260119714,0.0,,-0.07150007403265705,0.4724427630059857,0.8616456106252024,0.5514270064810909,0.09623111644561269,0.0880952380952381,0.05025915127955944,,,,,,
101,T18,L1正则多因素逻辑回归,5.25,3.083333333333333,7.7,130.96666666666667,0.40540540540540543,0.9769986323511127,0.6300000000000001,0.4933437744714174,0.4687004254376299,0.691202018878259,0.9266439909297052,0.8740062292041831,0.6317263894417434,0.0880952380952381,0.05668934240362811,0.05036340970273543,0.19271404583629098,-0.02454569781954836,0.858671624610726,0.0880952380952381,0.07764572126307275
101,T21,对应染色体三标准差Z值规则,0.0,0.0,4.0,143.0,0.0,1.0,,,,0.5,0.9727891156462585,0.5750893782143783,0.04152483870363605,0.027210884353741496,0.0,,,,,,
101,T21,L1正则多因素逻辑回归,0.5833333333333333,0.5,3.4166666666666665,142.5,0.14583333333333331,0.9965034965034965,0.5384615384615384,0.22950819672131142,0.2707583133927253,0.5711684149184149,0.9733560090702948,0.45968279405779394,0.17292029439896756,0.027210884353741496,0.0073696145124716545,0.02423121920047514,0.12730534587629644,-1.9852613139136701,0.4102141621009466,0.027210884353741496,0.02437017991773762
102,T13,对应染色体三标准差Z值规则,0.2,4.264285714285715,6.333333333333333,136.20238095238096,0.030612244897959186,0.9696420096277715,0.04479999999999999,0.03637150898462871,0.00030534084255426857,0.5001271272628653,0.9279073534175575,0.5029804280516194,0.05605215961907125,0.044444444444444446,0.0303692905733722,,,,,,
102,T13,L1正则多因素逻辑回归,0.3333333333333333,1.9,6.199999999999999,138.56666666666666,0.051020408163265314,0.9864736592311343,0.14925373134328357,0.07604562737642587,0.06316922387090855,0.5187470336971998,0.9448979591836735,0.5815807211419384,0.2397244048277757,0.044444444444444446,0.015192743764172336,0.03981927363743535,0.19064360650468914,-1.6347642390035155,0.37373078167778134,0.044444444444444446,0.034745028162167034
102,T18,对应染色体三标准差Z值规则,0.0,6.423809523809524,9.733333333333333,130.84285714285716,0.0,0.9532019704433498,0.0,,-0.05692312012485724,0.4766009852216749,0.8900874635568514,0.5491803858103748,0.07244973641405596,0.06621315192743765,0.04369938451571105,,,,,,
102,T18,L1正则多因素逻辑回归,3.1,4.583333333333333,6.633333333333334,132.68333333333334,0.3184931506849315,0.9666100048567265,0.403470715835141,0.3559808612440191,0.3185216753560926,0.642551577770829,0.9236961451247165,0.8482590452968166,0.49158120682128303,0.06621315192743765,0.05226757369614512,0.04722268736396379,0.17951618906304492,-0.5066817052675051,0.784051665466268,0.06621315192743765,0.0729823906406388
102,T21,对应染色体三标准差Z值规则,0.0,0.0,3.5,143.5,0.0,1.0,,,,0.5,0.9761904761904762,0.5249007771904732,0.03547116988324983,0.023809523809523808,0.0,,,,,,
102,T21,L1正则多因素逻辑回归,0.3333333333333333,0.0,3.1666666666666665,143.5,0.09523809523809523,1.0,1.0,0.17391304347826084,0.3052569707341966,0.5476190476190477,0.9784580498866213,0.598369901580454,0.13536568632093685,0.023809523809523808,0.0022675736961451248,0.0217858185573632,0.10837716941674129,-0.8072285281225564,0.7726134986118468,0.023809523809523808,0.024129594296618116
103,T13,对应染色体三标准差Z值规则,0.4,2.6,6.333333333333333,137.66666666666669,0.05940594059405941,0.9814638783269962,0.13333333333333333,0.08219178082191782,0.060430075338743144,0.5204349094605278,0.9392290249433106,0.5882391233419921,0.12499423524530065,0.04580498866213152,0.02040816326530612,,,,,,
103,T13,L1正则多因素逻辑回归,0.8333333333333333,2.45,5.9,137.81666666666666,0.12376237623762375,0.9825332699619773,0.25380710659898476,0.16638935108153075,0.15038229775066847,0.5531478230998005,0.9431972789115647,0.6122408284079359,0.16364540522286664,0.04580498866213152,0.022335600907029476,0.04318114996171444,0.1956749155740597,-1.5993522868306669,0.38500874221769815,0.04580498866213152,0.03948962862415594
103,T18,对应染色体三标准差Z值规则,0.0,4.083333333333333,12.916666666666666,130.0,0.0,0.9695463020509633,0.0,,-0.05246308257522483,0.48477315102548163,0.8843537414965986,0.6461043725816479,0.1292721232116989,0.08786848072562359,0.027777777777777783,,,,,,
103,T18,L1正则多因素逻辑回归,5.45,4.833333333333333,7.466666666666668,129.25,0.42193548387096774,0.9639527656929769,0.5299837925445705,0.4698275862068966,0.42829843947545854,0.6929441247819723,0.9163265306122448,0.8691765271958141,0.608229636414767,0.08786848072562359,0.06995464852607709,0.053582281764709985,0.20001005184283183,-0.2492599516817556,0.8165696878247626,0.08786848072562359,0.08595059269183049
103,T21,对应染色体三标准差Z值规则,0.0,0.0,5.166666666666666,141.83333333333334,0.0,1.0,,,,0.5,0.9648526077097507,0.5278224227032081,0.038638877790856146,0.03514739229024943,0.0,,,,,,
103,T21,L1正则多因素逻辑回归,0.3333333333333333,0.0,4.833333333333333,141.83333333333334,0.06451612903225806,1.0,1.0,0.12121212121212122,0.24977996181742282,0.532258064516129,0.9671201814058958,0.5350030956622822,0.11141185090423888,0.03514739229024943,0.0022675736961451248,0.03276201824658641,0.15765923684546018,-1.911238153716498,0.36197856039971815,0.03514739229024943,0.024721266489919198
104,T13,对应染色体三标准差Z值规则,0.2,4.2595238095238095,9.4,133.1404761904762,0.020833333333333336,0.9689990989117626,0.044847837693539776,0.028450465707027944,-0.014646461417011647,0.494916216122548,0.9070780693229672,0.689476666050538,0.22597613973350827,0.06530612244897958,0.030336896663427277,,,,,,
104,T13,L1正则多因素逻辑回归,0.8333333333333333,3.5,8.766666666666666,133.9,0.08680555555555555,0.9745269286754003,0.1923076923076923,0.11961722488038275,0.08958746190220422,0.5306662421154779,0.9165532879818595,0.5668859158271915,0.16449911055898658,0.06530612244897958,0.029478458049886618,0.06096185161915527,0.2785650436403049,-1.4889439161568474,0.29131256128021216,0.06530612244897958,0.034380705732024404
104,T18,对应染色体三标准差Z值规则,0.0,4.9190476190476184,14.766666666666666,127.31428571428572,0.0,0.9628002448773811,0.0,,-0.062178944636612776,0.48140012243869057,0.866083576287658,0.6153307108703236,0.1470571217014924,0.10045351473922903,0.033462908973113055,,,,,,
104,T18,L1正则多因素逻辑回归,8.15,4.916666666666666,6.616666666666667,127.31666666666666,0.5519187358916479,0.9628182505671793,0.6237244897959184,0.58562874251497,0.5437137790816307,0.7573684932294136,0.9215419501133787,0.8901950646201039,0.728607023478,0.10045351473922903,0.08888888888888889,0.048033422564613466,0.18841760269306349,-0.09711590373415879,0.9232560527395983,0.10045351473922903,0.10010263056209598
104,T21,对应染色体三标准差Z值规则,0.0,0.0,4.25,142.75,0.0,1.0,,,,0.5,0.9710884353741497,0.6058243028676736,0.041637251568180794,0.02891156462585034,0.0,,,,,,
104,T21,L1正则多因素逻辑回归,0.3333333333333333,0.0,3.9166666666666665,142.75,0.0784313725490196,1.0,1.0,0.14545454545454545,0.2762913288464224,0.5392156862745098,0.9733560090702948,0.523748039788011,0.11356132660436172,0.02891156462585034,0.0022675736961451248,0.026992914232452935,0.1348594278475039,-2.28891747622923,0.32133435416642,0.02891156462585034,0.026761308687872683
105,T13,对应染色体三标准差Z值规则,0.2,4.421428571428571,7.533333333333333,134.84523809523807,0.02586206896551724,0.9682520686589619,0.04327666151468316,0.032376180381576414,-0.007530201899235519,0.49705706881223954,0.9186750890832523,0.4780634850546416,0.08315342307912743,0.05260770975056689,0.031438289601554904,,,,,,
105,T13,L1正则多因素逻辑回归,1.5,3.0,6.233333333333333,136.26666666666665,0.1939655172413793,0.9784585926280517,0.3333333333333333,0.24523160762942778,0.22345560832787933,0.5862120549347155,0.93718820861678,0.6090030068951369,0.21173407413885723,0.05260770975056689,0.030612244897959183,0.04666864472515544,0.22134591305738185,-1.3067275992269545,0.3976912098210855,0.05260770975056689,0.033140645934599186
105,T18,对应染色体三标准差Z值规则,0.0,7.297619047619047,14.516666666666666,125.18571428571428,0.0,0.9449167011124491,0.0,,-0.07565567655117938,0.47245835055622454,0.851603498542274,0.5842568596111236,0.11696344998440847,0.09875283446712019,0.04964366699060577,,,,,,
105,T18,L1正则多因素逻辑回归,6.25,4.833333333333334,8.266666666666666,127.64999999999999,0.4305396096440873,0.9635174235752926,0.5639097744360902,0.48828125,0.44524761719467343,0.6970285166096899,0.9108843537414965,0.8760154043368115,0.6388638154687618,0.09875283446712019,0.07539682539682539,0.056172246971973684,0.20971254241948886,0.0712972917012596,0.8626926474760749,0.09875283446712019,0.08332725114011241
105,T21,对应染色体三标准差Z值规则,0.0,0.0,1.8333333333333333,145.16666666666669,0.0,1.0,,,,0.5,0.9875283446712018,0.4932696656577254,0.021410558388246154,0.012471655328798185,0.0,,,,,,
105,T21,L1正则多因素逻辑回归,0.75,1.5,1.0833333333333333,143.66666666666666,0.4090909090909091,0.9896670493685419,0.3333333333333333,0.36734693877551017,0.3604649052151898,0.6993789792297255,0.9824263038548752,0.6345599673957882,0.4212542460020011,0.012471655328798185,0.015306122448979591,0.009341705591326485,0.05875164245290699,0.394166664444969,1.3693616393510288,0.012471655328798185,0.024999341121526
106,T13,对应染色体三标准差Z值规则,0.0,5.942857142857143,5.25,135.80714285714285,0.0,0.9580750818846057,0.0,,-0.03950192151610339,0.47903754094230283,0.9238581146744411,0.41774279768736805,0.040035723010926436,0.03571428571428571,0.040427599611273075,,,,,,
106,T13,L1正则多因素逻辑回归,0.5,3.75,4.75,138.0,0.09523809523809523,0.9735449735449735,0.11764705882352941,0.10526315789473684,0.07617986700530427,0.5343915343915344,0.9421768707482994,0.618098997388491,0.1595025002368043,0.03571428571428571,0.02891156462585034,0.03383649058630994,0.15987199619412823,-1.7420402895181726,0.4209944167877636,0.03571428571428571,0.04083987057905564
106,T18,对应染色体三标准差Z值规则,0.0,9.026190476190475,14.183333333333334,123.7904761904762,0.0,0.9320402273093954,0.0,,-0.08358277499622253,0.4660201136546977,0.8421120829284096,0.5704244987882126,0.11209037477828906,0.09648526077097506,0.06140265630061548,,,,,,
106,T18,L1正则多因素逻辑回归,6.0,2.0,8.183333333333334,130.81666666666666,0.42303172737955347,0.9849416488894466,0.75,0.540946656649136,0.5310004291270916,0.7039866881345,0.9307256235827664,0.8516619282631056,0.5937835873288704,0.09648526077097506,0.05442176870748299,0.05807457512103321,0.22600203205549046,-0.04748196636452748,0.7756234105592883,0.09648526077097506,0.07841545107805413
106,T21,对应染色体三标准差Z值规则,0.0,0.0,2.833333333333333,144.16666666666669,0.0,1.0,,,,0.5,0.9807256235827664,0.5298363044639822,0.02357422291964647,0.01927437641723356,0.0,,,,,,
106,T21,L1正则多因素逻辑回归,0.5,1.0,2.333333333333333,143.16666666666669,0.17647058823529413,0.9930635838150289,0.3333333333333333,0.23076923076923078,0.23193238156763027,0.5847670860251615,0.9773242630385487,0.6266818866274837,0.2059811125358106,0.01927437641723356,0.01020408163265306,0.01684822861862456,0.08799327489244843,-0.17091019356653858,1.02397069825465,0.01927437641723356,0.02442190561076418
107,T13,对应染色体三标准差Z值规则,0.4,2.9166666666666665,6.166666666666666,137.51666666666665,0.06091370558375635,0.9792309518158083,0.1206030150753769,0.0809443507588533,0.05584460629323406,0.5200723286997824,0.9382086167800455,0.46473070077130985,0.0702969404065859,0.04467120181405895,0.02256235827664399,,,,,,
107,T13,L1正则多因素逻辑回归,0.8333333333333333,3.65,5.7333333333333325,136.78333333333333,0.1269035532994924,0.9740090197009257,0.18587360594795538,0.1508295625942685,0.12123262943509056,0.5504562865002091,0.9361678004535148,0.567902588193903,0.1833251540258759,0.04467120181405895,0.030498866213151926,0.041002130527097676,0.1933740402653255,-1.7398019980385535,0.35705300688282193,0.04467120181405895,0.03968390989001876
107,T18,对应染色体三标准差Z值规则,0.0,7.65952380952381,8.683333333333332,130.65714285714284,0.0,0.9446232764704869,0.0,,-0.05874463631007062,0.47231163823524347,0.8888241010689989,0.5272986233305899,0.06532938763040388,0.0590702947845805,0.05210560414642047,,,,,,
107,T18,L1正则多因素逻辑回归,3.7,3.9166666666666665,4.983333333333334,134.4,0.42610364683301344,0.9716833353416074,0.48577680525164113,0.4539877300613497,0.4231001331275762,0.6988934910873105,0.9394557823129251,0.919287602019305,0.6237327380003191,0.0590702947845805,0.051814058956916105,0.03596485386628139,0.13256978078917664,-0.18280850298444237,1.1009722579651844,0.0590702947845805,0.0727417436409879
107,T21,对应染色体三标准差Z值规则,0.0,0.0,3.1666666666666665,143.83333333333331,0.0,1.0,,,,0.5,0.9784580498866213,0.5788824610773747,0.034519537746736814,0.021541950113378682,0.0,,,,,,
107,T21,L1正则多因素逻辑回归,0.3333333333333333,0.0,2.833333333333333,143.83333333333331,0.10526315789473684,1.0,1.0,0.1904761904761905,0.3212937364340773,0.5526315789473684,0.9807256235827666,0.6300364178116205,0.13986245883860468,0.021541950113378682,0.0022675736961451248,0.01963005191758149,0.0988109047925942,-0.5414980452510344,0.8832642505211998,0.021541950113378682,0.024583816883904392
108,T13,对应染色体三标准差Z值规则,0.0,2.216666666666667,5.866666666666667,138.91666666666669,0.0,0.9842938119981105,0.0,,-0.025227360701147304,0.49214690599905525,0.9450113378684807,0.40480960790508486,0.03356321004936993,0.0399092970521542,0.01507936507936508,,,,,,
108,T13,L1正则多因素逻辑回归,1.5,4.7,4.366666666666667,136.43333333333334,0.2556818181818182,0.9666981577704299,0.24193548387096772,0.24861878453038674,0.21657534395984102,0.611189987976124,0.9383219954648526,0.7748501904035971,0.3482810391122197,0.0399092970521542,0.042176870748299324,0.03183695176438759,0.13724912792464808,-0.2997783101586089,0.8822665734774046,0.0399092970521542,0.04007610705750705
108,T18,对应染色体三标准差Z值规则,0.0,3.5428571428571427,11.766666666666667,131.6904761904762,0.0,0.9738018944329025,0.0,,-0.04635542644811151,0.4869009472164513,0.895853579527049,0.5382364189697857,0.10252046796480346,0.0800453514739229,0.024101068999028183,,,,,,
108,T18,L1正则多因素逻辑回归,5.15,3.4166666666666665,6.616666666666666,131.81666666666666,0.43767705382436267,0.9747350258811931,0.6011673151750974,0.5065573770491805,0.47772031145255534,0.7062060398527779,0.9317460317460318,0.8899720115429193,0.6095713354403383,0.0800453514739229,0.0582766439909297,0.04729402473459483,0.1746066532971878,-0.1777303978213975,0.8900231922431507,0.0800453514739229,0.07967041446099829
108,T21,对应染色体三标准差Z值规则,0.0,0.0,3.25,143.75,0.0,1.0,,,,0.5,0.9778911564625851,0.5577266019005148,0.037716136101296906,0.022108843537414966,0.0,,,,,,
108,T21,L1正则多因素逻辑回归,0.5,1.0,2.75,142.75,0.15384615384615385,0.9930434782608696,0.3333333333333333,0.21052631578947367,0.21491148451858405,0.5734448160535117,0.9744897959183674,0.744551680203854,0.20722603747035306,0.022108843537414966,0.01020408163265306,0.019210871108964266,0.09258416027685394,1.2233152340702917,1.3837788368483714,0.022108843537414966,0.023808149019682433
109,T13,对应染色体三标准差Z值规则,0.4,2.566666666666667,2.733333333333333,141.3,0.12765957446808512,0.982159406858202,0.1348314606741573,0.13114754098360656,0.11279631695817657,0.5549094906631435,0.9639455782312927,0.37082242930102444,0.05482389717100069,0.021315192743764172,0.02018140589569161,,,,,,
109,T13,L1正则多因素逻辑回归,0.6666666666666666,1.5,2.466666666666667,142.36666666666667,0.2127659574468085,0.9895736793327155,0.3076923076923077,0.25157232704402516,0.24251245168231111,0.601169818389762,0.973015873015873,0.6749770592775591,0.36138193977350047,0.021315192743764172,0.014739229024943309,0.017983776073121318,0.09416255855183181,-1.0356350189935084,0.7698335955302419,0.021315192743764172,0.030168434447318964
109,T18,对应染色体三标准差Z值规则,0.0,4.292857142857143,8.366666666666667,134.34047619047618,0.0,0.9690344519630405,0.0,,-0.0426081583496295,0.48451722598152025,0.9138807904114026,0.6881755999622117,0.09405672425208798,0.056916099773242634,0.029203109815354712,,,,,,
109,T18,L1正则多因素逻辑回归,2.25,2.75,6.116666666666666,135.88333333333333,0.2689243027888446,0.9801635008415485,0.45,0.33665835411471323,0.3183708926027,0.6245439018151966,0.9396825396825397,0.851046027137286,0.4641073408524074,0.056916099773242634,0.034013605442176874,0.04156151290203969,0.15975913951495493,-0.3053495747563938,0.8264332142433679,0.056916099773242634,0.05616976689488489
109,T21,对应染色体三标准差Z值规则,0.0,0.0,3.25,143.75,0.0,1.0,,,,0.5,0.9778911564625851,0.5051049176266567,0.02632737933554074,0.022108843537414966,0.0,,,,,,
109,T21,L1正则多因素逻辑回归,0.6666666666666666,0.0,2.5833333333333335,143.75,0.20512820512820512,1.0,1.0,0.3404255319148936,0.44889522310299645,0.6025641025641025,0.9824263038548752,0.4037102864928951,0.2218573203793945,0.022108843537414966,0.0045351473922902496,0.01883129713668616,0.10626757488434826,-1.7238843849494367,0.5289427544771905,0.022108843537414966,0.022954474564121516
110,T13,对应染色体三标准差Z值规则,0.0,4.126190476190477,7.283333333333333,135.59047619047618,0.0,0.9704674426134523,0.0,,-0.038800677527893075,0.48523372130672615,0.9223841917719469,0.5360231639890456,0.08598106453156507,0.049546485260770975,0.028069322967282154,,,,,,
110,T13,L1正则多因素逻辑回归,0.5,3.5,6.783333333333333,136.21666666666664,0.06864988558352403,0.9749493021591316,0.125,0.08862629246676514,0.058152660040473654,0.5217995938713278,0.9300453514739229,0.5185249947579508,0.10002538837139802,0.049546485260770975,0.027210884353741496,0.04865534692860228,0.23217051093788568,-2.347339244509328,0.1519190179883621,0.049546485260770975,0.03805247784782029
110,T18,对应染色体三标准差Z值规则,0.0,5.045238095238095,9.366666666666667,132.58809523809524,0.0,0.9633429055807355,0.0,,-0.049180910972472076,0.48167145279036777,0.9019598315516683,0.6166887760422856,0.08845169135414047,0.063718820861678,0.03432134758665371,,,,,,
110,T18,L1正则多因素逻辑回归,5.15,4.416666666666666,4.216666666666667,133.21666666666667,0.5498220640569396,0.9679099055461371,0.5383275261324042,0.5440140845070424,0.5126641736389208,0.7588659848015383,0.9412698412698414,0.8626800921920331,0.6485164651268892,0.063718820861678,0.06507936507936508,0.03744142296556016,0.15528681180276668,-0.5978867189461872,0.8718224824912232,0.063718820861678,0.08151658150467633
110,T21,对应染色体三标准差Z值规则,0.0,0.0,3.25,143.75,0.0,1.0,,,,0.5,0.9778911564625851,0.5282446249402772,0.027534188325761624,0.022108843537414966,0.0,,,,,,
110,T21,L1正则多因素逻辑回归,0.25,0.5,3.0,143.25,0.07692307692307693,0.9965217391304347,0.3333333333333333,0.125,0.1515752124256066,0.5367224080267559,0.9761904761904762,0.3812517916865743,0.09645466647336873,0.022108843537414966,0.00510204081632653,0.021095271534971472,0.11523868010822468,-4.849311744383987,-0.26514482727338906,0.022108843537414966,0.024655410394070154
111,T13,对应染色体三标准差Z值规则,0.0,2.8714285714285714,4.716666666666667,139.41190476190476,0.0,0.9798189394066166,0.0,,-0.025698900608940832,0.4899094697033083,0.9483803045027535,0.4195260661339931,0.02841988252119705,0.032086167800453515,0.019533527696793004,,,,,,
111,T13,L1正则多因素逻辑回归,0.5,1.75,4.216666666666667,140.53333333333333,0.10600706713780919,0.9877005973995548,0.2222222222222222,0.14354066985645936,0.13451452332986952,0.546853832268682,0.9594104308390022,0.6758434955197253,0.262413389568999,0.032086167800453515,0.015306122448979591,0.028616353139832285,0.1366144637941241,-1.3423870256370367,0.5578242283505824,0.032086167800453515,0.036071450875580134
111,T18,对应染色体三标准差Z值规则,0.0,4.771428571428571,11.9,130.32857142857142,0.0,0.964682245955377,0.0,,-0.05435964296575079,0.4823411229776885,0.8865889212827988,0.4993648499781523,0.07954793035268543,0.08095238095238094,0.032458697764820216,,,,,,
111,T18,L1正则多因素逻辑回归,3.6,3.4166666666666665,8.3,131.68333333333334,0.3025210084033613,0.9747100912904022,0.5130641330166271,0.38061674008810575,0.35468229891134745,0.6386155498468817,0.9202947845804988,0.8580886092408837,0.5272165658803148,0.08095238095238094,0.04773242630385487,0.05487627514422617,0.2037098494454822,-0.21969065445153566,0.7768337306477897,0.08095238095238094,0.07200771309292389
111,T21,对应染色体三标准差Z值规则,0.0,0.0,3.25,143.75,0.0,1.0,,,,0.5,0.9778911564625851,0.6150927076144468,0.03228685689395924,0.022108843537414966,0.0,,,,,,
111,T21,L1正则多因素逻辑回归,0.0,0.0,3.25,143.75,0.0,1.0,,,,0.5,0.9778911564625851,0.39476788589832096,0.025053318295437627,0.022108843537414966,0.0,0.022032007975387728,0.1174214539213413,-6.0972323336032535,-0.5632122203587984,0.022108843537414966,0.02313835628130051
112,T13,对应染色体三标准差Z值规则,0.0,3.5166666666666666,4.949999999999999,138.53333333333333,0.0,0.9752434588759825,0.0,,-0.0292244841591411,0.48762172943799126,0.9424036281179138,0.5039737705465736,0.04919932017244549,0.0336734693877551,0.023922902494331065,,,,,,
112,T13,L1正则多因素逻辑回归,1.5,5.0,3.45,137.05,0.30303030303030304,0.9648011263639563,0.23076923076923078,0.26200873362445415,0.23501193437186668,0.6339157146971297,0.9425170068027212,0.7554065430400054,0.32384977270111787,0.0336734693877551,0.04421768707482993,0.028664212226411218,0.1273525620410393,-0.8436476618359651,0.7604565415859627,0.0336734693877551,0.04170397881566215
112,T18,对应染色体三标准差Z值规则,0.0,6.392857142857142,13.733333333333333,126.87380952380951,0.0,0.9520295862216823,0.0,,-0.06844961680707387,0.47601479311084116,0.8630871396177517,0.5643502663259508,0.10567256605176889,0.09342403628117912,0.043488824101068996,,,,,,
112,T18,L1正则多因素逻辑回归,5.65,3.5,8.083333333333334,129.76666666666665,0.41140776699029125,0.9737368684342171,0.6174863387978142,0.493809176984705,0.4639366358952922,0.6925723177122542,0.9212018140589568,0.8189874453523573,0.5972690862430797,0.09342403628117912,0.06224489795918368,0.05562400119242545,0.22955280265065112,-0.33843929149463337,0.6992310961284413,0.09342403628117912,0.08321906912173732
112,T21,对应染色体三标准差Z值规则,0.0,0.0,3.4166666666666665,143.58333333333334,0.0,1.0,,,,0.5,0.9767573696145125,0.5484799154433796,0.03138338238301912,0.023242630385487524,0.0,,,,,,
112,T21,L1正则多因素逻辑回归,0.25,0.5,3.1666666666666665,143.08333333333334,0.07317073170731708,0.9965177016831108,0.3333333333333333,0.12000000000000001,0.14737894847210392,0.534844216695214,0.9750566893424036,0.4057802377211237,0.09438323383462768,0.023242630385487524,0.00510204081632653,0.0221936197366338,0.11974677936244356,-4.492191376130192,-0.18841642460110553,0.023242630385487524,0.0247468266846521
113,T13,对应染色体三标准差Z值规则,0.2,4.840476190476191,8.983333333333334,132.97619047619048,0.021778584392014518,0.9648774251507352,0.03967879074161549,0.028121861399397388,-0.017746745324026553,0.49332800477137484,0.9059604794298671,0.5337701533411179,0.12395106440986707,0.06247165532879819,0.034288953676708776,,,,,,
113,T13,L1正则多因素逻辑回归,1.3333333333333333,1.75,7.8500000000000005,136.06666666666666,0.1451905626134301,0.9873019712178014,0.43243243243243246,0.21739130434782608,0.22375701821858518,0.5662462669156157,0.9346938775510204,0.5418050424203552,0.23810900120304104,0.06247165532879819,0.0209750566893424,0.05460324278189976,0.2677212452940815,-1.4888784006933635,0.30176238480075257,0.06247165532879819,0.034293871361650276
113,T18,对应染色体三标准差Z值规则,0.0,7.623809523809524,14.450000000000001,124.92619047619048,0.0,0.9424835192470047,0.0,,-0.07722106397088506,0.47124175962350234,0.8498380304502754,0.5098641286382675,0.10253430506133195,0.09829931972789115,0.051862649821833494,,,,,,
113,T18,L1正则多因素逻辑回归,6.15,2.75,8.3,129.8,0.4256055363321799,0.979253112033195,0.6910112359550562,0.5267665952890793,0.5054001515797575,0.7024293241826874,0.9248299319727892,0.8511495810667372,0.6538143259126594,0.09829931972789115,0.06054421768707483,0.052827683903254916,0.21431474632997197,-0.052627114447721036,0.8055472932999461,0.09829931972789115,0.08362109954202052
113,T21,对应染色体三标准差Z值规则,0.0,0.0,2.416666666666667,144.58333333333331,0.0,1.0,,,,0.5,0.9835600907029479,0.6352663931517155,0.03378339350070221,0.016439909297052153,0.0,,,,,,
113,T21,L1正则多因素逻辑回归,0.3333333333333333,0.0,2.0833333333333335,144.58333333333331,0.1379310344827586,1.0,1.0,0.24242424242424235,0.3687435244636247,0.5689655172413793,0.9858276643990931,0.5416493235473661,0.16027735837487408,0.016439909297052153,0.0022675736961451248,0.014977317017122328,0.08411543882951579,-1.6638638772275873,0.6448367989354552,0.016439909297052153,0.024902629652347557
114,T13,对应染色体三标准差Z值规则,0.6,5.226190476190477,5.516666666666667,135.65714285714284,0.09809264305177112,0.9629041253316658,0.1029832447895382,0.10047846889952154,0.06243449974913729,0.5304983841917185,0.926919339164237,0.5029139900580026,0.08269197690506472,0.04160997732426303,0.039633948817622285,,,,,,
114,T13,L1正则多因素逻辑回归,1.0833333333333333,4.2,5.033333333333333,136.68333333333334,0.1771117166212534,0.970188098899799,0.20504731861198738,0.19005847953216373,0.15802469067691288,0.5736499077605262,0.9371882086167801,0.6818978035165895,0.22613342141848,0.04160997732426303,0.035941043083900226,0.03766836677722815,0.16371341898097921,-1.1104924225913555,0.6035606814737989,0.04160997732426303,0.04467881466061147
114,T18,对应染色体三标准差Z值规则,0.0,5.809523809523809,14.966666666666667,126.22380952380952,0.0,0.9559995672088578,0.0,,-0.06829490665706435,0.4779997836044289,0.8586653709102688,0.5913111796426227,0.12295420619466631,0.1018140589569161,0.03952057013281503,,,,,,
114,T18,L1正则多因素逻辑回归,6.75,3.583333333333333,8.216666666666669,128.45,0.45100222717149213,0.9728603887907094,0.653225806451613,0.533596837944664,0.5013926122470743,0.7119313079811007,0.9197278911564625,0.9008385970980342,0.6500689433738999,0.1018140589569161,0.07029478458049887,0.056482373383520565,0.19979708729893808,0.035289201152292504,0.949458011844643,0.1018140589569161,0.09573436428678297
114,T21,对应染色体三标准差Z值规则,0.0,0.0,2.3333333333333335,144.66666666666666,0.0,1.0,,,,0.5,0.9841269841269841,0.499665545941879,0.018722906426609065,0.015873015873015872,0.0,,,,,,
114,T21,L1正则多因素逻辑回归,0.3333333333333333,0.0,2.0,144.66666666666666,0.14285714285714285,1.0,1.0,0.25,0.37537859676477414,0.5714285714285714,0.9863945578231292,0.6353686635944701,0.1666578880156834,0.015873015873015872,0.0022675736961451248,0.014325105737744414,0.07752106010132248,-0.2479952708373523,1.0863488123551621,0.015873015873015872,0.026311226847474795
115,T13,对应染色体三标准差Z值规则,0.2,4.6690476190476184,7.866666666666667,134.2642857142857,0.024793388429752067,0.9663936111872771,0.0410757946210269,0.03092214246272778,-0.01121521822227601,0.4955934998085146,0.9147230320699707,0.5193078002524435,0.1165364467434341,0.05487528344671202,0.033122772918691284,,,,,,
115,T13,L1正则多因素逻辑回归,1.5,2.65,6.566666666666666,136.28333333333333,0.18595041322314051,0.980926103646833,0.36144578313253006,0.24556616643929058,0.2294464480962843,0.5834382584349868,0.9373015873015873,0.5135873875731667,0.21437480416076338,0.05487528344671202,0.028231292517006804,0.04952105060503965,0.24217375189564963,-1.8411919300541941,0.2557186860664499,0.05487528344671202,0.03715329581087013
115,T18,对应染色体三标准差Z值规则,0.0,7.719047619047618,10.65,128.63095238095238,0.0,0.94338798959261,0.0,,-0.06579353618669387,0.471693994796305,0.8750404923874312,0.6342215785033305,0.10837960671953856,0.07244897959183673,0.052510528020732104,,,,,,
115,T18,L1正则多因素逻辑回归,5.5,4.75,5.150000000000001,131.6,0.516431924882629,0.9651631829849652,0.5365853658536586,0.5263157894736842,0.4901836727133696,0.7407975539337971,0.9326530612244898,0.8887255543747485,0.6419557032163938,0.07244897959183673,0.06972789115646258,0.04215138541878866,0.1614647207657913,-0.4146627901101657,0.9228823721773864,0.07244897959183673,0.08624714851981549
115,T21,对应染色体三标准差Z值规则,0.0,0.0,3.9166666666666665,143.08333333333334,0.0,1.0,,,,0.5,0.9733560090702948,0.45339217633545936,0.030758526503288548,0.02664399092970521,0.0,,,,,,
115,T21,L1正则多因素逻辑回归,1.25,0.5,2.6666666666666665,142.58333333333334,0.3191489361702128,0.9965055329062318,0.7142857142857143,0.4411764705882353,0.4686921483074992,0.6578272345382223,0.9784580498866213,0.631001151250473,0.35498148873647395,0.02664399092970521,0.011904761904761904,0.02029810215051004,0.10538954844875613,0.06539605879250412,1.0465210785458263,0.02664399092970521,0.028574972876932215
116,T13,对应染色体三标准差Z值规则,0.6,5.6571428571428575,7.433333333333334,133.3095238095238,0.07468879668049792,0.9592913682623446,0.0958904109589041,0.08397200933022325,0.038258459591579745,0.5169900824714213,0.9109491415613863,0.5367537747326226,0.10055079386612152,0.054648526077097505,0.042565597667638476,,,,,,
116,T13,L1正则多因素逻辑回归,1.5,3.75,6.533333333333333,135.21666666666667,0.18672199170124482,0.973015111537539,0.2857142857142857,0.22584692597239647,0.19564458543389138,0.5798685516193919,0.9300453514739229,0.5731704412689533,0.26540067117067545,0.054648526077097505,0.03571428571428571,0.04728327161575269,0.22976226951934062,-1.5530184305592725,0.3460286509290552,0.054648526077097505,0.04264922509780931
116,T18,对应染色体三标准差Z值规则,0.0,6.4261904761904765,12.15,128.42380952380952,0.0,0.9523456397761181,0.0,,-0.06417815879910285,0.47617281988805904,0.8736313573048267,0.5504129939922798,0.10327187622288936,0.08265306122448979,0.043715581470683516,,,,,,
116,T18,L1正则多因素逻辑回归,5.5,3.1666666666666665,6.6499999999999995,131.68333333333334,0.4526748971193416,0.9765171177851935,0.6346153846153847,0.5284227381905525,0.5017365971984578,0.7145960074522675,0.9332199546485261,0.92249667963424,0.6804554822290255,0.08265306122448979,0.058956916099773236,0.044141138473288266,0.157473027072581,-0.004727993506481454,1.0323872086537442,0.08265306122448979,0.08512871031867837
116,T21,对应染色体三标准差Z值规则,0.0,0.0,4.166666666666666,142.83333333333334,0.0,1.0,,,,0.5,0.9716553287981861,0.39186897816302746,0.02702032084759524,0.028344671201814053,0.0,,,,,,
116,T21,L1正则多因素逻辑回归,0.5,1.0,3.6666666666666665,141.83333333333334,0.12000000000000002,0.9929988331388565,0.3333333333333333,0.17647058823529413,0.18659757592986248,0.5564994165694283,0.9682539682539684,0.6111791965327553,0.16254454115978909,0.028344671201814053,0.01020408163265306,0.025522367602888705,0.12151423815622217,-0.2661860152545927,0.8952237126193341,0.028344671201814053,0.026104187391609357
117,T13,对应染色体三标准差Z值规则,0.0,4.838095238095238,6.433333333333334,135.72857142857143,0.0,0.9655814898878688,0.0,,-0.03946593931265304,0.4827907449439344,0.9233236151603499,0.29686803107579607,0.03073930341276276,0.043764172335600905,0.03291221250404924,,,,,,
117,T13,L1正则多因素逻辑回归,1.1666666666666665,2.25,5.266666666666666,138.31666666666666,0.1813471502590674,0.9839933602086791,0.3414634146341463,0.23688663282571912,0.2244838765074537,0.5826702552338733,0.9488662131519273,0.6266941095460252,0.2730129581360853,0.043764172335600905,0.023242630385487528,0.03726453410091446,0.17785227691370828,-1.1868326948542,0.5118077587410511,0.043764172335600905,0.03647970723810191
117,T18,对应染色体三标准差Z值规则,0.0,4.230952380952381,8.133333333333333,134.6357142857143,0.0,0.9695322680200261,0.0,,-0.04166173170898437,0.48476613401001306,0.9158892128279884,0.5353060119595716,0.06819328348769174,0.05532879818594104,0.02878198898607062,,,,,,
117,T18,L1正则多因素逻辑回归,2.2,5.75,5.933333333333334,133.11666666666667,0.27049180327868855,0.9585933749399904,0.27672955974842767,0.27357512953367874,0.23155876340183099,0.6145425891093395,0.9205215419501134,0.7784473267479237,0.3944214352050327,0.05532879818594104,0.05408163265306123,0.04579997932842662,0.1868638251727031,-1.0408356025709098,0.6008260755017836,0.05532879818594104,0.06849467316943453
117,T21,对应染色体三标准差Z值规则,0.0,0.0,2.9999999999999996,144.0,0.0,1.0,,,,0.5,0.9795918367346939,0.4658090216539291,0.02553267199909966,0.02040816326530612,0.0,,,,,,
117,T21,L1正则多因素逻辑回归,0.9166666666666666,0.5,2.083333333333333,143.5,0.3055555555555556,0.9965277777777778,0.6470588235294118,0.41509433962264153,0.43719880994903904,0.6510416666666667,0.9824263038548752,0.5176423488634136,0.32774692110549547,0.02040816326530612,0.00963718820861678,0.015970000965694744,0.0922210567057126,-0.5601161367398498,0.9072559787906345,0.02040816326530612,0.025753382126283666
118,T13,对应染色体三标准差Z值规则,0.4,3.204761904761905,4.816666666666666,138.57857142857142,0.07667731629392971,0.9773967656887604,0.11096433289299869,0.09068825910931175,0.06468336915163615,0.5270370409913451,0.9454324586977648,0.41260410543139936,0.05351318437350125,0.0354875283446712,0.024522189828312276,,,,,,
118,T13,L1正则多因素逻辑回归,0.5833333333333333,3.7,4.633333333333333,138.08333333333334,0.11182108626198084,0.9739038438932645,0.13618677042801555,0.12280701754385966,0.09429485378892738,0.5428624650776226,0.943310657596372,0.751993431779032,0.19788244952038703,0.0354875283446712,0.02913832199546485,0.032195703111074336,0.13542878488185828,-0.6145477619738428,0.7710327526489185,0.0354875283446712,0.034927274865848644
118,T18,对应染色体三标准差Z值规则,0.0,5.704761904761904,8.75,132.54523809523806,0.0,0.9587358994230604,0.0,,-0.05055061637265549,0.4793679497115302,0.9016682863621639,0.5618408160531643,0.07326444149555655,0.05952380952380952,0.03880790411402656,,,,,,
118,T18,L1正则多因素逻辑回归,3.0,3.583333333333333,5.750000000000001,134.66666666666666,0.34285714285714286,0.9740807715491259,0.4556962025316456,0.3913043478260869,0.3625588745412089,0.6584689572031344,0.9365079365079364,0.8694145559369018,0.42495491551098985,0.05952380952380952,0.04478458049886622,0.046677677385814596,0.16796705333639403,-0.7034524179459846,0.7561395159812987,0.05952380952380952,0.07216478080599154
118,T21,对应染色体三标准差Z值规则,0.0,0.0,2.9166666666666665,144.08333333333331,0.0,1.0,,,,0.5,0.9801587301587302,0.4912231914165317,0.0218698228894397,0.019841269841269837,0.0,,,,,,
118,T21,L1正则多因素逻辑回归,0.3333333333333333,0.0,2.583333333333333,144.08333333333331,0.11428571428571428,1.0,1.0,0.20512820512820512,0.33507122716331117,0.5571428571428572,0.9824263038548754,0.7194830089352107,0.17167214527266308,0.019841269841269837,0.0022675736961451248,0.017722735685656913,0.08771912570676664,0.5872790279653735,1.2213470107941782,0.019841269841269837,0.023311886594744778
119,T13,对应染色体三标准差Z值规则,0.2,2.8666666666666667,5.866666666666667,138.06666666666666,0.03296703296703297,0.9796594134342478,0.06521739130434782,0.0437956204379562,0.01757312871911386,0.5063132232006404,0.9405895691609977,0.3870400235998627,0.037313652645456975,0.04126984126984127,0.020861678004535148,,,,,,
119,T13,L1正则多因素逻辑回归,0.5,1.5,5.566666666666666,139.43333333333334,0.08241758241758242,0.989356669820246,0.25,0.12396694214876033,0.12323997633336561,0.5358871261189142,0.9519274376417234,0.5693725874746962,0.1393664134717054,0.04126984126984127,0.013605442176870748,0.0392118899161007,0.18990383035655223,-1.9932414358543573,0.2857178163374169,0.04126984126984127,0.03448562953937792
119,T18,对应染色体三标准差Z值规则,0.0,4.2595238095238095,7.983333333333334,134.75714285714287,0.0,0.9693596177231233,0.0,,-0.0413966931848614,0.48467980886156165,0.9167152575315841,0.5215520957223978,0.05785050356468928,0.054308390022675734,0.028976352445740202,,,,,,
119,T18,L1正则多因素逻辑回归,2.25,3.5,5.733333333333334,135.51666666666665,0.28183716075156573,0.9748231626903249,0.391304347826087,0.3276699029126214,0.30002410823108233,0.6283301617209454,0.93718820861678,0.9053290060528746,0.40636144208034364,0.054308390022675734,0.0391156462585034,0.04130341304631535,0.1434645959659066,-0.3711201207661877,0.9479515450785346,0.054308390022675734,0.06630325154114704
119,T21,对应染色体三标准差Z值规则,0.0,0.0,2.75,144.25,0.0,1.0,,,,0.5,0.9812925170068028,0.5744631259362629,0.028308861136780647,0.01870748299319728,0.0,,,,,,
119,T21,L1正则多因素逻辑回归,0.25,0.5,2.5,143.75,0.09090909090909091,0.9965337954939342,0.3333333333333333,0.14285714285714288,0.16629154700731139,0.5437214432015125,0.9795918367346939,0.49125571135969737,0.11195617708326099,0.01870748299319728,0.00510204081632653,0.017630824535865747,0.0957537239674012,-2.7913917106305375,0.2990343295879952,0.01870748299319728,0.023473018042903387
120,T13,对应染色体三标准差Z值规则,0.0,4.5,6.1,136.4,0.0,0.9680624556422995,0.0,,-0.036975005363459795,0.48403122782114977,0.927891156462585,0.5263483586704335,0.0791590252201676,0.04149659863945578,0.030612244897959183,,,,,,
120,T13,L1正则多因素逻辑回归,1.0833333333333333,1.75,5.016666666666667,139.14999999999998,0.17759562841530055,0.9875798438608943,0.3823529411764706,0.2425373134328358,0.23959883786949074,0.5825877361380974,0.953968253968254,0.6182522507348858,0.2441797455996224,0.04149659863945578,0.01927437641723356,0.03625327203720555,0.17193743998074365,-1.2821981530819924,0.5000559962075765,0.04149659863945578,0.03588285673187141
120,T18,对应染色体三标准差Z值规则,0.0,8.042857142857143,12.883333333333335,126.07380952380953,0.0,0.9400308899501145,0.0,,-0.0745654229803457,0.47001544497505726,0.8576449627470036,0.5901515759944516,0.10619698104644056,0.08764172335600907,0.054713313896987366,,,,,,
120,T18,L1正则多因素逻辑回归,5.95,4.333333333333333,6.933333333333334,129.78333333333333,0.461836998706339,0.9676898222940226,0.5786061588330632,0.5136690647482015,0.4761766524229399,0.7147634105001808,0.9233560090702947,0.8357261052506693,0.6070120567336083,0.08764172335600907,0.0699546485260771,0.05279273606833939,0.2121038322870425,-0.41782622007764764,0.7281654403112459,0.08764172335600907,0.08651163207213297
120,T21,对应染色体三标准差Z值规则,0.0,0.0,3.25,143.75,0.0,1.0,,,,0.5,0.9778911564625851,0.5729052396878485,0.03726282077371114,0.022108843537414966,0.0,,,,,,
120,T21,L1正则多因素逻辑回归,0.5833333333333333,0.5,2.6666666666666665,143.25,0.17948717948717946,0.9965217391304347,0.5384615384615384,0.2692307692307692,0.3025845706038062,0.5880044593088071,0.9784580498866213,0.5374533099750493,0.21107976538810375,0.022108843537414966,0.0073696145124716545,0.01922452831925222,0.10269536112600505,-1.1028849681486657,0.719353281951352,0.022108843537414966,0.025439838361972732
121,T13,对应染色体三标准差Z值规则,0.0,2.742857142857143,6.433333333333334,137.82380952380953,0.0,0.9804871438734375,0.0,,-0.029499169218538075,0.49024357193671875,0.9375769355361192,0.5735044277269739,0.0948593241722766,0.043764172335600905,0.018658892128279883,,,,,,
121,T13,L1正则多因素逻辑回归,0.8333333333333333,4.2,5.6,136.36666666666667,0.12953367875647667,0.9701209390562012,0.16556291390728475,0.1453488372093023,0.11210773783295641,0.5498273089063389,0.9333333333333335,0.49409816317478517,0.1187158136584622,0.043764172335600905,0.03424036281179138,0.04302062861816536,0.21292928810055559,-2.545868315394011,0.1339664938696447,0.043764172335600905,0.03979967216169014
121,T18,对应染色体三标准差Z值规则,0.0,5.885714285714286,13.600000000000001,127.5142857142857,0.0,0.9558792032555152,0.0,,-0.06520871415832073,0.4779396016277576,0.8674441205053449,0.6945480341061965,0.15147483247122545,0.09251700680272108,0.040038872691933916,,,,,,
121,T18,L1正则多因素逻辑回归,7.7,4.75,5.9,128.65,0.5661764705882353,0.9643928035982009,0.6184738955823293,0.5911708253358926,0.5521574523782347,0.765284637093218,0.9275510204081632,0.8822055183892648,0.716638377589565,0.09251700680272108,0.0846938775510204,0.04589930347663045,0.18401801352038358,-0.061494441266273736,0.8830193780053339,0.09251700680272108,0.08723107268337742
121,T21,对应染色体三标准差Z值规则,0.0,0.0,2.5833333333333335,144.41666666666669,0.0,1.0,,,,0.5,0.9824263038548752,0.48375733369497675,0.020931288450892482,0.017573696145124714,0.0,,,,,,
121,T21,L1正则多因素逻辑回归,0.5833333333333333,0.5,2.0,143.91666666666669,0.22580645161290322,0.996537795729948,0.5384615384615384,0.3181818181818182,0.34157908954600147,0.6111721236714256,0.9829931972789115,0.5476880967006239,0.24625773915197116,0.017573696145124714,0.0073696145124716545,0.014966930704318825,0.08513909508444192,-0.8567738856471665,0.8770248226886214,0.017573696145124714,0.026873146341744206
122,T13,对应染色体三标准差Z值规则,0.0,3.7714285714285714,4.833333333333333,138.3952380952381,0.0,0.9734717802713113,0.0,,-0.02992006940803848,0.48673589013565566,0.9414642047295108,0.33683579831253346,0.0248658417024649,0.032879818594104306,0.025655976676384838,,,,,,
122,T13,L1正则多因素逻辑回归,1.8333333333333333,4.45,3.0,137.71666666666667,0.3793103448275862,0.9686987104337633,0.2917771883289125,0.3298350824587706,0.30679267722642256,0.6740045276306748,0.9493197278911566,0.655298598398004,0.2985848087279436,0.032879818594104306,0.0427437641723356,0.02779537469727954,0.13778098787469242,-1.270272446700887,0.5825701230721635,0.032879818594104306,0.03705310109392043
122,T18,对应染色体三标准差Z值规则,0.0,6.221428571428571,10.216666666666667,130.56190476190477,0.0,0.9545161795679648,0.0,,-0.057453276792723634,0.4772580897839824,0.8881762228701005,0.6405938828728351,0.10399260796298007,0.06950113378684808,0.042322643343051504,,,,,,
122,T18,L1正则多因素逻辑回归,5.0,2.9166666666666665,5.216666666666667,133.86666666666665,0.4893964110929853,0.9786767393688316,0.6315789473684211,0.5514705882352942,0.5273223860951147,0.7340365752309085,0.944671201814059,0.9045734784213317,0.633191633563,0.06950113378684808,0.05385487528344671,0.03893335776637425,0.14751399672161947,-0.08055858089576312,0.9613485315294034,0.06950113378684808,0.07005538368832948
122,T21,对应染色体三标准差Z值规则,0.0,0.0,4.25,142.75,0.0,1.0,,,,0.5,0.9710884353741497,0.4818332703776197,0.03256140167575648,0.02891156462585034,0.0,,,,,,
122,T21,L1正则多因素逻辑回归,0.8333333333333333,1.0,3.4166666666666665,141.75,0.196078431372549,0.9929947460595446,0.45454545454545453,0.27397260273972596,0.28546855486242556,0.5945365887160468,0.9699546485260772,0.5736603105924212,0.23283471635019315,0.02891156462585034,0.012471655328798185,0.024494589130410766,0.12100531056548149,-0.11354419925526595,0.9321531310341049,0.02891156462585034,0.0260232124241435
123,T13,对应染色体三标准差Z值规则,0.2,2.816666666666667,6.95,137.03333333333333,0.027972027972027972,0.9798593731378858,0.06629834254143646,0.039344262295081964,0.011882394047973385,0.5039157005549569,0.9335600907029478,0.4187053429098476,0.056360815061840056,0.048639455782312914,0.020521541950113378,,,,,,
123,T13,L1正则多因素逻辑回归,2.1666666666666665,5.45,4.983333333333333,134.39999999999998,0.303030303030303,0.9610296746514123,0.2844638949671772,0.2934537246049661,0.25627069131617164,0.6320299888408576,0.9290249433106575,0.6286243054208733,0.2794262798251105,0.048639455782312914,0.051814058956916105,0.04175481332305651,0.19861417745186716,-1.2648333912874334,0.45087147481118434,0.048639455782312914,0.036896421536512944
123,T18,对应染色体三标准差Z值规则,0.0,6.6690476190476184,9.283333333333333,131.04761904761904,0.0,0.9515741429090091,0.0,,-0.0565996693520002,0.47578707145450455,0.8914804016844833,0.5744691091762927,0.07815982074996103,0.06315192743764173,0.04536767087787496,,,,,,
123,T18,L1正则多因素逻辑回归,3.5,3.4166666666666665,5.783333333333333,134.3,0.3770197486535009,0.9751906087377467,0.5060240963855422,0.4320987654320988,0.40458119214961447,0.6761051786956238,0.9374149659863946,0.8924892442561463,0.5676347972805684,0.06315192743764173,0.04705215419501134,0.03931658333219567,0.14826087578892733,-0.12501284797606124,0.9390516495696666,0.06315192743764173,0.06358034897732397
123,T21,对应染色体三标准差Z值规则,0.0,0.0,4.583333333333333,142.41666666666669,0.0,1.0,,,,0.5,0.9688208616780045,0.493188543463558,0.039373200427066546,0.031179138321995464,0.0,,,,,,
123,T21,L1正则多因素逻辑回归,0.9166666666666666,0.5,3.6666666666666665,141.91666666666669,0.2,0.9964891749561147,0.6470588235294118,0.3055555555555555,0.3495586810530215,0.5982445874780573,0.9716553287981858,0.6283972551731476,0.24840834370186207,0.031179138321995464,0.00963718820861678,0.026103590016553574,0.1256338286104089,0.16904843459693308,0.9767153205869875,0.031179138321995464,0.02493332382424586
124,T13,对应染色体三标准差Z值规则,0.6,3.3380952380952382,6.35,136.71190476190475,0.08633093525179857,0.9761649750939291,0.15235792019347036,0.1102121145856112,0.08214487035507169,0.5312479551728638,0.9340945902170391,0.4406176627865182,0.06538348504681382,0.04727891156462585,0.0267897635244574,,,,,,
124,T13,L1正则多因素逻辑回归,1.25,4.0,5.7,136.05,0.17985611510791366,0.9714387718671903,0.23809523809523808,0.20491803278688522,0.17302825369293262,0.575647443487552,0.9340136054421769,0.6236551840793902,0.15785512507389707,0.04727891156462585,0.03571428571428571,0.043869891999498596,0.19919514982672415,-1.4877101925265888,0.39593729122076077,0.04727891156462585,0.03526939305655651
124,T18,对应染色体三标准差Z值规则,0.0,7.923809523809524,9.833333333333334,129.24285714285713,0.0,0.9422322513452526,0.0,,-0.06390968967454116,0.4711161256726263,0.8792031098153547,0.5721652902774059,0.07852643175395928,0.06689342403628117,0.05390346614836411,,,,,,
124,T18,L1正则多因素逻辑回归,1.75,3.1666666666666665,8.083333333333334,134.0,0.17796610169491525,0.9769137302551641,0.35593220338983056,0.23728813559322037,0.2152100707879165,0.5774399159750397,0.923469387755102,0.8337281368877225,0.31816646253855174,0.06689342403628117,0.03344671201814058,0.054767354538448026,0.19950778842165215,-0.4679669479139503,0.7081065611061986,0.06689342403628117,0.06202279370522792
124,T21,对应染色体三标准差Z值规则,0.0,0.0,3.3333333333333335,143.66666666666666,0.0,1.0,,,,0.5,0.9773242630385487,0.5482861009833168,0.03147547630370716,0.022675736961451243,0.0,,,,,,
124,T21,L1正则多因素逻辑回归,0.5,1.0,2.8333333333333335,142.66666666666666,0.15,0.9930394431554525,0.3333333333333333,0.20689655172413793,0.21188297636989475,0.5715197215777262,0.973922902494331,0.5907514363053805,0.1845418940549639,0.022675736961451243,0.01020408163265306,0.020063010166064234,0.10230051357119199,-0.44255842499784237,0.8771424100401847,0.022675736961451243,0.022930002865408364
125,T13,对应染色体三标准差Z值规则,0.0,5.021428571428571,4.25,137.72857142857143,0.0,0.964823617713285,0.0,,-0.03244954788515815,0.4824118088566425,0.9369290573372206,0.329080143440914,0.022280938944748904,0.02891156462585034,0.034159378036929054,,,,,,
125,T13,L1正则多因素逻辑回归,0.5,2.75,3.75,140.0,0.11764705882352941,0.9807355516637478,0.15384615384615385,0.13333333333333333,0.11211281526451417,0.5491913052436386,0.95578231292517,0.6238096873308576,0.13093263322446547,0.02891156462585034,0.022108843537414966,0.028163666618315365,0.1349881537594939,-1.9478068584661756,0.40369897015355183,0.02891156462585034,0.0323621485153439
125,T18,对应染色体三标准差Z值规则,0.0,6.954761904761904,8.283333333333333,131.76190476190476,0.0,0.9498635450816154,0.0,,-0.05445593349477501,0.4749317725408077,0.8963394881762229,0.5679390590351007,0.0683297824458162,0.05634920634920635,0.047311305474570776,,,,,,
125,T18,L1正则多因素逻辑回归,2.5,3.0,5.783333333333333,135.71666666666667,0.30181086519114686,0.9783731827466058,0.45454545454545453,0.36275695284159604,0.34044795676338935,0.6400920239688763,0.9402494331065759,0.8210812738638109,0.36177710221513965,0.05634920634920635,0.03741496598639456,0.04412773547782441,0.1728979764773276,-0.6019817926722648,0.74091313863308,0.05634920634920635,0.06081045251159756
125,T21,对应染色体三标准差Z值规则,0.0,0.0,3.333333333333333,143.66666666666669,0.0,1.0,,,,0.5,0.9773242630385487,0.6621619158104077,0.04032119113053941,0.022675736961451243,0.0,,,,,,
125,T21,L1正则多因素逻辑回归,0.0,0.0,3.333333333333333,143.66666666666669,0.0,1.0,,,,0.5,0.9773242630385487,0.5486969671859464,0.029390050403491613,0.022675736961451243,0.0,0.02246571174329254,0.11249590591247519,-3.263102089820503,0.1269262948418104,0.022675736961451243,0.02340987348174413
126,T13,对应染色体三标准差Z值规则,0.0,2.3833333333333333,5.916666666666666,138.70000000000002,0.0,0.9831069108092144,0.0,,-0.02628959618679912,0.4915534554046072,0.9435374149659863,0.49843126488800876,0.050943710039539,0.04024943310657596,0.016213151927437643,,,,,,
126,T13,L1正则多因素逻辑回归,1.3333333333333333,5.7,4.583333333333333,135.38333333333333,0.22535211267605634,0.9595983461311283,0.1895734597156398,0.2059202059202059,0.17030951419400475,0.5924752294035923,0.9300453514739229,0.5324509371646299,0.19335713302325722,0.04024943310657596,0.04784580498866213,0.036887850337325216,0.1837149464309964,-2.2134403208939357,0.24937917767886167,0.04024943310657596,0.03654266451332035
126,T18,对应染色体三标准差Z值规则,0.0,3.5,10.816666666666665,132.68333333333334,0.0,0.974299351364582,0.0,,-0.04401420022728627,0.487149675682291,0.9026077097505669,0.6719304375898907,0.11315526380501334,0.0735827664399093,0.023809523809523808,,,,,,
126,T18,L1正则多因素逻辑回归,4.75,3.4166666666666665,6.066666666666667,132.76666666666665,0.4391371340523883,0.9749112715701873,0.5816326530612246,0.5004389815627743,0.4719440657025281,0.7070242028112879,0.9354875283446711,0.8896703154962522,0.5952077401378418,0.0735827664399093,0.05555555555555555,0.044742121754793404,0.1658066699360605,-0.1456194634148602,0.957995943250767,0.0735827664399093,0.07729435715531437
126,T21,对应染色体三标准差Z值规则,0.0,0.0,4.666666666666666,142.33333333333331,0.0,1.0,,,,0.5,0.9682539682539684,0.48933380729340903,0.03635283566851302,0.031746031746031744,0.0,,,,,,
126,T21,L1正则多因素逻辑回归,0.8333333333333333,1.0,3.833333333333333,141.33333333333331,0.17857142857142858,0.9929742388758782,0.45454545454545453,0.25641025641025644,0.2710081084216369,0.5857728337236534,0.9671201814058958,0.551482519237203,0.2158080324960108,0.031746031746031744,0.012471655328798185,0.027330792027814917,0.13445905890561877,-0.5834426109949042,0.7712666374097911,0.031746031746031744,0.026781048579777925
127,T13,对应染色体三标准差Z值规则,0.0,3.3666666666666667,3.6666666666666665,139.96666666666667,0.0,0.9765116279069767,0.0,,-0.02448694211693726,0.4882558139534883,0.9521541950113379,0.23107029598308684,0.01811138294960853,0.024943310657596373,0.02290249433106576,,,,,,
127,T13,L1正则多因素逻辑回归,0.5833333333333333,2.5,3.083333333333333,140.83333333333334,0.1590909090909091,0.9825581395348837,0.18918918918918917,0.1728395061728395,0.15415484994612827,0.5708245243128964,0.9620181405895692,0.49269556025369976,0.14279050655703998,0.024943310657596373,0.0209750566893424,0.023935768275611346,0.1318466529212746,-2.8965831999452636,0.18888842884610374,0.024943310657596373,0.032493611503849065
127,T18,对应染色体三标准差Z值规则,0.0,5.083333333333334,5.883333333333334,136.03333333333333,0.0,0.9639777961497579,0.0,,-0.03864383030404565,0.48198889807487894,0.9253968253968253,0.6642743315073251,0.06321616661373128,0.04002267573696145,0.03458049886621316,,,,,,
127,T18,L1正则多因素逻辑回归,1.0,3.833333333333333,4.883333333333334,137.28333333333333,0.16997167138810196,0.9728357151293255,0.20689655172413796,0.1866251944012442,0.156974565405069,0.5714036932587138,0.940702947845805,0.7547425415318463,0.20456805252759014,0.04002267573696145,0.032879818594104306,0.04069264085815291,0.1642868191425804,-1.4319234720511176,0.5441852444485046,0.04002267573696145,0.060413791208260736
127,T21,对应染色体三标准差Z值规则,0.0,0.0,1.8333333333333333,145.16666666666666,0.0,1.0,,,,0.5,0.9875283446712018,0.45708172424590343,0.013745204582630387,0.012471655328798185,0.0,,,,,,
127,T21,L1正则多因素逻辑回归,0.5833333333333333,0.5,1.25,144.66666666666666,0.3181818181818182,0.9965556831228473,0.5384615384615384,0.39999999999999997,0.408384414300923,0.6573687506523327,0.9880952380952381,0.6726489927982464,0.33746858383427686,0.012471655328798185,0.0073696145124716545,0.009856812126448506,0.0589550446086941,0.6418504976849555,1.4315779834816817,0.012471655328798185,0.02462430504966806
128,T13,对应染色体三标准差Z值规则,0.2,3.866666666666667,7.633333333333333,135.3,0.025531914893617023,0.9722155688622754,0.04918032786885245,0.03361344537815126,-0.0030847700732767533,0.49887374187794625,0.9217687074829932,0.36330582603789385,0.04518471698791953,0.05328798185941043,0.02766439909297052,,,,,,
128,T13,L1正则多因素逻辑回归,1.6666666666666665,4.5,6.166666666666666,134.66666666666669,0.2127659574468085,0.9676646706586827,0.2702702702702703,0.23809523809523814,0.20214975120726997,0.5902153140527456,0.9274376417233559,0.6486120160894017,0.22771431970496858,0.05328798185941043,0.0419501133786848,0.046646685450599766,0.21054769567875412,-1.1951696542798564,0.4668125146405333,0.05328798185941043,0.043105641500844886
128,T18,对应染色体三标准差Z值规则,0.0,6.526190476190476,11.716666666666667,128.75714285714287,0.0,0.9517590946690369,0.0,,-0.06343253707418851,0.4758795473345184,0.8758989310009719,0.5130570717221218,0.08124319636123162,0.07970521541950112,0.04439585357952706,,,,,,
128,T18,L1正则多因素逻辑回归,3.45,5.416666666666667,8.266666666666667,129.86666666666667,0.294452347083926,0.9599605765676975,0.3890977443609023,0.3352226720647773,0.2894235838373094,0.6272064618258117,0.9069160997732426,0.8151735952128889,0.39655632206714,0.07970521541950112,0.06031746031746032,0.06404353021765774,0.23314205561931775,-0.744610865657398,0.6293564810990967,0.07970521541950112,0.08727230830599102
128,T21,对应染色体三标准差Z值规则,0.0,0.0,5.5,141.5,0.0,1.0,,,,0.5,0.9625850340136054,0.5725926605785263,0.052783304284037796,0.03741496598639456,0.0,,,,,,
128,T21,L1正则多因素逻辑回归,0.9166666666666666,0.5,4.583333333333333,141.0,0.16666666666666666,0.9964664310954063,0.6470588235294118,0.26506024096385544,0.31689251457925627,0.5815665488810365,0.9654195011337868,0.6232305386015633,0.23198938892937707,0.03741496598639456,0.00963718820861678,0.0318925610422261,0.1506735727575215,-0.04046009141789668,0.8698899771742045,0.03741496598639456,0.025995970318802165
129,T13,对应染色体三标准差Z值规则,0.6,3.5595238095238093,9.816666666666668,133.02380952380952,0.05759999999999999,0.9739388128649874,0.14424728105323412,0.08232603724273113,0.04880464156515111,0.5157694064324937,0.9090055069646905,0.505504443475987,0.09580019164935913,0.07086167800453515,0.028296080336896665,,,,,,
129,T13,L1正则多因素逻辑回归,1.5833333333333333,3.45,8.833333333333334,133.13333333333333,0.15199999999999997,0.9747406955460648,0.31456953642384106,0.20496224379719521,0.1788373741148802,0.5633703477730324,0.9164399092970522,0.6293277922077922,0.29377815162514165,0.07086167800453515,0.03424036281179138,0.05899646712255652,0.26573137358980864,-0.803633811138241,0.48462016514198714,0.07086167800453515,0.04129170597846073
129,T18,对应染色体三标准差Z值规则,0.0,4.042857142857143,14.666666666666666,128.2904761904762,0.0,0.969449442245412,0.0,,-0.055985086393985785,0.484724721122706,0.8727243278263687,0.5422698240047107,0.11263293697367778,0.09977324263038548,0.02750242954324587,,,,,,
129,T18,L1正则多因素逻辑回归,4.85,3.25,9.816666666666666,129.08333333333331,0.3306818181818182,0.97544080604534,0.5987654320987654,0.42606149341142024,0.4020704280241326,0.6530613121135791,0.9111111111111111,0.8548368649612353,0.6070995700664255,0.09977324263038548,0.055102040816326525,0.05975002047908117,0.22661669792591868,-0.00343171679474831,0.8205862732240362,0.09977324263038548,0.08274223325700873
129,T21,对应染色体三标准差Z值规则,0.0,0.0,4.0,143.0,0.0,1.0,,,,0.5,0.9727891156462585,0.44648823398823395,0.02673824375886224,0.027210884353741496,0.0,,,,,,
129,T21,L1正则多因素逻辑回归,1.0833333333333333,1.5,2.9166666666666665,141.5,0.2708333333333333,0.9895104895104895,0.41935483870967744,0.3291139240506329,0.32236390634829387,0.6301719114219114,0.9699546485260772,0.5332563270063269,0.29828643269681376,0.027210884353741496,0.017573696145124718,0.021976069266636436,0.11572551422889868,-0.47659248300037127,0.8615464211681307,0.027210884353741496,0.027879640800728713
130,T13,对应染色体三标准差Z值规则,0.2,3.3547619047619044,9.166666666666668,134.2785714285714,0.021352313167259787,0.9756253676088986,0.05626255860683189,0.030956329463792148,-0.004805585999795771,0.4984888403880792,0.9148202137998056,0.49101876900069374,0.07085168114478893,0.063718820861678,0.024182053773890506,,,,,,
130,T13,L1正则多因素逻辑回归,1.8333333333333333,7.2,7.533333333333334,130.43333333333334,0.19572953736654802,0.9476870913054009,0.2029520295202952,0.19927536231884058,0.14586219743212595,0.5717083143359745,0.8997732426303856,0.6286585588832347,0.22350711201471657,0.063718820861678,0.06145124716553288,0.05642737558828483,0.2530482159121462,-1.1050888665101677,0.4167837094657598,0.063718820861678,0.03671569220411375
130,T18,对应染色体三标准差Z值规则,0.0,7.409523809523809,14.666666666666666,124.92380952380952,0.0,0.9440086362000719,0.0,,-0.07670052549651073,0.47200431810003596,0.8498218334953029,0.6052966853675293,0.12596236254776028,0.09977324263038548,0.050404923874311634,,,,,,
130,T18,L1正则多因素逻辑回归,6.85,1.25,7.816666666666667,131.08333333333331,0.4670454545454545,0.9905541561712846,0.845679012345679,0.6017569546120057,0.6010247423203455,0.7287998053583695,0.9383219954648526,0.8885155917759823,0.698220952238539,0.09977324263038548,0.055102040816326525,0.05081546110544636,0.19502319174774857,0.2755793916387182,0.9602509018770333,0.09977324263038548,0.08270912786732137
130,T21,对应染色体三标准差Z值规则,0.0,0.0,3.5,143.5,0.0,1.0,,,,0.5,0.9761904761904762,0.5570930811348929,0.03788314847105691,0.023809523809523808,0.0,,,,,,
130,T21,L1正则多因素逻辑回归,0.5833333333333333,0.5,2.9166666666666665,143.0,0.16666666666666666,0.9965156794425087,0.5384615384615384,0.2545454545454545,0.2908704764831809,0.5815911730545877,0.9767573696145125,0.6411367102009209,0.20488619244530723,0.023809523809523808,0.0073696145124716545,0.02063172752609887,0.10261826500522692,0.03919269992433788,1.016811147561599,0.023809523809523808,0.02421152547111736
131,T13,对应染色体三标准差Z值规则,0.0,2.3547619047619044,8.083333333333334,136.56190476190477,0.0,0.9830491044648213,0.0,,-0.030777936370914926,0.49152455223241065,0.9289925494007127,0.6056889358505324,0.1508464050647059,0.05498866213151927,0.016018788467768056,,,,,,
131,T13,L1正则多因素逻辑回归,0.75,2.95,7.333333333333333,135.9666666666667,0.09278350515463919,0.97876424715057,0.2027027027027027,0.1272984441301273,0.10412246919935092,0.5357738761526046,0.930045351473923,0.43192934314462633,0.10071885419038816,0.05498866213151927,0.025170068027210887,0.05496399241485548,0.27818710985445916,-2.943298603512816,-0.022947452167015714,0.05498866213151927,0.03457723936509526
131,T18,对应染色体三标准差Z值规则,0.0,7.607142857142857,10.85,128.54285714285714,0.0,0.9441267509574524,0.0,,-0.06594723210470305,0.4720633754787262,0.8744412050534499,0.6929479263039937,0.12764584579879043,0.07380952380952382,0.05174927113702624,,,,,,
131,T18,L1正则多因素逻辑回归,6.5,2.4166666666666665,4.35,133.73333333333332,0.599078341013825,0.982249969396499,0.7289719626168225,0.6576728499156831,0.6367563261118507,0.790664155205162,0.9539682539682539,0.9262024610506819,0.7278973508653657,0.07380952380952382,0.06065759637188208,0.03551168482042981,0.13622844743420212,-0.04017365172954067,1.0723958327530676,0.07380952380952382,0.07956143408657744
131,T21,对应染色体三标准差Z值规则,0.0,0.0,1.5833333333333333,145.41666666666666,0.0,1.0,,,,0.5,0.9892290249433106,0.5047512764719824,0.014410000837111971,0.010770975056689341,0.0,,,,,,
131,T21,L1正则多因素逻辑回归,0.25,0.5,1.3333333333333333,144.91666666666666,0.15789473684210528,0.9965616045845272,0.3333333333333333,0.2142857142857143,0.22377957494048362,0.5772281707133162,0.9875283446712018,0.6422112588060408,0.17917665828836127,0.010770975056689341,0.00510204081632653,0.0099973715004981,0.060541735238666156,-0.4960444600985945,1.1230252689523945,0.010770975056689341,0.025569305023972595
132,T13,对应染色体三标准差Z值规则,0.6,6.135714285714285,7.266666666666667,132.99761904761903,0.07627118644067797,0.9559004723115888,0.08907741251325557,0.08217837925974238,0.034627332871674264,0.5160858293761333,0.9088273404599935,0.5251325584646567,0.09520668085355581,0.053514739229024944,0.045821185617103986,,,,,,
132,T13,L1正则多因素逻辑回归,1.0833333333333333,2.95,6.783333333333333,136.18333333333334,0.13771186440677965,0.9787973167225683,0.26859504132231404,0.18207282913165265,0.1605172332615811,0.558254590564674,0.9337868480725624,0.5861030711855129,0.24483065123086667,0.053514739229024944,0.02743764172335601,0.04678383102813503,0.22336853740864485,-1.459169753461532,0.372290208881285,0.053514739229024944,0.04073328252500597
132,T18,对应染色体三标准差Z值规则,0.0,8.238095238095239,11.966666666666665,126.79523809523809,0.0,0.9389921359805339,0.0,,-0.07253445972545486,0.46949606799026694,0.8625526401036605,0.5184054354859873,0.09028455541755097,0.08140589569160997,0.05604146420472952,,,,,,
132,T18,L1正则多因素逻辑回归,5.5,3.5,6.466666666666667,131.53333333333333,0.4596100278551532,0.9740804739570477,0.6111111111111112,0.5246422893481717,0.49468210946862995,0.7168452509061004,0.9321995464852607,0.9115608708819302,0.7021056223701769,0.08140589569160997,0.061224489795918366,0.041600450587116894,0.1564198099275589,0.03348448250817282,1.059344857629343,0.08140589569160997,0.08392518468775248
132,T21,对应染色体三标准差Z值规则,0.0,0.0,3.0833333333333335,143.91666666666666,0.0,1.0,,,,0.5,0.9790249433106575,0.45117003843118486,0.02448693734166989,0.0209750566893424,0.0,,,,,,
132,T21,L1正则多因素逻辑回归,0.3333333333333333,0.0,2.75,143.91666666666666,0.1081081081081081,1.0,1.0,0.19512195121951217,0.3257009073998429,0.5540540540540541,0.9812925170068028,0.713539447297409,0.15508894153385108,0.0209750566893424,0.0022675736961451248,0.01900727859597635,0.09258276928428073,0.19344291091399676,1.1181690890563722,0.0209750566893424,0.02529906970393074
133,T13,对应染色体三标准差Z值规则,0.0,3.6047619047619044,8.833333333333332,134.56190476190477,0.0,0.973910046527658,0.0,,-0.04008958838453822,0.486955023263829,0.915387107223842,0.568904502875871,0.1638139257581792,0.0600907029478458,0.024522189828312276,,,,,,
133,T13,L1正则多因素逻辑回归,1.5,2.4,7.333333333333333,135.76666666666665,0.169811320754717,0.9826296743063933,0.38461538461538464,0.23560209424083775,0.22543098272907594,0.5762204975305552,0.9337868480725624,0.5747703692624827,0.24963629344209415,0.0600907029478458,0.026530612244897958,0.05223035301405927,0.2432074285734529,-1.2279834797121845,0.4031836165079648,0.0600907029478458,0.03732582811339458
133,T18,对应染色体三标准差Z值规则,0.0,5.0476190476190474,10.116666666666667,131.8357142857143,0.0,0.9631246629907291,0.0,,-0.05126434097916459,0.48156233149536454,0.8968415937803693,0.5768840775794232,0.0975568763644694,0.06882086167800454,0.03433754454162617,,,,,,
133,T18,L1正则多因素逻辑回归,6.75,3.583333333333333,3.3666666666666667,133.3,0.6672158154859966,0.9738219895287957,0.653225806451613,0.6601466992665037,0.6347842295202479,0.8205189025073962,0.9527210884353742,0.9584703709945346,0.7958020248309321,0.06882086167800454,0.07029478458049887,0.029500106284628524,0.11303149067798553,-0.1369940713836318,1.3233387791952256,0.06882086167800454,0.08783410099642737
133,T21,对应染色体三标准差Z值规则,0.0,0.0,3.083333333333333,143.91666666666666,0.0,1.0,,,,0.5,0.9790249433106575,0.4012327490034497,0.022576184894462087,0.0209750566893424,0.0,,,,,,
133,T21,L1正则多因素逻辑回归,1.0,0.0,2.083333333333333,143.91666666666666,0.32432432432432434,1.0,1.0,0.489795918367347,0.565417021973609,0.6621621621621622,0.9858276643990929,0.6721392912475715,0.3503991413825767,0.0209750566893424,0.006802721088435374,0.016045477372070197,0.08554659270326193,0.3288908284532318,1.2210939711353408,0.0209750566893424,0.02862934259182476
134,T13,对应染色体三标准差Z值规则,0.4,2.166666666666667,5.0,139.43333333333334,0.07407407407407407,0.9846986817325801,0.15584415584415584,0.10041841004184099,0.08440848571456924,0.5293863779033271,0.9512471655328799,0.43938609350764085,0.050678427214803805,0.036734693877551024,0.01746031746031746,,,,,,
134,T13,L1正则多因素逻辑回归,0.25,3.25,5.1499999999999995,138.35000000000002,0.0462962962962963,0.97704802259887,0.07142857142857142,0.056179775280898875,0.02880379697741284,0.5116721594475832,0.9428571428571428,0.5249205352783507,0.07869501269666618,0.036734693877551024,0.023809523809523808,0.037939320635521814,0.18387267702312657,-2.6636838313239193,0.1467661259640188,0.036734693877551024,0.035231086392881264
134,T18,对应染色体三标准差Z值规则,0.0,7.702380952380951,10.9,128.39761904761906,0.0,0.9434064588362898,0.0,,-0.06654644150498003,0.4717032294181449,0.8734531908001296,0.6168823849209293,0.09373079308521647,0.07414965986394557,0.05239714933592485,,,,,,
134,T18,L1正则多因素逻辑回归,4.45,2.25,6.45,133.85,0.40825688073394495,0.9834680382072006,0.664179104477612,0.5056818181818182,0.49210442935502496,0.6958624594705728,0.9408163265306121,0.8868548875576223,0.6666672304330999,0.07414965986394557,0.04557823129251701,0.040727833908904575,0.1583636566562724,0.20738004061206178,1.0414331681407292,0.07414965986394557,0.06819409122071164
134,T21,对应染色体三标准差Z值规则,0.0,0.0,3.0,144.0,0.0,1.0,,,,0.5,0.9795918367346939,0.7047922178130513,0.039315046889980006,0.02040816326530612,0.0,,,,,,
134,T21,L1正则多因素逻辑回归,0.0,0.0,3.0,144.0,0.0,1.0,,,,0.5,0.9795918367346939,0.44477283583186356,0.021313938766633345,0.02040816326530612,0.0,0.020439600400672116,0.10912332083114415,-5.323539748504043,-0.3508358770998951,0.02040816326530612,0.022142627539885343
135,T13,对应染色体三标准差Z值规则,0.0,1.9333333333333333,7.95,137.11666666666665,0.0,0.9860961284909505,0.0,,-0.027603720489445725,0.49304806424547526,0.9327664399092971,0.5266531733641207,0.09689271919446082,0.05408163265306123,0.013151927437641724,,,,,,
135,T13,L1正则多因素逻辑回归,1.0,4.85,6.95,134.2,0.12578616352201258,0.9651204602660913,0.17094017094017094,0.14492753623188406,0.10518316028837955,0.545453311894052,0.9197278911564625,0.548008802152486,0.18154477351009018,0.05408163265306123,0.03979591836734694,0.04948194808289614,0.2333312685166021,-1.774632151750503,0.2837868241499174,0.05408163265306123,0.03832297525165428
135,T18,对应染色体三标准差Z值规则,0.0,4.142857142857143,13.866666666666665,128.9904761904762,0.0,0.9688818942699764,0.0,,-0.05495935585679923,0.4844409471349882,0.8774862325882734,0.6160365419351554,0.12903802684880836,0.09433106575963719,0.028182701652089404,,,,,,
135,T18,L1正则多因素逻辑回归,6.9,4.083333333333333,6.966666666666667,129.04999999999998,0.49759615384615385,0.9693289934902353,0.6282245827010622,0.5553319919517102,0.5190552158553822,0.7334625736681946,0.9248299319727891,0.8525427005549534,0.63520513811618,0.09433106575963719,0.07471655328798187,0.05317635245505929,0.21025960891314857,-0.2704171379661265,0.7812570082192658,0.09433106575963719,0.0897195491250364
135,T21,对应染色体三标准差Z值规则,0.0,0.0,2.25,144.75,0.0,1.0,,,,0.5,0.9846938775510204,0.6523928320128667,0.03487879561361597,0.015306122448979591,0.0,,,,,,
135,T21,L1正则多因素逻辑回归,0.25,0.5,2.0,144.25,0.1111111111111111,0.9965457685664939,0.3333333333333333,0.16666666666666666,0.1855084788520559,0.5538284398388025,0.9829931972789115,0.6436914585446537,0.13773411219926746,0.015306122448979591,0.00510204081632653,0.014213661508416407,0.07622348804557026,-0.36282597613632206,1.0419187723340138,0.015306122448979591,0.02481537023397455
136,T13,对应染色体三标准差Z值规则,0.2,4.021428571428571,5.033333333333333,137.7452380952381,0.03821656050955414,0.971633468811931,0.047377326565143825,0.042306723747166965,0.010928298459573256,0.5049250146607426,0.9384029802397149,0.5828973799364876,0.09802676128174259,0.035600907029478455,0.028717201166180758,,,,,,
136,T13,L1正则多因素逻辑回归,0.8333333333333333,4.25,4.4,137.51666666666665,0.1592356687898089,0.9700211615330355,0.16393442622950818,0.1615508885298869,0.13108070521166312,0.5646284151614223,0.9411564625850339,0.5188573734923934,0.08718269917482584,0.035600907029478455,0.03458049886621315,0.03631420356369336,0.18007083858515655,-2.662623370663781,0.1534620273635499,0.035600907029478455,0.0352336551664656
136,T18,对应染色体三标准差Z值规则,0.0,4.614285714285715,11.3,131.0857142857143,0.0,0.9659964206758606,0.0,,-0.051947939963763776,0.4829982103379303,0.8917395529640428,0.586695044129781,0.09453706924565987,0.07687074829931974,0.03138969873663751,,,,,,
136,T18,L1正则多因素逻辑回归,4.5,2.0,6.8,133.7,0.3982300884955752,0.9852616064848931,0.6923076923076923,0.5056179775280898,0.49692433853625045,0.6917458474902342,0.9401360544217686,0.8736956785701089,0.6682835676713916,0.07687074829931974,0.04421768707482993,0.04169020194195321,0.16689845462187541,0.1512842347781532,0.9819603803906821,0.07687074829931974,0.06884215887479558
136,T21,对应染色体三标准差Z值规则,0.0,0.0,5.0,142.0,0.0,1.0,,,,0.5,0.9659863945578231,0.5572976749385201,0.04339395002268309,0.034013605442176874,0.0,,,,,,
136,T21,L1正则多因素逻辑回归,0.3333333333333333,0.0,4.666666666666667,142.0,0.06666666666666667,1.0,1.0,0.125,0.25405797477240216,0.5333333333333333,0.9682539682539684,0.525304884864744,0.11130167811831415,0.034013605442176874,0.0022675736961451248,0.03175938352185825,0.1542775362792777,-2.1026563075260047,0.32074876650658696,0.034013605442176874,0.024881000820192237
137,T13,对应染色体三标准差Z值规则,0.0,3.6214285714285714,5.116666666666666,138.26190476190476,0.0,0.9744760114782434,0.0,,-0.03018044982309772,0.4872380057391217,0.9405571752510528,0.38724600634972617,0.028256655413020536,0.034807256235827665,0.02463556851311953,,,,,,
137,T13,L1正则多因素逻辑回归,1.0833333333333333,2.25,4.033333333333333,139.63333333333333,0.21172638436482086,0.9841419006225772,0.325,0.2564102564102564,0.2411603993535957,0.597934142493699,0.9572562358276644,0.7335227643244774,0.2902985032035418,0.034807256235827665,0.022675736961451243,0.02932239325877237,0.13376213705343507,-0.8764066868682683,0.6984322137172696,0.034807256235827665,0.03809841632569434
137,T18,对应染色体三标准差Z值规则,0.0,6.088095238095238,10.316666666666666,130.59523809523807,0.0,0.9554583935756964,0.0,,-0.05710561258082737,0.4777291967878482,0.888402980239715,0.48471309438893084,0.06765982106888574,0.0701814058956916,0.041415613864593456,,,,,,
137,T18,L1正则多因素逻辑回归,2.9,3.4166666666666665,7.416666666666666,133.26666666666665,0.28109854604200324,0.9750030484087308,0.45910290237467016,0.3486973947895791,0.3226074985091573,0.628050797225367,0.9263038548752835,0.8557377609238774,0.479178713422135,0.0701814058956916,0.042970521541950114,0.04984179645898045,0.18645593846096806,-0.30678797603789576,0.7564523068791504,0.0701814058956916,0.06287250733350364
137,T21,对应染色体三标准差Z值规则,0.0,0.0,3.3333333333333335,143.66666666666666,0.0,1.0,,,,0.5,0.9773242630385487,0.4341719147055572,0.022479990767812146,0.022675736961451243,0.0,,,,,,
137,T21,L1正则多因素逻辑回归,0.8333333333333333,1.0,2.5,142.66666666666666,0.25,0.9930394431554525,0.45454545454545453,0.3225806451612903,0.32601679386528337,0.6215197215777262,0.9761904761904762,0.5845213236106508,0.2786067582768149,0.022675736961451243,0.012471655328798185,0.01856694272521919,0.09792713156089937,-0.16428854159078324,0.988992074606831,0.022675736961451243,0.025501115953285112
138,T13,对应染色体三标准差Z值规则,0.4,3.8714285714285714,5.75,136.97857142857143,0.06504065040650406,0.9725138191591866,0.09364548494983278,0.07676490747087046,0.04476469008449909,0.5187772347828453,0.9345481049562683,0.6302329573323624,0.12303468782881768,0.04183673469387755,0.029057337220602525,,,,,,
138,T13,L1正则多因素逻辑回归,0.25,1.75,5.9,139.10000000000002,0.04065040650406504,0.9875754348597799,0.125,0.06134969325153374,0.048782480650685585,0.5141129206819225,0.9479591836734693,0.5243985585552899,0.09160009372105327,0.04183673469387755,0.013605442176870748,0.04157410021119645,0.20182792943348044,-2.4488090251510934,0.16184278122580176,0.04183673469387755,0.03069267135543246
138,T18,对应染色体三标准差Z值规则,0.0,4.288095238095238,10.333333333333334,132.37857142857143,0.0,0.9686236933797908,0.0,,-0.0476640595467606,0.4843118466898954,0.9005344995140914,0.6865141058783861,0.11245477289523814,0.07029478458049886,0.02917071590540978,,,,,,
138,T18,L1正则多因素逻辑回归,4.7,4.0,5.633333333333333,132.66666666666669,0.4548387096774194,0.9707317073170731,0.5402298850574714,0.49387040280210165,0.4610544680308872,0.7127852084972462,0.9344671201814058,0.8710697426098686,0.6011505654730062,0.07029478458049886,0.05918367346938775,0.0432472345600404,0.16793955133196886,-0.35816493149616235,0.8547736436412053,0.07029478458049886,0.0764007704200149
138,T21,对应染色体三标准差Z值规则,0.0,0.0,2.3333333333333335,144.66666666666666,0.0,1.0,,,,0.5,0.9841269841269841,0.637662230790934,0.02443477413724275,0.015873015873015872,0.0,,,,,,
138,T21,L1正则多因素逻辑回归,0.0,0.0,2.3333333333333335,144.66666666666669,0.0,1.0,,,,0.5,0.9841269841269841,0.39441773253080037,0.01491414734542064,0.015873015873015872,0.0,0.016182070528076825,0.09173156769208893,-6.751935424930514,-0.6382977328104239,0.015873015873015872,0.02362689378936499
139,T13,对应染色体三标准差Z值规则,0.0,5.15952380952381,4.183333333333334,137.65714285714287,0.0,0.9638730973775903,0.0,,-0.03264198113671101,0.48193654868879515,0.9364431486880466,0.5381497533198816,0.04496126419892539,0.028458049886621317,0.03509880142533204,,,,,,
139,T13,L1正则多因素逻辑回归,1.3333333333333333,3.0,2.85,139.81666666666666,0.31872509960159356,0.9789940483136889,0.3076923076923077,0.3131115459882583,0.292674673934717,0.6488595739576413,0.9602040816326531,0.60361312199147,0.2657717538053311,0.028458049886621317,0.029478458049886618,0.025489008823447793,0.12992805467505553,-1.6946086634392163,0.4853098052183302,0.028458049886621317,0.03400769411357132
139,T18,对应染色体三标准差Z值规则,0.0,7.8690476190476195,11.266666666666667,127.86428571428571,0.0,0.9420256806062308,0.0,,-0.06851784152461961,0.4710128403031154,0.8698250728862974,0.6455044926737161,0.1054930609161909,0.07664399092970521,0.05353093618399741,,,,,,
139,T18,L1正则多因素逻辑回归,4.7,2.25,6.566666666666666,133.48333333333335,0.41715976331360954,0.9834233791748527,0.6762589928057554,0.5160109789569992,0.5021109475065212,0.7002915712442311,0.9400226757369615,0.8919157458643819,0.653609581472026,0.07664399092970521,0.04727891156462585,0.0431075076478355,0.16381258271718172,0.20281427659666074,0.9741202847405539,0.07664399092970521,0.06619385494747838
139,T21,对应染色体三标准差Z值规则,0.0,0.0,3.0833333333333335,143.91666666666666,0.0,1.0,,,,0.5,0.9790249433106575,0.4588769926349543,0.02436065643643119,0.0209750566893424,0.0,,,,,,
139,T21,L1正则多因素逻辑回归,0.5833333333333333,0.5,2.5,143.41666666666666,0.18918918918918917,0.9965257672264042,0.5384615384615384,0.28,0.3111567039118862,0.5928574782077967,0.9795918367346939,0.583799284436227,0.2208145203850249,0.0209750566893424,0.0073696145124716545,0.018022527789406512,0.09517139587900175,-0.4633946300955907,0.9183207946672156,0.0209750566893424,0.024992278062863423
140,T13,对应染色体三标准差Z值规则,0.4,2.5666666666666664,6.316666666666666,137.71666666666667,0.05955334987593052,0.9817036949031722,0.13483146067415733,0.08261617900172116,0.06126496235318703,0.5206285223895514,0.9395691609977325,0.42623848128069614,0.057281453987347374,0.045691609977324264,0.020181405895691607,,,,,,
140,T13,L1正则多因素逻辑回归,1.0,3.9,5.716666666666667,136.38333333333333,0.1488833746898263,0.9721991208268979,0.2040816326530612,0.1721664275466284,0.14085303863832846,0.5605412477583621,0.9345804988662131,0.6717976822872063,0.2431732468112334,0.045691609977324264,0.03333333333333333,0.040665287557210265,0.17880956500238426,-1.0429150869324448,0.5621044899558633,0.045691609977324264,0.03963500074938464
140,T18,对应染色体三标准差Z值规则,0.0,3.8499999999999996,9.1,134.05,0.0,0.9720812182741118,0.0,,-0.04212823376756161,0.4860406091370559,0.911904761904762,0.5726491299370197,0.09283621702583483,0.061904761904761914,0.02619047619047619,,,,,,
140,T18,L1正则多因素逻辑回归,3.5,4.916666666666667,5.6,132.98333333333332,0.38461538461538464,0.9643461445491903,0.41584158415841577,0.3996194100856328,0.36195519572064255,0.6744807645822875,0.9284580498866212,0.8698821322099062,0.48105716184716246,0.061904761904761914,0.0572562358276644,0.04629162595060851,0.1686597351497106,-0.7264138216632553,0.7970147709543645,0.061904761904761914,0.08065480127081702
140,T21,对应染色体三标准差Z值规则,0.0,0.0,3.3333333333333335,143.66666666666666,0.0,1.0,,,,0.5,0.9773242630385487,0.473760634184068,0.02566165597329796,0.022675736961451243,0.0,,,,,,
140,T21,L1正则多因素逻辑回归,0.5,1.0,2.8333333333333335,142.66666666666666,0.15,0.9930394431554525,0.3333333333333333,0.20689655172413793,0.21188297636989475,0.5715197215777262,0.973922902494331,0.6555259087393659,0.19822565990134722,0.022675736961451243,0.01020408163265306,0.019990919713994474,0.09925714551850638,0.13042329297854086,1.0678751732537854,0.022675736961451243,0.024885758673542927
141,T13,对应染色体三标准差Z值规则,0.2,4.7476190476190485,5.316666666666666,136.73571428571427,0.03625377643504532,0.9664439695067566,0.040423484119345515,0.03822525597269624,0.0028429529748441877,0.5013488729709009,0.9315354713313897,0.5574639662905301,0.059624835128795434,0.03752834467120181,0.03365727243278264,,,,,,
141,T13,L1正则多因素逻辑回归,0.8333333333333333,2.95,4.683333333333334,138.53333333333333,0.1510574018126888,0.9791494875721523,0.22026431718061673,0.17921146953405015,0.15627549853038658,0.5651034446924206,0.9480725623582767,0.6085477700380797,0.15858645756202472,0.03752834467120181,0.025736961451247164,0.03522606286790478,0.16775571642867446,-1.7860845186333552,0.36998910107959176,0.03752834467120181,0.03254388016541466
141,T18,对应染色体三标准差Z值规则,0.0,8.114285714285714,10.35,128.53571428571428,0.0,0.940619936229157,0.0,,-0.06652145140799343,0.4703099681145785,0.8743926141885325,0.6253023725196897,0.09758776376774927,0.07040816326530613,0.05519922254616132,,,,,,
141,T18,L1正则多因素逻辑回归,2.65,1.9166666666666665,7.700000000000001,134.73333333333332,0.25603864734299514,0.9859738992560069,0.5802919708029197,0.3553072625698323,0.35686782931903976,0.621006273299501,0.9345804988662131,0.7966515748005538,0.4696704247702829,0.07040816326530613,0.031065759637188207,0.05080952158922113,0.20745967743062416,-0.5333907953682518,0.6823081995341425,0.07040816326530613,0.06568452435176005
141,T21,对应染色体三标准差Z值规则,0.0,0.0,3.75,143.25,0.0,1.0,,,,0.5,0.9744897959183674,0.5143843319759548,0.03132871731451762,0.025510204081632654,0.0,,,,,,
141,T21,L1正则多因素逻辑回归,0.3333333333333333,0.0,3.4166666666666665,143.25,0.08888888888888888,1.0,1.0,0.16326530612244897,0.2946492521934882,0.5444444444444444,0.9767573696145125,0.5915598770049033,0.13603979138065647,0.025510204081632654,0.0022675736961451248,0.023341488285045904,0.11616560024127628,-1.1272066025277225,0.6633807106883616,0.025510204081632654,0.024280623838210936
142,T13,对应染色体三标准差Z值规则,0.4,3.7880952380952375,5.016666666666667,137.7952380952381,0.07384615384615385,0.9732447658286388,0.09550881182490054,0.08329201784828955,0.053323520388733815,0.5235454598373963,0.9401036605118238,0.5857103790853055,0.06935724467264848,0.03684807256235828,0.028490443796566248,,,,,,
142,T13,L1正则多因素逻辑回归,0.25,3.3,5.166666666666667,138.28333333333333,0.04615384615384615,0.9766921718658034,0.07042253521126761,0.05576208178438662,0.028036137669881934,0.5114230090098247,0.9424036281179138,0.5344891435815509,0.15923912954097272,0.03684807256235828,0.02414965986394558,0.035362810993271376,0.17718531100441867,-2.350603475290188,0.23152228676850642,0.03684807256235828,0.037828808706392936
142,T18,对应染色体三标准差Z值规则,0.0,5.530952380952381,13.333333333333332,128.1357142857143,0.0,0.9586213038831493,0.0,,-0.06244922514731447,0.47931065194157463,0.8716715257531585,0.6197481148319678,0.11985196410215065,0.09070294784580499,0.037625526401036606,,,,,,
142,T18,L1正则多因素逻辑回归,5.15,3.0,8.183333333333334,130.66666666666666,0.38625,0.9775561097256857,0.6319018404907976,0.47944142746314977,0.456561376732345,0.6819030548628429,0.9239229024943311,0.8613227645172783,0.6535700707317933,0.09070294784580499,0.0554421768707483,0.05069790714439491,0.20021647460572925,0.10515062026510733,0.8804736128507786,0.09070294784580499,0.07508775132970666
142,T21,对应染色体三标准差Z值规则,0.0,0.0,3.5833333333333335,143.41666666666666,0.0,1.0,,,,0.5,0.9756235827664398,0.5126110074044617,0.028097005043854872,0.02437641723356009,0.0,,,,,,
142,T21,L1正则多因素逻辑回归,0.0,0.0,3.5833333333333335,143.41666666666666,0.0,1.0,,,,0.5,0.9756235827664398,0.43064303055925035,0.033022559135898646,0.02437641723356009,0.0,0.024193460625269666,0.12475571597337334,-5.043039549590821,-0.3344604956150528,0.02437641723356009,0.02354345271145252
143,T13,对应染色体三标准差Z值规则,0.2,4.159523809523809,3.533333333333333,139.10714285714283,0.053571428571428575,0.9709665625207737,0.04587657018022939,0.04942630185348633,0.022757211706644864,0.5122689955461012,0.947667638483965,0.3373731909003714,0.027188479469916912,0.025396825396825393,0.029656624554583736,,,,,,
143,T13,L1正则多因素逻辑回归,1.4166666666666665,4.5,2.3166666666666664,138.76666666666665,0.3794642857142857,0.9685900418799441,0.23943661971830985,0.2936096718480138,0.2786067234814921,0.6740271637971149,0.9536281179138322,0.8594149153379361,0.4555950871714515,0.025396825396825393,0.04024943310657596,0.018646547747819733,0.08447954417143688,-0.1674116750842397,1.193221891264274,0.025396825396825393,0.04025050415065782
143,T18,对应染色体三标准差Z值规则,0.0,5.235714285714286,11.183333333333332,130.5809523809524,0.0,0.9614501341093561,0.0,,-0.05514595392835073,0.48072506705467805,0.8883057985098802,0.5567958211146856,0.08989096276446147,0.07607709750566893,0.03561710398445092,,,,,,
143,T18,L1正则多因素逻辑回归,5.5,2.25,5.6833333333333345,133.56666666666666,0.4918032786885246,0.9834335501288501,0.7096774193548387,0.5809859154929579,0.5637983553543355,0.7376184144086874,0.946031746031746,0.9075907726994354,0.6766501072187479,0.07607709750566893,0.05272108843537415,0.04010847755270602,0.1524755914957106,0.017687350402384627,1.0070176828590032,0.07607709750566893,0.07580672529720127
143,T21,对应染色体三标准差Z值规则,0.0,0.0,2.6666666666666665,144.33333333333331,0.0,1.0,,,,0.5,0.981859410430839,0.47881423210161655,0.020365418977426223,0.018140589569160998,0.0,,,,,,
143,T21,L1正则多因素逻辑回归,0.6666666666666666,0.0,2.0,144.33333333333334,0.25,1.0,1.0,0.4,0.49657138812860807,0.625,0.9863945578231292,0.5999597904981853,0.27163752955136106,0.018140589569160998,0.0045351473922902496,0.01477662462778641,0.0807521342005515,0.03714206264397039,1.09188188175456,0.018140589569160998,0.023310084145811184
144,T13,对应染色体三标准差Z值规则,0.0,4.488095238095238,4.583333333333333,137.92857142857142,0.0,0.9684861656775057,0.0,,-0.03183580039512314,0.48424308283875284,0.9382896015549076,0.22320123410819712,0.02021312422579915,0.031179138321995464,0.030531260123096857,,,,,,
144,T13,L1正则多因素逻辑回归,1.1666666666666665,3.55,3.4166666666666665,138.86666666666667,0.2545454545454545,0.9750731421884142,0.24734982332155472,0.2508960573476702,0.22645586890646655,0.6148092983669344,0.9526077097505669,0.7145060907495078,0.3197563920707497,0.031179138321995464,0.032086167800453515,0.02598473993409203,0.12312132085487823,-0.9578943155357188,0.7351365886159831,0.031179138321995464,0.04034680472888225
144,T18,对应染色体三标准差Z值规则,0.0,6.554761904761905,9.166666666666666,131.2785714285714,0.0,0.9524442908965279,0.0,,-0.05571261468830244,0.47622214544826397,0.8930515063168125,0.5197168925391417,0.06524202392493193,0.06235827664399093,0.04459021703919663,,,,,,
144,T18,L1正则多因素逻辑回归,2.75,3.25,6.416666666666667,134.58333333333334,0.3,0.9764207980652962,0.4583333333333333,0.3626373626373626,0.3378067972943003,0.6382103990326481,0.9342403628117915,0.8573208121986842,0.4636661723264792,0.06235827664399093,0.04081632653061224,0.04490330304106808,0.16871052068863293,-0.4142360616446618,0.8328064350997532,0.06235827664399093,0.06740811258184609
144,T21,对应染色体三标准差Z值规则,0.0,0.0,3.1666666666666665,143.83333333333331,0.0,1.0,,,,0.5,0.9784580498866213,0.4141444282781111,0.02120749636660646,0.021541950113378682,0.0,,,,,,
144,T21,L1正则多因素逻辑回归,0.9166666666666666,0.5,2.25,143.33333333333331,0.2894736842105263,0.996523754345307,0.6470588235294118,0.4,0.42501418433399507,0.6429987192779167,0.9812925170068028,0.5928037068337122,0.3158842900603011,0.021541950113378682,0.00963718820861678,0.01696419365499537,0.09143748685151211,0.0352073316995082,1.0679827296349877,0.021541950113378682,0.025521953551544185
145,T13,对应染色体三标准差Z值规则,0.0,4.142857142857142,4.783333333333333,138.07380952380953,0.0,0.9708693978001373,0.0,,-0.031231228980921268,0.48543469890006863,0.9392776158082281,0.5035882223109022,0.046578211375500674,0.03253968253968254,0.028182701652089404,,,,,,
145,T13,L1正则多因素逻辑回归,0.5,3.15,4.283333333333333,139.06666666666666,0.10452961672473868,0.977850697292863,0.136986301369863,0.11857707509881422,0.09393311681600353,0.5411901570088008,0.9494331065759637,0.6814196656473269,0.1768097770156288,0.03253968253968254,0.024829931972789116,0.029993673577152845,0.13743366531746118,-1.2913710413166246,0.5753238305351344,0.03253968253968254,0.035899690077725394
145,T18,对应染色体三标准差Z值规则,0.0,6.802380952380952,10.25,129.94761904761904,0.0,0.9502568120484025,0.0,,-0.06030570808180362,0.47512840602420126,0.8839974084872043,0.5697806711156692,0.08164627305433525,0.06972789115646258,0.04627470035633301,,,,,,
145,T18,L1正则多因素逻辑回归,4.65,3.333333333333333,5.6,133.41666666666666,0.45365853658536587,0.9756246191346739,0.5824634655532359,0.5100548446069469,0.4824406358404816,0.7146415778600199,0.9392290249433106,0.9225338505670249,0.6442448640552733,0.06972789115646258,0.054308390022675734,0.03974113470487949,0.14377329742542871,-5.267313890305972e-06,1.0686202992301046,0.06972789115646258,0.07407153910730813
145,T21,对应染色体三标准差Z值规则,0.0,0.0,4.333333333333334,142.66666666666669,0.0,1.0,,,,0.5,0.9705215419501133,0.589222274999144,0.04032548427260394,0.029478458049886618,0.0,,,,,,
145,T21,L1正则多因素逻辑回归,0.25,0.5,4.083333333333334,142.16666666666669,0.05769230769230768,0.9964953271028038,0.3333333333333333,0.0983606557377049,0.128645302354055,0.5270938173975557,0.9688208616780045,0.3773321693882442,0.08157982601653434,0.029478458049886618,0.00510204081632653,0.028187755471104654,0.14638024954653722,-4.920527467110748,-0.34952323444971223,0.029478458049886618,0.022886326277989692
146,T13,对应染色体三标准差Z值规则,0.6,5.6000000000000005,3.95,136.85,0.13186813186813187,0.9606879606879607,0.0967741935483871,0.11162790697674418,0.07975258427213922,0.5462780462780463,0.9350340136054421,0.5398556827128256,0.05540433277630504,0.030952380952380957,0.04217687074829932,,,,,,
146,T13,L1正则多因素逻辑回归,1.0,3.95,3.55,138.5,0.21978021978021978,0.9722709722709724,0.20202020202020202,0.2105263157894737,0.18438717637496596,0.596025596025596,0.9489795918367347,0.6860640125946248,0.2683017086845013,0.030952380952380957,0.0336734693877551,0.02684047631841269,0.12853501552111915,-1.1595342107207167,0.6535448900108707,0.030952380952380957,0.03781758072331743
146,T18,对应染色体三标准差Z值规则,0.0,4.676190476190476,8.066666666666666,134.25714285714287,0.0,0.9663421990677269,0.0,,-0.043676833427050935,0.48317109953386345,0.9133138969873664,0.5841016588977243,0.07102817468760461,0.05487528344671202,0.031810819565921605,,,,,,
146,T18,L1正则多因素逻辑回归,2.2,2.333333333333333,5.866666666666667,136.60000000000002,0.27272727272727276,0.9832053742802302,0.4852941176470589,0.34920634920634924,0.33714017931523194,0.6279663235037515,0.9442176870748298,0.892145977277826,0.4804456917903422,0.05487528344671202,0.030839002267573697,0.03857945935101839,0.14117975441211175,-0.3416979351300967,0.9241855495590623,0.05487528344671202,0.0629442795895956
146,T21,对应染色体三标准差Z值规则,0.0,0.0,4.25,142.75,0.0,1.0,,,,0.5,0.9710884353741497,0.5569366567409217,0.036710173373302436,0.02891156462585034,0.0,,,,,,
146,T21,L1正则多因素逻辑回归,0.5,1.0,3.7499999999999996,141.75,0.11764705882352941,0.9929947460595446,0.3333333333333333,0.1739130434782609,0.184469533306543,0.555320902441537,0.967687074829932,0.4930894249118209,0.15081719691588152,0.02891156462585034,0.01020408163265306,0.026217137215477866,0.13287463209327202,-1.8336028330731329,0.4360825395328353,0.02891156462585034,0.024346334363934376
147,T13,对应染色体三标准差Z值规则,0.0,2.854761904761905,8.116666666666667,136.0285714285714,0.0,0.9794448920813975,0.0,,-0.034021118380173694,0.48972244604069876,0.9253644314868805,0.47236491982413237,0.05326764481351347,0.05521541950113379,0.019420149011985743,,,,,,
147,T13,L1正则多因素逻辑回归,1.5,5.6,6.616666666666666,133.28333333333336,0.18480492813141683,0.9596783871354855,0.21126760563380284,0.1971522453450164,0.15391948011121281,0.5722416576334511,0.9168934240362812,0.5798795284166894,0.22697474745488866,0.05521541950113379,0.04829931972789116,0.04841694529471349,0.22619980438631648,-1.4938548252617334,0.36998636886857617,0.05521541950113379,0.040977629804220206
147,T18,对应染色体三标准差Z值规则,0.0,4.714285714285714,9.716666666666667,132.56904761904764,0.0,0.9656601744740629,0.0,,-0.04842582688013955,0.48283008723703147,0.9018302559118885,0.5976425087339713,0.08597516211323693,0.06609977324263039,0.03206997084548105,,,,,,
147,T18,L1正则多因素逻辑回归,4.15,2.166666666666667,5.566666666666666,135.11666666666667,0.42710120068610635,0.9842175549350493,0.6569920844327176,0.5176715176715176,0.5039422474631964,0.7056593778105777,0.9473922902494332,0.8240122168553705,0.5227163142250708,0.06609977324263039,0.042970521541950114,0.044268912511166,0.1806542051649441,-0.660244533586998,0.7378134164398039,0.06609977324263039,0.07549453113197205
147,T21,对应染色体三标准差Z值规则,0.0,0.0,5.25,141.75,0.0,1.0,,,,0.5,0.9642857142857143,0.47550740460793345,0.037863746895517296,0.03571428571428571,0.0,,,,,,
147,T21,L1正则多因素逻辑回归,0.75,1.5,4.5,140.25,0.14285714285714285,0.9894179894179894,0.3333333333333333,0.2,0.19994881965241515,0.5661375661375662,0.9591836734693877,0.5911499304797363,0.196330108741684,0.03571428571428571,0.015306122448979591,0.03135065296773593,0.14602211208770544,0.06301479311154012,0.9091148435121224,0.03571428571428571,0.02525724558202027
148,T13,对应染色体三标准差Z值规则,0.0,2.466666666666667,7.85,136.6833333333333,0.0,0.9822733261468439,0.0,,-0.031028761849364518,0.49113666307342196,0.9298185941043084,0.6035693236418294,0.13378937520794482,0.05340136054421769,0.016780045351473923,,,,,,
148,T13,L1正则多因素逻辑回归,0.8333333333333333,4.7,7.0166666666666675,134.45000000000002,0.10615711252653925,0.9662234998203378,0.1506024096385542,0.12453300124533,0.08550238119311027,0.5361903061734385,0.9202947845804988,0.4969548967685977,0.11668486874548098,0.05340136054421769,0.03764172335600907,0.051495072976264565,0.24331510451580998,-2.2665307312613128,0.15756568642230928,0.05340136054421769,0.04138215791691816
148,T18,对应染色体三标准差Z值规则,0.0,2.85,13.566666666666666,130.58333333333331,0.0,0.9786410192355733,0.0,,-0.044835241791377774,0.48932050961778667,0.8883219954648527,0.61496833967481,0.13225590253347938,0.09229024943310657,0.019387755102040816,,,,,,
148,T18,L1正则多因素逻辑回归,7.2,3.1666666666666665,6.366666666666666,130.26666666666665,0.5307125307125308,0.9762677991506371,0.6945337620578778,0.6016713091922005,0.5731416315204505,0.7534901649315839,0.9351473922902492,0.8878080383201544,0.6937062842499843,0.09229024943310657,0.07052154195011338,0.04751290985660764,0.18331143667519192,-0.11995857989300734,0.9501156621159305,0.09229024943310657,0.09473297340574213
148,T21,对应染色体三标准差Z值规则,0.0,0.0,3.4166666666666665,143.58333333333331,0.0,1.0,,,,0.5,0.9767573696145125,0.5160171566892686,0.03006080573420124,0.023242630385487524,0.0,,,,,,
148,T21,L1正则多因素逻辑回归,0.5833333333333333,0.5,2.833333333333333,143.08333333333331,0.17073170731707318,0.9965177016831108,0.5384615384615384,0.25925925925925924,0.29463505008266205,0.583624704500092,0.9773242630385489,0.6215987429752415,0.20385674856593908,0.023242630385487524,0.0073696145124716545,0.020266705396695204,0.10236113661401443,-0.355776129372426,0.9445576850924271,0.023242630385487524,0.02734934143737794
149,T13,对应染色体三标准差Z值规则,0.0,3.9142857142857146,7.283333333333334,135.80238095238093,0.0,0.9719841175167431,0.0,,-0.03776322784228163,0.48599205875837154,0.9238257207644963,0.4178887618612942,0.05113827238169169,0.049546485260770975,0.02662779397473275,,,,,,
149,T13,L1正则多因素逻辑回归,0.9166666666666666,1.9,6.366666666666667,137.81666666666666,0.12585812356979403,0.9864010497435285,0.3254437869822485,0.1815181518151815,0.1776993269812484,0.5561295866566612,0.9437641723356008,0.5911479579093373,0.3126368211692906,0.049546485260770975,0.019160997732426303,0.041015356627059914,0.20130193370250055,-1.2783294744336269,0.44905965493063116,0.049546485260770975,0.03733426061364071
149,T18,对应染色体三标准差Z值规则,0.0,7.273809523809524,10.749999999999998,128.97619047619048,0.0,0.9466142420270861,0.0,,-0.06408819342558031,0.47330712101354305,0.8773890508584387,0.5126875349243603,0.07655222495451278,0.07312925170068027,0.049481697440881114,,,,,,
149,T18,L1正则多因素逻辑回归,4.65,2.5,6.1000000000000005,133.75,0.43255813953488376,0.981651376146789,0.6503496503496504,0.5195530726256984,0.5013122338492457,0.7071047578408364,0.9414965986394558,0.8964268747396549,0.650224549731378,0.07312925170068027,0.04863945578231293,0.04085570226987301,0.1568434439646166,0.07675312713962838,1.0441563833817715,0.07312925170068027,0.07284508826034636
149,T21,对应染色体三标准差Z值规则,0.0,0.0,3.666666666666666,143.33333333333334,0.0,1.0,,,,0.5,0.9750566893424036,0.4684707540521494,0.026893989298937836,0.02494331065759637,0.0,,,,,,
149,T21,L1正则多因素逻辑回归,0.9166666666666666,0.5,2.75,142.83333333333334,0.25,0.9965116279069768,0.6470588235294118,0.36065573770491804,0.39351116427156485,0.6232558139534884,0.9778911564625851,0.603093727977449,0.2849260916044339,0.02494331065759637,0.00963718820861678,0.02019251410387805,0.10494125863473355,-0.12271859500258042,0.977395830387538,0.02494331065759637,0.02606531727072598
150,T13,对应染色体三标准差Z值规则,0.0,4.800000000000001,5.25,136.95,0.0,0.9661375661375661,0.0,,-0.03535810151892134,0.48306878306878304,0.9316326530612244,0.28393124314851026,0.02519305904839101,0.03571428571428571,0.03265306122448979,,,,,,
150,T13,L1正则多因素逻辑回归,1.6666666666666665,4.5,3.583333333333333,137.25,0.31746031746031744,0.9682539682539683,0.2702702702702703,0.29197080291970806,0.26448142429399013,0.6428571428571428,0.9450113378684807,0.6327402448339714,0.30030310390199894,0.03571428571428571,0.0419501133786848,0.030269423041796147,0.14908050095207576,-1.308580474660949,0.5597169666254028,0.03571428571428571,0.039064602205633
150,T18,对应染色体三标准差Z值规则,0.0,6.126190476190476,11.666666666666668,129.20714285714286,0.0,0.9547325826882477,0.0,,-0.06122814806963726,0.47736629134412384,0.8789601554907677,0.5932945863074297,0.09957807722458245,0.07936507936507936,0.041674765144152894,,,,,,
150,T18,L1正则多因素逻辑回归,5.25,5.833333333333333,6.416666666666667,129.5,0.44999999999999996,0.9568965517241379,0.4736842105263158,0.46153846153846156,0.41657023827781164,0.7034482758620689,0.9166666666666666,0.8472019955765557,0.5305784063849852,0.07936507936507936,0.0753968253968254,0.0546011004087502,0.20333154427850705,-0.570587304221298,0.7304456063203012,0.07936507936507936,0.08667301603701202
150,T21,对应染色体三标准差Z值规则,0.0,0.0,2.75,144.25,0.0,1.0,,,,0.5,0.9812925170068028,0.42905576354449854,0.02233967554259611,0.01870748299319728,0.0,,,,,,
150,T21,L1正则多因素逻辑回归,0.9166666666666666,0.5,1.8333333333333333,143.75,0.3333333333333333,0.9965337954939342,0.6470588235294118,0.44,0.4574815997074836,0.6649335644136337,0.9841269841269841,0.7287660795459754,0.36805512060039614,0.01870748299319728,0.00963718820861678,0.01409832809803573,0.07550315830911108,0.9929964724405437,1.4470402815456884,0.01870748299319728,0.02696728277874219
151,T13,对应染色体三标准差Z值规则,0.0,4.271428571428571,7.433333333333334,135.2952380952381,0.0,0.9693950663618683,0.0,,-0.03992381787539642,0.48469753318093417,0.9203757693553611,0.5270467434741651,0.08650520050585156,0.05056689342403628,0.029057337220602525,,,,,,
151,T13,L1正则多因素逻辑回归,1.0833333333333333,4.7,6.35,134.86666666666667,0.14573991031390135,0.9663243372342967,0.18731988472622477,0.1639344262295082,0.12630415755131796,0.556032123774099,0.9248299319727892,0.5464561383752864,0.20071319801020293,0.05056689342403628,0.03934240362811791,0.04522659019770629,0.2221351184813841,-1.814295759912592,0.28411978206908706,0.05056689342403628,0.03581277005945721
151,T18,对应染色体三标准差Z值规则,0.0,4.280952380952381,9.85,132.86904761904762,0.0,0.9687863479332673,0.0,,-0.04641404706523688,0.48439317396663367,0.9038710722384192,0.5028296990430412,0.07121478908061117,0.06700680272108843,0.029122125040492393,,,,,,
151,T18,L1正则多因素逻辑回归,4.95,4.0,4.9,133.15,0.5025380710659898,0.9708348523514401,0.553072625698324,0.5265957446808509,0.4949823475435207,0.736686461708715,0.9394557823129251,0.9219122030005666,0.6743612914206359,0.06700680272108843,0.060884353741496595,0.0374087868780766,0.13830334417736068,-0.24862831480909403,1.057897896242607,0.06700680272108843,0.08067682012614133
151,T21,对应染色体三标准差Z值规则,0.0,0.0,3.5833333333333335,143.41666666666666,0.0,1.0,,,,0.5,0.9756235827664398,0.6079722636727082,0.04013751070965664,0.02437641723356009,0.0,,,,,,
151,T21,L1正则多因素逻辑回归,0.3333333333333333,0.0,3.25,143.41666666666669,0.09302325581395347,1.0,1.0,0.17021276595744678,0.30159898048851635,0.5465116279069767,0.9778911564625851,0.5827227081527583,0.13061713965630342,0.02437641723356009,0.0022675736961451248,0.022417448443275548,0.11252673299952973,-1.2737272535167483,0.6378008778033457,0.02437641723356009,0.02456834878323452
152,T13,对应染色体三标准差Z值规则,0.0,3.026190476190476,6.1000000000000005,137.87380952380954,0.0,0.9785224238737369,0.0,,-0.030165866375950177,0.48926121193686845,0.9379170715905409,0.43973337886297875,0.050420235391707056,0.04149659863945578,0.02058632977000324,,,,,,
152,T13,L1正则多因素逻辑回归,1.6666666666666665,3.75,4.433333333333333,137.15,0.27322404371584696,0.9733853797019163,0.3076923076923077,0.2894356005788712,0.26107059571589625,0.6233047117088817,0.9443310657596372,0.6284116992967591,0.3221596679994282,0.04149659863945578,0.036848072562358274,0.03432076786952117,0.16831717633315357,-1.2055451051695343,0.5285325640857107,0.04149659863945578,0.039657187656270736
152,T18,对应染色体三标准差Z值规则,0.0,5.045238095238095,12.116666666666667,129.83809523809524,0.0,0.9625955411201921,0.0,,-0.05650388190876216,0.48129777056009604,0.883252348558471,0.6050447671708835,0.11365738804206225,0.08242630385487529,0.0343213475866537,,,,,,
152,T18,L1正则多因素逻辑回归,6.45,2.6666666666666665,5.666666666666667,132.21666666666667,0.5323246217331499,0.980229828246633,0.7074954296160877,0.607535321821036,0.5844357968025388,0.7562772249898915,0.9433106575963718,0.8870205000685076,0.6935355762830555,0.08242630385487529,0.062018140589569164,0.04074700128447806,0.1654417239783062,-0.010198639028829195,0.8966848673809147,0.08242630385487529,0.07540880762395259
152,T21,对应染色体三标准差Z值规则,0.0,0.0,2.4166666666666665,144.58333333333334,0.0,1.0,,,,0.5,0.9835600907029479,0.2600023660462891,0.01314563391558035,0.016439909297052153,0.0,,,,,,
152,T21,L1正则多因素逻辑回归,0.9166666666666666,0.5,1.5,144.08333333333334,0.3793103448275862,0.9965417867435159,0.6470588235294118,0.4782608695652174,0.489209455944608,0.687926065785551,0.9863945578231292,0.5737501360476616,0.3971027518695181,0.016439909297052153,0.00963718820861678,0.012225542739801686,0.07349997709174116,-0.044313978768271325,1.1548077620007933,0.016439909297052153,0.026553734110000865
153,T13,对应染色体三标准差Z值规则,0.2,6.071428571428572,6.133333333333333,134.5952380952381,0.031578947368421054,0.9568381855111712,0.03189066059225512,0.03173403853418964,-0.011637333106048,0.4942085664397961,0.9169744088111434,0.532284814524463,0.05806417859330883,0.04308390022675737,0.04266277939747327,,,,,,
153,T13,L1正则多因素逻辑回归,1.3333333333333333,5.65,5.0,135.01666666666665,0.21052631578947367,0.9598341232227487,0.1909307875894988,0.20025031289111392,0.16261450008156927,0.5851802195061112,0.9275510204081632,0.5420764440722659,0.13706654263068307,0.04308390022675737,0.047505668934240367,0.04095520639515427,0.2012179817196502,-2.2676509020534263,0.20773606140519052,0.04308390022675737,0.036268778037580184
153,T18,对应染色体三标准差Z值规则,0.0,4.364285714285715,6.983333333333333,135.65238095238095,0.0,0.9688302412978046,0.0,,-0.03906465253306564,0.4844151206489023,0.922805312601231,0.6046286222021069,0.06442148574334072,0.04750566893424036,0.029689018464528674,,,,,,
153,T18,L1正则多因素逻辑回归,2.95,1.5,4.033333333333333,138.51666666666668,0.4224343675417661,0.98928698964409,0.6629213483146068,0.5160349854227405,0.5111649096878199,0.705860678592928,0.962358276643991,0.8858439197548162,0.5811963067371523,0.04750566893424036,0.030272108843537416,0.030226195399656125,0.12279312907499938,-0.42521686976038925,0.9997541149702125,0.04750566893424036,0.0628648428375815
153,T21,对应染色体三标准差Z值规则,0.0,0.0,3.25,143.75,0.0,1.0,,,,0.5,0.9778911564625851,0.47022137283006843,0.027767230547181748,0.022108843537414966,0.0,,,,,,
153,T21,L1正则多因素逻辑回归,0.5833333333333333,0.5,2.6666666666666665,143.25,0.17948717948717946,0.9965217391304347,0.5384615384615384,0.2692307692307692,0.3025845706038062,0.5880044593088071,0.9784580498866213,0.7003790412486068,0.22777585825412697,0.022108843537414966,0.0073696145124716545,0.018887027003742417,0.09344506537840751,0.5078662566202046,1.1912714013103882,0.022108843537414966,0.024881455236021397
154,T13,对应染色体三标准差Z值规则,1.0,3.892857142857143,6.016666666666666,136.09047619047618,0.14251781472684089,0.9721905669042233,0.20437956204379565,0.16793282686925234,0.13633567695041712,0.5573541908155322,0.9325882734045998,0.5510630523971949,0.11305593095880327,0.04773242630385487,0.03328474246841594,,,,,,
154,T13,L1正则多因素逻辑回归,1.0833333333333333,2.45,5.933333333333334,137.53333333333333,0.1543942992874109,0.9824979164186214,0.30660377358490565,0.20537124802527645,0.19055244773652957,0.5684461078530162,0.9429705215419502,0.6525385796368459,0.2575088044224413,0.04773242630385487,0.024036281179138322,0.04151520038023069,0.18975114671316048,-1.1541084072790178,0.5071330602782657,0.04773242630385487,0.04064558068623142
154,T18,对应染色体三标准差Z值规则,0.0,7.904761904761904,13.333333333333332,125.76190476190477,0.0,0.9408621303883149,0.0,,-0.07529152173982995,0.47043106519415745,0.8555231616456107,0.5802831834105213,0.112428328432866,0.09070294784580499,0.05377389050858439,,,,,,
154,T18,L1正则多因素逻辑回归,4.2,4.333333333333333,9.133333333333335,129.33333333333331,0.31499999999999995,0.967581047381546,0.4921875,0.3841463414634146,0.3470499480422312,0.641290523690773,0.908390022675737,0.8463187121482011,0.5574580918193524,0.09070294784580499,0.05804988662131519,0.05822654555643522,0.21883983806659713,-0.2618702993867363,0.7776001425286885,0.09070294784580499,0.08426705861424719
154,T21,对应染色体三标准差Z值规则,0.0,0.0,3.9166666666666665,143.08333333333331,0.0,1.0,,,,0.5,0.9733560090702948,0.6259794332732039,0.047481345184018475,0.02664399092970521,0.0,,,,,,
154,T21,L1正则多因素逻辑回归,0.3333333333333333,0.0,3.583333333333333,143.08333333333331,0.0851063829787234,1.0,1.0,0.1568627450980392,0.28814419880274367,0.5425531914893617,0.97562358276644,0.5172522937972324,0.12070800154505561,0.02664399092970521,0.0022675736961451248,0.02460057031524812,0.12462286693318185,-1.9857429959458084,0.41710387733972404,0.02664399092970521,0.02387979663308726
155,T13,对应染色体三标准差Z值规则,0.2,1.3499999999999999,8.5,136.95,0.02298850574712644,0.990238611713666,0.12903225806451615,0.039024390243902446,0.03055717593775338,0.5066135587303963,0.9329931972789114,0.5852814950167033,0.1413805483492041,0.05918367346938775,0.010544217687074831,,,,,,
155,T13,L1正则多因素逻辑回归,1.5833333333333333,5.2,7.116666666666666,133.1,0.18199233716475097,0.9624005784526393,0.2334152334152334,0.20452099031216364,0.16240343229486348,0.5721964578086951,0.9162131519274377,0.602633425164405,0.20634466333319204,0.05918367346938775,0.046145124716553285,0.053041272587778764,0.24141118023902441,-1.3373362404878621,0.38088736868840156,0.05918367346938775,0.04012200015549714
155,T18,对应染色体三标准差Z值规则,0.0,4.728571428571428,13.683333333333332,128.58809523809526,0.0,0.9645312806958013,0.0,,-0.05840632232747209,0.48226564034790065,0.8747489471979268,0.5757963089739795,0.10796618929035098,0.09308390022675737,0.03216715257531584,,,,,,
155,T18,L1正则多因素逻辑回归,6.1,2.0,7.583333333333334,131.31666666666666,0.4457978075517661,0.9849981247655957,0.7530864197530864,0.5600612088752869,0.5485498974338197,0.7153979661586809,0.9348072562358276,0.8769058982555524,0.6845816122610248,0.09308390022675737,0.055102040816326525,0.04798636023006793,0.18875104977095655,0.08005806093131261,0.9344005034814615,0.09308390022675737,0.08382540141776694
155,T21,对应染色体三标准差Z值规则,0.0,0.0,3.3333333333333335,143.66666666666669,0.0,1.0,,,,0.5,0.9773242630385487,0.5866353165396088,0.039072941788855724,0.022675736961451243,0.0,,,,,,
155,T21,L1正则多因素逻辑回归,0.5833333333333333,0.5,2.75,143.16666666666669,0.175,0.9965197215777262,0.5384615384615384,0.2641509433962264,0.2985368460033374,0.5857598607888631,0.9778911564625851,0.5426578554855815,0.20045513354892736,0.022675736961451243,0.0073696145124716545,0.01978405491578371,0.10453900487050496,-1.0000232871713044,0.728066574055604,0.022675736961451243,0.02387099816978134
156,T13,对应染色体三标准差Z值规则,0.0,5.942857142857142,7.366666666666666,133.6904761904762,0.0,0.9574395525696552,0.0,,-0.047145588423768266,0.4787197762848276,0.9094590217039198,0.6101829423765026,0.12475045898091577,0.05011337868480725,0.04042759961127308,,,,,,
156,T13,L1正则多因素逻辑回归,1.5833333333333333,5.95,5.783333333333333,133.68333333333334,0.2149321266968326,0.9573883981857246,0.21017699115044247,0.21252796420581657,0.17050545120735947,0.5861602624412786,0.9201814058956918,0.587927789144562,0.1641888189604931,0.05011337868480725,0.05124716553287982,0.04775386117306872,0.22058058416559667,-1.8102047217942694,0.29473703903661613,0.05011337868480725,0.04204837227173721
156,T18,对应染色体三标准差Z值规则,0.0,7.9190476190476184,14.683333333333335,124.39761904761905,0.0,0.9401507926511076,0.0,,-0.07948912246084554,0.4700753963255538,0.8462423064463881,0.5845729979946342,0.12194662724924785,0.09988662131519274,0.05387107223841918,,,,,,
156,T18,L1正则多因素逻辑回归,7.15,2.6666666666666665,7.533333333333333,129.65,0.4869466515323496,0.9798463282529286,0.7283531409168083,0.5836734693877552,0.5606750402481091,0.7333964898926391,0.9306122448979592,0.8901889800927141,0.7144237693132229,0.09988662131519274,0.06678004535147392,0.04893945104065213,0.19021423202334783,0.22025443611312742,0.9603277654948238,0.09988662131519274,0.08590268190945598
156,T21,对应染色体三标准差Z值规则,0.0,0.0,4.499999999999999,142.5,0.0,1.0,,,,0.5,0.9693877551020408,0.4389686149530203,0.03448674388241113,0.030612244897959183,0.0,,,,,,
156,T21,L1正则多因素逻辑回归,0.5833333333333333,0.5,3.9166666666666665,142.0,0.12962962962962962,0.9964912280701754,0.5384615384615384,0.208955223880597,0.25401952610043654,0.5630604288499025,0.9699546485260772,0.6330165949854062,0.18423764341501295,0.030612244897959183,0.0073696145124716545,0.027184181826995425,0.1287694017756487,-0.31116257628914884,0.8530518018340019,0.030612244897959183,0.025813170866809163
157,T13,对应染色体三标准差Z值规则,0.4,3.3666666666666667,7.1,136.13333333333333,0.05333333333333334,0.9758661887694146,0.10619469026548674,0.07100591715976332,0.04066238379962765,0.514599761051374,0.928798185941043,0.6404022301871765,0.11560495455010433,0.05102040816326531,0.02562358276643991,,,,,,
157,T13,L1正则多因素逻辑回归,1.0,4.2,6.5,135.3,0.13333333333333333,0.9698924731182796,0.1923076923076923,0.15748031496062992,0.12296067334696915,0.5516129032258065,0.9272108843537415,0.6275555555555556,0.2579470734817975,0.05102040816326531,0.03537414965986395,0.044564676819874895,0.20696882772937028,-1.2875423669197574,0.4381395769325682,0.05102040816326531,0.03892856775099741
157,T18,对应染色体三标准差Z值规则,0.0,5.983333333333333,13.35,127.66666666666667,0.0,0.955231325601696,0.0,,-0.06510172977425946,0.477615662800848,0.8684807256235828,0.5549194259140161,0.10392954353017302,0.09081632653061225,0.040702947845804985,,,,,,
157,T18,L1正则多因素逻辑回归,5.4,3.0,7.949999999999999,130.64999999999998,0.40449438202247195,0.9775533108866442,0.6428571428571429,0.49655172413793114,0.47295676044986323,0.691023846454558,0.9255102040816328,0.9020338556104035,0.6965175313453427,0.09081632653061225,0.05714285714285715,0.04649859984636154,0.17570715465738157,0.17944521283478695,0.9839992412023877,0.09081632653061225,0.08118808413982001
157,T21,对应染色体三标准差Z值规则,0.0,0.0,2.9166666666666665,144.08333333333334,0.0,1.0,,,,0.5,0.9801587301587302,0.6283268611088159,0.035781629877316826,0.01984126984126984,0.0,,,,,,
157,T21,L1正则多因素逻辑回归,0.0,0.0,2.9166666666666665,144.08333333333331,0.0,1.0,,,,0.5,0.9801587301587302,0.359821531851607,0.018388042130515977,0.01984126984126984,0.0,0.020100095117682196,0.11175498685839967,-7.017037186167976,-0.7450885507476906,0.01984126984126984,0.023835307690378456
158,T13,对应染色体三标准差Z值规则,0.4,3.9214285714285717,5.75,136.92857142857144,0.06504065040650406,0.9721588315837517,0.09256198347107437,0.07639836289222372,0.044092003193804304,0.5185997409951278,0.9342079689018464,0.4333808253477161,0.04732377382128564,0.04183673469387755,0.029397473275024295,,,,,,
158,T13,L1正则多因素逻辑回归,1.3333333333333333,4.5,4.816666666666666,136.35000000000002,0.21680216802168023,0.9680511182108626,0.22857142857142856,0.22253129346314324,0.18959142126145467,0.5924266431162715,0.9366213151927438,0.5730496309645552,0.20769539405039966,0.04183673469387755,0.03968253968253968,0.03764728707501016,0.18536288307351195,-1.8823617453076182,0.3356291213112085,0.04183673469387755,0.04081828352711167
158,T18,对应染色体三标准差Z值规则,0.0,6.6238095238095225,11.583333333333332,128.79285714285714,0.0,0.9510857142857143,0.0,,-0.06353132440060023,0.47554285714285716,0.8761418853255588,0.6127991145545103,0.10105153573057393,0.07879818594104308,0.04505992873339812,,,,,,
158,T18,L1正则多因素逻辑回归,4.2,3.75,7.383333333333334,131.66666666666666,0.36258992805755397,0.9723076923076923,0.5283018867924528,0.4300341296928328,0.3989292104586628,0.6674488101826231,0.9242630385487527,0.8866364139457665,0.5956769405661477,0.07879818594104308,0.05408163265306123,0.0476449392691656,0.17567317293240578,0.046307760313387986,0.9409604219442053,0.07879818594104308,0.07192988849664818
158,T21,对应染色体三标准差Z值规则,0.0,0.0,4.749999999999999,142.25,0.0,1.0,,,,0.5,0.967687074829932,0.548861804971323,0.042812617243984406,0.03231292517006803,0.0,,,,,,
158,T21,L1正则多因素逻辑回归,0.5833333333333333,0.5,4.166666666666666,141.75,0.12280701754385966,0.9964850615114236,0.5384615384615384,0.19999999999999998,0.24663292118451077,0.5596460395276416,0.9682539682539684,0.5532273370401206,0.16406124954994067,0.03231292517006803,0.0073696145124716545,0.028904134239744424,0.13943896920727666,-0.7364267817489502,0.7091414020588135,0.03231292517006803,0.02497065736236282
159,T13,对应染色体三标准差Z值规则,0.0,1.7166666666666668,4.166666666666667,141.11666666666667,0.0,0.9879813302217036,0.0,,-0.018565843391783705,0.4939906651108518,0.9599773242630386,0.5904495193643384,0.12141214586299959,0.028344671201814053,0.011678004535147394,,,,,,
159,T13,L1正则多因素逻辑回归,0.3333333333333333,3.75,3.833333333333333,139.08333333333331,0.08,0.9737456242707118,0.0816326530612245,0.08080808080808083,0.05427544844633414,0.5268728121353559,0.9484126984126985,0.47028171361893645,0.09795458150653072,0.028344671201814053,0.027777777777777776,0.02895019529833163,0.15043709855626233,-3.02821905095467,0.12377562298194172,0.028344671201814053,0.0352187415229981
159,T18,对应染色体三标准差Z值规则,0.0,5.192857142857143,12.316666666666666,129.4904761904762,0.0,0.9614439514204395,0.0,,-0.057868709827152365,0.48072197571021974,0.8808875931324911,0.6629217611658759,0.12044116122853753,0.08378684807256236,0.03532555879494655,,,,,,
159,T18,L1正则多因素逻辑回归,6.0,2.666666666666667,6.316666666666667,132.01666666666665,0.4871447902571042,0.980200470238832,0.6923076923076922,0.5718824463860206,0.5497331129413261,0.7336726302479681,0.9388888888888888,0.8903224750809231,0.6619220633776541,0.08378684807256236,0.058956916099773236,0.045932682710722095,0.1754053627368276,-0.028638317920921183,0.9302668592183234,0.08378684807256236,0.0799161970247445
159,T21,对应染色体三标准差Z值规则,0.0,0.0,1.8333333333333333,145.16666666666669,0.0,1.0,,,,0.5,0.9875283446712018,0.5667496682422056,0.023097097147959246,0.012471655328798185,0.0,,,,,,
159,T21,L1正则多因素逻辑回归,0.3333333333333333,0.0,1.5,145.16666666666669,0.18181818181818182,1.0,1.0,0.3076923076923077,0.42421536710254903,0.5909090909090909,0.9897959183673469,0.5034480444928204,0.19636268722661587,0.012471655328798185,0.0022675736961451248,0.011183886309472804,0.06837132894394173,-1.4689021875704182,0.7752944512157184,0.012471655328798185,0.024326415247419117
160,T13,对应染色体三标准差Z值规则,0.8,4.266666666666667,7.066666666666666,134.86666666666667,0.1016949152542373,0.9693339722089123,0.15789473684210528,0.12371134020618559,0.08762794230402254,0.5355144437315748,0.9229024943310659,0.532668266562714,0.09704454807959577,0.053514739229024944,0.034467120181405894,,,,,,
160,T13,L1正则多因素逻辑回归,1.5833333333333333,2.95,6.283333333333333,136.18333333333334,0.20127118644067796,0.9787973167225683,0.3492647058823529,0.2553763440860215,0.2344138486299852,0.5900342515816231,0.9371882086167801,0.6802728408654521,0.2655202641913075,0.053514739229024944,0.030839002267573697,0.045828789882299735,0.20108877692278654,-0.7866887840741961,0.5755958706383354,0.053514739229024944,0.03817196789532556
160,T18,对应染色体三标准差Z值规则,0.0,6.642857142857143,10.533333333333333,129.82380952380953,0.0,0.9513224928466746,0.0,,-0.06044074641959363,0.4756612464233373,0.8831551668286363,0.5179661874520206,0.07777052513876956,0.07165532879818594,0.04518950437317785,,,,,,
160,T18,L1正则多因素逻辑回归,2.95,3.333333333333333,7.583333333333335,133.13333333333333,0.2800632911392405,0.9755740107474352,0.4694960212201592,0.35084241823587714,0.32595122049398756,0.6278186509433379,0.9257369614512471,0.875763919501127,0.5290801297683054,0.07165532879818594,0.0427437641723356,0.04807204549859787,0.17570368774573145,-0.21645603911642403,0.8537609804506384,0.07165532879818594,0.06958478490395016
160,T21,对应染色体三标准差Z值规则,0.0,0.0,4.833333333333333,142.16666666666666,0.0,1.0,,,,0.5,0.9671201814058956,0.47504711469420213,0.0350117184145365,0.032879818594104306,0.0,,,,,,
160,T21,L1正则多因素逻辑回归,0.8333333333333333,1.0,4.0,141.16666666666666,0.17241379310344826,0.9929660023446659,0.45454545454545453,0.25,0.26573609263662573,0.5826898977240571,0.9659863945578231,0.6035866842997861,0.22444921579583188,0.032879818594104306,0.012471655328798185,0.02816446169465835,0.1367780432274587,-0.3160645667254238,0.8223452152225665,0.032879818594104306,0.025240651776995377
161,T13,对应染色体三标准差Z值规则,0.2,5.776190476190476,7.233333333333333,133.7904761904762,0.026905829596412557,0.9586133952028388,0.03346613545816733,0.029829545454545456,-0.01606630592192818,0.4927596123996257,0.9114998380304502,0.5592342807203348,0.08816255163075351,0.05056689342403628,0.040654356980887596,,,,,,
161,T13,L1正则多因素逻辑回归,0.0,2.15,7.433333333333334,137.41666666666669,0.0,0.9845951755433484,0.0,,-0.02811647885754451,0.4922975877716742,0.9348072562358276,0.5258897120170166,0.09081416342774462,0.05056689342403628,0.014625850340136054,0.05004234762394611,0.23891510134080335,-2.3340771836716754,0.14390436910657478,0.05056689342403628,0.03413308430221321
161,T18,对应染色体三标准差Z值规则,0.0,7.20952380952381,14.7,125.09047619047618,0.0,0.9455062448259728,0.0,,-0.07569954050518371,0.4727531224129864,0.8509556203433754,0.5794270745127129,0.11548141247453175,0.1,0.04904437965662455,,,,,,
161,T18,L1正则多因素逻辑回归,6.4,3.25,8.3,129.05,0.43537414965986393,0.9754346182917611,0.6632124352331606,0.5256673511293635,0.4976228396228175,0.7054043839758125,0.9214285714285716,0.8541398298752487,0.6291679680043032,0.1,0.06564625850340136,0.05754673016951187,0.2268818924878637,-0.027864125889510413,0.7648695850698577,0.1,0.08113940759156658
161,T21,对应染色体三标准差Z值规则,0.0,0.0,3.25,143.75,0.0,1.0,,,,0.5,0.9778911564625851,0.36068772451381187,0.019253890799438934,0.022108843537414966,0.0,,,,,,
161,T21,L1正则多因素逻辑回归,0.0,0.0,3.25,143.75,0.0,1.0,,,,0.5,0.9778911564625851,0.5569288811027944,0.042492437228755786,0.022108843537414966,0.0,0.02182199432544946,0.10899291336630217,-2.786969539919117,0.25481708361866096,0.022108843537414966,0.023139890922798695
162,T13,对应染色体三标准差Z值规则,0.0,4.242857142857143,4.916666666666667,137.84047619047618,0.0,0.9701382488479263,0.0,,-0.03206964076482648,0.48506912442396316,0.9376903142209264,0.6393259155642971,0.09405388387899423,0.03344671201814059,0.02886297376093294,,,,,,
162,T13,L1正则多因素逻辑回归,1.25,5.95,3.6666666666666665,136.13333333333333,0.25423728813559326,0.9581231671554253,0.1736111111111111,0.2063273727647868,0.17691341476816008,0.6061802276455093,0.9345804988662131,0.6205911966655544,0.12653840232196012,0.03344671201814059,0.0489795918367347,0.03244205840503285,0.15309986864094072,-1.924124373785576,0.36928722669712044,0.03344671201814059,0.033619069839823955
162,T18,对应染色体三标准差Z值规则,0.0,6.388095238095237,12.133333333333333,128.47857142857143,0.0,0.9526339947743803,0.0,,-0.06393113254707636,0.47631699738719013,0.8740038872691934,0.6507829376094331,0.11978431756909694,0.08253968253968254,0.043456430191124065,,,,,,
162,T18,L1正则多因素逻辑回归,6.5,3.6666666666666665,5.633333333333334,131.2,0.5357142857142857,0.9728126544735541,0.639344262295082,0.5829596412556054,0.5515324835054752,0.7542634700939199,0.9367346938775509,0.8676067307983311,0.6595150788215871,0.08253968253968254,0.0691609977324263,0.0458001525822413,0.18293653090038953,-0.2943564519874331,0.8487503231489905,0.08253968253968254,0.08574836570536218
162,T21,对应染色体三标准差Z值规则,0.0,0.0,2.5833333333333335,144.41666666666666,0.0,1.0,,,,0.5,0.9824263038548752,0.736748736685449,0.05049438530436405,0.017573696145124714,0.0,,,,,,
162,T21,L1正则多因素逻辑回归,0.0,0.0,2.5833333333333335,144.41666666666666,0.0,1.0,,,,0.5,0.9824263038548752,0.5139962222440863,0.024213119910068477,0.017573696145124714,0.0,0.017684242801409553,0.09469516259895733,-4.467576971817926,-0.11166046122075926,0.017573696145124714,0.023863251865069504
163,T13,对应染色体三标准差Z值规则,0.0,7.2714285714285705,6.016666666666667,133.71190476190475,0.0,0.9484234880853867,0.0,,-0.047126083692287754,0.47421174404269334,0.9096047942986718,0.37168182868430333,0.033822327321042275,0.0409297052154195,0.04946550048590865,,,,,,
163,T13,L1正则多因素逻辑回归,0.5,2.95,5.5166666666666675,138.03333333333336,0.08310249307479223,0.9790755408440714,0.14492753623188406,0.10563380281690139,0.08137438185382,0.5310890169594318,0.9424036281179138,0.7071964665990796,0.23881298634627318,0.0409297052154195,0.02346938775510204,0.036133063804640896,0.15856643512370555,-0.9455417656864472,0.6388698105116986,0.0409297052154195,0.040646664443809745
163,T18,对应染色体三标准差Z值规则,0.0,8.18095238095238,11.616666666666665,127.20238095238095,0.0,0.9395719385870808,0.0,,-0.0711108000050668,0.4697859692935404,0.865322319403952,0.4879201465148414,0.07593413802358276,0.07902494331065758,0.055652737285390344,,,,,,
163,T18,L1正则多因素逻辑回归,2.95,5.5,8.666666666666668,129.88333333333333,0.2539454806312769,0.9593746152899175,0.349112426035503,0.2940199335548173,0.2472427218664289,0.6066600479605972,0.903628117913832,0.8320586810944266,0.38536383368027866,0.07902494331065758,0.057482993197278905,0.06172699301579794,0.22193227736607024,-0.5828122108261073,0.6897995978086365,0.07902494331065758,0.08281161286034411
163,T21,对应染色体三标准差Z值规则,0.0,0.0,5.5,141.5,0.0,1.0,,,,0.5,0.9625850340136054,0.481928064083541,0.03858311522737231,0.03741496598639456,0.0,,,,,,
163,T21,L1正则多因素逻辑回归,0.5,1.0,5.0,140.5,0.09090909090909091,0.9929328621908127,0.3333333333333333,0.14285714285714288,0.1583229324096017,0.5419209765499517,0.9591836734693877,0.5828201245162373,0.15464889971073573,0.03741496598639456,0.01020408163265306,0.03406493672914306,0.15979569605879604,-1.0028389102832316,0.5992807948595708,0.03741496598639456,0.02598674176648789
164,T13,对应染色体三标准差Z值规则,0.2,4.097619047619048,4.95,137.75238095238092,0.038834951456310676,0.9711130134112157,0.04653739612188365,0.04233870967741935,0.010857328044998794,0.5049739824337632,0.9384515711046322,0.43469013177203486,0.04931607938026311,0.03503401360544217,0.029235503725299643,,,,,,
164,T13,L1正则多因素逻辑回归,0.8333333333333333,4.55,4.316666666666666,137.3,0.16181229773462782,0.9679238632358124,0.15479876160990713,0.15822784810126586,0.12699789052031707,0.5648680804852201,0.9396825396825398,0.6406628434888836,0.14519866301852064,0.03503401360544217,0.03662131519274376,0.033291989137255035,0.15537689859018242,-1.6742328565012927,0.4328611753439659,0.03503401360544217,0.03638783194990036
164,T18,对应染色体三标准差Z值规则,0.0,7.990476190476191,10.6,128.4095238095238,0.0,0.9414187962575059,0.0,,-0.06683589999737846,0.47070939812875295,0.8735341755749919,0.5950163955147217,0.09048819424884426,0.07210884353741497,0.05435698088759313,,,,,,
164,T18,L1正则多因素逻辑回归,5.0,5.0,5.6,131.39999999999998,0.4716981132075472,0.9633431085043989,0.5,0.4854368932038835,0.44692046717853046,0.7175206108559731,0.927891156462585,0.8856439745248328,0.6264555081689792,0.07210884353741497,0.06802721088435375,0.0421776862025567,0.1630752315398248,-0.17763549822337285,0.9134843891074471,0.07210884353741497,0.07407547048355993
164,T21,对应染色体三标准差Z值规则,0.0,0.0,3.0,144.0,0.0,1.0,,,,0.5,0.9795918367346939,0.5618283668920242,0.028117419343426448,0.02040816326530612,0.0,,,,,,
164,T21,L1正则多因素逻辑回归,0.3333333333333333,0.0,2.6666666666666665,144.0,0.1111111111111111,1.0,1.0,0.19999999999999998,0.3302891295379082,0.5555555555555556,0.981859410430839,0.41466340265530055,0.130425858644853,0.02040816326530612,0.0022675736961451248,0.018912150502613585,0.10591964549718866,-3.6775554689192176,0.048641009443707264,0.02040816326530612,0.02404524571329382
165,T13,对应染色体三标准差Z值规则,0.4,3.7547619047619043,6.766666666666667,136.07857142857142,0.05581395348837209,0.973148305806232,0.09627507163323784,0.07066246056782334,0.03763487181227457,0.5144811296473021,0.9284256559766764,0.4120815794788132,0.049685175504461505,0.048752834467120185,0.02826368642695173,,,,,,
165,T13,L1正则多因素逻辑回归,2.0,3.45,5.166666666666667,136.38333333333333,0.27906976744186046,0.9753277711561383,0.36697247706422015,0.31704095112285335,0.28995037505351867,0.6271987692989994,0.9413832199546485,0.7370348738214689,0.37326162767674764,0.048752834467120185,0.03707482993197279,0.037636840529380676,0.1650304768406849,-0.32228314017292914,0.7978465209593834,0.048752834467120185,0.0418181961478343
165,T18,对应染色体三标准差Z值规则,0.0,5.204761904761905,11.716666666666667,130.07857142857142,0.0,0.9615269540118622,0.0,,-0.0563831713910591,0.4807634770059311,0.88488824101069,0.5628336112699666,0.09399004138139369,0.07970521541950114,0.03540654356980887,,,,,,
165,T18,L1正则多因素逻辑回归,4.65,3.0,7.066666666666666,132.28333333333333,0.39687055476529165,0.9778243193298016,0.607843137254902,0.48020654044750427,0.4568963965780975,0.6873474370475466,0.9315192743764172,0.8753027162667748,0.6048726823861651,0.07970521541950114,0.05204081632653061,0.047234829293460366,0.18059437202978504,-0.09954791599454946,0.8620786279082351,0.07970521541950114,0.07338922007350163
165,T21,对应染色体三标准差Z值规则,0.0,0.0,3.333333333333333,143.66666666666669,0.0,1.0,,,,0.5,0.9773242630385487,0.38070558501822993,0.022077229318476926,0.022675736961451243,0.0,,,,,,
165,T21,L1正则多因素逻辑回归,1.5,1.0,1.8333333333333333,142.66666666666666,0.45000000000000007,0.9930394431554525,0.6,0.5142857142857143,0.5101006125225815,0.7215197215777263,0.9807256235827664,0.7880779748094132,0.48941023347651386,0.022675736961451243,0.017006802721088437,0.015030809986556029,0.07723240400476884,1.637824583032384,1.6188820261522165,0.022675736961451243,0.028005373458095898
166,T13,对应染色体三标准差Z值规则,0.0,4.216666666666667,6.333333333333334,136.45,0.0,0.9700236966824645,0.0,,-0.036464180038737415,0.48501184834123223,0.9282312925170068,0.47060520079820395,0.0834921831295205,0.043083900226757364,0.028684807256235827,,,,,,
166,T13,L1正则多因素逻辑回归,1.9166666666666665,5.25,4.416666666666666,135.41666666666666,0.3026315789473685,0.9626777251184834,0.26744186046511625,0.28395061728395066,0.2501498770903098,0.6326546520329259,0.9342403628117912,0.6560956597655275,0.2676223639113471,0.043083900226757364,0.04875283446712018,0.036530557522839846,0.16682376899561244,-0.9129800777549993,0.6201196397114119,0.043083900226757364,0.03865060583133348
166,T18,对应染色体三标准差Z值规则,0.0,5.666666666666666,14.416666666666666,126.91666666666667,0.0,0.9572595851665618,0.0,,-0.06602820547872727,0.4786297925832809,0.8633786848072562,0.629806728357609,0.14047144491331823,0.09807256235827665,0.03854875283446712,,,,,,
166,T18,L1正则多因素逻辑回归,5.25,4.5,9.166666666666666,128.08333333333331,0.3641618497109827,0.9660590823381521,0.5384615384615384,0.43448275862068964,0.39465990753044367,0.6651104660245674,0.9070294784580499,0.813766017664391,0.5658030334388678,0.09807256235827665,0.0663265306122449,0.062085596908779184,0.24963341512180667,-0.18250689238340553,0.7119031336221866,0.09807256235827665,0.07902564023513557
166,T21,对应染色体三标准差Z值规则,0.0,0.0,4.0,143.0,0.0,1.0,,,,0.5,0.9727891156462585,0.4626262626262626,0.03540754425747171,0.027210884353741496,0.0,,,,,,
166,T21,L1正则多因素逻辑回归,1.1666666666666665,1.0,2.8333333333333335,142.0,0.29166666666666663,0.993006993006993,0.5384615384615384,0.37837837837837834,0.38433946825340043,0.6423368298368298,0.973922902494331,0.6413291569541568,0.32352153407014883,0.027210884353741496,0.014739229024943309,0.021305401550301722,0.10610354602102728,0.4008335312049136,1.1256710754434875,0.027210884353741496,0.027212153425457474
167,T13,对应染色体三标准差Z值规则,0.0,3.2880952380952375,4.783333333333332,138.92857142857144,0.0,0.9768796772195344,0.0,,-0.02774060298180377,0.4884398386097672,0.9450923226433432,0.35775997736347603,0.02523079614060136,0.03253968253968254,0.022367994816974407,,,,,,
167,T13,L1正则多因素逻辑回归,0.5833333333333333,3.0,4.2,139.21666666666667,0.1219512195121951,0.9789054259932028,0.1627906976744186,0.1394422310756972,0.11603838434970813,0.5504283227526989,0.9510204081632654,0.7382348399738969,0.18338956067195794,0.03253968253968254,0.02437641723356009,0.02999117134528186,0.13095048753045424,-1.051324507845622,0.6634567100485292,0.03253968253968254,0.03761273497982165
167,T18,对应染色体三标准差Z值规则,0.0,4.914285714285715,12.716666666666667,129.36904761904762,0.0,0.9634036064469228,0.0,,-0.0572309007136661,0.4817018032234614,0.8800615484288954,0.5483670918598761,0.09664722819506313,0.0865079365079365,0.03343051506316812,,,,,,
167,T18,L1正则多因素逻辑回归,4.65,4.416666666666666,8.066666666666666,129.86666666666667,0.36566186107470516,0.9671093459103886,0.5128676470588236,0.42693190512624335,0.38885259529493865,0.6663856034925468,0.9150793650793652,0.8556375043319067,0.5848190441445776,0.0865079365079365,0.06167800453514739,0.053782910937492386,0.2065454964168789,-0.11970985985736016,0.8037624413683336,0.0865079365079365,0.0752893603913967
167,T21,对应染色体三标准差Z值规则,0.0,0.0,4.249999999999999,142.75,0.0,1.0,,,,0.5,0.9710884353741497,0.5292553292965367,0.03525316180162655,0.02891156462585034,0.0,,,,,,
167,T21,L1正则多因素逻辑回归,0.3333333333333333,0.0,3.916666666666666,142.75,0.07843137254901962,1.0,1.0,0.14545454545454548,0.27629132884642243,0.5392156862745098,0.9733560090702948,0.425601663120979,0.10759963529892971,0.02891156462585034,0.0022675736961451248,0.02701413282737375,0.14009253161811103,-3.542250628029849,-0.007016857908553347,0.02891156462585034,0.023480941325103834
168,T13,对应染色体三标准差Z值规则,0.2,4.066666666666666,5.133333333333333,137.6,0.037500000000000006,0.9712941176470589,0.046875,0.04166666666666667,0.009795315104532765,0.5043970588235295,0.9374149659863944,0.6049708333333332,0.10218704978341019,0.036281179138321996,0.029024943310657594,,,,,,
168,T13,L1正则多因素逻辑回归,0.75,2.45,4.583333333333334,139.21666666666667,0.14062499999999997,0.9827058823529412,0.234375,0.17578124999999997,0.15803402743091413,0.5616654411764705,0.9521541950113379,0.5478752100840336,0.08079840309923816,0.036281179138321996,0.0217687074829932,0.036481836790920215,0.1763269932901343,-2.3791736212279466,0.2203937642889814,0.036281179138321996,0.03443832467351615
168,T18,对应染色体三标准差Z值规则,0.0,5.126190476190476,9.05,132.82380952380953,0.0,0.962840228516198,0.0,,-0.048686627446485706,0.481420114258099,0.9035633300939424,0.6409807965620287,0.08801586820083104,0.06156462585034014,0.03487204405571752,,,,,,
168,T18,L1正则多因素逻辑回归,3.95,3.4166666666666665,5.1000000000000005,134.53333333333333,0.43646408839779005,0.9752325721879909,0.5361990950226244,0.4812182741116751,0.45355757435674765,0.7058483302928904,0.9420634920634919,0.8848287032812213,0.6202982067615843,0.06156462585034014,0.05011337868480726,0.03674963199027523,0.1447278335983633,-0.2201277905220312,0.9434520842396116,0.06156462585034014,0.0666150076627382
168,T21,对应染色体三标准差Z值规则,0.0,0.0,3.0,144.0,0.0,1.0,,,,0.5,0.9795918367346939,0.6662188602292767,0.03843712923658234,0.02040816326530612,0.0,,,,,,
168,T21,L1正则多因素逻辑回归,0.25,0.5,2.75,143.5,0.08333333333333333,0.9965277777777778,0.3333333333333333,0.13333333333333333,0.15848882753065527,0.5399305555555556,0.9778911564625851,0.47179278733098184,0.10411017210798858,0.02040816326530612,0.00510204081632653,0.019413902990528854,0.1043320551101266,-3.2221952683129196,0.1662628157975355,0.02040816326530612,0.024921230484664436
169,T13,对应染色体三标准差Z值规则,0.2,4.35952380952381,7.999999999999999,134.4404761904762,0.02439024390243903,0.9685913270207218,0.04386422976501305,0.03134913230080239,-0.009291056957364457,0.49649078546158043,0.9159216067379333,0.3814451120958993,0.0461770982600439,0.055782312925170066,0.03101716877227081,,,,,,
169,T13,L1正则多因素逻辑回归,1.3333333333333333,2.75,6.866666666666667,136.05,0.16260162601626013,0.9801873198847262,0.326530612244898,0.21709633649932156,0.1994102099060092,0.5713944729504932,0.9345804988662133,0.6529624255690891,0.2612220654006573,0.055782312925170066,0.027777777777777776,0.04783983779683649,0.21483109866830227,-0.9361928330188745,0.5180740589198294,0.055782312925170066,0.038978426910595866
169,T18,对应染色体三标准差Z值规则,0.0,9.076190476190476,10.683333333333334,127.24047619047619,0.0,0.9334183361570573,0.0,,-0.07181432609435585,0.46670916807852864,0.8655814706835114,0.5218780906407164,0.07571450454530396,0.07267573696145124,0.061742792355037254,,,,,,
169,T18,L1正则多因素逻辑回归,3.35,3.9166666666666665,7.333333333333334,132.39999999999998,0.31357254290171604,0.9712678811590659,0.4610091743119266,0.3732590529247911,0.34112367600283106,0.642420212030391,0.923469387755102,0.8172075975662993,0.46536434370782553,0.07267573696145124,0.04943310657596371,0.05367878407489526,0.20676270178388845,-0.6765814658959111,0.6902316830903122,0.07267573696145124,0.08028609807680004
169,T21,对应染色体三标准差Z值规则,0.0,0.0,3.6666666666666665,143.33333333333331,0.0,1.0,,,,0.5,0.9750566893424036,0.4820103443068559,0.02927047535734758,0.02494331065759637,0.0,,,,,,
169,T21,L1正则多因素逻辑回归,0.8333333333333333,1.0,2.833333333333333,142.33333333333331,0.2272727272727273,0.9930232558139535,0.45454545454545453,0.30303030303030304,0.3095720365102305,0.6101479915433403,0.9739229024943312,0.6496704167925098,0.26489605361414786,0.02494331065759637,0.012471655328798185,0.02054743930848961,0.10217046231361608,0.4821379499145644,1.1567665794382158,0.02494331065759637,0.025784548121556217
170,T13,对应染色体三标准差Z值规则,0.0,4.242857142857143,4.083333333333333,138.6738095238095,0.0,0.9703123698458976,0.0,,-0.029140450316745156,0.4851561849229488,0.9433592484612893,0.40173193142313146,0.04029341603317081,0.027777777777777776,0.028862973760932945,,,,,,
170,T13,L1正则多因素逻辑回归,1.0,4.2,3.083333333333333,138.71666666666667,0.2448979591836735,0.9706122448979593,0.1923076923076923,0.21543985637342908,0.1917241879933003,0.6077551020408164,0.950453514739229,0.7632153269471054,0.3424470009436749,0.027777777777777776,0.03537414965986395,0.02288999261462742,0.10630667353189864,-0.6995583740675291,0.9243658502234093,0.027777777777777776,0.043083321878826616
170,T18,对应染色体三标准差Z值规则,0.0,6.738095238095238,12.216666666666667,128.0452380952381,0.0,0.9500079492660177,0.0,,-0.06598678544427485,0.47500397463300886,0.8710560414642047,0.5415613823716974,0.0925215637215367,0.08310657596371882,0.045837382572076445,,,,,,
170,T18,L1正则多因素逻辑回归,6.0,3.6666666666666665,6.216666666666667,131.11666666666667,0.49113233287858116,0.9727958451836282,0.6206896551724138,0.5483625285605485,0.5166766769789536,0.7319640890311047,0.9327664399092971,0.8972421505486632,0.6595776802828082,0.08310657596371882,0.06575963718820861,0.04610242204612907,0.1719311140568979,-0.05422891470861289,1.0011635025082621,0.08310657596371882,0.08585939867650412
170,T21,对应染色体三标准差Z值规则,0.0,0.0,2.5,144.5,0.0,1.0,,,,0.5,0.9829931972789115,0.5204761904761904,0.02376787663124183,0.017006802721088437,0.0,,,,,,
170,T21,L1正则多因素逻辑回归,0.5,1.0,2.0,143.5,0.2,0.9930795847750865,0.3333333333333333,0.25,0.24840661561379104,0.5965397923875433,0.9795918367346939,0.5550189487559729,0.2176598521601383,0.017006802721088437,0.01020408163265306,0.014853406579860527,0.08233289727969494,-0.6647427508517663,0.9215520193925479,0.017006802721088437,0.024810599846967363
171,T13,对应染色体三标准差Z值规则,0.4,4.05,4.15,138.39999999999998,0.0879120879120879,0.9715689715689715,0.0898876404494382,0.08888888888888888,0.060124572908634905,0.5297405297405297,0.94421768707483,0.49979321407892846,0.046934769862038914,0.03095238095238095,0.030272108843537416,,,,,,
171,T13,L1正则多因素逻辑回归,2.3333333333333335,6.7,2.216666666666667,135.75,0.5128205128205128,0.952965952965953,0.25830258302583026,0.3435582822085889,0.3359020748150885,0.7328932328932329,0.9393424036281179,0.8328496899925472,0.3500478104079692,0.03095238095238095,0.06145124716553288,0.02528301259467954,0.10883474664350323,-0.3280339252985771,1.0124399520119092,0.03095238095238095,0.04167960053033424
171,T18,对应染色体三标准差Z值规则,0.0,6.733333333333333,7.833333333333334,132.43333333333334,0.0,0.9516167664670659,0.0,,-0.05198086597791128,0.47580838323353297,0.900907029478458,0.5064663863761838,0.05515546269296627,0.05328798185941043,0.04580498866213152,,,,,,
171,T18,L1正则多因素逻辑回归,2.0,3.5,5.833333333333333,135.66666666666669,0.25531914893617025,0.9748502994011976,0.36363636363636365,0.30000000000000004,0.2724137523759469,0.6150847241686839,0.9365079365079364,0.8855168811313543,0.42805881001575335,0.05328798185941043,0.03741496598639456,0.04089954434343444,0.1477856470523209,-0.47461264702986555,0.8848635287222182,0.05328798185941043,0.06450917802953343
171,T21,对应染色体三标准差Z值规则,0.0,0.0,4.25,142.75,0.0,1.0,,,,0.5,0.9710884353741497,0.5267950963222418,0.04592500180074036,0.02891156462585034,0.0,,,,,,
171,T21,L1正则多因素逻辑回归,0.8333333333333333,1.0,3.4166666666666665,141.75,0.196078431372549,0.9929947460595446,0.45454545454545453,0.27397260273972596,0.28546855486242556,0.5945365887160468,0.9699546485260772,0.7090667673958084,0.2521480742182636,0.02891156462585034,0.012471655328798185,0.024177743945096378,0.11336249071633463,0.8748772519605152,1.2247961919070365,0.02891156462585034,0.025734188476603106
172,T13,对应染色体三标准差Z值规则,0.2,4.083333333333333,10.050000000000002,132.66666666666666,0.019512195121951216,0.9701401584399756,0.04669260700389105,0.027522935779816512,-0.015668914042412246,0.4948261767809634,0.9038548752834465,0.4429387196979832,0.08829302212386024,0.06972789115646258,0.02913832199546485,,,,,,
172,T13,L1正则多因素逻辑回归,0.8333333333333333,2.95,9.416666666666666,133.8,0.08130081300813008,0.9784277879341866,0.22026431718061673,0.1187648456057007,0.0960669180551059,0.5298643004711583,0.9158730158730161,0.4882428988301374,0.1574985360680576,0.06972789115646258,0.025736961451247164,0.06463830570621804,0.31298848333935986,-2.0130395106015175,0.14129436519003313,0.06972789115646258,0.03524337252408376
172,T18,对应染色体三标准差Z值规则,0.0,5.926190476190476,12.35,128.7238095238095,0.0,0.9559881880713668,0.0,,-0.062071880960694006,0.4779940940356834,0.8756721736313574,0.5717804799830327,0.10343882283915007,0.08401360544217687,0.04031422092646582,,,,,,
172,T18,L1正则多因素逻辑回归,5.95,3.0,6.4,131.65,0.48178137651821856,0.9777200148533234,0.664804469273743,0.5586854460093896,0.5330816892937623,0.729750695685771,0.9360544217687075,0.9030091152357458,0.6888173150018407,0.08401360544217687,0.060884353741496595,0.04420113325118523,0.1671326651493827,0.06856954745393715,1.0052171889508301,0.08401360544217687,0.08120847834780541
172,T21,对应染色体三标准差Z值规则,0.0,0.0,2.5,144.5,0.0,1.0,,,,0.5,0.9829931972789115,0.5247662986763334,0.020941205846293297,0.017006802721088437,0.0,,,,,,
172,T21,L1正则多因素逻辑回归,0.3333333333333333,0.0,2.1666666666666665,144.5,0.13333333333333333,1.0,1.0,0.23529411764705882,0.36244121780453775,0.5666666666666667,0.9852607709750567,0.41109133849618257,0.14792115204286113,0.017006802721088437,0.0022675736961451248,0.01564446350079554,0.09087357385650058,-3.2880873579605243,0.19253070485537863,0.017006802721088437,0.02307875469259528
173,T13,对应染色体三标准差Z值规则,0.4,4.0,5.816666666666666,136.78333333333333,0.064343163538874,0.9715875458742749,0.09090909090909091,0.07535321821036106,0.042435967055136393,0.5179653547065745,0.9332199546485261,0.4167104169068792,0.06391193033840796,0.04229024943310657,0.029931972789115642,,,,,,
173,T13,L1正则多因素逻辑回归,1.5,3.65,4.716666666666667,137.13333333333333,0.24128686327077747,0.9740736356102758,0.2912621359223301,0.26392961876832843,0.23572311776659596,0.6076802494405267,0.9430839002267574,0.6963604863216099,0.25823862787251034,0.04229024943310657,0.03503401360544218,0.03647669953176971,0.16287085272691043,-0.9724572019505864,0.615445895282529,0.04229024943310657,0.04136686351971775
173,T18,对应染色体三标准差Z值规则,0.0,5.519047619047619,13.483333333333333,127.99761904761904,0.0,0.9586639798848013,0.0,,-0.06276448623969955,0.47933198994240067,0.8707321023647554,0.5510351411491055,0.1092893375057833,0.09172335600907029,0.03754454162617428,,,,,,
173,T18,L1正则多因素逻辑回归,4.5,2.75,8.983333333333334,130.76666666666665,0.3337453646477132,0.9794033204344027,0.6206896551724138,0.4340836012861736,0.4174188499090975,0.656574342541058,0.9201814058956915,0.8300627075701337,0.551223273291048,0.09172335600907029,0.04931972789115646,0.058748983749480295,0.23263063033655657,-0.16933223354613272,0.7194782583998605,0.09172335600907029,0.07360635387563413
173,T21,对应染色体三标准差Z值规则,0.0,0.0,4.166666666666666,142.83333333333331,0.0,1.0,,,,0.5,0.971655328798186,0.389137856309385,0.027037499191826023,0.028344671201814053,0.0,,,,,,
173,T21,L1正则多因素逻辑回归,1.0,0.0,3.1666666666666665,142.83333333333331,0.24000000000000005,1.0,1.0,0.3870967741935485,0.48455600352069245,0.62,0.9784580498866213,0.7279829971661946,0.3005696986855366,0.028344671201814053,0.006802721088435374,0.022661414192786562,0.1072840812659864,0.9298767077457148,1.2531740907022948,0.028344671201814053,0.025903136973521396
174,T13,对应染色体三标准差Z值规则,0.2,1.2166666666666668,3.9833333333333334,141.6,0.04780876494023904,0.991480919593885,0.1411764705882353,0.07142857142857142,0.06687126771200379,0.519644842267062,0.9646258503401359,0.4003566614790524,0.044813113746826574,0.028458049886621317,0.00963718820861678,,,,,,
174,T13,L1正则多因素逻辑回归,0.75,3.9,3.4333333333333336,138.91666666666669,0.1792828685258964,0.9726922628077955,0.16129032258064516,0.16981132075471697,0.1443836434925504,0.575987565666846,0.9501133786848072,0.6907735412151635,0.31621205564905147,0.028458049886621317,0.031632653061224494,0.023957348270763977,0.11719051649583626,-1.0283029431431914,0.7269818425906511,0.028458049886621317,0.037232136909868846
174,T18,对应染色体三标准差Z值规则,0.0,4.059523809523809,11.616666666666667,131.32380952380953,0.0,0.9700145969997012,0.0,,-0.049364881247694316,0.4850072984998506,0.8933592484612893,0.5531233166272698,0.08840946182325506,0.0790249433106576,0.027615808228053124,,,,,,
174,T18,L1正则多因素逻辑回归,3.15,2.4166666666666665,8.466666666666667,132.96666666666667,0.2711621233859397,0.9821494521728427,0.5658682634730539,0.3666343355965082,0.35801803510065555,0.6266557877793912,0.9259637188208617,0.8503860644133645,0.5552610184192315,0.0790249433106576,0.03786848072562358,0.05069707101992534,0.19513520552909572,-0.016441420773856897,0.8541077739405468,0.0790249433106576,0.06619393493832428
174,T21,对应染色体三标准差Z值规则,0.0,0.0,2.833333333333333,144.16666666666669,0.0,1.0,,,,0.5,0.9807256235827664,0.47443338028853166,0.021391970758634207,0.01927437641723356,0.0,,,,,,
174,T21,L1正则多因素逻辑回归,0.25,0.5,2.583333333333333,143.66666666666669,0.08823529411764706,0.9965317919075144,0.3333333333333333,0.13953488372093023,0.16357990399275488,0.5423835430125807,0.9790249433106575,0.4144032641958517,0.11012998014430922,0.01927437641723356,0.00510204081632653,0.018174764156324186,0.10132303764925304,-4.0265763485910275,-0.023780908151594955,0.01927437641723356,0.021884446253075805
175,T13,对应染色体三标准差Z值规则,0.4,2.35,4.983333333333333,139.26666666666665,0.07430340557275542,0.983405907967518,0.14545454545454548,0.09836065573770492,0.08000266799236254,0.5288546567701368,0.9501133786848074,0.3696359882877723,0.049439697748729285,0.03662131519274376,0.01870748299319728,,,,,,
175,T13,L1正则多因素逻辑回归,1.4166666666666665,2.7,3.966666666666667,138.91666666666666,0.2631578947368421,0.980934447452042,0.34412955465587036,0.29824561403508765,0.2778902672797141,0.622046171094442,0.9546485260770974,0.6295599711363641,0.3039147268099227,0.03662131519274376,0.028004535147392286,0.030908845300933324,0.15319137011869985,-1.3445082472991914,0.5359906170481241,0.03662131519274376,0.03902649627128458
175,T18,对应染色体三标准差Z值规则,0.0,3.2857142857142856,13.583333333333334,130.13095238095238,0.0,0.9753725350227537,0.0,,-0.04824619456337902,0.48768626751137684,0.8852445740200842,0.6059923546906759,0.12031824998907727,0.09240362811791382,0.02235179786200194,,,,,,
175,T18,L1正则多因素逻辑回归,4.5,4.416666666666666,9.083333333333334,129.0,0.3312883435582822,0.9668956901936291,0.5046728971962617,0.39999999999999997,0.36176013791943984,0.6490920168759556,0.9081632653061225,0.831030824840522,0.49955037513541833,0.09240362811791382,0.06065759637188208,0.06386122132908935,0.23837533148318552,-0.28063789588219473,0.6991266161343178,0.09240362811791382,0.07733474964735315
175,T21,对应染色体三标准差Z值规则,0.0,0.0,4.416666666666666,142.58333333333331,0.0,1.0,,,,0.5,0.9699546485260772,0.5275595835414103,0.04232668906401593,0.0300453514739229,0.0,,,,,,
175,T21,L1正则多因素逻辑回归,0.9166666666666666,0.5,3.4999999999999996,142.08333333333331,0.20754716981132076,0.9964932787843367,0.6470588235294118,0.3142857142857143,0.35654002949400404,0.6020202242978288,0.9727891156462585,0.6186757322604172,0.26011882033836886,0.0300453514739229,0.00963718820861678,0.024938633346073037,0.12297280250242398,-0.019119466788857613,0.9492997510647275,0.0300453514739229,0.026225802479728482
176,T13,对应染色体三标准差Z值规则,0.2,5.35952380952381,3.3000000000000003,138.1404761904762,0.05714285714285714,0.9626514020242244,0.035974304068522485,0.044152431011826546,0.015819529866496623,0.5098971295835407,0.9410916747651441,0.5167388813829826,0.030916675156152304,0.023809523809523808,0.03781988986070619,,,,,,
176,T13,L1正则多因素逻辑回归,1.0833333333333333,3.45,2.416666666666667,140.05,0.3095238095238095,0.9759581881533101,0.2389705882352941,0.2697095435684647,0.25175218086677176,0.6427409988385598,0.9600907029478459,0.7376735641991989,0.21463178996341342,0.023809523809523808,0.030839002267573697,0.022759216339714252,0.10509567078829996,-1.2805514567535208,0.6985266634633244,0.023809523809523808,0.036742308524823915
176,T18,对应染色体三标准差Z值规则,0.0,6.1690476190476184,9.75,131.08095238095237,0.0,0.9550524763639516,0.0,,-0.055783548157460505,0.4775262381819758,0.8917071590540977,0.6604963823421627,0.09768717276972286,0.0663265306122449,0.041966310333657275,,,,,,
176,T18,L1正则多因素逻辑回归,3.2,2.5,6.550000000000001,134.75,0.3282051282051282,0.9817850637522769,0.5614035087719298,0.41423948220064727,0.39957465089590244,0.6549950959787025,0.9384353741496598,0.854796310752595,0.5193795830197471,0.0663265306122449,0.03877551020408163,0.04470578249775308,0.17241029747227216,-0.30124037601920667,0.8281777813503963,0.0663265306122449,0.06536456201506066
176,T21,对应染色体三标准差Z值规则,0.0,0.0,2.1666666666666665,144.83333333333331,0.0,1.0,,,,0.5,0.9852607709750567,0.4264315852923447,0.0206582374878373,0.014739229024943309,0.0,,,,,,
176,T21,L1正则多因素逻辑回归,0.3333333333333333,0.0,1.8333333333333333,144.83333333333331,0.15384615384615385,1.0,1.0,0.2666666666666667,0.3897731095433303,0.5769230769230769,0.987528344671202,0.5310583930837094,0.17158236327734538,0.014739229024943309,0.0022675736961451248,0.013362759767208356,0.07682298627698324,-1.3925442181473515,0.7530719830200138,0.014739229024943309,0.024825470974535933
177,T13,对应染色体三标准差Z值规则,0.2,3.4595238095238097,4.7,138.6404761904762,0.04081632653061224,0.9756543011293187,0.05465191932335719,0.046731571627260084,0.01897616808218835,0.5082353138299655,0.9444930353093618,0.42277004632488707,0.032545512525055276,0.03333333333333333,0.024894719792678977,,,,,,
177,T13,L1正则多因素逻辑回归,0.8333333333333333,4.25,4.066666666666666,137.85,0.17006802721088435,0.97009148486981,0.16393442622950818,0.1669449081803005,0.13769769185997116,0.5700797560403472,0.9434240362811792,0.6268590308681364,0.16878534088878333,0.03333333333333333,0.03458049886621315,0.031227115056598986,0.14898611099431713,-1.7228484069020888,0.4440844568978874,0.03333333333333333,0.03885735140111843
177,T18,对应染色体三标准差Z值规则,0.0,6.978571428571429,11.916666666666666,128.10476190476192,0.0,0.948338767956288,0.0,,-0.06630748003710235,0.474169383978144,0.8714609653385165,0.569035702114049,0.09496437534427231,0.0810657596371882,0.04747327502429543,,,,,,
177,T18,L1正则多因素逻辑回归,4.5,3.5,7.416666666666668,131.58333333333331,0.3776223776223776,0.974090067859346,0.5625,0.4518828451882845,0.4231687832767208,0.6758562227408618,0.9257369614512472,0.8945896546390071,0.5647068003696545,0.0810657596371882,0.05442176870748299,0.05172139900920633,0.18260631734199168,-0.07274749026390036,0.9053860959886986,0.0810657596371882,0.07716766084287026
177,T21,对应染色体三标准差Z值规则,0.0,0.0,3.4166666666666665,143.58333333333331,0.0,1.0,,,,0.5,0.9767573696145125,0.47034134747283957,0.024272385845092913,0.023242630385487528,0.0,,,,,,
177,T21,L1正则多因素逻辑回归,0.5833333333333333,0.5,2.833333333333333,143.08333333333331,0.17073170731707318,0.9965177016831108,0.5384615384615384,0.25925925925925924,0.29463505008266205,0.583624704500092,0.9773242630385489,0.5469455740905141,0.21248408386373283,0.023242630385487528,0.0073696145124716545,0.020151196192945687,0.1057363908043606,-0.8025411860294527,0.7781972182607215,0.023242630385487528,0.023949679315004004
178,T13,对应染色体三标准差Z值规则,0.0,4.609523809523809,5.166666666666666,137.2238095238095,0.0,0.9675004196743328,0.0,,-0.03434026379127955,0.4837502098371664,0.933495302883058,0.3384828727745981,0.02690456430512192,0.03514739229024943,0.03135730482669258,,,,,,
178,T13,L1正则多因素逻辑回归,1.0833333333333333,3.7,4.083333333333333,138.13333333333333,0.20967741935483872,0.9739130434782609,0.2264808362369338,0.21775544388609713,0.19054779278429562,0.5917952314165498,0.9470521541950113,0.6017463867393744,0.17947495370824973,0.03514739229024943,0.03253968253968254,0.03227171690302382,0.15737255410916232,-1.7965739997216918,0.3911792066008288,0.03514739229024943,0.03318695622070773
178,T18,对应染色体三标准差Z值规则,0.0,5.402380952380952,8.55,133.04761904761907,0.0,0.9609795525288483,0.0,,-0.04854016012689687,0.48048977626442413,0.905085843861354,0.6253433364050283,0.08125274828629213,0.05816326530612244,0.03675089083252348,,,,,,
178,T18,L1正则多因素逻辑回归,3.75,2.6666666666666665,4.800000000000001,135.78333333333333,0.43859649122807015,0.9807391356687132,0.5844155844155845,0.5011135857461024,0.48036310275277744,0.7096678134483917,0.9492063492063492,0.9097372592966039,0.563791501147717,0.05816326530612244,0.04365079365079365,0.036992617702271316,0.13733892311305218,-0.20029502495396617,1.0131378338066943,0.05816326530612244,0.06697369530653759
178,T21,对应染色体三标准差Z值规则,0.0,0.0,3.8333333333333335,143.16666666666666,0.0,1.0,,,,0.5,0.973922902494331,0.5235316235113775,0.03583580579978604,0.02607709750566893,0.0,,,,,,
178,T21,L1正则多因素逻辑回归,0.3333333333333333,0.0,3.5,143.16666666666666,0.08695652173913043,1.0,1.0,0.16,0.291344165764309,0.5434782608695652,0.9761904761904762,0.5778407652983755,0.1240211446656515,0.02607709750566893,0.0022675736961451248,0.02395827288683209,0.11741707675473359,-0.8253855905337146,0.7370247670774372,0.02607709750566893,0.02356825752861333
179,T13,对应染色体三标准差Z值规则,0.0,3.426190476190476,3.25,140.32380952380953,0.0,0.9761656314699794,0.0,,-0.023227683174221237,0.4880828157349897,0.9545837382572077,0.30241673302542854,0.017001168194136922,0.022108843537414966,0.02330741820537739,,,,,,
179,T13,L1正则多因素逻辑回归,0.75,3.9,2.5,139.85,0.23076923076923078,0.9728695652173913,0.16129032258064516,0.189873417721519,0.17108065943695444,0.6018193979933111,0.9564625850340136,0.5863591867070127,0.18657104896134868,0.022108843537414966,0.031632653061224494,0.022296888521030362,0.115908872290419,-2.3684245233446206,0.3640658431547895,0.022108843537414966,0.03548968955563348
179,T18,对应染色体三标准差Z值规则,0.0,6.892857142857142,11.750000000000002,128.35714285714286,0.0,0.9490361763929231,0.0,,-0.0653762185605956,0.4745180881964616,0.8731778425655977,0.6289641120144128,0.10697445274461134,0.07993197278911565,0.04689018464528668,,,,,,
179,T18,L1正则多因素逻辑回归,4.5,2.6666666666666665,7.25,132.58333333333331,0.3829787234042553,0.9802834257547752,0.627906976744186,0.47577092511013214,0.4574501353114506,0.6816310745795153,0.9325396825396826,0.835974208143949,0.5506701569074774,0.07993197278911565,0.048752834467120185,0.052251925123732126,0.20573920692633654,-0.28622692910565184,0.7521335043446573,0.07993197278911565,0.0712055635307103
179,T21,对应染色体三标准差Z值规则,0.0,0.0,2.9166666666666665,144.08333333333334,0.0,1.0,,,,0.5,0.9801587301587302,0.6654576787337259,0.03379259613896141,0.01984126984126984,0.0,,,,,,
179,T21,L1正则多因素逻辑回归,0.0,0.0,2.9166666666666665,144.08333333333334,0.0,1.0,,,,0.5,0.9801587301587302,0.32426623859491743,0.017832988681138567,0.01984126984126984,0.0,0.019987727738551595,0.11273729694188867,-7.793497641472163,-0.9193357872097252,0.01984126984126984,0.022811769066173777
180,T13,对应染色体三标准差Z值规则,0.2,3.554761904761905,4.95,138.2952380952381,0.038834951456310676,0.9749399936216997,0.05326569435637286,0.04491978609625668,0.01605376355529325,0.5068874725390052,0.9421444768383542,0.36782966081315566,0.03343604524576581,0.03503401360544217,0.025542597991577584,,,,,,
180,T13,L1正则多因素逻辑回归,1.0833333333333333,3.4,4.066666666666666,138.45,0.21035598705501618,0.9760310186817059,0.24163568773234198,0.22491349480968859,0.1992969137036301,0.593193502868361,0.9492063492063492,0.5737699975767675,0.16750616549706318,0.03503401360544217,0.030498866213151926,0.03320823543150153,0.1631082662065773,-2.208378257527787,0.28489068943099594,0.03503401360544217,0.03456643151594158
180,T18,对应染色体三标准差Z值规则,0.0,5.421428571428572,9.716666666666667,131.86190476190475,0.0,0.9605092006451724,0.0,,-0.05206044206776121,0.4802546003225862,0.8970197602850664,0.6353285390533338,0.0929629736009987,0.06609977324263039,0.03688046647230321,,,,,,
180,T18,L1正则多因素逻辑回归,2.0,3.75,7.716666666666668,133.53333333333333,0.20583190394511144,0.9726842296952775,0.34782608695652173,0.2586206896551724,0.22877938151322946,0.5892580668201944,0.9219954648526077,0.8314705101981109,0.4267732678290716,0.06609977324263039,0.0391156462585034,0.049484752719087075,0.18920336496226725,-0.27074965630894104,0.8030619547770722,0.06609977324263039,0.06063683098587988
180,T21,对应染色体三标准差Z值规则,0.0,0.0,4.083333333333333,142.91666666666666,0.0,1.0,,,,0.5,0.9722222222222222,0.5771578168960212,0.04088086202246649,0.027777777777777776,0.0,,,,,,
180,T21,L1正则多因素逻辑回归,0.3333333333333333,0.0,3.75,142.91666666666663,0.0816326530612245,1.0,1.0,0.1509433962264151,0.2820380374088831,0.5408163265306123,0.9744897959183674,0.5472114510110585,0.1190085823784506,0.027777777777777776,0.0022675736961451248,0.02567031133362992,0.12648118850264786,-1.4017297255291876,0.5594260738132495,0.027777777777777776,0.023595853329292513
181,T13,对应染色体三标准差Z值规则,0.4,4.8500000000000005,9.45,132.3,0.04060913705583757,0.964637258476121,0.07619047619047618,0.05298013245033113,0.007068640020041981,0.5026231977659793,0.9027210884353742,0.5323580206540248,0.10321569614015627,0.06700680272108844,0.03571428571428571,,,,,,
181,T13,L1正则多因素逻辑回归,1.1666666666666665,0.75,8.683333333333334,136.4,0.11844331641285955,0.994531534815895,0.608695652173913,0.19830028328611896,0.2490093999781885,0.5564874256143773,0.9358276643990929,0.5656740593830113,0.26250588354372,0.06700680272108844,0.013038548752834465,0.057658933991432244,0.27290222112375695,-1.2660359909665602,0.3552514509630494,0.06700680272108844,0.03676238593464748
181,T18,对应染色体三标准差Z值规则,0.0,5.892857142857142,14.116666666666665,126.99047619047619,0.0,0.9556539033523858,0.0,,-0.06660690905974108,0.4778269516761929,0.8638807904114026,0.5530530667217637,0.10685874035797063,0.09603174603174604,0.04008746355685131,,,,,,
181,T18,L1正则多因素逻辑回归,4.35,2.583333333333333,9.766666666666666,130.3,0.30814639905548996,0.9805593879342781,0.6274038461538461,0.4133016627078385,0.4012530894290318,0.644352893494884,0.9159863945578232,0.8558425079312946,0.5775820448207925,0.09603174603174604,0.047165532879818596,0.05977879104226858,0.2241017612515489,0.07227240413690869,0.826614898249363,0.09603174603174604,0.07556755739570968
181,T21,对应染色体三标准差Z值规则,0.0,0.0,3.4999999999999996,143.5,0.0,1.0,,,,0.5,0.9761904761904762,0.3913366043281423,0.022142486301813202,0.023809523809523808,0.0,,,,,,
181,T21,L1正则多因素逻辑回归,1.1666666666666665,1.0,2.333333333333333,142.5,0.3333333333333333,0.9930313588850174,0.5384615384615384,0.41176470588235287,0.4128885383475083,0.6631823461091754,0.9773242630385487,0.6383966594767987,0.36211651272963863,0.023809523809523808,0.014739229024943309,0.018127598019030744,0.09592308188956186,0.17718303064617946,1.1262882756102246,0.023809523809523808,0.028782956355530367
182,T13,对应染色体三标准差Z值规则,0.8,2.354761904761905,5.066666666666666,138.7785714285714,0.13636363636363638,0.9833153384168971,0.25358490566037734,0.17735550277117973,0.16165804693033428,0.5598394873902668,0.9495140913508262,0.4905435627787423,0.09562193302568228,0.0399092970521542,0.02146096533851636,,,,,,
182,T13,L1正则多因素逻辑回归,1.3333333333333333,5.25,4.533333333333333,135.88333333333333,0.22727272727272727,0.9628011336797355,0.20253164556962025,0.21419009370816597,0.179887360919009,0.5950369304762314,0.9334467120181406,0.6445922847818217,0.16956591745455843,0.0399092970521542,0.04478458049886621,0.03833626574153154,0.17138184587642916,-1.5806643393238433,0.4362896539996688,0.0399092970521542,0.04027862775191376
182,T18,对应染色体三标准差Z值规则,0.0,6.173809523809524,12.016666666666667,128.80952380952382,0.0,0.9542624309879527,0.0,,-0.06247220435280894,0.47713121549397636,0.8762552640103661,0.6135875635634087,0.10565482571268299,0.08174603174603173,0.041998704243602206,,,,,,
182,T18,L1正则多因素逻辑回归,3.95,4.75,8.066666666666666,130.23333333333335,0.3287101248266297,0.9648104704284479,0.4540229885057472,0.38133547868061146,0.34080028131592616,0.6467602976275388,0.91281179138322,0.8466219976962817,0.5362175727455223,0.08174603174603173,0.05918367346938775,0.05456493789344503,0.2064647308239982,-0.31772955165563216,0.7617033097034114,0.08174603174603173,0.07686452547723402
182,T21,对应染色体三标准差Z值规则,0.0,0.0,3.8333333333333335,143.16666666666669,0.0,1.0,,,,0.5,0.973922902494331,0.6270236950375634,0.04633798413892304,0.02607709750566893,0.0,,,,,,
182,T21,L1正则多因素逻辑回归,0.3333333333333333,0.0,3.5,143.16666666666669,0.08695652173913043,1.0,1.0,0.16,0.29134416576430905,0.5434782608695652,0.9761904761904762,0.4696581320183082,0.11287317637747399,0.02607709750566893,0.0022675736961451248,0.024231227051899968,0.12432164135755408,-2.4786509082046555,0.2930368274739633,0.02607709750566893,0.023975470304020932
183,T13,对应染色体三标准差Z值规则,0.0,2.85,4.166666666666666,139.98333333333335,0.0,0.980046674445741,0.0,,-0.024015669597933543,0.4900233372228705,0.9522675736961452,0.3522250375062509,0.022616580159768626,0.028344671201814053,0.019387755102040816,,,,,,
183,T13,L1正则多因素逻辑回归,1.0833333333333333,3.0,3.083333333333333,139.83333333333331,0.26,0.9789964994165694,0.2653061224489796,0.2626262626262626,0.24135252606986887,0.6194982497082847,0.9586167800453516,0.7089254875812637,0.25686835056781243,0.028344671201814053,0.027777777777777776,0.024905615386294377,0.1181304634508139,-1.1053486558042338,0.6741538425720994,0.028344671201814053,0.03423868325140196
183,T18,对应染色体三标准差Z值规则,0.0,7.026190476190476,8.95,131.02380952380952,0.0,0.9491040168331005,0.0,,-0.05704661511413381,0.47455200841655026,0.8913184321347586,0.5656069764329461,0.0714605497290019,0.060884353741496595,0.04779721412374473,,,,,,
183,T18,L1正则多因素逻辑回归,2.75,2.9166666666666665,6.2,135.13333333333333,0.30726256983240224,0.978872389230955,0.4852941176470589,0.3762827822120866,0.35539761633630745,0.6430674795316786,0.9379818594104308,0.8427533427199567,0.45026932770281813,0.060884353741496595,0.03854875283446712,0.04539448675710828,0.17271866289283372,-0.6142825159672048,0.7518648889055248,0.060884353741496595,0.06733399124167279
183,T21,对应染色体三标准差Z值规则,0.0,0.0,2.8333333333333335,144.16666666666669,0.0,1.0,,,,0.5,0.9807256235827664,0.5432952834312914,0.028866637644393903,0.01927437641723356,0.0,,,,,,
183,T21,L1正则多因素逻辑回归,0.3333333333333333,0.0,2.5,144.16666666666666,0.1176470588235294,1.0,1.0,0.21052631578947364,0.34006133451180026,0.5588235294117647,0.9829931972789115,0.7554140962743479,0.176682569845142,0.01927437641723356,0.0022675736961451248,0.01713061742180222,0.08476572849782572,1.0619320784427329,1.378754064640551,0.01927437641723356,0.023893683459431297
184,T13,对应染色体三标准差Z值规则,0.2,2.6,6.383333333333334,137.81666666666666,0.030379746835443037,0.9814836795252226,0.07142857142857142,0.04262877442273534,0.017950673394249828,0.5059317131803328,0.9388888888888888,0.38956486961685466,0.040238171596549056,0.04478458049886621,0.019047619047619046,,,,,,
184,T13,L1正则多因素逻辑回归,1.5,4.7,5.083333333333334,135.71666666666667,0.22784810126582278,0.9665281899109793,0.24193548387096772,0.2346805736636245,0.20002227904577397,0.597188145588401,0.9334467120181406,0.6741226758817565,0.3428208500269909,0.04478458049886621,0.042176870748299324,0.036062861257388494,0.16674616366629605,-0.7580550831909152,0.6829536163486859,0.04478458049886621,0.042054210671472615
184,T18,对应染色体三标准差Z值规则,0.0,4.692857142857142,13.216666666666667,129.09047619047618,0.0,0.9649219598141985,0.0,,-0.057077544257921754,0.48246097990709924,0.8781665046971169,0.6248923095385955,0.13642934838047582,0.0899092970521542,0.03192419825072886,,,,,,
184,T18,L1正则多因素逻辑回归,5.2,4.166666666666666,8.016666666666666,129.61666666666667,0.3934426229508197,0.9688551139902829,0.5551601423487544,0.4605166051660517,0.4243002125825103,0.6811488684705513,0.9171201814058957,0.8559747584024258,0.5999135077762969,0.0899092970521542,0.063718820861678,0.053538818893509324,0.2083810878702674,-0.16558747517969075,0.8055315473009388,0.0899092970521542,0.08168951503079695
184,T21,对应染色体三标准差Z值规则,0.0,0.0,4.166666666666666,142.83333333333331,0.0,1.0,,,,0.5,0.971655328798186,0.4487952436517197,0.030955786997114716,0.028344671201814053,0.0,,,,,,
184,T21,L1正则多因素逻辑回归,1.25,0.5,2.9166666666666665,142.33333333333331,0.30000000000000004,0.9964994165694282,0.7142857142857143,0.42253521126760574,0.4536865592058252,0.6482497082847141,0.9767573696145125,0.606437961882536,0.33595073469683234,0.028344671201814053,0.011904761904761904,0.021856289567489338,0.11326127335430831,0.02506657130798351,1.004508066863749,0.028344671201814053,0.02807683143388854
185,T13,对应染色体三标准差Z值规则,0.2,2.354761904761905,8.4,136.0452380952381,0.023255813953488375,0.9829858243875584,0.0782851817334576,0.035859124866595524,0.011209572265205888,0.5031208191705234,0.9268383543893747,0.5231352900415442,0.11196088190643338,0.058503401360544216,0.017379332685455134,,,,,,
185,T13,L1正则多因素逻辑回归,1.3333333333333333,2.7,7.266666666666667,135.7,0.15503875968992248,0.9804913294797689,0.3305785123966942,0.21108179419525067,0.19471685267817646,0.5677650445848457,0.9321995464852607,0.5474755858228938,0.2101466544762086,0.058503401360544216,0.02743764172335601,0.052312632254606035,0.2507379967943247,-1.6300999856927034,0.2955591541107838,0.058503401360544216,0.03868977513652517
185,T18,对应染色体三标准差Z值规则,0.0,3.471428571428571,15.383333333333335,128.14523809523808,0.0,0.973624703775394,0.0,,-0.05316853784019422,0.486812351887697,0.8717363135730481,0.6125192138208314,0.13630250033394006,0.10464852607709751,0.02361516034985423,,,,,,
185,T18,L1正则多因素逻辑回归,7.15,2.0,8.233333333333334,129.61666666666667,0.4647887323943662,0.984804356084589,0.7814207650273224,0.5828804347826086,0.5696214869492325,0.7247965442394776,0.9303854875283447,0.8849393102265026,0.7119322028587886,0.10464852607709751,0.06224489795918368,0.05241109943481665,0.20526742590764285,0.39539555351345035,0.9310105477345738,0.10464852607709751,0.07953122899335494
185,T21,对应染色体三标准差Z值规则,0.0,0.0,3.25,143.75,0.0,1.0,,,,0.5,0.9778911564625851,0.4380778255560862,0.022097982856999668,0.022108843537414966,0.0,,,,,,
185,T21,L1正则多因素逻辑回归,0.8333333333333333,1.0,2.4166666666666665,142.75,0.2564102564102564,0.9930434782608696,0.45454545454545453,0.3278688524590163,0.3305075979311695,0.624726867335563,0.9767573696145125,0.5808725380899291,0.27961738248179274,0.022108843537414966,0.012471655328798185,0.018175947607075627,0.09626475053714481,-0.22993668941042988,0.9968665828957113,0.022108843537414966,0.027061264805120312
186,T13,对应染色体三标准差Z值规则,0.0,3.1166666666666667,4.6000000000000005,139.28333333333333,0.0,0.9781132958801497,0.0,,-0.02645232524885693,0.48905664794007486,0.9475056689342404,0.4251962560386475,0.027280181192585396,0.03129251700680272,0.021201814058956915,,,,,,
186,T13,L1正则多因素逻辑回归,0.75,1.95,3.85,140.45,0.16304347826086957,0.986306179775281,0.27777777777777773,0.2054794520547945,0.19365249439444837,0.5746748290180753,0.9605442176870748,0.6562105622048527,0.20237001379913055,0.03129251700680272,0.018367346938775512,0.028871721093427127,0.1364255763161712,-1.5125773783406073,0.5429341088469078,0.03129251700680272,0.038946759054270606
186,T18,对应染色体三标准差Z值规则,0.0,6.666666666666667,10.316666666666665,130.01666666666665,0.0,0.9512254603097184,0.0,,-0.059880562107611834,0.4756127301548592,0.8844671201814059,0.5870508324864439,0.08600751031299637,0.0701814058956916,0.04535147392290249,,,,,,
186,T18,L1正则多因素逻辑回归,3.45,2.333333333333333,6.866666666666667,134.35,0.3344103392568659,0.9829289111084013,0.5965417867435159,0.4285714285714286,0.416983798633543,0.6586696251826336,0.9374149659863944,0.8394541506522613,0.44088681630224036,0.0701814058956916,0.03934240362811791,0.050387275777663436,0.19034457451356485,-0.37833263127550487,0.8034584783709986,0.0701814058956916,0.07103925297996791
186,T21,对应染色体三标准差Z值规则,0.0,0.0,2.333333333333333,144.66666666666666,0.0,1.0,,,,0.5,0.9841269841269841,0.3951448321263989,0.015055003611654844,0.015873015873015872,0.0,,,,,,
186,T21,L1正则多因素逻辑回归,0.5,1.0,1.8333333333333333,143.66666666666666,0.2142857142857143,0.9930875576036866,0.3333333333333333,0.26086956521739124,0.25789818384225205,0.6036866359447004,0.9807256235827664,0.6919848584595133,0.241620046690182,0.015873015873015872,0.01020408163265306,0.013586657096715731,0.07291301404007877,0.5059438524663434,1.303082171693677,0.015873015873015872,0.024975789157174758
187,T13,对应染色体三标准差Z值规则,0.2,1.8333333333333333,6.8,138.16666666666669,0.028571428571428574,0.9869047619047618,0.09836065573770493,0.04428044280442805,0.0282188127331177,0.5077380952380952,0.9412698412698411,0.3861434240362811,0.044797057026142034,0.047619047619047616,0.01383219954648526,,,,,,
187,T13,L1正则多因素逻辑回归,1.8333333333333333,6.5,5.166666666666666,133.5,0.2619047619047619,0.9535714285714286,0.21999999999999997,0.2391304347826087,0.19843437686821538,0.6077380952380953,0.9206349206349207,0.6157593537414969,0.2872546473873678,0.047619047619047616,0.05668934240362811,0.040458882177209554,0.1948076969485701,-1.384683001073775,0.45096693183743225,0.047619047619047616,0.045477846305999305
187,T18,对应染色体三标准差Z值规则,0.0,6.833333333333333,9.833333333333332,130.33333333333331,0.0,0.9501822600243013,0.0,,-0.05911803886381645,0.47509113001215064,0.8866213151927438,0.5098636653829522,0.0701416625401629,0.06689342403628118,0.04648526077097506,,,,,,
187,T18,L1正则多因素逻辑回归,4.7,2.0,5.133333333333333,135.16666666666669,0.4779661016949153,0.9854191980558931,0.7014925373134329,0.5685483870967742,0.5550737485637353,0.7316926498754042,0.9514739229024942,0.9008933830343722,0.6811770131781201,0.06689342403628118,0.04557823129251701,0.035008051872951126,0.1390274869171002,-0.1579913167259672,1.0107035507451805,0.06689342403628118,0.07387846174165615
187,T21,对应染色体三标准差Z值规则,0.0,0.0,2.5833333333333335,144.41666666666666,0.0,1.0,,,,0.5,0.9824263038548752,0.4874523016212797,0.021319081909012,0.017573696145124714,0.0,,,,,,
187,T21,L1正则多因素逻辑回归,0.5833333333333333,0.5,2.0,143.91666666666666,0.22580645161290322,0.996537795729948,0.5384615384615384,0.3181818181818182,0.3415790895460014,0.6111721236714256,0.9829931972789115,0.5508515905664243,0.24242380287953263,0.017573696145124714,0.0073696145124716545,0.01492527591002394,0.08314280453106378,-0.5893088920852185,0.931855327419424,0.017573696145124714,0.024625096848343225
188,T13,对应染色体三标准差Z值规则,0.2,4.776190476190476,5.0666666666666655,136.95714285714286,0.037974683544303806,0.9663015723693053,0.04019138755980861,0.039051603905160395,0.004394794049345206,0.5021381279568046,0.9330417881438289,0.5168047536542036,0.04968138012968656,0.03582766439909297,0.03385163589245222,,,,,,
188,T13,L1正则多因素逻辑回归,1.5833333333333333,4.0,3.6833333333333336,137.73333333333335,0.30063291139240506,0.9717779868297272,0.2835820895522388,0.29185867895545314,0.2648691137752566,0.6362054491110661,0.947732426303855,0.6955113347362119,0.3723945267494495,0.03582766439909297,0.037981859410430835,0.02850552643862583,0.13524235766339782,-0.7174119938064725,0.7585840807364123,0.03582766439909297,0.03859259382082946
188,T18,对应染色体三标准差Z值规则,0.0,7.8619047619047615,11.283333333333333,127.85476190476192,0.0,0.9420711917334784,0.0,,-0.06853982312769974,0.4710355958667392,0.8697602850664076,0.5700191012223297,0.08919021128739314,0.07675736961451247,0.05348234531908001,,,,,,
188,T18,L1正则多因素逻辑回归,4.9,2.4166666666666665,6.383333333333334,133.29999999999998,0.43426883308714914,0.9821932948544763,0.6697038724373577,0.5268817204301074,0.5097789343885925,0.7082310639708127,0.9401360544217688,0.8810131269043792,0.653836922661677,0.07675736961451247,0.04977324263038549,0.04155261443244594,0.16458105213771826,-0.03208706866718943,0.9134729408114168,0.07675736961451247,0.07157154511937662
188,T21,对应染色体三标准差Z值规则,0.0,0.0,4.416666666666666,142.58333333333334,0.0,1.0,,,,0.5,0.9699546485260772,0.4992556487985621,0.03340227355219699,0.0300453514739229,0.0,,,,,,
188,T21,L1正则多因素逻辑回归,0.8333333333333333,1.0,3.583333333333333,141.58333333333334,0.18867924528301888,0.9929865575686733,0.45454545454545453,0.2666666666666667,0.2794478073489127,0.5908329014258461,0.9688208616780046,0.44789494329540447,0.21688255058645123,0.0300453514739229,0.012471655328798185,0.025884444967776695,0.13671861748339395,-1.6370843607393024,0.4756539525832654,0.0300453514739229,0.024872923153967497
189,T13,对应染色体三标准差Z值规则,0.4,2.0166666666666666,6.016666666666667,138.56666666666666,0.06233766233766234,0.9856550088915234,0.16551724137931037,0.09056603773584906,0.07711326442044494,0.5239963356145928,0.9453514739229025,0.4394441835579951,0.05079745849622082,0.043650793650793655,0.016439909297052156,,,,,,
189,T13,L1正则多因素逻辑回归,0.8333333333333333,5.4,5.583333333333333,135.18333333333334,0.12987012987012986,0.9615886188500296,0.1336898395721925,0.13175230566534912,0.09273353682057735,0.5457293743600797,0.9252834467120182,0.606383860867729,0.21913966008206837,0.043650793650793655,0.04240362811791383,0.03960389632063319,0.1882453318915796,-1.6237447350151393,0.3937967468815477,0.043650793650793655,0.04160616275903419
189,T18,对应染色体三标准差Z值规则,0.0,6.942857142857143,12.149999999999999,127.90714285714286,0.0,0.9485142221515971,0.0,,-0.0668311827133932,0.47425711107579854,0.8701166180758018,0.512673531601742,0.08422490392609164,0.0826530612244898,0.04723032069970846,,,,,,
189,T18,L1正则多因素逻辑回归,4.15,2.4166666666666665,8.0,132.43333333333334,0.34156378600823045,0.982078853046595,0.6319796954314721,0.4434550311665183,0.4313916754547779,0.6618213195274127,0.9291383219954649,0.873823194728453,0.6081294191544858,0.0826530612244898,0.04467120181405895,0.04871003838942181,0.1847990009768256,0.03629360111305074,0.8880389545576867,0.0826530612244898,0.07151240368372301
189,T21,对应染色体三标准差Z值规则,0.0,0.0,2.5,144.5,0.0,1.0,,,,0.5,0.9829931972789115,0.5199516669412864,0.021428603658211812,0.017006802721088437,0.0,,,,,,
189,T21,L1正则多因素逻辑回归,0.3333333333333333,0.0,2.1666666666666665,144.5,0.13333333333333333,1.0,1.0,0.23529411764705882,0.36244121780453775,0.5666666666666667,0.9852607709750567,0.652989509529302,0.1680729033820669,0.017006802721088437,0.0022675736961451248,0.015221367374405933,0.08062350546125553,-0.14004109997193037,1.0632584699165657,0.017006802721088437,0.023837120674426487
190,T13,对应染色体三标准差Z值规则,0.8,4.876190476190476,6.1499999999999995,135.17380952380952,0.11510791366906477,0.9651825028476224,0.14093959731543626,0.12672072411842356,0.0884426041196851,0.5401452082583436,0.9249919015225139,0.46373714853111997,0.06722185569391025,0.047278911564625846,0.03861354065435698,,,,,,
190,T13,L1正则多因素逻辑回归,1.25,3.75,5.699999999999999,136.3,0.1798561151079137,0.9732238486254909,0.25,0.2092050209205021,0.17923512999895597,0.5765399818667023,0.9357142857142858,0.7416848181066511,0.31273628406969733,0.047278911564625846,0.034013605442176874,0.03924317884232739,0.16616866375759914,-0.13490127758797688,0.8248251744426648,0.047278911564625846,0.034972055622959484
190,T18,对应染色体三标准差Z值规则,0.0,4.478571428571429,11.533333333333333,130.98809523809524,0.0,0.9669396794150731,0.0,,-0.0517238530155196,0.48346983970753654,0.8910754778101717,0.5208661146402944,0.08671095471312178,0.07845804988662132,0.030466472303207,,,,,,
190,T18,L1正则多因素逻辑回归,2.2,3.9166666666666665,9.333333333333332,131.55,0.19075144508670525,0.9710875984251969,0.35967302452316074,0.24929178470254962,0.21791630738177947,0.5809195217559511,0.9098639455782312,0.8732171100541625,0.4704373006979003,0.07845804988662132,0.04160997732426304,0.05491789484295153,0.1948953454258733,0.0681342397316545,0.9063484226779723,0.07845804988662132,0.0663343178185361
190,T21,对应染色体三标准差Z值规则,0.0,0.0,2.75,144.25,0.0,1.0,,,,0.5,0.9812925170068028,0.45727156853673306,0.02708136065210446,0.01870748299319728,0.0,,,,,,
190,T21,L1正则多因素逻辑回归,0.75,1.5,1.9999999999999998,142.75,0.2727272727272727,0.9896013864818024,0.3333333333333333,0.3,0.28951392160106415,0.6311643296045375,0.9761904761904762,0.7523702820063306,0.3170501947269179,0.01870748299319728,0.015306122448979591,0.015013121211151646,0.07730922382301567,1.0949030852129464,1.4511081141205326,0.01870748299319728,0.025666570916299234
191,T13,对应染色体三标准差Z值规则,0.0,2.683333333333333,5.916666666666666,138.4,0.0,0.9809805079740106,0.0,,-0.02792413722156511,0.4904902539870053,0.9414965986394558,0.6035920187397272,0.15027826634502559,0.04024943310657596,0.01825396825396825,,,,,,
191,T13,L1正则多因素逻辑回归,0.5833333333333333,2.25,5.333333333333333,138.83333333333331,0.09859154929577464,0.9840519787359716,0.20588235294117646,0.13333333333333333,0.11814191118149352,0.5413217640158732,0.9484126984126985,0.5987428409797236,0.14033973874405223,0.04024943310657596,0.01927437641723356,0.03836690763819709,0.1788772581058498,-1.7927726713470866,0.3578815562165186,0.04024943310657596,0.036838917448510804
191,T18,对应染色体三标准差Z值规则,0.0,5.9261904761904765,15.766666666666666,125.30714285714285,0.0,0.9548423382561051,0.0,,-0.07104155664625027,0.47742116912805255,0.8524295432458697,0.5984324271578172,0.13233987394149022,0.10725623582766439,0.04031422092646582,,,,,,
191,T18,L1正则多因素逻辑回归,8.0,4.25,7.766666666666667,126.98333333333332,0.5073995771670191,0.9676149352298704,0.6530612244897959,0.5710886377156454,0.5318222094098729,0.7375072561984448,0.9182539682539682,0.8925670291690931,0.7193272176938781,0.10725623582766439,0.08333333333333333,0.053508513572328296,0.20369136737753457,0.26204137409828515,0.9616557859216665,0.10725623582766439,0.0901799628671061
191,T21,对应染色体三标准差Z值规则,0.0,0.0,4.583333333333333,142.41666666666666,0.0,1.0,,,,0.5,0.9688208616780045,0.5130874742577493,0.03511312116979825,0.031179138321995464,0.0,,,,,,
191,T21,L1正则多因素逻辑回归,0.3333333333333333,0.0,4.25,142.41666666666666,0.07272727272727272,1.0,1.0,0.13559322033898305,0.2657439269498812,0.5363636363636364,0.9710884353741497,0.4735838532444728,0.10381079672751402,0.031179138321995464,0.0022675736961451248,0.029248598025777766,0.1457106794459536,-2.711168184063417,0.18659938550582128,0.031179138321995464,0.025220196395423892
192,T13,对应染色体三标准差Z值规则,0.2,4.96904761904762,6.033333333333333,135.79761904761904,0.03208556149732621,0.9647001116335713,0.0386918470750806,0.03508039256629777,-0.003516489717220694,0.49839283656544875,0.9251538710722382,0.3198401763994944,0.03333423951362463,0.04240362811791382,0.0351635892452219,,,,,,
192,T13,L1正则多因素逻辑回归,2.0,3.45,4.233333333333333,137.31666666666666,0.32085561497326204,0.9754913568553162,0.36697247706422015,0.34236804564907275,0.3160511646945674,0.6481734859142891,0.9477324263038549,0.6683841189802942,0.3602183815431503,0.04240362811791382,0.03707482993197279,0.03399368832028738,0.16134223505199544,-0.7202417378209831,0.6746565344323272,0.04240362811791382,0.0359994191350558
192,T18,对应染色体三标准差Z值规则,0.0,5.902380952380953,7.800000000000001,133.29761904761904,0.0,0.957597837985769,0.0,,-0.048415169789123635,0.4787989189928845,0.9067865241334628,0.5773780285274539,0.07073897228149909,0.053061224489795916,0.040152251376741166,,,,,,
192,T18,L1正则多因素逻辑回归,2.0,2.9166666666666665,5.800000000000001,136.28333333333333,0.2564102564102564,0.9790469348659004,0.4067796610169492,0.3145478374836173,0.2935431339975651,0.6177285956380785,0.940702947845805,0.8251019913196638,0.4475951956683744,0.053061224489795916,0.03344671201814058,0.039419144419389554,0.15898796396966053,-0.7311047366629635,0.7592065784294545,0.053061224489795916,0.06451020306044819
192,T21,对应染色体三标准差Z值规则,0.0,0.0,4.0,143.0,0.0,1.0,,,,0.5,0.9727891156462585,0.5149485930735932,0.04195320855296297,0.027210884353741496,0.0,,,,,,
192,T21,L1正则多因素逻辑回归,1.25,0.5,2.75,142.5,0.3125,0.9965034965034965,0.7142857142857143,0.43478260869565216,0.46353690127363373,0.6545017482517482,0.9778911564625851,0.7189487595737596,0.3547164801177374,0.027210884353741496,0.011904761904761904,0.020484957365615192,0.09888562255155245,1.2778550067281,1.379332805017812,0.027210884353741496,0.026174976974489932
193,T13,对应染色体三标准差Z值规则,0.8,2.8666666666666663,4.8,138.53333333333333,0.14285714285714288,0.9797265440829797,0.21818181818181823,0.17266187050359716,0.15046728406946558,0.5612918434700612,0.9478458049886622,0.5326633747558431,0.08668562655817673,0.03809523809523809,0.02494331065759637,,,,,,
193,T13,L1正则多因素逻辑回归,0.25,3.2,5.35,138.20000000000002,0.044642857142857144,0.9773691654879775,0.07246376811594203,0.05524861878453039,0.02783348087595341,0.5110060113154173,0.9418367346938775,0.5184271934846549,0.06821982983722863,0.03809523809523809,0.02346938775510204,0.03831854218255737,0.19233224064518933,-2.7393198145586632,0.11407229843342553,0.03809523809523809,0.03247778208761663
193,T18,对应染色体三标准差Z值规则,0.0,5.916666666666667,8.200000000000001,132.88333333333333,0.0,0.9573727185398656,0.0,,-0.049775185640425566,0.4786863592699328,0.9039682539682539,0.5638345126246653,0.07061095711251321,0.055782312925170066,0.04024943310657596,,,,,,
193,T18,L1正则多因素逻辑回归,1.5,3.0,6.700000000000001,135.79999999999998,0.18292682926829265,0.978386167146974,0.3333333333333333,0.23622047244094482,0.21491034856656555,0.5806564982076333,0.9340136054421769,0.8892762099450966,0.4202003438674687,0.055782312925170066,0.030612244897959183,0.04238880171902251,0.14993927307482693,-0.21518154787589716,0.9136764874276702,0.055782312925170066,0.05793725113178515
193,T21,对应染色体三标准差Z值规则,0.0,0.0,3.333333333333333,143.66666666666669,0.0,1.0,,,,0.5,0.9773242630385487,0.5816918020108275,0.031581357833581195,0.022675736961451243,0.0,,,,,,
193,T21,L1正则多因素逻辑回归,0.0,0.0,3.333333333333333,143.66666666666669,0.0,1.0,,,,0.5,0.9773242630385487,0.5162635344160866,0.03590790953633878,0.022675736961451243,0.0,0.022335783740877597,0.1141553650595902,-3.9392178181666275,-0.043830067439593556,0.022675736961451243,0.022610017348871865
194,T13,对应染色体三标准差Z值规则,0.2,1.7166666666666668,6.416666666666666,138.66666666666666,0.03022670025188917,0.9877715778226285,0.10434782608695653,0.04687500000000001,0.032894728271118376,0.5089991390372588,0.9446712018140588,0.6436683423819224,0.11778031220239789,0.04501133786848072,0.013038548752834467,,,,,,
194,T13,L1正则多因素逻辑回归,1.5833333333333333,5.1,5.033333333333333,135.28333333333336,0.23929471032745592,0.9636709011041197,0.23690773067331672,0.23809523809523808,0.20199874632214715,0.6014828057157878,0.9310657596371883,0.665375571445703,0.30134916813155893,0.04501133786848072,0.04546485260770975,0.03788508430958071,0.17376021247603615,-0.9117053814155248,0.5989631522206897,0.04501133786848072,0.03823414270104308
194,T18,对应染色体三标准差Z值规则,0.0,3.9357142857142855,11.683333333333334,131.38095238095238,0.0,0.9709147854239615,0.0,,-0.04873645143300013,0.48545739271198074,0.8937479753806284,0.5474259373545299,0.0920479316565716,0.07947845804988662,0.026773566569484937,,,,,,
194,T18,L1正则多因素逻辑回归,5.1,3.6666666666666665,6.583333333333334,131.65,0.4365192582025677,0.9729030668801577,0.5817490494296578,0.49877750611246946,0.4676348966731666,0.7047111625413627,0.9302721088435374,0.8768528300486853,0.6582866846298135,0.07947845804988662,0.05963718820861677,0.04388901004791075,0.17180529395133085,-0.2698166870373425,0.8698849889641161,0.07947845804988662,0.08220192920449435
194,T21,对应染色体三标准差Z值规则,0.0,0.0,4.0,143.0,0.0,1.0,,,,0.5,0.9727891156462585,0.4984473859473859,0.03113289848832151,0.027210884353741496,0.0,,,,,,
194,T21,L1正则多因素逻辑回归,0.5833333333333333,0.5,3.4166666666666665,142.5,0.14583333333333331,0.9965034965034965,0.5384615384615384,0.22950819672131142,0.2707583133927253,0.5711684149184149,0.9733560090702948,0.5556256243756243,0.18717575859551028,0.027210884353741496,0.0073696145124716545,0.024017550994204728,0.12148501386653168,-0.9956578291501659,0.6869225657657345,0.027210884353741496,0.025159819232666407
195,T13,对应染色体三标准差Z值规则,0.4,3.876190476190476,7.083333333333334,135.6404761904762,0.05345211581291759,0.9722170076966397,0.0935412026726058,0.06802996558007693,0.03357336678889207,0.5128345617547786,0.9254454162617428,0.5274221733165393,0.0986023939371963,0.05090702947845806,0.029089731130547455,,,,,,
195,T13,L1正则多因素逻辑回归,0.5,2.45,6.983333333333334,137.06666666666666,0.06681514476614699,0.9824393740293873,0.1694915254237288,0.09584664536741214,0.07720386315453892,0.5246272593977671,0.9358276643990929,0.6140913133090231,0.22429647090925983,0.05090702947845806,0.020068027210884354,0.04504732262502299,0.20771327832842784,-1.2685790120726836,0.4416087330383721,0.05090702947845806,0.03867453303807684
195,T18,对应染色体三标准差Z值规则,0.0,5.3690476190476195,14.916666666666666,126.7142857142857,0.0,0.9593510590356016,0.0,,-0.06543067827564472,0.4796755295178008,0.8620019436345967,0.5286331101885448,0.11383586042595963,0.10147392290249431,0.03652413346290897,,,,,,
195,T18,L1正则多因素逻辑回归,5.45,3.9166666666666665,9.466666666666667,128.16666666666669,0.3653631284916201,0.9703470031545742,0.5818505338078291,0.4488675360329444,0.4150209349108983,0.6678550658230972,0.9089569160997731,0.8789271124695055,0.636257734968047,0.10147392290249431,0.063718820861678,0.057885037746284396,0.21286161877737297,0.1985506547794597,0.9162189380085899,0.10147392290249431,0.08320508994116059
195,T21,对应染色体三标准差Z值规则,0.0,0.0,3.25,143.75,0.0,1.0,,,,0.5,0.9778911564625851,0.3660486630921411,0.018961639923817723,0.022108843537414966,0.0,,,,,,
195,T21,L1正则多因素逻辑回归,0.5,1.0,2.75,142.75,0.15384615384615385,0.9930434782608696,0.3333333333333333,0.21052631578947367,0.21491148451858405,0.5734448160535117,0.9744897959183674,0.5011824246606856,0.18153660546921926,0.022108843537414966,0.01020408163265306,0.019847995423103598,0.10505263984660142,-1.5227083160264019,0.603271901511163,0.022108843537414966,0.025671090826570334
196,T13,对应染色体三标准差Z值规则,0.0,2.838095238095238,6.083333333333333,138.07857142857142,0.0,0.9798597617639605,0.0,,-0.02915263752917046,0.48992988088198025,0.9393100097181729,0.3792575173504025,0.0423666058930737,0.041383219954648526,0.01930677032717849,,,,,,
196,T13,L1正则多因素逻辑回归,2.0,4.25,4.083333333333333,136.66666666666666,0.32876712328767127,0.9698403311649911,0.32,0.32432432432432434,0.2947734895353658,0.6493037272263312,0.9433106575963718,0.7064648692687545,0.307346750330733,0.041383219954648526,0.04251700680272109,0.03450106828769306,0.15552510705596576,-0.8591197000271816,0.6863269411307703,0.041383219954648526,0.04411025298580806
196,T18,对应染色体三标准差Z值规则,0.0,6.964285714285714,12.566666666666666,127.46904761904761,0.0,0.9481952463603839,0.0,,-0.06818289680443036,0.47409762318019194,0.8671363783608681,0.5258574258890615,0.08901230431912707,0.0854875283446712,0.04737609329446064,,,,,,
196,T18,L1正则多因素逻辑回归,5.25,4.5,7.316666666666667,129.93333333333334,0.4177718832891247,0.9665261591867097,0.5384615384615384,0.4705003734129948,0.4317906354547028,0.6921490212379172,0.9196145124716554,0.8911915781577282,0.6348208347182265,0.0854875283446712,0.0663265306122449,0.04857631441063952,0.18051541289118292,-0.07379381442424937,0.9852775293110559,0.0854875283446712,0.08811826642563832
196,T21,对应染色体三标准差Z值规则,0.0,0.0,5.333333333333334,141.66666666666669,0.0,1.0,,,,0.5,0.9637188208616779,0.37256608893557425,0.03319957390365484,0.036281179138321996,0.0,,,,,,
196,T21,L1正则多因素逻辑回归,1.25,0.5,4.083333333333334,141.16666666666666,0.23437499999999997,0.9964705882352941,0.7142857142857143,0.3529411764705882,0.3979950638785891,0.615422794117647,0.9688208616780045,0.679375087535014,0.31226053413917615,0.036281179138321996,0.011904761904761904,0.02911163724258807,0.13650688449410667,0.52100955949175,1.0732047093689954,0.036281179138321996,0.028256227589095892
197,T13,对应染色体三标准差Z值规则,0.2,1.5499999999999998,5.966666666666667,139.2833333333333,0.032432432432432434,0.9889940828402366,0.11428571428571431,0.05052631578947368,0.03960521871991508,0.5107132576363345,0.9488662131519273,0.4619432500970963,0.06985525343157631,0.04195011337868481,0.011904761904761904,,,,,,
197,T13,L1正则多因素逻辑回归,1.3333333333333333,3.9,4.833333333333333,136.93333333333334,0.21621621621621623,0.9723076923076923,0.25477707006369427,0.23391812865497078,0.20397086533294545,0.5942619542619543,0.9405895691609978,0.6161150533458226,0.22003374712405666,0.04195011337868481,0.035600907029478455,0.03777537301072517,0.17730396747767607,-1.5287398624161934,0.441672788188962,0.04195011337868481,0.042069025638279016
197,T18,对应染色体三标准差Z值规则,0.0,3.3976190476190475,11.799999999999999,131.80238095238096,0.0,0.9748696816004507,0.0,,-0.04544218222378107,0.48743484080022537,0.8966148364107548,0.5284816875022221,0.08712229986961931,0.08027210884353742,0.023113054745707805,,,,,,
197,T18,L1正则多因素逻辑回归,4.2,2.5,7.600000000000001,132.7,0.3559322033898305,0.981508875739645,0.6268656716417911,0.4540540540540541,0.4396034214080947,0.6687205395647378,0.9312925170068026,0.8729569720443254,0.5849442782489492,0.08027210884353742,0.04557823129251701,0.04971255353937461,0.18620997973139067,-0.017324410009640273,0.8904778909624126,0.08027210884353742,0.0716342293540742
197,T21,对应染色体三标准差Z值规则,0.0,0.0,4.583333333333333,142.41666666666666,0.0,1.0,,,,0.5,0.9688208616780045,0.410179670144562,0.02968951248814211,0.03117913832199547,0.0,,,,,,
197,T21,L1正则多因素逻辑回归,0.8333333333333333,1.0,3.7500000000000004,141.41666666666669,0.18181818181818177,0.9929783499122293,0.45454545454545453,0.2597402597402597,0.2737472541160324,0.5873982658652055,0.967687074829932,0.6761765950063202,0.26338151119591463,0.03117913832199547,0.012471655328798185,0.02634686373126569,0.1250156353212788,0.3046152800367737,1.0254387451069322,0.03117913832199547,0.02553538318494138
198,T13,对应染色体三标准差Z值规则,0.2,3.1261904761904757,6.233333333333333,137.4404761904762,0.031088082901554404,0.9777600867238049,0.060128847530422344,0.040985606245425715,0.012171673065000863,0.5044240848126796,0.9363297700032394,0.44764195959149533,0.04261108916154619,0.043764172335600905,0.02262714609653385,,,,,,
198,T13,L1正则多因素逻辑回归,1.8333333333333333,4.95,4.6,135.61666666666667,0.2849740932642487,0.9647853924590942,0.2702702702702703,0.27742749054224464,0.2435341071319074,0.6248797428616715,0.9350340136054422,0.6771263682458318,0.2985961185393879,0.043764172335600905,0.046145124716553285,0.03645081001080726,0.1694274919928339,-0.9554207847108044,0.5948179262767459,0.043764172335600905,0.03877019706022097
198,T18,对应染色体三标准差Z值规则,0.0,5.5095238095238095,11.516666666666666,129.9738095238095,0.0,0.9593343057483787,0.0,,-0.05753258528275957,0.4796671528741894,0.8841755749919016,0.5422439633923453,0.08601668911140142,0.07834467120181406,0.03747975380628442,,,,,,
198,T18,L1正则多因素逻辑回归,4.65,1.5833333333333333,6.866666666666666,133.9,0.4037626628075254,0.9883134456882765,0.7459893048128343,0.5239436619718311,0.522837374124537,0.696038054247901,0.9425170068027212,0.8993657243864335,0.6332528063420599,0.07834467120181406,0.04240362811791383,0.04498249015086843,0.16546568675255965,0.1637837099266966,0.9564612073601845,0.07834467120181406,0.06812110025481545
198,T21,对应染色体三标准差Z值规则,0.0,0.0,2.6666666666666665,144.33333333333331,0.0,1.0,,,,0.5,0.981859410430839,0.3565010516331242,0.019185455997902993,0.018140589569160998,0.0,,,,,,
198,T21,L1正则多因素逻辑回归,0.8333333333333333,1.0,1.8333333333333333,143.33333333333331,0.3125,0.9930715935334873,0.45454545454545453,0.3703703703703703,0.3674738980625832,0.6527857967667436,0.9807256235827666,0.7283306870669746,0.3458953294432498,0.018140589569160998,0.012471655328798185,0.014015622403982575,0.07330161760212722,1.103005155332577,1.4539989707468701,0.018140589569160998,0.024835053310364702
199,T13,对应染色体三标准差Z值规则,0.2,4.826190476190475,5.25,136.7238095238095,0.03669724770642202,0.9659046946224622,0.03979156797726197,0.03818181818181819,0.0027053737078204187,0.501300971164442,0.9314544865565274,0.6779343943052427,0.11250079652592913,0.03707482993197279,0.034191771946873985,,,,,,
199,T13,L1正则多因素逻辑回归,0.25,4.15,5.199999999999999,137.4,0.045871559633027525,0.9706817379018015,0.056818181818181816,0.050761421319796954,0.01835488248265484,0.5082766487674145,0.9363945578231293,0.5541902083986932,0.12614472495018172,0.03707482993197279,0.02993197278911565,0.03614430178278024,0.17419143304725343,-2.222913588664877,0.26845076633982773,0.03707482993197279,0.03865890144450294
199,T18,对应染色体三标准差Z值规则,0.0,4.652380952380952,15.683333333333334,126.66428571428571,0.0,0.9645712835203888,0.0,,-0.06247723372882347,0.4822856417601944,0.8616618075801749,0.6529392787791775,0.15039970845539907,0.10668934240362812,0.03164885001619696,,,,,,
199,T18,L1正则多因素逻辑回归,8.6,3.0,7.083333333333333,128.31666666666666,0.5483528161530287,0.9771544612260439,0.7413793103448276,0.6304215027489309,0.6017547393664682,0.7627536386895363,0.9314058956916099,0.8888759706285518,0.7259971263694432,0.10668934240362812,0.07891156462585033,0.05170806525423812,0.20056316909326577,0.1433971043271852,0.9411268455270996,0.10668934240362812,0.09453353476903306
199,T21,对应染色体三标准差Z值规则,0.0,0.0,2.083333333333333,144.91666666666669,0.0,1.0,,,,0.5,0.9858276643990929,0.6181518661518661,0.02895605773074254,0.014172335600907027,0.0,,,,,,
199,T21,L1正则多因素逻辑回归,0.25,0.5,1.8333333333333333,144.41666666666669,0.12000000000000002,0.9965497412305923,0.3333333333333333,0.17647058823529413,0.19336207318483675,0.5582748706152961,0.9841269841269841,0.5279721788657958,0.13902540242977102,0.014172335600907027,0.00510204081632653,0.013345939165351619,0.07690652806849406,-2.0241215981916025,0.5928585370313975,0.014172335600907027,0.025604456377455474
200,T13,对应染色体三标准差Z值规则,0.2,2.6880952380952383,5.366666666666667,138.7452380952381,0.03592814371257485,0.9809939059290934,0.06924979389942292,0.047310616727682345,0.02327398644509631,0.5084610248208341,0.9452057013281503,0.4719329900180783,0.05584025058756101,0.03786848072562358,0.01964690638160026,,,,,,
200,T13,L1正则多因素逻辑回归,0.5,3.7,5.066666666666666,137.73333333333335,0.08982035928143713,0.9738392646712233,0.11904761904761904,0.10238907849829351,0.07293715458475052,0.5318298119763302,0.9403628117913834,0.6352720638652662,0.18175893574619095,0.03786848072562358,0.028571428571428574,0.03426888021173375,0.1601009020374154,-1.3731630364801006,0.49459451601818594,0.03786848072562358,0.0343360919850089
200,T18,对应染色体三标准差Z值规则,0.0,5.947619047619048,12.583333333333334,128.46904761904761,0.0,0.9557523691435658,0.0,,-0.06282791551504976,0.4778761845717829,0.8739390994493035,0.5561196545804227,0.09664195191354397,0.08560090702947845,0.04045999352121801,,,,,,
200,T18,L1正则多因素逻辑回归,4.75,3.25,7.833333333333333,131.16666666666669,0.3774834437086093,0.9758214507129572,0.59375,0.46153846153846156,0.43573422334212597,0.6766524472107833,0.9246031746031745,0.8501350603921192,0.5849771987221689,0.08560090702947845,0.05442176870748299,0.05260796845558198,0.2038647617229561,-0.145430603830817,0.8141227058978912,0.08560090702947845,0.0765046097668776
200,T21,对应染色体三标准差Z值规则,0.0,0.0,2.833333333333333,144.16666666666669,0.0,1.0,,,,0.5,0.9807256235827664,0.5335187254092385,0.023007175817310488,0.01927437641723356,0.0,,,,,,
200,T21,L1正则多因素逻辑回归,0.0,0.0,2.833333333333333,144.16666666666669,0.0,1.0,,,,0.5,0.9807256235827664,0.5020066061106523,0.02277488636251634,0.01927437641723356,0.0,0.01926424064011234,0.09979395376683908,-3.770592301400546,0.04022269213826263,0.01927437641723356,0.02339913361867252
201,T13,对应染色体三标准差Z值规则,0.4,4.659523809523809,3.0000000000000004,138.9404761904762,0.11764705882352941,0.9675520626077728,0.07905882352941178,0.09456797072896145,0.07024959808862224,0.5425995607156511,0.9478943958535797,0.4929485141317435,0.04252338058964918,0.023129251700680274,0.0344185293164885,,,,,,
201,T13,L1正则多因素逻辑回归,0.8333333333333333,2.95,2.566666666666667,140.65,0.24509803921568624,0.9794568245125349,0.22026431718061673,0.23201856148491878,0.21315968041012343,0.6122774318641105,0.9624716553287983,0.7664776333003026,0.2749582004277016,0.023129251700680274,0.025736961451247164,0.02002616362848345,0.09480168013677157,-0.7964526225291886,0.8755468075038779,0.023129251700680274,0.03526396436882507
201,T18,对应染色体三标准差Z值规则,0.0,7.835714285714285,7.8,131.3642857142857,0.0,0.9437089490968801,0.0,,-0.05616982647710007,0.47185447454844004,0.8936345966958211,0.48868925548164055,0.05558178901027172,0.053061224489795916,0.053304178814382895,,,,,,
201,T18,L1正则多因素逻辑回归,1.45,4.0,6.3500000000000005,135.2,0.18589743589743588,0.9712643678160919,0.2660550458715596,0.21886792452830184,0.1864492906720766,0.5785809018567639,0.9295918367346937,0.8895425528866621,0.43016957846679993,0.053061224489795916,0.03707482993197279,0.03988704337868084,0.14362003323089528,-0.31060559324904935,0.9300287632660991,0.053061224489795916,0.06028182864921175
201,T21,对应染色体三标准差Z值规则,0.0,0.0,3.916666666666667,143.08333333333331,0.0,1.0,,,,0.5,0.9733560090702948,0.3762801096844887,0.022849265046411542,0.026643990929705215,0.0,,,,,,
201,T21,L1正则多因素逻辑回归,0.8333333333333333,1.0,3.0833333333333335,142.08333333333331,0.21276595744680848,0.9930110658124636,0.45454545454545453,0.28985507246376807,0.29860394513220984,0.6028885116296361,0.9722222222222223,0.66221886268727,0.2715049524166174,0.026643990929705215,0.012471655328798185,0.02202778869848052,0.10750070399118039,0.43891930659408146,1.106789455563099,0.026643990929705215,0.0247018054294966
202,T13,对应染色体三标准差Z值规则,0.2,2.2666666666666666,8.033333333333333,136.5,0.024291497975708506,0.9836656257506605,0.08108108108108109,0.03738317757009346,0.014244502850316584,0.5039785618631845,0.9299319727891155,0.5321902707581052,0.09763132073348729,0.05600907029478459,0.016780045351473923,,,,,,
202,T13,L1正则多因素逻辑回归,1.0833333333333333,4.0,7.15,134.76666666666665,0.13157894736842102,0.9711746336776363,0.21311475409836064,0.16270337922403,0.12931127631026706,0.5513767905230287,0.9241496598639456,0.4920453075629633,0.14433337132693821,0.05600907029478459,0.03458049886621315,0.05325110335912878,0.25544950133319866,-2.3284153423302674,0.12811468048523242,0.05600907029478459,0.04118845603792861
202,T18,对应染色体三标准差Z值规则,0.0,8.433333333333334,12.916666666666666,125.64999999999999,0.0,0.9371037911746427,0.0,,-0.07656989920010074,0.46855189558732135,0.8547619047619047,0.6332458950660601,0.11983241697861388,0.08786848072562357,0.057369614512471655,,,,,,
202,T18,L1正则多因素逻辑回归,7.0,4.5,5.916666666666667,129.58333333333331,0.5419354838709677,0.966438781852082,0.6086956521739131,0.5733788395904436,0.5359541220347933,0.7541871328615248,0.9291383219954649,0.912447001744221,0.68038148385655,0.08786848072562357,0.0782312925170068,0.04760817949236162,0.1706478529301863,-0.19146234386046693,0.9402273129189422,0.08786848072562357,0.09296818392029721
202,T21,对应染色体三标准差Z值规则,0.0,0.0,3.75,143.25,0.0,1.0,,,,0.5,0.9744897959183674,0.4492301725809581,0.027239924466875252,0.025510204081632654,0.0,,,,,,
202,T21,L1正则多因素逻辑回归,0.5833333333333333,0.5,3.1666666666666665,142.75,0.15555555555555553,0.9965095986038395,0.5384615384615384,0.24137931034482754,0.28032327128180207,0.5760325770796975,0.9750566893424036,0.7351043888565705,0.21412303330442023,0.025510204081632654,0.0073696145124716545,0.022076016719071768,0.10358140962747509,0.785053734222891,1.2500825889980023,0.025510204081632654,0.026301382046340933
203,T13,对应染色体三标准差Z值规则,0.0,3.404761904761904,5.433333333333334,138.16190476190476,0.0,0.9759494096673282,0.0,,-0.03016657648643455,0.4879747048336641,0.9398769031422093,0.3834211374033783,0.03014161888417592,0.03696145124716554,0.0231616456106252,,,,,,
203,T13,L1正则多因素逻辑回归,0.75,4.0,4.683333333333333,137.56666666666666,0.13803680981595093,0.9717447610077702,0.15789473684210525,0.14729950900163666,0.1171305483034773,0.5548907854118605,0.9409297052154195,0.5053850457311001,0.11265516576744217,0.03696145124716554,0.03231292517006803,0.03614723488651696,0.18252137723856143,-2.6609541026750785,0.14804824329969796,0.03696145124716554,0.03551981613598954
203,T18,对应染色体三标准差Z值规则,0.0,6.3309523809523816,12.45,128.21904761904761,0.0,0.9529472138167792,0.0,,-0.06453243825873975,0.4764736069083896,0.8722384191771947,0.6874640771387177,0.14227270779862516,0.0846938775510204,0.043067703271784906,,,,,,
203,T18,L1正则多因素逻辑回归,4.7,4.75,7.750000000000001,129.8,0.37751004016064255,0.9646971386101821,0.49735449735449744,0.4292237442922374,0.3884806940980817,0.6711035893854124,0.9149659863945578,0.8464912483304894,0.5766889555668047,0.0846938775510204,0.06428571428571428,0.054673906365699514,0.21116283733464852,-0.21130705646473674,0.7588635281096886,0.0846938775510204,0.07382922086113275
203,T21,对应染色体三标准差Z值规则,0.0,0.0,3.1666666666666665,143.83333333333334,0.0,1.0,,,,0.5,0.9784580498866213,0.6080336995443416,0.042367343145112556,0.021541950113378682,0.0,,,,,,
203,T21,L1正则多因素逻辑回归,0.5,1.0,2.6666666666666665,142.83333333333331,0.15789473684210528,0.9930475086906141,0.3333333333333333,0.2142857142857143,0.21805428646539163,0.5754711227663597,0.9750566893424036,0.5400325843577658,0.18826972600626737,0.021541950113378682,0.01020408163265306,0.019101014513568385,0.10081812279776102,-1.0162658969984126,0.75061525261151,0.021541950113378682,0.0249746069079646
204,T13,对应染色体三标准差Z值规则,0.0,2.4499999999999997,7.3500000000000005,137.2,0.0,0.9824561403508772,0.0,,-0.029867384554474952,0.4912280701754386,0.9333333333333332,0.3862275481897908,0.05215493378598649,0.049999999999999996,0.016666666666666666,,,,,,
204,T13,L1正则多因素逻辑回归,0.9166666666666666,1.75,6.433333333333334,137.89999999999998,0.12471655328798184,0.9874686716791979,0.34375,0.18302828618968386,0.1832028037193438,0.5560926124835899,0.9443310657596371,0.5613559172894831,0.18700281351671608,0.049999999999999996,0.018140589569160998,0.04480059487622432,0.21407452713462033,-1.5458251745026634,0.3576499834265805,0.049999999999999996,0.03439557840339332
204,T18,对应染色体三标准差Z值规则,0.0,5.9261904761904765,8.083333333333332,132.9904761904762,0.0,0.9573399605793127,0.0,,-0.04944047940453966,0.47866998028965635,0.9046971169420148,0.5178270502011525,0.05767215335617211,0.05498866213151927,0.04031422092646582,,,,,,
204,T18,L1正则多因素逻辑回归,2.95,2.9166666666666665,5.133333333333334,136.0,0.3649484536082474,0.979004199160168,0.5028409090909091,0.4229390681003584,0.4005535437107796,0.6719763263842077,0.9452380952380952,0.8557947085104334,0.5071200815974136,0.05498866213151927,0.0399092970521542,0.038669306996793475,0.15238319064184402,-0.5602994687686064,0.8512850179767911,0.05498866213151927,0.06768074849977285
204,T21,对应染色体三标准差Z值规则,0.0,0.0,3.1666666666666665,143.83333333333334,0.0,1.0,,,,0.5,0.9784580498866213,0.46607654710356416,0.02359661270997123,0.021541950113378682,0.0,,,,,,
204,T21,L1正则多因素逻辑回归,0.9166666666666666,0.5,2.25,143.33333333333334,0.2894736842105263,0.996523754345307,0.6470588235294118,0.4,0.42501418433399507,0.6429987192779167,0.9812925170068028,0.5339840040425512,0.30994557178896476,0.021541950113378682,0.00963718820861678,0.017120457092699316,0.09441822671050794,-0.32387530991005536,0.9663204353090754,0.021541950113378682,0.026184763977224194
205,T13,对应染色体三标准差Z值规则,0.2,5.030952380952381,3.3666666666666667,138.40238095238095,0.056074766355140186,0.9649248032933834,0.03823395539371871,0.04546684709066306,0.017441571299339976,0.5104997848242617,0.9428733398121153,0.27378025453102395,0.020824374824248447,0.024263038548752832,0.03558471007450599,,,,,,
205,T13,L1正则多因素逻辑回归,1.5,2.5,2.0666666666666664,140.93333333333334,0.42056074766355145,0.9825702997908436,0.375,0.3964757709251101,0.38124533629310325,0.7015655237271976,0.9689342403628118,0.7653783943701215,0.45088111178494156,0.024263038548752832,0.027210884353741496,0.01856055486330672,0.09250001216246412,-0.45425546671287986,1.03033544084541,0.024263038548752832,0.03801475447825108
205,T18,对应染色体三标准差Z值规则,0.0,6.699999999999999,8.549999999999999,131.75,0.0,0.9516070783676418,0.0,,-0.05430566586811107,0.4758035391838209,0.8962585034013606,0.5243298313061925,0.06104226129909887,0.05816326530612245,0.04557823129251701,,,,,,
205,T18,L1正则多因素逻辑回归,1.75,3.0,6.8,135.45,0.2046783625730994,0.9783315276273022,0.3684210526315789,0.2631578947368421,0.24223179951522938,0.5915049451002008,0.9333333333333332,0.8358637186575577,0.41166929237257116,0.05816326530612245,0.03231292517006803,0.044354984722832766,0.1704244252605588,-0.5239962053746821,0.7732362773397901,0.05816326530612245,0.061698395102168443
205,T21,对应染色体三标准差Z值规则,0.0,0.0,3.3333333333333335,143.66666666666666,0.0,1.0,,,,0.5,0.9773242630385487,0.3834657772621808,0.024411298446169384,0.022675736961451243,0.0,,,,,,
205,T21,L1正则多因素逻辑回归,1.25,0.5,2.083333333333333,143.16666666666666,0.37500000000000006,0.9965197215777262,0.7142857142857143,0.49180327868852464,0.5099436146734261,0.6857598607888631,0.9824263038548752,0.6419369406695392,0.39745457668378553,0.022675736961451243,0.011904761904761904,0.01642674378166628,0.08752369773390158,0.6125564562459671,1.2606632041711154,0.022675736961451243,0.027133107647053088
206,T13,对应染色体三标准差Z值规则,0.4,3.9880952380952377,6.916666666666667,135.6952380952381,0.05466970387243736,0.9714490258578076,0.09115572436245253,0.06834825061025224,0.03337836572308511,0.5130593648651225,0.9258179462261096,0.5093345982878358,0.07115772246819978,0.04977324263038549,0.029850988014253316,,,,,,
206,T13,L1正则多因素逻辑回归,1.1666666666666665,4.5,6.15,135.18333333333334,0.1594533029612756,0.9677842739529889,0.20588235294117646,0.17971758664955068,0.1437335611126483,0.5636187884571323,0.9275510204081632,0.6501518376390465,0.15946396824657552,0.04977324263038549,0.03854875283446712,0.046353318449221304,0.20255667520276127,-1.2914949282909987,0.44657332106169045,0.04977324263038549,0.0382314232173961
206,T18,对应染色体三标准差Z值规则,0.0,5.780952380952381,14.433333333333334,126.7857142857143,0.0,0.9563921117856244,0.0,,-0.06676044295275697,0.4781960558928122,0.8624878522837707,0.5890279463784682,0.117082610837315,0.0981859410430839,0.039326206673145445,,,,,,
206,T18,L1正则多因素逻辑回归,5.45,3.1666666666666665,8.983333333333334,129.4,0.37759815242494227,0.9761126477244154,0.632495164410058,0.47288503253796094,0.44806112968600553,0.6768554000746788,0.9173469387755102,0.8853072977273564,0.6347659373517722,0.0981859410430839,0.05861678004535148,0.05720237536322684,0.20653426400917005,0.09873226054453199,0.8755808602244821,0.0981859410430839,0.08242017521312421
206,T21,对应染色体三标准差Z值规则,0.0,0.0,3.083333333333333,143.91666666666669,0.0,1.0,,,,0.5,0.9790249433106575,0.4934006717446207,0.03099608005389288,0.0209750566893424,0.0,,,,,,
206,T21,L1正则多因素逻辑回归,0.6666666666666666,0.0,2.4166666666666665,143.91666666666669,0.21621621621621623,1.0,1.0,0.35555555555555557,0.46113495559282114,0.6081081081081081,0.9835600907029477,0.7835046229950688,0.2770815346679684,0.0209750566893424,0.0045351473922902496,0.017168292368098168,0.08456490218630701,1.2765349626011218,1.4560554140219772,0.0209750566893424,0.025473396358571376
207,T13,对应染色体三标准差Z值规则,0.0,2.8833333333333333,6.05,138.06666666666666,0.0,0.9795435733711718,0.0,,-0.029304577837078533,0.4897717866855859,0.9392290249433106,0.509070827720252,0.05621852114014441,0.041156462585034005,0.019614512471655327,,,,,,
207,T13,L1正则多因素逻辑回归,0.5833333333333333,2.25,5.466666666666667,138.7,0.09641873278236913,0.9840368925150763,0.20588235294117646,0.13133208255159473,0.11624797005599469,0.5402278126487228,0.9475056689342404,0.6247720661278018,0.16491625293169132,0.041156462585034005,0.01927437641723356,0.03930366593325806,0.17743646605331476,-1.6124589255898538,0.41640902671481794,0.041156462585034005,0.04083274800334261
207,T18,对应染色体三标准差Z值规则,0.0,5.942857142857143,12.399999999999999,128.65714285714284,0.0,0.9558480152833793,0.0,,-0.062300053055334245,0.47792400764168963,0.8752186588921282,0.6288251957783546,0.11116807691176475,0.08435374149659863,0.04042759961127308,,,,,,
207,T18,L1正则多因素逻辑回归,6.35,3.9166666666666665,6.05,130.68333333333334,0.5120967741935484,0.9709014363546311,0.6185064935064936,0.5602941176470588,0.5266559107651437,0.7414991052740898,0.9321995464852607,0.8659104197527484,0.6633349080658132,0.08435374149659863,0.06984126984126983,0.0461426561596336,0.1840492286680589,-0.23126806804223277,0.8756874966363135,0.08435374149659863,0.0861819498965654
207,T21,对应染色体三标准差Z值规则,0.0,0.0,3.75,143.25,0.0,1.0,,,,0.5,0.9744897959183674,0.4591109018101455,0.02597635134535263,0.025510204081632654,0.0,,,,,,
207,T21,L1正则多因素逻辑回归,0.3333333333333333,0.0,3.4166666666666665,143.25,0.08888888888888888,1.0,1.0,0.16326530612244897,0.2946492521934882,0.5444444444444444,0.9767573696145125,0.3688278222542327,0.10973374325955332,0.025510204081632654,0.0022675736961451248,0.02395703429822419,0.12854002971135645,-4.2525244816677805,-0.1530947076357294,0.025510204081632654,0.024934326301698458
208,T13,对应染色体三标准差Z值规则,0.0,3.9976190476190476,7.383333333333333,135.61904761904762,0.0,0.9713671788400211,0.0,,-0.038449143874419625,0.48568358942001055,0.9225785552316165,0.5625573269848645,0.09532442124735385,0.05022675736961451,0.02719468739876903,,,,,,
208,T13,L1正则多因素逻辑回归,0.8333333333333333,3.45,6.55,136.16666666666666,0.11286681715575621,0.9752894831085115,0.19455252918287935,0.14285714285714285,0.11447744887198093,0.5440781501321339,0.9319727891156463,0.6257829547181157,0.19010375133372973,0.05022675736961451,0.02913832199546485,0.04528216028342832,0.2074739988280653,-1.2914077481751904,0.42604316915173107,0.05022675736961451,0.03333887473523493
208,T18,对应染色体三标准差Z值规则,0.0,4.173809523809524,12.466666666666667,130.3595238095238,0.0,0.9689756477417528,0.0,,-0.05203824109011038,0.4844878238708764,0.8867994816974408,0.6113515412471864,0.111993125951243,0.08480725623582767,0.028393262066731456,,,,,,
208,T18,L1正则多因素逻辑回归,5.35,2.75,7.116666666666667,131.78333333333333,0.42914438502673796,0.9795589692765114,0.6604938271604938,0.520259319286872,0.49900476751766415,0.7043516771516247,0.9328798185941043,0.8632537538395844,0.6317749156688558,0.08480725623582767,0.055102040816326525,0.04863269460148111,0.1923100633278796,-0.12601661269288972,0.8385863251975961,0.08480725623582767,0.0781929976750616
208,T21,对应染色体三标准差Z值规则,0.0,0.0,4.416666666666667,142.58333333333334,0.0,1.0,,,,0.5,0.9699546485260772,0.5569839046852377,0.03945767787334015,0.0300453514739229,0.0,,,,,,
208,T21,L1正则多因素逻辑回归,0.3333333333333333,0.0,4.083333333333334,142.58333333333331,0.07547169811320754,1.0,1.0,0.14035087719298245,0.27086989021871954,0.5377358490566038,0.9722222222222223,0.3848807699033208,0.10008264084227098,0.0300453514739229,0.0022675736961451248,0.028299622017979194,0.14746299375857191,-4.176082297580815,-0.17536746542771894,0.0300453514739229,0.02480759860292127
209,T13,对应染色体三标准差Z值规则,0.2,6.514285714285714,5.6499999999999995,134.6357142857143,0.03418803418803419,0.9538484894489145,0.029787234042553193,0.031836270608300174,-0.011201318270401071,0.49401826181847436,0.9172497570456755,0.4159382845965284,0.03509707566422212,0.03979591836734694,0.0456754130223518,,,,,,
209,T13,L1正则多因素逻辑回归,0.8333333333333333,2.45,5.016666666666667,138.7,0.14245014245014245,0.9826425788168616,0.25380710659898476,0.18248175182481752,0.16547765536659823,0.562546360633502,0.9492063492063492,0.6668352529729314,0.35637778751759647,0.03979591836734694,0.022335600907029476,0.03216527904127042,0.15592013774819857,-0.9302107553782074,0.6345799702191208,0.03979591836734694,0.037044256344710216
209,T18,对应染色体三标准差Z值规则,0.0,6.3238095238095235,9.333333333333332,131.34285714285716,0.0,0.9540643375994465,0.0,,-0.05520559314867396,0.47703216879972327,0.8934888241010691,0.5295417325525852,0.06955677813808189,0.06349206349206349,0.04301911240686751,,,,,,
209,T18,L1正则多因素逻辑回归,2.9,2.833333333333333,6.433333333333333,134.83333333333331,0.3107142857142857,0.9794188861985471,0.5058139534883721,0.38495575221238937,0.3654321287924048,0.6450665859564164,0.9369614512471657,0.8471691085635222,0.4759623820886825,0.06349206349206349,0.03900226757369614,0.04515566183769006,0.17389873133067238,-0.48792479812110817,0.8033925904125548,0.06349206349206349,0.06969808731288944
209,T21,对应染色体三标准差Z值规则,0.0,0.0,3.166666666666667,143.83333333333331,0.0,1.0,,,,0.5,0.9784580498866213,0.5799012304806047,0.028627139856880465,0.021541950113378682,0.0,,,,,,
209,T21,L1正则多因素逻辑回归,0.3333333333333333,0.0,2.8333333333333335,143.83333333333334,0.10526315789473682,1.0,1.0,0.19047619047619047,0.32129373643407727,0.5526315789473684,0.9807256235827666,0.4296889384527365,0.12572556692130957,0.021541950113378682,0.0022675736961451248,0.01990409477445874,0.10864909692058425,-3.2323589471917926,0.1485628965579789,0.021541950113378682,0.024008240369806158
210,T13,对应染色体三标准差Z值规则,0.2,2.416666666666667,7.633333333333334,136.75,0.02553191489361702,0.9826347305389223,0.07643312101910828,0.03827751196172249,0.013872408971995986,0.5040833227162697,0.9316326530612244,0.5722287340213191,0.09829481194456319,0.05328798185941043,0.017800453514739228,,,,,,
210,T13,L1正则多因素逻辑回归,1.75,3.95,6.083333333333334,135.21666666666667,0.22340425531914893,0.971616766467066,0.30701754385964913,0.2586206896551724,0.22688920589456713,0.5975105108931075,0.9317460317460318,0.6415273283220794,0.2552060860521666,0.05328798185941043,0.03877551020408163,0.04618089241275431,0.21020750608202304,-1.1565212192763916,0.4668069030706257,0.05328798185941043,0.03952907728211307
210,T18,对应染色体三标准差Z值规则,0.0,6.833333333333333,12.216666666666667,127.94999999999999,0.0,0.9493013478422159,0.0,,-0.06647405869501513,0.47465067392110794,0.870408163265306,0.6201559855579217,0.11070265959428935,0.08310657596371882,0.046485260770975055,,,,,,
210,T18,L1正则多因素逻辑回归,6.2,4.333333333333333,6.0166666666666675,130.45,0.5075034106412005,0.9678496352170148,0.5886075949367089,0.5450549450549451,0.5087618451945318,0.7376765229291077,0.9295918367346937,0.889728365012751,0.6494205963661431,0.08310657596371882,0.07165532879818595,0.04797978973624956,0.17978183414792398,-0.23390804111676347,0.8643502574784084,0.08310657596371882,0.0850051563157155
210,T21,对应染色体三标准差Z值规则,0.0,0.0,4.416666666666666,142.58333333333331,0.0,1.0,,,,0.5,0.9699546485260772,0.4676694271987767,0.0336215087971606,0.0300453514739229,0.0,,,,,,
210,T21,L1正则多因素逻辑回归,1.25,0.5,3.1666666666666665,142.08333333333331,0.28301886792452835,0.9964932787843367,0.7142857142857143,0.40540540540540543,0.4399519878603351,0.6397560733544325,0.9750566893424036,0.6087748898176434,0.3281557158310769,0.0300453514739229,0.011904761904761904,0.0234377322498758,0.11927151385371336,0.023581959909527776,0.9724293222000773,0.0300453514739229,0.027184512035895288
211,T13,对应染色体三标准差Z值规则,0.4,4.45,8.1,134.05,0.047058823529411764,0.9678700361010831,0.08247422680412371,0.0599250936329588,0.019508176796850633,0.5074644298152474,0.9146258503401362,0.5849766236217713,0.13931569033560562,0.05782312925170068,0.03299319727891156,,,,,,
211,T13,L1正则多因素逻辑回归,1.0833333333333333,4.45,7.416666666666667,134.05,0.12745098039215685,0.9678700361010831,0.19578313253012047,0.1543942992874109,0.11689677709768176,0.5476605082466199,0.9192743764172338,0.6191262931165246,0.22366696196974578,0.05782312925170068,0.03764172335600907,0.05114565631704164,0.2296846486765347,-1.092229753370332,0.4508645418536589,0.05782312925170068,0.03617895056577869
211,T18,对应染色体三标准差Z值规则,0.0,7.2785714285714285,13.899999999999999,125.82142857142858,0.0,0.9453150155629494,0.0,,-0.07375813686066648,0.4726575077814747,0.8559280855199224,0.5940734157334432,0.12438930758744843,0.09455782312925169,0.049514091350826045,,,,,,
211,T18,L1正则多因素逻辑回归,5.4,5.083333333333334,8.5,128.01666666666665,0.38848920863309355,0.961808164287503,0.5151033386327504,0.4429254955570745,0.3982820858079273,0.6751486864602982,0.9075963718820861,0.8436496268263913,0.5935870289795984,0.09455782312925169,0.07131519274376417,0.057549611126446895,0.22435059754741388,-0.23999214858356646,0.7482080096636246,0.09455782312925169,0.08488240959631711
211,T21,对应染色体三标准差Z值规则,0.0,0.0,3.5,143.5,0.0,1.0,,,,0.5,0.9761904761904762,0.6239817645989871,0.043856086795949295,0.023809523809523808,0.0,,,,,,
211,T21,L1正则多因素逻辑回归,0.3333333333333333,0.0,3.1666666666666665,143.5,0.09523809523809523,1.0,1.0,0.17391304347826084,0.3052569707341966,0.5476190476190477,0.9784580498866213,0.5301974448315914,0.12594029711687418,0.023809523809523808,0.0022675736961451248,0.022094404860146445,0.11368034425674291,-1.9872428972982816,0.4495989988880461,0.023809523809523808,0.025034795224430466
212,T13,对应染色体三标准差Z值规则,0.2,3.05,6.616666666666667,137.13333333333333,0.029339853300733496,0.9782427773154202,0.06153846153846154,0.039735099337748346,0.010844474528292982,0.5037913153080769,0.9342403628117912,0.5810886893219118,0.10618313114613612,0.0463718820861678,0.022108843537414966,,,,,,
212,T13,L1正则多因素逻辑回归,0.5,4.15,6.316666666666666,136.03333333333333,0.07334963325183375,0.970395910117703,0.1075268817204301,0.0872093023255814,0.052560903657041684,0.5218727716847684,0.928798185941043,0.437682918842909,0.16272067725694228,0.0463718820861678,0.031632653061224494,0.044231807300055034,0.23040006697818452,-2.9432303395831414,0.0193343680974311,0.0463718820861678,0.036021114438592905
212,T18,对应染色体三标准差Z值规则,0.0,4.7023809523809526,10.450000000000001,131.84761904761905,0.0,0.9655629370019703,0.0,,-0.05028892835944849,0.48278146850098513,0.8969225785552316,0.6402300314882945,0.10389078670768813,0.07108843537414966,0.03198898607061872,,,,,,
212,T18,L1正则多因素逻辑回归,4.5,1.6666666666666665,5.95,134.88333333333333,0.430622009569378,0.9877944586842428,0.7297297297297298,0.5416248746238717,0.5363333473398235,0.7092082341268104,0.9481859410430838,0.9080720842751332,0.6823856643254638,0.07108843537414966,0.04195011337868481,0.03743273107514249,0.1440459696022633,0.15973845100826983,1.124305653701903,0.07108843537414966,0.07266919339832541
212,T21,对应染色体三标准差Z值规则,0.0,0.0,3.0,144.0,0.0,1.0,,,,0.5,0.9795918367346939,0.4610559964726632,0.02172688311440952,0.02040816326530612,0.0,,,,,,
212,T21,L1正则多因素逻辑回归,0.25,0.5,2.75,143.5,0.08333333333333333,0.9965277777777778,0.3333333333333333,0.13333333333333333,0.15848882753065527,0.5399305555555556,0.9778911564625851,0.6118941982657261,0.12722537936411682,0.02040816326530612,0.00510204081632653,0.019033591264198697,0.0967312722409055,-0.9822855752667001,0.7711291875279614,0.02040816326530612,0.024376757571789823
213,T13,对应染色体三标准差Z值规则,0.4,3.183333333333333,8.1,135.31666666666666,0.047058823529411764,0.9770156438026474,0.1116279069767442,0.06620689655172414,0.036437420069701576,0.5120372336660296,0.9232426303854876,0.4392227873901266,0.05734063938051456,0.05782312925170068,0.02437641723356009,,,,,,
213,T13,L1正则多因素逻辑回归,1.75,3.75,6.75,134.75,0.20588235294117646,0.9729241877256317,0.3181818181818182,0.25,0.21991668781529672,0.5894032703334041,0.9285714285714286,0.6816455150050393,0.27240329068958974,0.05782312925170068,0.03741496598639456,0.04912273928752174,0.2152708220266378,-0.7862050979055185,0.55617839449278,0.05782312925170068,0.03981745959202786
213,T18,对应染色体三标准差Z值规则,0.0,6.026190476190476,12.566666666666665,128.40714285714284,0.0,0.9551733909532075,0.0,,-0.0632133452177015,0.47758669547660376,0.8735179786200193,0.5860336542082825,0.10667762573212025,0.0854875283446712,0.04099449303530936,,,,,,
213,T18,L1正则多因素逻辑回归,4.65,3.1666666666666665,7.916666666666667,131.26666666666665,0.370026525198939,0.9764443342424994,0.5948827292110875,0.45625511038430094,0.43174352390709503,0.6732354297207193,0.9246031746031745,0.8791774181682439,0.6049978341813116,0.0854875283446712,0.05317460317460317,0.05107142975385866,0.19043636827111765,0.030462780974484443,0.8924889730485563,0.0854875283446712,0.0750204394104646
213,T21,对应染色体三标准差Z值规则,0.0,0.0,3.5,143.5,0.0,1.0,,,,0.5,0.9761904761904762,0.4578744854503938,0.03284486319110801,0.023809523809523808,0.0,,,,,,
213,T21,L1正则多因素逻辑回归,1.0,0.0,2.5,143.5,0.2857142857142857,1.0,1.0,0.4444444444444445,0.5299263324351972,0.6428571428571428,0.9829931972789115,0.6563104916763455,0.31579658486687606,0.023809523809523808,0.006802721088435374,0.018569072501870742,0.09480771906572628,0.48046980825973845,1.1697104954468585,0.023809523809523808,0.025409378479256606
214,T13,对应染色体三标准差Z值规则,0.2,1.9666666666666666,5.533333333333333,139.3,0.03488372093023256,0.986078338839075,0.09230769230769231,0.05063291139240506,0.0336765106198857,0.5104810298846538,0.9489795918367347,0.4854680069894439,0.0596842700415208,0.039002267573696146,0.014739229024943309,,,,,,
214,T13,L1正则多因素逻辑回归,0.5,1.95,5.233333333333333,139.31666666666666,0.0872093023255814,0.986196319018405,0.2040816326530612,0.12219959266802444,0.11100963478442341,0.5367028106719932,0.9511337868480725,0.47581063358100023,0.09675962912058945,0.039002267573696146,0.016666666666666666,0.03872361131803684,0.19852989853510716,-2.889501601549525,0.07489747905322394,0.039002267573696146,0.03495016414004364
214,T18,对应染色体三标准差Z值规则,0.0,5.909523809523809,11.366666666666665,129.72380952380954,0.0,0.9564301513183302,0.0,,-0.05924623247154612,0.4782150756591651,0.8824748947197928,0.6333123058877982,0.10420456363520833,0.07732426303854875,0.04020084224165857,,,,,,
214,T18,L1正则多因素逻辑回归,4.75,4.0,6.616666666666667,131.63333333333333,0.41788856304985333,0.9705087245023347,0.5428571428571428,0.47224523612261804,0.4384694821328144,0.6941986437760941,0.9277777777777777,0.8970362060901071,0.6284800814089584,0.07732426303854875,0.05952380952380952,0.045024032724562756,0.16638265175311004,0.01816205189882728,0.9701452397130305,0.07732426303854875,0.07430929417850045
214,T21,对应染色体三标准差Z值规则,0.0,0.0,3.9166666666666665,143.08333333333331,0.0,1.0,,,,0.5,0.9733560090702948,0.48581660597670695,0.029997273600497823,0.026643990929705215,0.0,,,,,,
214,T21,L1正则多因素逻辑回归,0.5,1.0,3.4166666666666665,142.08333333333331,0.12765957446808512,0.9930110658124636,0.3333333333333333,0.18461538461538465,0.19336475688426855,0.5603353201402743,0.9699546485260772,0.5042693040982982,0.16445097618726778,0.026643990929705215,0.01020408163265306,0.024044175319430657,0.12411348623487815,-1.8514542187887963,0.45463965457682876,0.026643990929705215,0.024860050085053667
215,T13,对应染色体三标准差Z值规则,0.0,3.1214285714285714,6.2,137.67857142857144,0.0,0.977830762987013,0.0,,-0.030908160548404714,0.4889153814935065,0.9365889212827988,0.5023072082673896,0.05335538450212454,0.04217687074829932,0.021234207968901842,,,,,,
215,T13,L1正则多因素逻辑回归,1.9166666666666665,2.2,4.283333333333333,138.6,0.30913978494623656,0.9843750000000001,0.46558704453441285,0.3715670436187399,0.3575720105848496,0.6467573924731184,0.9558956916099772,0.6865166643392452,0.32401464815401815,0.04217687074829932,0.028004535147392293,0.03406125831420777,0.1593522619765032,-0.9006344416702468,0.6523177066399749,0.04217687074829932,0.04295335559248975
215,T18,对应染色体三标准差Z值规则,0.0,6.4714285714285715,9.299999999999999,131.22857142857143,0.0,0.9530034235916589,0.0,,-0.055768924529315214,0.47650171179582945,0.8927113702623907,0.5074243512175436,0.06499909330895386,0.06326530612244899,0.04402332361516035,,,,,,
215,T18,L1正则多因素逻辑回归,3.15,3.9166666666666665,6.15,133.78333333333333,0.3387096774193548,0.9715565238441056,0.44575471698113206,0.38492871690427694,0.35308154638055556,0.6551331006317302,0.9315192743764172,0.8742634493507124,0.501697439727862,0.06326530612244899,0.048072562358276644,0.045419809380911384,0.1664944457310175,-0.4520944287370879,0.8136931808528918,0.06326530612244899,0.06939985108872507
215,T21,对应染色体三标准差Z值规则,0.0,0.0,3.833333333333333,143.16666666666666,0.0,1.0,,,,0.5,0.973922902494331,0.3550352256102118,0.022015205323127934,0.02607709750566893,0.0,,,,,,
215,T21,L1正则多因素逻辑回归,1.6666666666666665,2.0,2.1666666666666665,141.16666666666666,0.43478260869565216,0.9860302677532014,0.45454545454545453,0.4444444444444445,0.43002029641340406,0.7104064382244267,0.9716553287981858,0.6775626239765532,0.4655319183878196,0.02607709750566893,0.02494331065759637,0.017914586720098668,0.09377198429825172,0.7446453238793557,1.2908703258306944,0.02607709750566893,0.02913855753725503
216,T13,对应染色体三标准差Z值规则,0.0,4.330952380952381,6.8,135.86904761904762,0.0,0.9691087561986279,0.0,,-0.0383713671201322,0.48455437809931395,0.9242792355037253,0.5657563607944367,0.08835814397741988,0.04625850340136054,0.029462261094914153,,,,,,
216,T13,L1正则多因素逻辑回归,0.25,2.65,6.55,137.55,0.03676470588235294,0.9810984308131241,0.08620689655172414,0.05154639175257732,0.026980823158513478,0.5089315683477386,0.9374149659863946,0.5657740509422983,0.1816643323124808,0.04625850340136054,0.019727891156462583,0.04264941290024776,0.20665343584472953,-1.8591815771985942,0.2911716496593649,0.04625850340136054,0.034579313124917986
216,T18,对应染色体三标准差Z值规则,0.0,7.130952380952381,12.45,127.41904761904762,0.0,0.9470014687405991,0.0,,-0.0686840323277408,0.47350073437029955,0.8667962423064464,0.5644304669972562,0.09632185515536273,0.08469387755102041,0.048509880142533206,,,,,,
216,T18,L1正则多因素逻辑回归,5.6,3.583333333333333,6.8500000000000005,130.96666666666664,0.4497991967871486,0.9733680168462776,0.6098003629764065,0.5177195685670262,0.4868413898582055,0.7115836068167131,0.9290249433106575,0.8845232226292701,0.6714417339489711,0.08469387755102041,0.06247165532879819,0.04542674802845087,0.17665787774397468,-0.13175903492055768,0.8830229137916258,0.08469387755102041,0.08242865776591918
216,T21,对应染色体三标准差Z值规则,0.0,0.0,1.8333333333333333,145.16666666666669,0.0,1.0,,,,0.5,0.9875283446712018,0.5962433089298762,0.021815751703149137,0.012471655328798185,0.0,,,,,,
216,T21,L1正则多因素逻辑回归,0.0,0.0,1.8333333333333333,145.16666666666669,0.0,1.0,,,,0.5,0.9875283446712018,0.4873000134194161,0.019376453458013452,0.012471655328798185,0.0,0.012751469650481653,0.07389250560320627,-4.7487921622441025,-0.09400015004898893,0.012471655328798185,0.02312400472424778
217,T13,对应染色体三标准差Z值规则,0.2,3.888095238095238,6.55,136.36190476190478,0.02962962962962963,0.9722773958068075,0.04892253931275481,0.03690685413005273,0.0024275327683956865,0.5009535127182185,0.9289925494007125,0.5154450616759985,0.06371485116968109,0.04591836734693878,0.027810171687722707,,,,,,
217,T13,L1正则多因素逻辑回归,2.083333333333333,6.45,4.666666666666667,133.8,0.30864197530864196,0.9540106951871659,0.24414062499999997,0.27262813522355506,0.23510029179632908,0.6313263352479039,0.9243764172335602,0.6311023504051827,0.23225491819546926,0.04591836734693878,0.05804988662131519,0.041192956428458556,0.1908400079949431,-1.3793695782344584,0.44055819200856305,0.04591836734693878,0.038511486408691474
217,T18,对应染色体三标准差Z值规则,0.0,3.9880952380952377,9.366666666666667,133.64523809523808,0.0,0.9710237691589109,0.0,,-0.04356396329927841,0.48551188457945543,0.9091512795594427,0.5812554644981996,0.08331526598391947,0.063718820861678,0.02712989957887917,,,,,,
217,T18,L1正则多因素逻辑回归,4.2,3.75,5.166666666666667,133.88333333333333,0.4483985765124555,0.9727536933882296,0.5283018867924528,0.4850818094321463,0.4548041632186262,0.7105761349503426,0.9393424036281178,0.8843400363690406,0.5916185819275299,0.063718820861678,0.05408163265306123,0.039902045166826515,0.15201587015073134,-0.48749896967115836,0.8743376303400252,0.063718820861678,0.07568077713806809
217,T21,对应染色体三标准差Z值规则,0.0,0.0,4.75,142.25,0.0,1.0,,,,0.5,0.967687074829932,0.5797645842785055,0.048604990214403135,0.03231292517006803,0.0,,,,,,
217,T21,L1正则多因素逻辑回归,0.5833333333333333,0.5,4.166666666666667,141.75,0.12280701754385963,0.9964850615114236,0.5384615384615384,0.19999999999999998,0.24663292118451077,0.5596460395276416,0.9682539682539684,0.45275872751591906,0.15412646832521035,0.03231292517006803,0.0073696145124716545,0.02921573584843576,0.14974105560856346,-2.4212884400265056,0.2507044453913389,0.03231292517006803,0.025130019389194205
218,T13,对应染色体三标准差Z值规则,0.0,1.8333333333333335,3.25,141.91666666666669,0.0,0.9872463768115941,0.0,,-0.016897599751218174,0.49362318840579705,0.9654195011337868,0.4556266921484312,0.05008263456767038,0.022108843537414966,0.012471655328798186,,,,,,
218,T13,L1正则多因素逻辑回归,0.25,3.0,3.0,140.75,0.07692307692307693,0.9791304347826087,0.07692307692307693,0.07692307692307693,0.05605351170568562,0.5280267558528429,0.9591836734693877,0.6455690396559963,0.2630640010907781,0.022108843537414966,0.022108843537414966,0.020199170769794203,0.10325844583160684,-1.5024550883318726,0.6525911024663898,0.022108843537414966,0.036644612255170454
218,T18,对应染色体三标准差Z值规则,0.0,7.202380952380952,9.433333333333332,130.3642857142857,0.0,0.9476444321367994,0.0,,-0.05943799350892091,0.4738222160683997,0.8868318756073859,0.47649658061249905,0.06153397063676176,0.06417233560090703,0.04899578879170716,,,,,,
218,T18,L1正则多因素逻辑回归,3.5,4.25,5.933333333333334,133.31666666666666,0.3710247349823321,0.9691058880542767,0.45161290322580644,0.4073714839961202,0.3729808023844615,0.6700653115183044,0.9307256235827664,0.8609714201561308,0.57928019799024,0.06417233560090703,0.05272108843537415,0.04098792661757989,0.16222059830373442,-0.30963890687906276,0.8940645950514242,0.06417233560090703,0.07020443761202774
218,T21,对应染色体三标准差Z值规则,0.0,0.0,2.25,144.75,0.0,1.0,,,,0.5,0.9846938775510204,0.5189906577356203,0.018711398346108146,0.015306122448979591,0.0,,,,,,
218,T21,L1正则多因素逻辑回归,0.0,0.0,2.25,144.75,0.0,1.0,,,,0.5,0.9846938775510204,0.5510023058670153,0.02692074532850066,0.015306122448979591,0.0,0.015355643549080611,0.0838220034376371,-3.7760442552946443,0.09748513077678554,0.015306122448979591,0.022881347215466474
219,T13,对应染色体三标准差Z值规则,0.0,2.4833333333333334,3.8499999999999996,140.66666666666666,0.0,0.982652229595995,0.0,,-0.02149776096707049,0.4913261147979975,0.9569160997732425,0.28675522538104226,0.019131748083080786,0.02619047619047619,0.01689342403628118,,,,,,
219,T13,L1正则多因素逻辑回归,1.5,2.75,2.35,140.4,0.38961038961038963,0.9807893817673768,0.35294117647058826,0.37037037037037046,0.3530321254478611,0.6851998856888832,0.9653061224489796,0.6784135091604779,0.31277607108367395,0.02619047619047619,0.02891156462585034,0.022316169016888897,0.11315817868391191,-1.2490044273175316,0.6797285203555324,0.02619047619047619,0.03748955541344075
219,T18,对应染色体三标准差Z值规则,0.0,6.645238095238095,7.766666666666667,132.58809523809524,0.0,0.9522726495434181,0.0,,-0.051391041589952106,0.47613632477170903,0.9019598315516683,0.5745207434306024,0.06211155512409537,0.0528344671201814,0.04520570132815031,,,,,,
219,T18,L1正则多因素逻辑回归,1.95,3.0,5.816666666666667,136.23333333333335,0.2510729613733905,0.9784534354800096,0.3939393939393939,0.30668414154652685,0.28464159480448753,0.6147631984267001,0.9400226757369613,0.8753514949387812,0.46846306242027536,0.0528344671201814,0.0336734693877551,0.03896487501734319,0.1454732179004627,-0.2689664598136545,0.9144747849876805,0.0528344671201814,0.057047194714726225
219,T21,对应染色体三标准差Z值规则,0.0,0.0,4.333333333333333,142.66666666666666,0.0,1.0,,,,0.5,0.9705215419501133,0.44106458183561004,0.03741123735158117,0.029478458049886618,0.0,,,,,,
219,T21,L1正则多因素逻辑回归,1.25,0.5,3.083333333333333,142.16666666666666,0.2884615384615385,0.9964953271028038,0.7142857142857143,0.4109589041095891,0.4444002924915402,0.6424784327821711,0.9756235827664398,0.7091642489130806,0.3589429348790447,0.029478458049886618,0.011904761904761904,0.02254534130735532,0.10854439957154605,1.0424906188792784,1.2631968758159426,0.029478458049886618,0.025370108457589722
220,T13,对应染色体三标准差Z值规则,0.2,2.3833333333333333,6.066666666666666,138.35000000000002,0.03191489361702128,0.9830648981525344,0.07741935483870968,0.04519774011299435,0.02303157715394539,0.5074898958847779,0.942517006802721,0.5167193500105829,0.0629007468478843,0.042630385487528344,0.017573696145124718,,,,,,
220,T13,L1正则多因素逻辑回归,1.25,4.55,5.016666666666667,136.18333333333334,0.19946808510638298,0.9676693510184746,0.21551724137931036,0.20718232044198898,0.17344395780189806,0.5835687180624288,0.9349206349206349,0.685466893274338,0.3142468906261308,0.042630385487528344,0.03945578231292517,0.03543979920189601,0.16202820051757727,-0.9812884454100288,0.6422713625701357,0.042630385487528344,0.04635420414199831
220,T18,对应染色体三标准差Z值规则,0.0,6.316666666666667,13.4,127.28333333333333,0.0,0.9527195608782435,0.0,,-0.06710761819350886,0.47635978043912175,0.8658730158730159,0.5321645266680569,0.09955118706848615,0.09115646258503401,0.042970521541950114,,,,,,
220,T18,L1正则多因素逻辑回归,5.9,5.5,7.5,128.1,0.44029850746268656,0.9588323353293413,0.5175438596491229,0.4758064516129032,0.42952519825116997,0.699565421396014,0.9115646258503401,0.87110666726249,0.6348706346081765,0.09115646258503401,0.07755102040816327,0.05308420337020563,0.19900614400792063,-0.3236185346036125,0.8330342717339257,0.09115646258503401,0.09534117964003222
220,T21,对应染色体三标准差Z值规则,0.0,0.0,3.4999999999999996,143.5,0.0,1.0,,,,0.5,0.9761904761904762,0.5513494828825839,0.030534940989330447,0.023809523809523808,0.0,,,,,,
220,T21,L1正则多因素逻辑回归,0.25,0.5,3.2499999999999996,143.0,0.07142857142857144,0.9965156794425087,0.3333333333333333,0.11764705882352942,0.1453898599700606,0.5339721254355401,0.9744897959183674,0.5417786626845857,0.1030274453911664,0.023809523809523808,0.00510204081632653,0.022420890622915284,0.11375702049493139,-2.084597416084915,0.4220345965506814,0.023809523809523808,0.024025481923628404
221,T13,对应染色体三标准差Z值规则,0.0,2.2333333333333334,4.516666666666667,140.25,0.0,0.9843256521230555,0.0,,-0.022114110409213447,0.4921628260615277,0.9540816326530612,0.35195902833817383,0.023847441591642166,0.03072562358276644,0.015192743764172336,,,,,,
221,T13,L1正则多因素逻辑回归,1.0833333333333333,3.75,3.4333333333333327,138.73333333333335,0.23985239852398527,0.973681132296175,0.22413793103448276,0.23172905525846701,0.2066497435725295,0.6067667654100801,0.9511337868480727,0.6444135833166899,0.2193651140993979,0.03072562358276644,0.032879818594104306,0.027410492638645905,0.1339285046051139,-1.4249648628859037,0.547115968286659,0.03072562358276644,0.033833639681576266
221,T18,对应染色体三标准差Z值规则,0.0,6.285714285714286,8.216666666666669,132.49761904761905,0.0,0.9547084355538782,0.0,,-0.051426551192677125,0.4773542177769391,0.9013443472627146,0.5314635123853212,0.06152982317970309,0.05589569160997732,0.04275996112730806,,,,,,
221,T18,L1正则多因素逻辑回归,1.7,3.583333333333333,6.516666666666667,135.2,0.20689655172413793,0.9741803770865858,0.3217665615141956,0.2518518518518518,0.22346789663765507,0.5905384644053618,0.9312925170068026,0.8207118082011235,0.35466186916091885,0.05589569160997732,0.035941043083900226,0.04598193960612158,0.1760438448847692,-0.7308992443189734,0.6841235590625059,0.05589569160997732,0.05960431914005691
221,T21,对应染色体三标准差Z值规则,0.0,0.0,2.9166666666666665,144.08333333333331,0.0,1.0,,,,0.5,0.9801587301587302,0.5696438899446419,0.029556558053954924,0.019841269841269837,0.0,,,,,,
221,T21,L1正则多因素逻辑回归,0.3333333333333333,0.0,2.583333333333333,144.08333333333331,0.11428571428571428,1.0,1.0,0.20512820512820512,0.33507122716331117,0.5571428571428572,0.9824263038548754,0.5924830915593535,0.14091487019443158,0.019841269841269837,0.0022675736961451248,0.018063375405437634,0.09379305312940106,-0.8462829490563837,0.8123234008506413,0.019841269841269837,0.02380433567441604
222,T13,对应染色体三标准差Z值规则,0.0,3.2666666666666666,7.083333333333333,136.64999999999998,0.0,0.976652769505658,0.0,,-0.03392015097166504,0.488326384752829,0.9295918367346939,0.577487199763765,0.1278130785634568,0.0481859410430839,0.022222222222222223,,,,,,
222,T13,L1正则多因素逻辑回归,0.75,2.45,6.333333333333334,137.46666666666667,0.10588235294117646,0.9824895771292437,0.234375,0.1458670988654781,0.1296920851960823,0.5441859650352101,0.9402494331065759,0.533713044479257,0.12867550762203742,0.0481859410430839,0.0217687074829932,0.04702072301245195,0.2245057550067822,-2.2140676154636814,0.18934520820954245,0.0481859410430839,0.03509836823267592
222,T18,对应染色体三标准差Z值规则,0.0,8.126190476190475,9.516666666666666,129.35714285714283,0.0,0.9408932684481235,0.0,,-0.06364301224197752,0.47044663422406174,0.8799805636540331,0.5553617267745331,0.08068981278311825,0.0647392290249433,0.05528020732102365,,,,,,
222,T18,L1正则多因素逻辑回归,5.25,4.666666666666666,4.2666666666666675,132.81666666666666,0.5516637478108581,0.9660564916959632,0.5294117647058824,0.5403087478559178,0.5079107597490204,0.7588601197534106,0.9392290249433106,0.935451012431951,0.7167597950940812,0.0647392290249433,0.06746031746031747,0.03307179960599035,0.12378113876027379,-0.2200019330375341,1.0802968923818244,0.0647392290249433,0.07721501225188968
222,T21,对应染色体三标准差Z值规则,0.0,0.0,2.333333333333333,144.66666666666666,0.0,1.0,,,,0.5,0.9841269841269841,0.4955868522524219,0.018168781415403124,0.015873015873015872,0.0,,,,,,
222,T21,L1正则多因素逻辑回归,0.0,0.0,2.333333333333333,144.66666666666666,0.0,1.0,,,,0.5,0.9841269841269841,0.6007935201730463,0.02789772478418442,0.015873015873015872,0.0,0.015912904653946278,0.0832371617654516,-2.3914686006045285,0.4458720134503632,0.015873015873015872,0.022925392274235123
223,T13,对应染色体三标准差Z值规则,0.2,3.880952380952382,5.383333333333333,137.53571428571428,0.03582089552238806,0.9725566125094705,0.049008168028004666,0.04138950480413895,0.009747339863353638,0.5041887540159292,0.9369776482021379,0.3547479204700462,0.032129936379663104,0.03798185941043084,0.02776158082280531,,,,,,
223,T13,L1正则多因素逻辑回归,0.5833333333333333,1.75,5.0,139.66666666666666,0.1044776119402985,0.9876252209781968,0.25,0.1473684210526316,0.14086316265863108,0.5460514164592477,0.9540816326530612,0.6427194107750667,0.2780998099034482,0.03798185941043084,0.015873015873015872,0.03178600165838154,0.1527833508644,-1.0400588841060932,0.6080551511795065,0.03798185941043084,0.036020582159818154
223,T18,对应染色体三标准差Z值规则,0.0,9.040476190476191,11.099999999999998,126.85952380952382,0.0,0.9334769963909038,0.0,,-0.07315964190564657,0.4667384981954519,0.8629899578879171,0.5702852016317801,0.08658372804612849,0.07551020408163266,0.06149983803045028,,,,,,
223,T18,L1正则多因素逻辑回归,4.45,2.583333333333333,6.65,133.31666666666666,0.40090090090090086,0.9809909246995339,0.6327014218009479,0.49080882352941174,0.47273599320578297,0.6909459128002173,0.93718820861678,0.861068653011258,0.5879323339445213,0.07551020408163266,0.04784580498866213,0.045651478291954886,0.17970530496681136,-0.059968018780301044,0.9219795411938941,0.07551020408163266,0.07201485432616862
223,T21,对应染色体三标准差Z值规则,0.0,0.0,2.666666666666667,144.33333333333331,0.0,1.0,,,,0.5,0.981859410430839,0.553671093148576,0.02947309381797678,0.018140589569160998,0.0,,,,,,
223,T21,L1正则多因素逻辑回归,0.5833333333333333,0.5,2.083333333333333,143.83333333333331,0.21875000000000003,0.9965357967667436,0.5384615384615384,0.31111111111111117,0.33593059757181604,0.6076428983833718,0.9824263038548754,0.5094057585505334,0.2373043093687214,0.018140589569160998,0.0073696145124716545,0.01542194975215939,0.08621046473621741,-0.70360683402119,0.8894605179875219,0.018140589569160998,0.024686326237790168
224,T13,对应染色体三标准差Z值规则,0.4,2.259523809523809,7.5,136.84047619047618,0.05063291139240506,0.983756119270138,0.15040286481647275,0.07576099210823,0.05818366000441922,0.5171945153312715,0.9336086815678653,0.38532551678771954,0.06745185225199374,0.05374149659863945,0.018091998704243602,,,,,,
224,T13,L1正则多因素逻辑回归,2.75,1.75,5.15,137.35,0.3481012658227848,0.9874191229331416,0.6111111111111112,0.4435483870967742,0.4392202329093854,0.6677601943779632,0.9530612244897959,0.7120583584560871,0.45670007823431447,0.05374149659863945,0.030612244897959183,0.038817098881279495,0.17811586404056834,-0.28512528718646546,0.7586446148141438,0.05374149659863945,0.041558451684575
224,T18,对应染色体三标准差Z值规则,0.0,5.235714285714286,13.066666666666668,128.69761904761904,0.0,0.9609080566024318,0.0,,-0.06002644448477951,0.4804540283012159,0.8754940071266601,0.5102945470480024,0.09330783636155945,0.08888888888888889,0.03561710398445092,,,,,,
224,T18,L1正则多因素逻辑回归,4.45,3.0,8.616666666666667,130.93333333333334,0.3405612244897959,0.9776007964161274,0.5973154362416108,0.43379366368805855,0.4127927155063889,0.6590810104529616,0.9209750566893423,0.8531188505587829,0.5973244721293711,0.08888888888888889,0.05068027210884354,0.05336898373679232,0.2082735632772029,0.07045709178280672,0.8146893767946057,0.08888888888888889,0.06841405850433123
224,T21,对应染色体三标准差Z值规则,0.0,0.0,2.75,144.25,0.0,1.0,,,,0.5,0.9812925170068028,0.22628713477933565,0.015293937958809449,0.01870748299319728,0.0,,,,,,
224,T21,L1正则多因素逻辑回归,2.0,2.0,0.75,142.25,0.7272727272727273,0.9861351819757366,0.5,0.5925925925925926,0.5941063076172068,0.8567039546242319,0.9812925170068028,0.8527308239613265,0.7371045946522771,0.01870748299319728,0.027210884353741496,0.009153378517059513,0.05354712386980086,2.0752522356550185,2.0063588178601535,0.01870748299319728,0.029680637252466856
225,T13,对应染色体三标准差Z值规则,0.0,2.092857142857143,6.6,138.30714285714285,0.0,0.98509361009361,0.0,,-0.026056333814319748,0.492546805046805,0.9408649173955296,0.4147080343067998,0.05228991042012604,0.044897959183673466,0.014237123420796888,,,,,,
225,T13,L1正则多因素逻辑回归,0.5833333333333333,2.15,6.016666666666667,138.25,0.08838383838383838,0.9846866096866096,0.21341463414634143,0.125,0.1120128879810764,0.536535224035224,0.9444444444444445,0.5475236354865987,0.3108699223181913,0.044897959183673466,0.018594104308390022,0.0385522311285158,0.19636736735084195,-1.7661515380496857,0.33521888754297924,0.044897959183673466,0.03717585681982407
225,T18,对应染色体三标准差Z值规则,0.0,6.242857142857142,11.25,129.50714285714287,0.0,0.9540121020784005,0.0,,-0.060626544988958836,0.47700605103920024,0.8810009718172984,0.5432165804320501,0.08963608703717749,0.07653061224489796,0.04246841593780369,,,,,,
225,T18,L1正则多因素逻辑回归,4.95,3.6666666666666665,6.300000000000001,132.08333333333331,0.44,0.9729895641497852,0.5744680851063829,0.49832214765100663,0.4673838673615184,0.7064947820748926,0.9321995464852607,0.8932793384456984,0.6639259708954119,0.07653061224489796,0.05861678004535148,0.0420604602579561,0.16265811427366042,-8.88254026131241e-05,0.979326760755638,0.07653061224489796,0.07506886602788104
225,T21,对应染色体三标准差Z值规则,0.0,0.0,2.0833333333333335,144.91666666666666,0.0,1.0,,,,0.5,0.9858276643990929,0.2321228949314055,0.011411925750897537,0.014172335600907027,0.0,,,,,,
225,T21,L1正则多因素逻辑回归,0.5833333333333333,0.5,1.5,144.41666666666666,0.28,0.9965497412305923,0.5384615384615384,0.3684210526315789,0.3821891050344098,0.6382748706152961,0.9863945578231292,0.7472603302390539,0.3258993554180369,0.014172335600907027,0.0073696145124716545,0.011381505278287025,0.0645335700522189,0.8769395249400163,1.4837199709641058,0.014172335600907027,0.025895569726725867
226,T13,对应染色体三标准差Z值规则,0.0,2.6714285714285717,5.433333333333334,138.89523809523808,0.0,0.9811295368159036,0.0,,-0.026653134966057677,0.4905647684079518,0.9448655652737284,0.5905389833355585,0.10559277385569293,0.03696145124716554,0.018172983479105925,,,,,,
226,T13,L1正则多因素逻辑回归,1.0833333333333333,1.95,4.35,139.61666666666667,0.19938650306748468,0.986225570991288,0.35714285714285715,0.25590551181102367,0.24633655193911425,0.5928060370293864,0.9571428571428573,0.6576831983477742,0.34764420354583736,0.03696145124716554,0.020634920634920634,0.030278825893217853,0.1467475607642367,-0.9942997026062592,0.650353610168162,0.03696145124716554,0.038841499092785094
226,T18,对应染色体三标准差Z值规则,0.0,6.216666666666666,11.166666666666666,129.61666666666667,0.0,0.9542331288343558,0.0,,-0.06025065405613626,0.4771165644171779,0.8817460317460318,0.5689486572396563,0.09079319758098636,0.07596371882086168,0.04229024943310657,,,,,,
226,T18,L1正则多因素逻辑回归,5.2,3.0,5.966666666666667,132.83333333333331,0.46567164179104475,0.9779141104294479,0.6341463414634148,0.5370051635111877,0.5120836201695049,0.7217928761102463,0.9390022675736961,0.8956861878163956,0.6955188450931225,0.07596371882086168,0.055782312925170066,0.03907239728970805,0.15492223721670706,0.10419908643716469,1.0627033675059414,0.07596371882086168,0.07574226814835763
226,T21,对应染色体三标准差Z值规则,0.0,0.0,1.3333333333333333,145.66666666666666,0.0,1.0,,,,0.5,0.9909297052154195,0.34032159202353696,0.012222977309332996,0.009070294784580499,0.0,,,,,,
226,T21,L1正则多因素逻辑回归,0.8333333333333333,1.0,0.5,144.66666666666669,0.625,0.9931350114416476,0.45454545454545453,0.5263157894736842,0.5280543597906715,0.8090675057208239,0.9897959183673469,0.8726422033344229,0.634006331120874,0.009070294784580499,0.012471655328798185,0.005549659600829686,0.040483298355482054,1.917302928947196,2.137148810445082,0.009070294784580499,0.02628770862534507
227,T13,对应染色体三标准差Z值规则,0.2,2.8714285714285714,4.633333333333333,139.29523809523806,0.04137931034482759,0.979802378161112,0.06511627906976744,0.05060240963855423,0.026408219669249614,0.5105908442529699,0.9489471979267896,0.44967948532851326,0.03359610389917188,0.032879818594104306,0.020894071914480075,,,,,,
227,T13,L1正则多因素逻辑回归,0.5,2.75,4.333333333333333,139.41666666666669,0.10344827586206898,0.9806565064478312,0.15384615384615385,0.1237113402061856,0.10199933681286208,0.5420523911549501,0.9518140589569161,0.6592894391859504,0.15638007903593226,0.032879818594104306,0.022108843537414966,0.03030952297181962,0.14216374964675724,-1.4053437011559213,0.5194023649268882,0.032879818594104306,0.032038235461364195
227,T18,对应染色体三标准差Z值规则,0.0,4.938095238095238,8.616666666666665,133.4452380952381,0.0,0.9643158238846545,0.0,,-0.04652310226151869,0.48215791194232727,0.9077907353417558,0.5567027949683797,0.06868851472451738,0.05861678004535148,0.03359248461289278,,,,,,
227,T18,L1正则多因素逻辑回归,2.95,2.75,5.666666666666667,135.63333333333333,0.34235976789168276,0.9801276646995062,0.5175438596491229,0.4121071012805588,0.3923880982856838,0.6612437162955944,0.9427437641723355,0.8818535612209266,0.5390691307093989,0.05861678004535148,0.03877551020408163,0.03808905655955632,0.1460641414567621,-0.1468524259227413,0.9482258903520173,0.05861678004535148,0.06059632666797977
227,T21,对应染色体三标准差Z值规则,0.0,0.0,2.6666666666666665,144.33333333333331,0.0,1.0,,,,0.5,0.981859410430839,0.5199894493016607,0.022162484010802376,0.018140589569160998,0.0,,,,,,
227,T21,L1正则多因素逻辑回归,0.25,0.5,2.4166666666666665,143.83333333333331,0.09375,0.9965357967667436,0.3333333333333333,0.14634146341463417,0.1691252894574891,0.5451428983833718,0.9801587301587302,0.4541857404047067,0.11731168392559038,0.018140589569160998,0.00510204081632653,0.01705088386686269,0.09607620207424895,-3.8802265117247146,0.028063331173067835,0.018140589569160998,0.023732764885483735
228,T13,对应染色体三标准差Z值规则,0.0,3.6166666666666663,6.683333333333334,136.7,0.0,0.974224967335788,0.0,,-0.034661458805585826,0.487112483667894,0.9299319727891155,0.5033255779323856,0.08501070126672287,0.04546485260770975,0.0246031746031746,,,,,,
228,T13,L1正则多因素逻辑回归,1.5833333333333333,2.9,5.1,137.41666666666666,0.23690773067331672,0.9793324622876826,0.3531598513011152,0.28358208955223885,0.2619716334847716,0.6081200964804996,0.9455782312925171,0.6269548753809066,0.3126425645853438,0.04546485260770975,0.030498866213151926,0.03837649186370323,0.18216981118516187,-1.2762641734102003,0.5099069454384835,0.04546485260770975,0.04686584775601265
228,T18,对应染色体三标准差Z值规则,0.0,5.70952380952381,13.666666666666668,127.62380952380953,0.0,0.9571785714285714,0.0,,-0.06435842871948796,0.4785892857142857,0.8681891804340784,0.5572563516260165,0.11536936765713446,0.09297052154195012,0.03884029802397149,,,,,,
228,T18,L1正则多因素逻辑回归,7.2,4.25,6.466666666666667,129.08333333333331,0.5268292682926828,0.968125,0.62882096069869,0.5733244857332449,0.5363067200365789,0.7474771341463414,0.9270975056689342,0.9081167682926832,0.7064847466979479,0.09297052154195012,0.07789115646258503,0.04646500995105423,0.1729325179891867,0.014265942016709391,0.9777557199368451,0.09297052154195012,0.09067802023910013
228,T21,对应染色体三标准差Z值规则,0.0,0.0,4.0,143.0,0.0,1.0,,,,0.5,0.9727891156462585,0.41425842675842695,0.024718495283727465,0.027210884353741492,0.0,,,,,,
228,T21,L1正则多因素逻辑回归,0.8333333333333333,1.0,3.1666666666666665,142.0,0.20833333333333331,0.993006993006993,0.45454545454545453,0.2857142857142857,0.295171629546178,0.6006701631701632,0.9716553287981861,0.5355816637066639,0.23808173131518615,0.027210884353741492,0.012471655328798185,0.0230801129748298,0.11760023183784271,-0.5870376942020856,0.8194948178048066,0.027210884353741492,0.026915484550140922
229,T13,对应染色体三标准差Z值规则,0.2,1.888095238095238,3.2,141.71190476190478,0.058823529411764705,0.9868517044700889,0.09578107183580388,0.07288503253796096,0.05801900470357304,0.5228376169409268,0.9653871072238419,0.4887628991553293,0.037560001944908335,0.02312925170068027,0.01420472951085196,,,,,,
229,T13,L1正则多因素逻辑回归,0.5,4.4,2.9,139.2,0.14705882352941177,0.969359331476323,0.1020408163265306,0.12048192771084337,0.09748601365124647,0.5582090775028674,0.9503401360544217,0.6900966282520438,0.12016612564123161,0.02312925170068027,0.03333333333333333,0.026043373632932725,0.11606159955149557,-2.016816955848757,0.4797539425438211,0.02312925170068027,0.04068918112431127
229,T18,对应染色体三标准差Z值规则,0.0,5.264285714285714,13.483333333333334,128.25238095238095,0.0,0.9605720705458567,0.0,,-0.06124363685557593,0.48028603527292835,0.8724651765468091,0.639963257889876,0.12373620393241226,0.0917233560090703,0.035811467444120504,,,,,,
229,T18,L1正则多因素逻辑回归,6.0,4.583333333333333,7.483333333333333,128.93333333333334,0.4449938195302843,0.9656722007240044,0.5669291338582678,0.4986149584487534,0.4585748066902387,0.7053330101271443,0.9179138321995465,0.8898336701215593,0.621410809743059,0.0917233560090703,0.07199546485260772,0.05435149193988732,0.1951977677930839,-0.1497928663675776,0.8892655333819068,0.0917233560090703,0.09101726032342905
229,T21,对应染色体三标准差Z值规则,0.0,0.0,2.6666666666666665,144.33333333333331,0.0,1.0,,,,0.5,0.981859410430839,0.496184221379083,0.025076761056407226,0.018140589569160998,0.0,,,,,,
229,T21,L1正则多因素逻辑回归,0.0,0.0,2.6666666666666665,144.33333333333331,0.0,1.0,,,,0.5,0.981859410430839,0.6116978719894426,0.03479207698527276,0.018140589569160998,0.0,0.017902343182902816,0.09128731956130358,-2.0812830251036782,0.49655056924882224,0.018140589569160998,0.0232559862051542
230,T13,对应染色体三标准差Z值规则,0.2,3.454761904761905,4.216666666666667,139.12857142857143,0.045283018867924525,0.9757702262670117,0.05472312703583062,0.0495575221238938,0.023082325492330625,0.5105266225674682,0.9478134110787172,0.6321358914859352,0.06476930267886322,0.0300453514739229,0.024862325882734047,,,,,,
230,T13,L1正则多因素逻辑回归,0.0,1.45,4.416666666666666,141.13333333333333,0.0,0.9898305084745763,0.0,,-0.01756672595520337,0.49491525423728816,0.9600907029478457,0.6654993769504758,0.15044632450131865,0.0300453514739229,0.009863945578231292,0.02865754343459154,0.13341058549625923,-1.5280774903427599,0.5023421752085727,0.0300453514739229,0.0306130319730162
230,T18,对应染色体三标准差Z值规则,0.0,5.364285714285714,8.433333333333334,133.20238095238096,0.0,0.9612873294614936,0.0,,-0.048010895935423126,0.4806436647307468,0.9061386459345644,0.5572294521709338,0.0643780659263593,0.057369614512471655,0.03649173955296404,,,,,,
230,T18,L1正则多因素逻辑回归,1.95,3.333333333333333,6.483333333333333,135.23333333333332,0.23122529644268774,0.975944190522011,0.36908517350157727,0.2843256379100851,0.25881553368067767,0.6035847434823494,0.9332199546485259,0.8092876546427916,0.38691987719352233,0.057369614512471655,0.035941043083900226,0.04781046265291195,0.18506516751489088,-0.8577643998675958,0.6433237332506809,0.057369614512471655,0.06683409077466729
230,T21,对应染色体三标准差Z值规则,0.0,0.0,3.333333333333333,143.66666666666669,0.0,1.0,,,,0.5,0.9773242630385487,0.4724287371561152,0.02417585525999147,0.022675736961451243,0.0,,,,,,
230,T21,L1正则多因素逻辑回归,0.0,0.0,3.333333333333333,143.66666666666669,0.0,1.0,,,,0.5,0.9773242630385487,0.44565669539277397,0.030669256102417074,0.022675736961451243,0.0,0.022512452015884712,0.11749829853891337,-4.937591898344925,-0.28727993549532316,0.022675736961451243,0.022632668018457137
231,T13,对应染色体三标准差Z值规则,0.4,2.1333333333333333,5.083333333333334,139.38333333333333,0.0729483282674772,0.984925214933459,0.15789473684210528,0.0997920997920998,0.08427062136396121,0.528936771600468,0.9509070294784581,0.4635340094888,0.05574102795572667,0.037301587301587294,0.017233560090702947,,,,,,
231,T13,L1正则多因素逻辑回归,1.75,5.35,3.7333333333333334,136.16666666666666,0.3191489361702128,0.9621952655753151,0.24647887323943662,0.27814569536423844,0.24867152435374373,0.6406721008727639,0.9382086167800453,0.7374230322182722,0.35485073874478346,0.037301587301587294,0.04829931972789116,0.030107011561781763,0.1377798000317954,-0.7991494761256335,0.7469682503198763,0.037301587301587294,0.04370827420932946
231,T18,对应染色体三标准差Z值规则,0.0,4.15,12.716666666666667,130.13333333333333,0.0,0.9690951967233461,0.0,,-0.05245169330615874,0.48454759836167305,0.8852607709750566,0.5466451814786446,0.10213463265383027,0.0865079365079365,0.028231292517006804,,,,,,
231,T18,L1正则多因素逻辑回归,4.7,1.4166666666666665,8.016666666666667,132.86666666666667,0.3695937090432503,0.9894501675561624,0.7683923705722071,0.4991150442477875,0.5054264998502598,0.6795219382997064,0.9358276643990929,0.8848827920203544,0.638798136812395,0.0865079365079365,0.04160997732426304,0.049171013075729006,0.18613502565106926,0.26232907528936494,0.9368792934087694,0.0865079365079365,0.06920117108259984
231,T21,对应染色体三标准差Z值规则,0.0,0.0,4.0,143.0,0.0,1.0,,,,0.5,0.9727891156462585,0.476486013986014,0.03004758860478855,0.027210884353741496,0.0,,,,,,
231,T21,L1正则多因素逻辑回归,0.5,1.0,3.5,142.0,0.125,0.993006993006993,0.3333333333333333,0.18181818181818182,0.19104190154647405,0.5590034965034965,0.9693877551020408,0.6006628787878787,0.17484089566133834,0.027210884353741496,0.01020408163265306,0.024364329839216204,0.12012189190394955,-0.6878332094573559,0.7656326847107349,0.027210884353741496,0.024148728367211467
232,T13,对应染色体三标准差Z值规则,0.0,4.20952380952381,2.6666666666666665,140.12380952380954,0.0,0.9708347080171561,0.0,,-0.02333822967571602,0.48541735400857805,0.9532231940395205,0.24685506708457056,0.012903934061095058,0.018140589569160998,0.028636216391318428,,,,,,
232,T13,L1正则多因素逻辑回归,1.1666666666666665,3.0,1.5,141.33333333333334,0.43749999999999994,0.9792147806004619,0.28,0.3414634146341463,0.3351177464703956,0.7083573903002309,0.9693877551020408,0.7521465687891784,0.20260864901484962,0.018140589569160998,0.028344671201814053,0.018752638356966007,0.09055333776521152,-1.455058265734404,0.819869006649319,0.018140589569160998,0.045357873539544444
232,T18,对应染色体三标准差Z值规则,0.0,7.4523809523809526,9.2,130.34761904761905,0.0,0.9459188610132006,0.0,,-0.05971117439934217,0.4729594305066003,0.8867184969225785,0.6028228078320371,0.07779437595075687,0.06258503401360543,0.050696469063816,,,,,,
232,T18,L1正则多因素逻辑回归,4.5,3.833333333333333,4.7,133.96666666666664,0.48913043478260876,0.9721819061441702,0.54,0.5133079847908745,0.4831902701425128,0.7306561704633895,0.9419501133786848,0.9125459440523016,0.5569971745261482,0.06258503401360543,0.05668934240362811,0.04176279848462947,0.14849999275586,-0.3281371285857763,0.9855790762441892,0.06258503401360543,0.07588300762899282
232,T21,对应染色体三标准差Z值规则,0.0,0.0,4.583333333333333,142.41666666666666,0.0,1.0,,,,0.5,0.9688208616780045,0.49442305695085087,0.034673586128404266,0.031179138321995464,0.0,,,,,,
232,T21,L1正则多因素逻辑回归,0.9166666666666666,0.5,3.6666666666666665,141.91666666666666,0.2,0.9964891749561147,0.6470588235294118,0.3055555555555555,0.3495586810530215,0.5982445874780573,0.9716553287981858,0.5315816697443378,0.23095669157310342,0.031179138321995464,0.00963718820861678,0.026322786730654586,0.13133282579975222,-0.4701115300920013,0.8068979731656548,0.031179138321995464,0.026444447782836195
233,T13,对应染色体三标准差Z值规则,0.6,4.066666666666667,6.683333333333334,135.65,0.08237986270022883,0.9708934748896577,0.12857142857142856,0.100418410041841,0.06593900763853594,0.5266366687949433,0.9268707482993197,0.5841696467153183,0.10887803555599915,0.049546485260770975,0.03174603174603175,,,,,,
233,T13,L1正则多因素逻辑回归,0.75,3.25,6.533333333333333,136.46666666666667,0.10297482837528604,0.9767386377191936,0.1875,0.1329394387001477,0.10632193704620034,0.5398567330472398,0.9334467120181406,0.5589982559778961,0.15611281488842554,0.049546485260770975,0.027210884353741496,0.046658260449245204,0.21963153457026835,-1.7267799212754356,0.3032987229569265,0.049546485260770975,0.0313240780061875
233,T18,对应染色体三标准差Z值规则,0.0,7.00952380952381,12.933333333333332,127.05714285714286,0.0,0.9477161326987285,0.0,,-0.06950080612128703,0.4738580663493642,0.8643343051506317,0.6378583109539655,0.1256912152810405,0.08798185941043084,0.04768383543893748,,,,,,
233,T18,L1正则多因素逻辑回归,6.0,4.416666666666666,6.933333333333334,129.65,0.4639175257731959,0.9670561909497764,0.5760000000000001,0.5139186295503212,0.4757767212812336,0.7154868583614862,0.9227891156462585,0.8687924716709058,0.6489584328563993,0.08798185941043084,0.07086167800453515,0.049044034220981456,0.19188192112876623,-0.19373000743662266,0.8256796728835208,0.08798185941043084,0.08352475801082898
233,T21,对应染色体三标准差Z值规则,0.0,0.0,2.25,144.75,0.0,1.0,,,,0.5,0.9846938775510204,0.6665953888751817,0.028538797462571923,0.015306122448979591,0.0,,,,,,
233,T21,L1正则多因素逻辑回归,0.0,0.0,2.25,144.75,0.0,1.0,,,,0.5,0.9846938775510204,0.5275634874944031,0.02025930478088554,0.015306122448979591,0.0,0.015513254661757181,0.08465157851665989,-3.99350681201095,0.04290343691160307,0.015306122448979591,0.023514834132946298
234,T13,对应染色体三标准差Z值规则,0.2,4.554761904761905,3.0500000000000003,139.1952380952381,0.061538461538461535,0.9683146997929607,0.04206309464196295,0.049970255800118976,0.02481148051386266,0.5149265806657111,0.9482669258179461,0.35029051335138295,0.022787832641361104,0.022108843537414966,0.03234531908001296,,,,,,
234,T13,L1正则多因素逻辑回归,0.5833333333333333,3.7,2.666666666666667,140.05,0.17948717948717946,0.9742608695652175,0.13618677042801555,0.1548672566371681,0.13440856285616562,0.5768740245261985,0.9566893424036282,0.6879935446196317,0.266459624664576,0.022108843537414966,0.02913832199546485,0.0197773769676355,0.09997024756401802,-1.1691129507888238,0.7765772777810892,0.022108843537414966,0.03719742460921243
234,T18,对应染色体三标准差Z值规则,0.0,6.164285714285714,10.65,130.18571428571425,0.0,0.9547907171669548,0.0,,-0.05846988132853469,0.4773953585834774,0.8856171039844509,0.6047535125870189,0.09504206168557577,0.07244897959183673,0.041933916423712345,,,,,,
234,T18,L1正则多因素逻辑回归,3.7,3.25,6.95,133.10000000000002,0.3474178403755869,0.9761642830949762,0.5323741007194245,0.4204545454545455,0.3952327615379025,0.6617910617352816,0.9306122448979591,0.8807598746808634,0.5738378820747806,0.07244897959183673,0.04727891156462585,0.0455797501208296,0.17099917121032224,0.04401979796423983,0.9414480907304175,0.07244897959183673,0.06576220144416652
234,T21,对应染色体三标准差Z值规则,0.0,0.0,2.4166666666666665,144.58333333333331,0.0,1.0,,,,0.5,0.9835600907029479,0.4070583892903278,0.017090282507977332,0.016439909297052153,0.0,,,,,,
234,T21,L1正则多因素逻辑回归,0.5833333333333333,0.5,1.8333333333333333,144.08333333333331,0.24137931034482757,0.9965417867435159,0.5384615384615384,0.33333333333333337,0.35372596747247637,0.6189605485441717,0.9841269841269843,0.6055473374881104,0.2658288301470429,0.016439909297052153,0.0073696145124716545,0.013696453854922411,0.0755128279090502,0.061270707574019395,1.1490033048411388,0.016439909297052153,0.024518723912880735
235,T13,对应染色体三标准差Z值规则,0.2,3.2214285714285715,4.616666666666667,138.96190476190475,0.04152249134948097,0.9773431351206525,0.05845511482254697,0.048554913294797684,0.022275133755939546,0.5094328132350667,0.9466796242306444,0.326847165462612,0.029132295485717392,0.03276643990929705,0.023275024295432458,,,,,,
235,T13,L1正则多因素逻辑回归,1.6666666666666665,3.7,3.15,138.48333333333332,0.3460207612456747,0.9739772594068692,0.31055900621118004,0.32733224222585916,0.30374552277624156,0.659999010326272,0.9534013605442175,0.6780407681838208,0.24160252979380234,0.03276643990929705,0.0365079365079365,0.029200012810227247,0.13652118522245868,-1.2340752903857066,0.6204727553007586,0.03276643990929705,0.04001088226757632
235,T18,对应染色体三标准差Z值规则,0.0,5.890476190476191,8.616666666666667,132.49285714285713,0.0,0.9574336298411934,0.0,,-0.050982930122245654,0.4787168149205967,0.9013119533527696,0.562535132718686,0.06722969315549293,0.05861678004535148,0.04007126660187885,,,,,,
235,T18,L1正则多因素逻辑回归,2.25,5.25,6.366666666666667,133.13333333333333,0.2611218568665377,0.9620619053354209,0.3,0.2792140641158221,0.23826288648010524,0.6115918811009793,0.9209750566893423,0.7604822088461685,0.34331425787353625,0.05861678004535148,0.05102040816326531,0.04939181088505045,0.20077997858590374,-1.0211921090521803,0.5694177427164528,0.05861678004535148,0.06796331829606343
235,T21,对应染色体三标准差Z值规则,0.0,0.0,3.833333333333333,143.16666666666666,0.0,1.0,,,,0.5,0.973922902494331,0.5115807055727083,0.03468554209721579,0.02607709750566893,0.0,,,,,,
235,T21,L1正则多因素逻辑回归,0.6666666666666666,0.0,3.1666666666666665,143.16666666666666,0.17391304347826086,1.0,1.0,0.29629629629629634,0.4124918779456152,0.5869565217391304,0.9784580498866212,0.5223830251845639,0.20200356567312686,0.02607709750566893,0.0045351473922902496,0.022625892342200075,0.11793723246989901,-1.1579692510251005,0.6541775963027695,0.02607709750566893,0.02542086153628443
236,T13,对应染色体三标准差Z值规则,0.0,2.9309523809523808,7.433333333333334,136.63571428571427,0.0,0.9789996246886621,0.0,,-0.032916980464024026,0.48949981234433104,0.929494655004859,0.5528728453449536,0.14896580544217192,0.05056689342403628,0.01993845157110463,,,,,,
236,T13,L1正则多因素逻辑回归,0.25,4.15,7.183333333333334,135.41666666666666,0.033632286995515695,0.970265106281347,0.056818181818181816,0.04225352112676057,0.005011535232259404,0.5019486966384313,0.9229024943310657,0.5520601807828661,0.1610642081817241,0.05056689342403628,0.02993197278911565,0.04797223348478303,0.22713500275342477,-1.888987431779745,0.26246064040865474,0.05056689342403628,0.03784643879565858
236,T18,对应染色体三标准差Z值规则,0.0,6.414285714285715,12.983333333333333,127.60238095238095,0.0,0.9521381491285731,0.0,,-0.06648401707683028,0.47606907456428654,0.8680434078393262,0.5469272913539215,0.10321857836240211,0.0883219954648526,0.04363459669582119,,,,,,
236,T18,L1正则多因素逻辑回归,7.45,1.75,5.533333333333334,132.26666666666665,0.5738125802310654,0.986941922646437,0.8097826086956522,0.6716754320060105,0.6569415891547913,0.7803772514387513,0.9504535147392289,0.9224006081248786,0.7750703768530876,0.0883219954648526,0.06258503401360543,0.03834587208878961,0.1504233351425888,0.31884508107434273,1.1522317645513647,0.0883219954648526,0.08450196337220382
236,T21,对应染色体三标准差Z值规则,0.0,0.0,3.0,144.0,0.0,1.0,,,,0.5,0.9795918367346939,0.5429545120517342,0.02606760880388674,0.02040816326530612,0.0,,,,,,
236,T21,L1正则多因素逻辑回归,0.0,0.0,3.0,144.0,0.0,1.0,,,,0.5,0.9795918367346939,0.43353817607289846,0.020318691761528167,0.02040816326530612,0.0,0.0205908267964646,0.10861191220867193,-5.146768928355477,-0.31292513680336226,0.02040816326530612,0.023214123759388614
237,T13,对应染色体三标准差Z值规则,0.0,4.309523809523809,3.6,139.09047619047618,0.0,0.9699475327090391,0.0,,-0.02753555429393431,0.48497376635451955,0.9461937155814706,0.5399680288975965,0.05215558900704621,0.02448979591836735,0.02931648850016197,,,,,,
237,T13,L1正则多因素逻辑回归,0.0,1.75,3.6,141.65,0.0,0.9877963737796374,0.0,,-0.01739152352404679,0.4938981868898187,0.9636054421768708,0.42687532745935797,0.07684921737674015,0.02448979591836735,0.011904761904761904,0.025592466715617972,0.138995262920245,-3.69185939784034,-0.001676519569778974,0.02448979591836735,0.03185530674122977
237,T18,对应染色体三标准差Z值规则,0.0,7.335714285714285,9.166666666666668,130.49761904761903,0.0,0.9467783727759543,0.0,,-0.059102671467585605,0.47338918638797717,0.8877389050858439,0.5701864036809625,0.07264374386158728,0.06235827664399093,0.049902818270165204,,,,,,
237,T18,L1正则多因素逻辑回归,2.7,2.75,6.466666666666667,135.08333333333331,0.2945454545454545,0.9800483675937122,0.4954128440366973,0.36944127708095775,0.35141510365081535,0.6372969110695833,0.9373015873015873,0.8161112140580097,0.506060938571457,0.06235827664399093,0.03707482993197279,0.042651055216399086,0.17623715470742846,-0.411511131628153,0.7820660940981512,0.06235827664399093,0.061968423522174805
237,T21,对应染色体三标准差Z值规则,0.0,0.0,2.75,144.25,0.0,1.0,,,,0.5,0.9812925170068028,0.42551036485178584,0.019059676162207367,0.01870748299319728,0.0,,,,,,
237,T21,L1正则多因素逻辑回归,0.0,0.0,2.75,144.25,0.0,1.0,,,,0.5,0.9812925170068028,0.5292864270333941,0.03295311361366823,0.01870748299319728,0.0,0.018591193451704433,0.09667595851934029,-3.420538561494824,0.13868468974326068,0.01870748299319728,0.024103929318798987
238,T13,对应染色体三标准差Z值规则,0.4,3.5166666666666666,4.75,138.33333333333334,0.07766990291262135,0.9752085536364704,0.1021276595744681,0.08823529411764705,0.06037320397873918,0.5264392282745459,0.9437641723356011,0.44000576230711297,0.046796830221396635,0.03503401360544218,0.02664399092970521,,,,,,
238,T13,L1正则多因素逻辑回归,1.0833333333333333,1.7,4.066666666666666,140.15,0.21035598705501618,0.9880155093408531,0.38922155688622756,0.27310924369747897,0.2676130063695897,0.5991857481979347,0.9607709750566894,0.6749847481921222,0.2800646515620293,0.03503401360544218,0.01893424036281179,0.029240826616621206,0.13979027222868057,-0.9115249319053913,0.6552522758524644,0.03503401360544218,0.03317332556012242
238,T18,对应染色体三标准差Z值规则,0.0,6.792857142857143,12.866666666666667,127.34047619047618,0.0,0.9493574268673672,0.0,,-0.06817196891122627,0.4746787134336836,0.866261742792355,0.6207919795561692,0.11397705702163263,0.08752834467120181,0.046209912536443146,,,,,,
238,T18,L1正则多因素逻辑回归,3.2,1.25,9.666666666666668,132.88333333333333,0.24870466321243523,0.9906809145129225,0.7191011235955056,0.3695861405197305,0.39485327929721836,0.6196927888626789,0.9257369614512471,0.8499369024564678,0.548610640204728,0.08752834467120181,0.030272108843537416,0.0577061775820325,0.21853229352823877,0.33841681460486495,0.8735015137503552,0.08752834467120181,0.05851928409107902
238,T21,对应染色体三标准差Z值规则,0.0,0.0,2.8333333333333335,144.16666666666669,0.0,1.0,,,,0.5,0.9807256235827664,0.3585655996502647,0.016777001609045664,0.01927437641723356,0.0,,,,,,
238,T21,L1正则多因素逻辑回归,1.0833333333333333,1.5,1.75,142.66666666666669,0.3823529411764706,0.9895953757225433,0.41935483870967744,0.4,0.38919296340375886,0.6859741584495069,0.9778911564625851,0.6335600136008158,0.4022070977080027,0.01927437641723356,0.017573696145124718,0.01415028480541004,0.0774006022257428,0.741953438380138,1.344611979064449,0.01927437641723356,0.026175222972790756
239,T13,对应染色体三标准差Z值规则,0.0,1.9833333333333334,5.583333333333333,139.43333333333334,0.0,0.9859752504419564,0.0,,-0.023237284572774967,0.4929876252209782,0.9485260770975057,0.5068229858368734,0.09452486317972777,0.037981859410430835,0.013492063492063491,,,,,,
239,T13,L1正则多因素逻辑回归,1.75,2.65,3.833333333333333,138.76666666666665,0.31343283582089554,0.9812610489098409,0.3977272727272727,0.35058430717863104,0.3305842047672076,0.6473469423653682,0.9558956916099772,0.6090466934625633,0.28190375084959807,0.037981859410430835,0.02993197278911565,0.03326147119081409,0.16391833322243415,-1.5312341289905225,0.4545483251026604,0.037981859410430835,0.03885997503724761
239,T18,对应染色体三标准差Z值规则,0.0,4.166666666666667,8.366666666666667,134.46666666666667,0.0,0.9699446982447705,0.0,,-0.04195869709021241,0.48497234912238524,0.9147392290249433,0.5362604243601055,0.06871655356565409,0.056916099773242634,0.028344671201814053,,,,,,
239,T18,L1正则多因素逻辑回归,4.0,4.583333333333333,4.366666666666666,134.05,0.4780876494023904,0.9669391680692474,0.4660194174757282,0.47197640117994105,0.43971781998916387,0.7225134087358189,0.9391156462585035,0.9081107644440272,0.6285998014023464,0.056916099773242634,0.05839002267573695,0.034702270609036384,0.13166562851546776,-0.3543075496314045,0.9814507774575576,0.056916099773242634,0.069342469506783
239,T21,对应染色体三标准差Z值规则,0.0,0.0,5.75,141.25,0.0,1.0,,,,0.5,0.9608843537414966,0.46110669345759764,0.04069611795308985,0.0391156462585034,0.0,,,,,,
239,T21,L1正则多因素逻辑回归,1.25,0.5,4.5,140.75,0.21739130434782608,0.9964601769911504,0.7142857142857143,0.3333333333333333,0.38226392845910456,0.6069257406694882,0.9659863945578231,0.5964436464167129,0.2815926541642149,0.0391156462585034,0.011904761904761904,0.03204636066078742,0.15416944469263996,-0.10662873492717706,0.8420774135059605,0.0391156462585034,0.027006147956112454
240,T13,对应染色体三标准差Z值规则,0.2,3.1928571428571426,4.616666666666667,138.99047619047622,0.04152249134948097,0.9775440829244604,0.05894736842105264,0.048723897911832945,0.022604739352330074,0.5095332871369707,0.9468739876903142,0.3575446272063819,0.03112090640377845,0.03276643990929705,0.023080660835762875,,,,,,
240,T13,L1正则多因素逻辑回归,1.6666666666666665,2.7,3.15,139.48333333333332,0.3460207612456747,0.9810104325401477,0.381679389312977,0.36297640653357527,0.3429266882119793,0.6635155968929112,0.9602040816326529,0.7998745293038163,0.3789395584461571,0.03276643990929705,0.029705215419501132,0.025539830498497337,0.11303203607949368,-0.4274780629567238,0.9288757931595691,0.03276643990929705,0.04057837754117438
240,T18,对应染色体三标准差Z值规则,0.0,4.9190476190476184,8.616666666666665,133.46428571428572,0.0,0.9644534677655235,0.0,,-0.046430176671038215,0.48222673388276177,0.9079203109815355,0.5077645825055759,0.06102384695511903,0.05861678004535148,0.033462908973113055,,,,,,
240,T18,L1正则多因素逻辑回归,3.5,5.083333333333333,5.116666666666667,133.29999999999998,0.4061895551257253,0.9632662892930266,0.4077669902912622,0.4069767441860465,0.37012796432777895,0.684727922209376,0.9306122448979592,0.8745583024169845,0.49484379757384694,0.05861678004535148,0.058390022675736966,0.04228140519477222,0.1563730757181246,-0.6114671413069652,0.8043494733027116,0.05861678004535148,0.07061220964216271
240,T21,对应染色体三标准差Z值规则,0.0,0.0,4.75,142.25,0.0,1.0,,,,0.5,0.967687074829932,0.4556572058930766,0.03591589225360445,0.03231292517006803,0.0,,,,,,
240,T21,L1正则多因素逻辑回归,1.4166666666666665,1.5,3.333333333333333,140.75,0.2982456140350877,0.9894551845342706,0.4857142857142857,0.3695652173913043,0.36480748204565505,0.6438503992846791,0.9671201814058956,0.5356247482600274,0.3299497657056544,0.03231292517006803,0.01984126984126984,0.025178897818310342,0.1303555121588432,-0.24065929047894014,0.8705615964296731,0.03231292517006803,0.02750028917148103
241,T13,对应染色体三标准差Z值规则,0.2,3.4166666666666665,8.366666666666667,135.01666666666665,0.023346303501945526,0.9753190464724296,0.055299539170506916,0.03283173734610123,-0.0020183203248116633,0.4993326749871876,0.9198412698412697,0.5718001626769935,0.1394798905039098,0.0582766439909297,0.024603174603174603,,,,,,
241,T13,L1正则多因素逻辑回归,1.3333333333333333,3.95,7.233333333333333,134.48333333333335,0.1556420233463035,0.9714664098242235,0.25236593059936907,0.1925391095066185,0.15996912435942667,0.5635542165852635,0.9239229024943313,0.5699595060904827,0.2628301015070952,0.0582766439909297,0.035941043083900226,0.050483470290534294,0.24206308668891638,-1.478884742365497,0.34254423425858094,0.0582766439909297,0.03993871830318273
241,T18,对应染色体三标准差Z值规则,0.0,5.602380952380952,12.683333333333332,128.71428571428572,0.0,0.9582897559073265,0.0,,-0.06116697746740665,0.47914487795366323,0.8756073858114675,0.5624057818566486,0.10571826501453947,0.08628117913832199,0.03811143505021056,,,,,,
241,T18,L1正则多因素逻辑回归,5.75,2.1666666666666665,6.9333333333333345,132.15,0.4533508541392904,0.9838689663729993,0.7263157894736842,0.5582524271844661,0.5438420353085894,0.7186099102561448,0.9380952380952381,0.8703323315310243,0.6427999160451137,0.08628117913832199,0.05385487528344671,0.047868519072400646,0.1884653699042293,-0.051160268385153744,0.8675387152545789,0.08628117913832199,0.0779979201376229
241,T21,对应染色体三标准差Z值规则,0.0,0.0,4.083333333333333,142.91666666666669,0.0,1.0,,,,0.5,0.9722222222222222,0.47823508912102947,0.029530690333991104,0.027777777777777776,0.0,,,,,,
241,T21,L1正则多因素逻辑回归,0.8333333333333333,1.0,3.25,141.91666666666669,0.20408163265306123,0.993002915451895,0.45454545454545453,0.2816901408450704,0.2918416434867331,0.5985422740524782,0.9710884353741497,0.5225356781613106,0.23054635949511765,0.027777777777777776,0.012471655328798185,0.023713957007498163,0.12270023598840862,-1.007892846433256,0.6871851304234337,0.027777777777777776,0.026790529691055276
242,T13,对应染色体三标准差Z值规则,0.6,4.55,6.6,135.25,0.08333333333333334,0.967453505007153,0.11650485436893204,0.09716599190283401,0.05961461267766763,0.5253934191702432,0.9241496598639456,0.4892603200255005,0.07573925037834595,0.0489795918367347,0.03503401360544218,,,,,,
242,T13,L1正则多因素逻辑回归,0.25,2.6,6.95,137.2,0.034722222222222224,0.9814020028612304,0.08771929824561403,0.04975124378109452,0.025238813388029198,0.5080621125417263,0.9350340136054421,0.5268177265077597,0.14707144892222213,0.0489795918367347,0.019387755102040816,0.046581043895620115,0.22434065172224466,-2.2019612383735008,0.19576707081118958,0.0489795918367347,0.04039429870410223
242,T18,对应染色体三标准差Z值规则,0.0,5.042857142857143,11.266666666666667,130.6904761904762,0.0,0.9628473196744316,0.0,,-0.05430179342392724,0.4814236598372158,0.8890508584386136,0.6050830057555161,0.10561965655245395,0.07664399092970521,0.03430515063168124,,,,,,
242,T18,L1正则多因素逻辑回归,4.25,2.583333333333333,7.016666666666667,133.15,0.37721893491124264,0.9809675834970529,0.6219512195121951,0.46961325966850836,0.4525968633805074,0.6790932592041478,0.9346938775510204,0.8772835993536463,0.6026545277799771,0.07664399092970521,0.04648526077097506,0.046223071213519304,0.17543274798145028,-0.043330500906167434,0.9443283048893386,0.07664399092970521,0.07428085087192826
242,T21,对应染色体三标准差Z值规则,0.0,0.0,3.1666666666666665,143.83333333333334,0.0,1.0,,,,0.5,0.9784580498866213,0.412416034291987,0.02071182138702317,0.021541950113378682,0.0,,,,,,
242,T21,L1正则多因素逻辑回归,0.25,0.5,2.9166666666666665,143.33333333333334,0.07894736842105264,0.996523754345307,0.3333333333333333,0.12765957446808512,0.1537918034736191,0.5377355613831798,0.9767573696145125,0.5983250420373061,0.11581703739324128,0.021541950113378682,0.00510204081632653,0.020168858424006557,0.1008619579079812,-0.8605330351072494,0.7979397670519093,0.021541950113378682,0.02510030820740967
243,T13,对应染色体三标准差Z值规则,0.0,4.283333333333333,7.1,135.61666666666665,0.0,0.9693828925422922,0.0,,-0.039027785263026527,0.4846914462711461,0.922562358276644,0.40896610702256586,0.05007837646051856,0.04829931972789116,0.02913832199546485,,,,,,
243,T13,L1正则多因素逻辑回归,1.5833333333333333,2.25,5.516666666666666,137.64999999999998,0.22300469483568078,0.9839170836311651,0.41304347826086957,0.2896341463414634,0.2783780475549836,0.603460889233423,0.9471655328798186,0.6147796156655605,0.25507251123116836,0.04829931972789116,0.02607709750566893,0.041940781246879735,0.1957900202580813,-1.2820308278290118,0.4706237446189638,0.04829931972789116,0.04131221483994787
243,T18,对应染色体三标准差Z值规则,0.0,4.883333333333334,13.149999999999999,128.96666666666667,0.0,0.9635163740505541,0.0,,-0.05810177060068628,0.48175818702527706,0.8773242630385487,0.5667283572733607,0.10215904507797546,0.08945578231292516,0.033219954648526076,,,,,,
243,T18,L1正则多因素逻辑回归,5.2,4.25,7.95,129.6,0.39543726235741444,0.9682480388494583,0.5502645502645503,0.4601769911504425,0.42320580036840594,0.6818426506034364,0.9170068027210884,0.850662175830381,0.5802303556149722,0.08945578231292516,0.06428571428571428,0.05544865186637177,0.21277794384867296,-0.1551423438684136,0.7739317790886794,0.08945578231292516,0.07698084506849023
243,T21,对应染色体三标准差Z值规则,0.0,0.0,4.499999999999999,142.5,0.0,1.0,,,,0.5,0.9693877551020408,0.4763554977979929,0.0313763234467246,0.030612244897959183,0.0,,,,,,
243,T21,L1正则多因素逻辑回归,0.8333333333333333,1.0,3.6666666666666665,141.5,0.18518518518518517,0.9929824561403509,0.45454545454545453,0.2631578947368421,0.2765593526576535,0.589083820662768,0.9682539682539684,0.5637441339975453,0.22283744486520574,0.030612244897959183,0.012471655328798185,0.026234733984165152,0.1300027148352289,-0.5613223494838111,0.7876806109316644,0.030612244897959183,0.02665998528362404
244,T13,对应染色体三标准差Z值规则,0.6,2.571428571428571,4.1,139.72857142857143,0.12765957446808512,0.9819295251480774,0.1891891891891892,0.15245009074410165,0.13269931687068923,0.5547945498080813,0.9546161321671526,0.5545655439982677,0.09850100017411144,0.03197278911564626,0.021574344023323616,,,,,,
244,T13,L1正则多因素逻辑回归,0.75,2.35,3.95,139.95,0.15957446808510636,0.983485593815882,0.24193548387096772,0.1923076923076923,0.1751695215453061,0.5715300309504942,0.9571428571428571,0.6750519104887313,0.29628238927112815,0.03197278911564626,0.021088435374149662,0.02703342784966624,0.12981249463674482,-1.0667699440985263,0.6797253723157567,0.03197278911564626,0.038888745212224796
244,T18,对应染色体三标准差Z值规则,0.0,6.104761904761905,14.65,126.2452380952381,0.0,0.9538741072552935,0.0,,-0.06925371049335766,0.47693705362764677,0.8588111435050211,0.5897530393701602,0.11959666486258382,0.09965986394557823,0.04152899254940071,,,,,,
244,T18,L1正则多因素逻辑回归,5.75,2.833333333333333,8.899999999999999,129.51666666666665,0.3924914675767918,0.9785921168618561,0.6699029126213594,0.4949784791965567,0.4740567617959162,0.685541792219324,0.9201814058956916,0.9049814255643253,0.630733914621126,0.09965986394557823,0.05839002267573695,0.05807404074499445,0.2010818133026422,0.18568232660405734,0.932281320276776,0.09965986394557823,0.08429557358504772
244,T21,对应染色体三标准差Z值规则,0.0,0.0,2.583333333333333,144.41666666666669,0.0,1.0,,,,0.5,0.9824263038548752,0.5774472758408877,0.024280769203170464,0.017573696145124714,0.0,,,,,,
244,T21,L1正则多因素逻辑回归,0.25,0.5,2.333333333333333,143.91666666666669,0.09677419354838711,0.996537795729948,0.3333333333333333,0.15,0.17209084268383126,0.5466559946391676,0.9807256235827664,0.5106432201158858,0.11776722926561525,0.017573696145124714,0.00510204081632653,0.016513943055344673,0.08970787417613016,-2.175624266683174,0.4799474887651115,0.017573696145124714,0.023840241471151612
245,T13,对应染色体三标准差Z值规则,0.2,2.971428571428571,6.733333333333333,137.0952380952381,0.028846153846153848,0.9787856122934657,0.06306306306306307,0.03958529688972668,0.011135595323750472,0.5038158830698097,0.9339812115322319,0.6231579829420144,0.10533724658782229,0.047165532879818596,0.021574344023323613,,,,,,
245,T13,L1正则多因素逻辑回归,1.0,5.25,5.933333333333334,134.81666666666666,0.14423076923076922,0.9625178486435031,0.16,0.15170670037926676,0.11215960911544864,0.5533743089371361,0.9239229024943311,0.5797865419920394,0.10133974232829221,0.047165532879818596,0.04251700680272109,0.04677148551337651,0.2153290768774685,-2.026990614686234,0.24025017128763232,0.047165532879818596,0.03216446952008497
245,T18,对应染色体三标准差Z值规则,0.0,5.738095238095238,9.533333333333333,131.72857142857143,0.0,0.9582582790633227,0.0,,-0.053075615028719374,0.47912913953166136,0.8961127308066084,0.6437277865199786,0.09272570879201963,0.06485260770975057,0.03903466148364107,,,,,,
245,T18,L1正则多因素逻辑回归,4.4,3.1666666666666665,5.133333333333334,134.29999999999998,0.4615384615384615,0.9769641125121242,0.5814977973568283,0.5146198830409356,0.48871720799792884,0.7192512870252928,0.9435374149659865,0.887561335366864,0.6236700800952127,0.06485260770975057,0.05147392290249433,0.03794658652614917,0.14818369930207942,-0.26813051494496287,0.9433741849481382,0.06485260770975057,0.0720045490006214
245,T21,对应染色体三标准差Z值规则,0.0,0.0,2.8333333333333335,144.16666666666669,0.0,1.0,,,,0.5,0.9807256235827664,0.6121398617250369,0.03587088691575156,0.01927437641723356,0.0,,,,,,
245,T21,L1正则多因素逻辑回归,0.0,0.0,2.8333333333333335,144.16666666666666,0.0,1.0,,,,0.5,0.9807256235827664,0.48204141772315856,0.024317365101253867,0.01927437641723356,0.0,0.019361694941796768,0.10273149058364475,-4.814400923762569,-0.2168741597465207,0.01927437641723356,0.02255018423309532
246,T13,对应染色体三标准差Z值规则,0.4,2.333333333333333,5.9,138.36666666666667,0.06349206349206349,0.9834162520729685,0.14634146341463417,0.08856088560885608,0.07032955411624868,0.523454157782516,0.9439909297052155,0.5961325539455298,0.12277875933261914,0.04285714285714286,0.018594104308390022,,,,,,
246,T13,L1正则多因素逻辑回归,1.4166666666666665,4.0,4.883333333333333,136.7,0.22486772486772488,0.9715707178393745,0.26153846153846155,0.24182076813655762,0.21118918989807017,0.5982192213535498,0.9395691609977322,0.6390778981312708,0.24556869746671525,0.04285714285714286,0.036848072562358274,0.038191785328512765,0.17646602711195217,-1.3854360313843017,0.4795368568820059,0.04285714285714286,0.041787387275322815
246,T18,对应染色体三标准差Z值规则,0.0,5.8428571428571425,12.333333333333332,128.82380952380953,0.0,0.9566124469589815,0.0,,-0.06157031618273977,0.47830622347949076,0.8763524457402009,0.6214164341144541,0.11568436985328533,0.08390022675736962,0.03974732750242955,,,,,,
246,T18,L1正则多因素逻辑回归,5.25,3.6666666666666665,7.083333333333334,131.0,0.42567567567567566,0.9727722772277229,0.588785046728972,0.49411764705882344,0.462775110054043,0.6992239764516992,0.9268707482993197,0.8877933980656753,0.6364407860360126,0.08390022675736962,0.060657596371882096,0.04796403009730139,0.17980745662412204,0.010983687645511653,0.9354810304357516,0.08390022675736962,0.07840494898209739
246,T21,对应染色体三标准差Z值规则,0.0,0.0,3.583333333333333,143.41666666666666,0.0,1.0,,,,0.5,0.9756235827664398,0.4757440335430416,0.028840522305178518,0.02437641723356009,0.0,,,,,,
246,T21,L1正则多因素逻辑回归,0.9166666666666666,0.5,2.6666666666666665,142.91666666666666,0.2558139534883721,0.9965136548518303,0.6470588235294118,0.3666666666666667,0.39830753390218193,0.6261638041701012,0.9784580498866212,0.5449211518451954,0.28118491059420964,0.02437641723356009,0.00963718820861678,0.01989467040228847,0.10656870031272454,-0.6042681271934855,0.8464061317963658,0.02437641723356009,0.026732929661289172
247,T13,对应染色体三标准差Z值规则,0.2,3.883333333333333,8.033333333333333,134.88333333333333,0.024291497975708506,0.9720153735287053,0.0489795918367347,0.03247631935047361,-0.005167446507543187,0.4981534357522069,0.9189342403628117,0.5140381951386161,0.08611839568869759,0.05600907029478457,0.027777777777777776,,,,,,
247,T13,L1正则多因素逻辑回归,2.4166666666666665,5.0,5.816666666666666,133.76666666666665,0.2935222672064777,0.9639682920970454,0.3258426966292135,0.308839190628328,0.2705020588612076,0.6287452796517615,0.9264172335600908,0.7063254298832132,0.3591439719858944,0.05600907029478457,0.05045351473922902,0.04506931095712926,0.19644516577513613,-0.4646310902286092,0.689611254824701,0.05600907029478457,0.04152649510292495
247,T18,对应染色体三标准差Z值规则,0.0,7.985714285714287,13.116666666666667,125.89761904761905,0.0,0.9403531859650371,0.0,,-0.07501975653174339,0.47017659298251857,0.8564463880790412,0.5600532537354932,0.1045965958078757,0.08922902494331064,0.0543245869776482,,,,,,
247,T18,L1正则多因素逻辑回归,4.5,4.916666666666666,8.616666666666667,128.96666666666667,0.34307496823379924,0.9632764845014317,0.4778761061946903,0.3994082840236686,0.3566674124555423,0.6531757263676155,0.9079365079365079,0.8358305616126003,0.5119135061397269,0.08922902494331064,0.06405895691609977,0.06333699871901702,0.2328867840516261,-0.5032277518899176,0.6820692124521706,0.08922902494331064,0.08853280825324222
247,T21,对应染色体三标准差Z值规则,0.0,0.0,5.0,142.0,0.0,1.0,,,,0.5,0.9659863945578231,0.4519743460764587,0.03750794689061114,0.034013605442176874,0.0,,,,,,
247,T21,L1正则多因素逻辑回归,1.4166666666666665,1.5,3.583333333333333,140.5,0.2833333333333333,0.9894366197183099,0.4857142857142857,0.35789473684210527,0.35454831894058003,0.6363849765258216,0.9654195011337868,0.6315814330427005,0.33617917664145164,0.034013605442176874,0.01984126984126984,0.026539456683949837,0.13039802803665096,0.23033220631741796,0.9993761264817698,0.034013605442176874,0.027723949727666265
248,T13,对应染色体三标准差Z值规则,0.0,4.20952380952381,6.033333333333332,136.75714285714287,0.0,0.9701381616728035,0.0,,-0.035521173832717676,0.48506908083640177,0.9303206997084549,0.42565549295716815,0.04608336834517732,0.041043083900226755,0.028636216391318428,,,,,,
248,T13,L1正则多因素逻辑回归,2.583333333333333,5.95,3.45,135.01666666666665,0.42817679558011046,0.9577914400567511,0.30273437499999994,0.3546910755148741,0.3274586491263244,0.6929841178184308,0.9360544217687075,0.7588624920984752,0.4744194017251965,0.041043083900226755,0.05804988662131519,0.0294210622396646,0.13451344413311503,-0.2364673725348516,0.923857472036256,0.041043083900226755,0.0429558249652394
248,T18,对应染色体三标准差Z值规则,0.0,8.928571428571429,9.833333333333332,128.23809523809524,0.0,0.9349071341780941,0.0,,-0.0680871518649852,0.46745356708904706,0.8723679948169745,0.5539105636282151,0.08192191504505736,0.06689342403628117,0.060738581146744415,,,,,,
248,T18,L1正则多因素逻辑回归,5.65,3.25,4.183333333333334,133.91666666666666,0.5745762711864407,0.9763061968408262,0.6348314606741573,0.603202846975089,0.5770876516371614,0.7754412340136334,0.9494331065759637,0.9008547833326959,0.7398325859945211,0.06689342403628117,0.06054421768707483,0.030373471147871346,0.12954338439528415,-0.20882756474354608,1.0466255794955244,0.06689342403628117,0.07753814984396996
248,T21,对应染色体三标准差Z值规则,0.0,0.0,2.9166666666666665,144.08333333333331,0.0,1.0,,,,0.5,0.9801587301587302,0.3583387039026137,0.02236965669537836,0.01984126984126984,0.0,,,,,,
248,T21,L1正则多因素逻辑回归,1.5833333333333333,0.5,1.3333333333333333,143.58333333333331,0.5428571428571428,0.9965297860034702,0.7600000000000001,0.6333333333333333,0.6363735805198485,0.7696934644303065,0.987528344671202,0.685318004587607,0.556305550576505,0.01984126984126984,0.014172335600907027,0.012109399025654326,0.07092243715909291,0.8168038874223293,1.4164960946149723,0.01984126984126984,0.0278537254980355
249,T13,对应染色体三标准差Z值规则,0.0,3.121428571428571,7.083333333333333,136.7952380952381,0.0,0.9776908023483366,0.0,,-0.03314078237831178,0.4888454011741683,0.9305798509880142,0.5156524742118407,0.057459177969189174,0.0481859410430839,0.021234207968901846,,,,,,
249,T13,L1正则多因素逻辑回归,1.3333333333333333,2.9,5.75,137.01666666666665,0.18823529411764706,0.9792733770101251,0.31496062992125984,0.23564064801178203,0.21450440503980434,0.5837543355638861,0.9411564625850339,0.6469473125760132,0.2970348153700455,0.0481859410430839,0.028798185941043084,0.040533265881527156,0.18889192093293455,-0.9896615751085979,0.5435824097886992,0.0481859410430839,0.03680993983786904
249,T18,对应染色体三标准差Z值规则,0.0,5.7142857142857135,8.533333333333333,132.75238095238095,0.0,0.9587316871861888,0.0,,-0.049925058958844866,0.4793658435930944,0.9030774214447683,0.534798812944924,0.0637616484246463,0.05804988662131519,0.038872691933916424,,,,,,
249,T18,L1正则多因素逻辑回归,3.5,3.5,5.033333333333333,134.96666666666667,0.41015625,0.9747231584015407,0.5,0.45064377682403434,0.42261373982537664,0.6924397042007704,0.9419501133786848,0.8680946774623428,0.5183827160427678,0.05804988662131519,0.047619047619047616,0.041555571564954194,0.15800621386625543,-0.7385897735554801,0.8117327987314386,0.05804988662131519,0.07796354058132116
249,T21,对应染色体三标准差Z值规则,0.0,0.0,3.3333333333333335,143.66666666666666,0.0,1.0,,,,0.5,0.9773242630385487,0.5122853828306265,0.030118408185159037,0.022675736961451243,0.0,,,,,,
249,T21,L1正则多因素逻辑回归,0.5833333333333333,0.5,2.75,143.16666666666666,0.175,0.9965197215777262,0.5384615384615384,0.2641509433962264,0.29853684600333746,0.5857598607888631,0.9778911564625851,0.5983862280411003,0.21148720912486435,0.022675736961451243,0.0073696145124716545,0.019622861135285666,0.1004415629426101,-0.2839896255647196,0.9558594048573448,0.022675736961451243,0.02574350017634388
250,T13,对应染色体三标准差Z值规则,0.0,4.504761904761905,3.6,138.89523809523808,0.0,0.9685860397157469,0.0,,-0.028171658804692832,0.48429301985787343,0.9448655652737284,0.4163786407946102,0.02098028277095717,0.02448979591836735,0.030644638807904113,,,,,,
250,T13,L1正则多因素逻辑回归,0.25,3.75,3.35,139.65,0.06944444444444445,0.9738493723849372,0.0625,0.06578947368421052,0.04112952434646217,0.5216469084146909,0.9517006802721089,0.6058491620730113,0.09217619076033849,0.02448979591836735,0.027210884353741496,0.024615574208758675,0.12289819779605428,-2.321705037878152,0.3434623940515059,0.02448979591836735,0.03268180484666612
250,T18,对应染色体三标准差Z值规则,0.0,4.807142857142858,8.233333333333334,133.9595238095238,0.0,0.9653580865447309,0.0,,-0.04478678573746549,0.48267904327236544,0.9112892776158081,0.549075783566346,0.06285246652705166,0.05600907029478459,0.03270165208940719,,,,,,
250,T18,L1正则多因素逻辑回归,1.95,2.75,6.283333333333334,136.01666666666665,0.23684210526315785,0.980182560653375,0.4148936170212766,0.3015463917525773,0.28365349869391365,0.6085123329582665,0.9385487528344669,0.8196117383760405,0.4554166692478639,0.05600907029478459,0.03197278911564626,0.04099713806989055,0.1675569502235701,-0.5544038335694021,0.779648150958308,0.05600907029478459,0.06183984039854573
250,T21,对应染色体三标准差Z值规则,0.0,0.0,3.583333333333333,143.41666666666669,0.0,1.0,,,,0.5,0.9756235827664399,0.5550902376544579,0.031385382689626935,0.02437641723356009,0.0,,,,,,
250,T21,L1正则多因素逻辑回归,0.0,0.0,3.583333333333333,143.41666666666669,0.0,1.0,,,,0.5,0.9756235827664399,0.37234127573978665,0.025308387127278523,0.02437641723356009,0.0,0.02432896905515352,0.1301617833666038,-6.556829943155517,-0.6852015049657278,0.02437641723356009,0.022836583034063548
251,T13,对应染色体三标准差Z值规则,0.0,2.104761904761905,7.666666666666667,137.22857142857143,0.0,0.9848940533151058,0.0,,-0.028271588308600146,0.4924470266575529,0.933527696793003,0.4835684195667034,0.09179907899583631,0.05215419501133786,0.014318108195659216,,,,,,
251,T13,L1正则多因素逻辑回归,1.9166666666666665,3.7,5.75,135.63333333333333,0.25,0.9734449760765551,0.3412462908011869,0.28858218318695106,0.2591570126309989,0.6117224880382776,0.9357142857142856,0.6857991693661031,0.3488147339753862,0.05215419501133786,0.03820861678004535,0.04125506306495795,0.1895493577280478,-0.7646212572271815,0.6116736135943709,0.05215419501133786,0.04340948438608224
251,T18,对应染色体三标准差Z值规则,0.0,5.730952380952382,14.183333333333332,127.08571428571429,0.0,0.9568506534248786,0.0,,-0.0658192240288917,0.4784253267124393,0.8645286686103013,0.5271557046860262,0.10728735745398985,0.09648526077097505,0.03898607061872368,,,,,,
251,T18,L1正则多因素逻辑回归,7.5,4.0,6.683333333333334,128.81666666666666,0.5287896592244419,0.9698832977788933,0.6521739130434783,0.5840363400389358,0.5482929887173731,0.7493364785016676,0.9273242630385488,0.8963536793879372,0.7284041931191733,0.09648526077097505,0.0782312925170068,0.045913770841174914,0.1797050397797654,0.0922516906331848,0.9441078448368072,0.09648526077097505,0.08807585283820767
251,T21,对应染色体三标准差Z值规则,0.0,0.0,4.916666666666667,142.08333333333331,0.0,1.0,,,,0.5,0.9665532879818595,0.42394722827746356,0.0304190244515958,0.03344671201814058,0.0,,,,,,
251,T21,L1正则多因素逻辑回归,1.1666666666666665,1.0,3.75,141.08333333333331,0.23728813559322035,0.9929618768328445,0.5384615384615384,0.32941176470588235,0.34353919982155284,0.6151250062130325,0.967687074829932,0.5825288107190787,0.2817771421736494,0.03344671201814058,0.014739229024943309,0.027275198272226502,0.13494035194185264,-0.17877783755183435,0.8722384820139906,0.03344671201814058,0.026903562915821556
252,T13,对应染色体三标准差Z值规则,0.0,4.504761904761905,5.2,137.2952380952381,0.0,0.9682315803613407,0.0,,-0.03404860330313126,0.48411579018067036,0.9339812115322319,0.374114583961199,0.028719171499812346,0.03537414965986395,0.030644638807904113,,,,,,
252,T13,L1正则多因素逻辑回归,1.6666666666666665,3.95,3.533333333333333,137.85,0.32051282051282054,0.9721438645980255,0.29673590504451036,0.3081664098613251,0.2820069443039836,0.646328342555423,0.9490929705215418,0.7742249914323257,0.3490912065893442,0.03537414965986395,0.038208616780045355,0.027238313475152334,0.12244702926448307,-0.5366636632130503,0.9059460634174012,0.03537414965986395,0.046067955253928754
252,T18,对应染色体三标准差Z值规则,0.0,5.847619047619047,12.733333333333333,128.4190476190476,0.0,0.9564477230812881,0.0,,-0.06268048993847328,0.47822386154064406,0.8735989633948819,0.5853525369162313,0.10512679242244678,0.08662131519274376,0.03977972141237448,,,,,,
252,T18,L1正则多因素逻辑回归,6.15,2.1666666666666665,6.583333333333334,132.10000000000002,0.4829842931937173,0.983862959285005,0.7394789579158317,0.5843230403800476,0.5683857503409525,0.7334236262393612,0.9404761904761905,0.9074090055104175,0.6760367292460427,0.08662131519274376,0.05657596371882086,0.04595658489229848,0.17006769562200166,0.15863002191046163,1.0383629360499795,0.08662131519274376,0.08187588381073811
252,T21,对应染色体三标准差Z值规则,0.0,0.0,4.666666666666667,142.33333333333331,0.0,1.0,,,,0.5,0.9682539682539684,0.4459371863499497,0.034703669665949,0.031746031746031744,0.0,,,,,,
252,T21,L1正则多因素逻辑回归,1.6666666666666665,2.0,3.0,140.33333333333334,0.35714285714285715,0.9859484777517564,0.45454545454545453,0.4,0.3857066571142532,0.6715456674473068,0.9659863945578231,0.573122879128232,0.3828055925737744,0.031746031746031744,0.02494331065759637,0.023493653590745015,0.12117784898281687,0.19244854419160895,1.0230240753115603,0.031746031746031744,0.02859938171169258
253,T13,对应染色体三标准差Z值规则,0.4,3.2,9.066666666666666,134.33333333333331,0.04225352112676056,0.9767329132331557,0.11111111111111112,0.06122448979591837,0.030152276934093346,0.5094932171799581,0.9165532879818595,0.52580627568936,0.10492510873426006,0.06439909297052153,0.02448979591836735,,,,,,
253,T13,L1正则多因素逻辑回归,1.0,4.4,8.466666666666667,133.13333333333333,0.1056338028169014,0.968007755695589,0.18518518518518517,0.13452914798206275,0.09609415930820797,0.5368207792562452,0.9124716553287981,0.5614243812365223,0.2689041192759678,0.06439909297052153,0.036734693877551024,0.054623989971480096,0.25610629264249707,-1.311989082252884,0.3766107044974777,0.06439909297052153,0.04335460769783701
253,T18,对应染色体三标准差Z值规则,0.0,5.942857142857143,18.599999999999998,122.45714285714286,0.0,0.9537160658655985,0.0,,-0.07812212789486093,0.47685803293279927,0.8330417881438289,0.5859597499528998,0.15928478696680362,0.12653061224489798,0.04042759961127308,,,,,,
253,T18,L1正则多因素逻辑回归,8.25,2.833333333333333,10.349999999999998,125.56666666666666,0.44354838709677424,0.9779335410176531,0.7443609022556392,0.5558674901740596,0.530696700048486,0.7107409640572137,0.9103174603174603,0.8708491881382797,0.7038349979614366,0.12653061224489798,0.07539682539682539,0.06428201631821669,0.2491313598823897,0.23638505043938232,0.831069124490369,0.12653061224489798,0.09679079993473537
253,T21,对应染色体三标准差Z值规则,0.0,0.0,3.5833333333333335,143.41666666666666,0.0,1.0,,,,0.5,0.9756235827664398,0.4879158695625598,0.025835057377905108,0.02437641723356009,0.0,,,,,,
253,T21,L1正则多因素逻辑回归,0.25,0.5,3.3333333333333335,142.91666666666669,0.06976744186046512,0.9965136548518303,0.3333333333333333,0.11538461538461539,0.14346783136700567,0.5331405483561477,0.973922902494331,0.4209874374462298,0.09151868635599694,0.02437641723356009,0.00510204081632653,0.023296977528400424,0.12232427545972745,-3.8554562439853943,-0.041801195988268536,0.02437641723356009,0.02449503184423353
254,T13,对应染色体三标准差Z值规则,0.2,4.226190476190476,4.2,138.37380952380954,0.045454545454545456,0.9703633206438255,0.04518558364712211,0.04531966549770704,0.015772446725225157,0.5079089330491855,0.9426789763524456,0.3902602335719447,0.02966017428848157,0.02993197278911565,0.03011013929381276,,,,,,
254,T13,L1正则多因素逻辑回归,0.9166666666666666,1.25,3.4833333333333334,141.35000000000002,0.20833333333333331,0.991234221598878,0.4230769230769231,0.27918781725888325,0.28219266659855996,0.5997837774661057,0.9678004535147391,0.7495162378139235,0.3750335295588255,0.02993197278911565,0.014739229024943309,0.02401538666458084,0.11264538328909668,-0.5295039463501531,0.8732888014600115,0.02993197278911565,0.03578677854212612
254,T18,对应染色体三标准差Z值规则,0.0,4.092857142857143,9.966666666666667,132.9404761904762,0.0,0.9701323974007019,0.0,,-0.045640267448528636,0.48506619870035095,0.9043569808875932,0.5381552679972614,0.07537968455185261,0.06780045351473922,0.027842565597667637,,,,,,
254,T18,L1正则多因素逻辑回归,3.0,3.583333333333333,6.966666666666668,133.45,0.3010033444816053,0.9738506446120164,0.4556962025316456,0.36253776435045315,0.3340856871931632,0.6374269945468108,0.9282312925170068,0.89010570616654,0.4451309692752903,0.06780045351473922,0.04478458049886622,0.04768845730509787,0.1695327676178934,-0.150578892056945,0.8887211989335867,0.06780045351473922,0.06581451165384804
254,T21,对应染色体三标准差Z值规则,0.0,0.0,4.666666666666667,142.33333333333331,0.0,1.0,,,,0.5,0.9682539682539684,0.3922435836161161,0.02702976036419131,0.031746031746031744,0.0,,,,,,
254,T21,L1正则多因素逻辑回归,0.9166666666666666,0.5,3.75,141.83333333333331,0.1964285714285714,0.9964871194379391,0.6470588235294118,0.3013698630136986,0.34620599667933777,0.5964578454332552,0.9710884353741497,0.5615545691344455,0.23926874610452792,0.031746031746031744,0.00963718820861678,0.02677128376146118,0.13234300027464363,-0.415838338301687,0.8191911926451934,0.031746031746031744,0.02676800268019809
255,T13,对应染色体三标准差Z值规则,0.2,2.8000000000000003,6.983333333333333,137.01666666666665,0.027842227378190258,0.9799737751817856,0.06666666666666667,0.03927986906710312,0.011917503864901108,0.5039080012799879,0.9334467120181404,0.5399150117388204,0.10949466462551122,0.04886621315192744,0.02040816326530612,,,,,,
255,T13,L1正则多因素逻辑回归,2.333333333333333,5.25,4.85,134.56666666666666,0.3248259860788863,0.9624508284658482,0.30769230769230765,0.31602708803611734,0.27999845682535685,0.6436384072723672,0.9312925170068027,0.6773328379220973,0.34182987436838275,0.04886621315192744,0.051587301587301584,0.0402559143772513,0.18292128863254384,-0.9843292739900783,0.582513487443663,0.04886621315192744,0.047295948447220265
255,T18,对应染色体三标准差Z值规则,0.0,3.7261904761904763,15.066666666666666,128.20714285714286,0.0,0.9717570201400418,0.0,,-0.05449798486211205,0.4858785100700209,0.8721574344023324,0.5740151822220123,0.12853015616623,0.10249433106575964,0.025348234531908,,,,,,
255,T18,L1正则多因素逻辑回归,9.4,5.0,5.666666666666667,126.93333333333334,0.6238938053097346,0.9621020717534108,0.6527777777777778,0.6380090497737557,0.5978984257943548,0.7929979385315726,0.9274376417233561,0.927049502551762,0.7832660625580244,0.10249433106575964,0.0979591836734694,0.04425903876049624,0.16465587529385983,-0.0359546857494249,1.0116299548373762,0.10249433106575964,0.10489952701422975
255,T21,对应染色体三标准差Z值规则,0.0,0.0,3.3333333333333335,143.66666666666669,0.0,1.0,,,,0.5,0.9773242630385487,0.5153621146834604,0.029257332956948903,0.022675736961451243,0.0,,,,,,
255,T21,L1正则多因素逻辑回归,0.5833333333333333,0.5,2.75,143.16666666666669,0.175,0.9965197215777262,0.5384615384615384,0.2641509433962264,0.2985368460033374,0.5857598607888631,0.9778911564625851,0.5480274279085183,0.19864402788914248,0.022675736961451243,0.0073696145124716545,0.019880777381160532,0.10276945771666829,-0.6748213976111749,0.856136285110188,0.022675736961451243,0.027296302516753163
256,T13,对应染色体三标准差Z值规则,0.4,6.492857142857143,6.566666666666667,133.5404761904762,0.057416267942583726,0.9536334886251574,0.058031088082901555,0.05772204088644563,0.011105833604001372,0.5055248782838706,0.9111597019760286,0.4956596198249188,0.06089608285565051,0.04739229024943311,0.04689018464528669,,,,,,
256,T13,L1正则多因素逻辑回归,0.9166666666666666,4.95,6.05,135.08333333333331,0.13157894736842105,0.9646512735063081,0.15624999999999997,0.14285714285714285,0.10445499333520707,0.5481151104373646,0.9251700680272109,0.5457423719867498,0.12488744936628954,0.04739229024943311,0.0399092970521542,0.045986369420742454,0.21484568001441684,-2.110303432040155,0.2318570509600212,0.04739229024943311,0.0401849858721532
256,T18,对应染色体三标准差Z值规则,0.0,6.945238095238095,11.399999999999999,128.6547619047619,0.0,0.9487814299761202,0.0,,-0.06456798159213233,0.4743907149880601,0.8752024619371558,0.637175226660555,0.10740183414897908,0.07755102040816327,0.047246517654680915,,,,,,
256,T18,L1正则多因素逻辑回归,5.0,4.5,6.4,131.1,0.43859649122807015,0.9668141592920354,0.5263157894736842,0.4784688995215311,0.441026080389247,0.7027053252600528,0.9258503401360544,0.9233760716934915,0.6501585692898579,0.07755102040816327,0.06462585034013606,0.044473737933760714,0.1560542817909722,-0.09107918742040033,1.045789458494818,0.07755102040816327,0.08477774492096028
256,T21,对应染色体三标准差Z值规则,0.0,0.0,4.25,142.75,0.0,1.0,,,,0.5,0.9710884353741497,0.4325041166495785,0.028754535049985055,0.02891156462585034,0.0,,,,,,
256,T21,L1正则多因素逻辑回归,0.6666666666666666,0.0,3.5833333333333335,142.75,0.1568627450980392,1.0,1.0,0.2711864406779661,0.3911797196863994,0.5784313725490196,0.9756235827664398,0.6674747890983599,0.21517832887280142,0.02891156462585034,0.0045351473922902496,0.02484661308968369,0.11863564750339176,0.1878323171859971,1.020839573552818,0.02891156462585034,0.02594141164535563
257,T13,对应染色体三标准差Z值规则,0.4,2.4214285714285717,4.816666666666666,139.36190476190475,0.07667731629392971,0.9829216275672135,0.14177215189873418,0.0995260663507109,0.08036423400414795,0.5297994719305716,0.9507612568837058,0.5004575124510181,0.08093068888737073,0.035487528344671206,0.019193391642371237,,,,,,
257,T13,L1正则多因素逻辑回归,1.0,1.75,4.216666666666667,140.03333333333333,0.19169329073482427,0.9876572234630304,0.36363636363636365,0.2510460251046025,0.2448992770627485,0.5896752570989273,0.9594104308390022,0.6340366622659985,0.3272061594673334,0.035487528344671206,0.01870748299319728,0.02985652740607583,0.1456961026227353,-1.1375375787770035,0.6054072914733023,0.035487528344671206,0.036205588559019654
257,T18,对应染色体三标准差Z值规则,0.0,6.314285714285714,10.6,130.0857142857143,0.0,0.9537075827398408,0.0,,-0.059058561175800585,0.4768537913699204,0.8849368318756075,0.5865746248240161,0.09019766120152295,0.07210884353741497,0.04295432458697765,,,,,,
257,T18,L1正则多因素逻辑回归,3.25,2.1666666666666665,7.3500000000000005,134.23333333333335,0.3066037735849056,0.984115347018573,0.6000000000000001,0.4058272632674297,0.3991733992291123,0.6453595603017392,0.9352607709750568,0.8327777162987144,0.5219430895385818,0.07210884353741497,0.03684807256235828,0.04817741381132755,0.1920527357722874,-0.1715660610867933,0.8110091090827493,0.07210884353741497,0.06309331774674225
257,T21,对应染色体三标准差Z值规则,0.0,0.0,4.083333333333334,142.91666666666669,0.0,1.0,,,,0.5,0.9722222222222222,0.5476837032188967,0.037603478549772675,0.027777777777777776,0.0,,,,,,
257,T21,L1正则多因素逻辑回归,0.75,1.5,3.3333333333333335,141.41666666666666,0.18367346938775508,0.9895043731778426,0.3333333333333333,0.2368421052631579,0.23181452040950085,0.5865889212827988,0.9671201814058956,0.4860338804409725,0.2097180233419822,0.027777777777777776,0.015306122448979591,0.02412890985258071,0.12672078036405507,-1.4596013406325063,0.5451945644538481,0.027777777777777776,0.024414806134746118
258,T13,对应染色体三标准差Z值规则,0.4,4.916666666666667,4.416666666666667,137.26666666666665,0.08304498269896193,0.9654202320947135,0.07523510971786833,0.07894736842105263,0.04621135303917742,0.5242326073968377,0.9365079365079364,0.541719412085133,0.05991778228214925,0.03276643990929705,0.03616780045351474,,,,,,
258,T13,L1正则多因素逻辑回归,0.5833333333333333,3.75,4.233333333333333,138.43333333333334,0.12110726643598616,0.9736256007502051,0.1346153846153846,0.12750455373406194,0.09970708461721424,0.5473664335930957,0.9456916099773244,0.6287944759981815,0.19475557968783785,0.03276643990929705,0.029478458049886618,0.030122423000599762,0.14346900889368155,-1.5489972733012776,0.5009092774681586,0.03276643990929705,0.03676433609237484
258,T18,对应染色体三标准差Z值规则,0.0,5.016666666666666,9.433333333333334,132.55,0.0,0.9635328325660287,0.0,,-0.04922264216692515,0.48176641628301436,0.9017006802721089,0.5535707711262814,0.07442751601180944,0.06417233560090703,0.034126984126984124,,,,,,
258,T18,L1正则多因素逻辑回归,3.45,3.1666666666666665,5.983333333333333,134.39999999999998,0.3657243816254417,0.9769808577659317,0.5214105793450882,0.4299065420560747,0.40507229286796526,0.6713526196956867,0.9377551020408162,0.9075920787094555,0.5957403947561625,0.06417233560090703,0.04501133786848073,0.039245151671932606,0.1436050420737841,-0.15993493672422157,0.9642971446164463,0.06417233560090703,0.06817845173924322
258,T21,对应染色体三标准差Z值规则,0.0,0.0,2.5833333333333335,144.41666666666669,0.0,1.0,,,,0.5,0.9824263038548752,0.3912514193176109,0.015403996024501083,0.017573696145124714,0.0,,,,,,
258,T21,L1正则多因素逻辑回归,0.3333333333333333,0.0,2.25,144.41666666666669,0.12903225806451613,1.0,1.0,0.2285714285714286,0.35644464636708134,0.564516129032258,0.9846938775510204,0.5686651899558847,0.16540190663263016,0.017573696145124714,0.0022675736961451248,0.015850284497530332,0.08604575723899191,-1.0771584988567187,0.7785592762063032,0.017573696145124714,0.02344830888316387
259,T13,对应染色体三标准差Z值规则,0.0,6.209523809523809,5.766666666666667,135.02380952380952,0.0,0.9560335817121279,0.0,,-0.04243618450506365,0.47801679085606397,0.9185293164885001,0.45052792106240863,0.04311937471527651,0.03922902494331066,0.04224165856818918,,,,,,
259,T13,L1正则多因素逻辑回归,1.0,1.95,4.766666666666667,139.28333333333333,0.17341040462427745,0.9861930611281567,0.3389830508474576,0.22944550669216057,0.22095595322506678,0.5798017328762171,0.9543083900226758,0.7142628142974665,0.27948433500669045,0.03922902494331066,0.020068027210884354,0.032725707836972984,0.14821945815744733,-0.6494490896384847,0.7037788313151949,0.03922902494331066,0.0338412698679381
259,T18,对应染色体三标准差Z值规则,0.0,5.852380952380952,10.7,130.44761904761904,0.0,0.9570625021835587,0.0,,-0.05705234196902398,0.47853125109177935,0.887398769031422,0.5200248248173729,0.08041565067534118,0.07278911564625849,0.0398121153223194,,,,,,
259,T18,L1正则多因素逻辑回归,4.2,2.9166666666666665,6.5,133.38333333333333,0.39252336448598135,0.9786011249694302,0.5901639344262295,0.47146866230121615,0.44919832817179606,0.6855622447277058,0.9359410430839001,0.8704670818393985,0.5814374520562183,0.07278911564625849,0.048412698412698414,0.045482070735333224,0.17441523136045728,-0.2151995259385337,0.8411001866594938,0.07278911564625849,0.07031252289177935
259,T21,对应染色体三标准差Z值规则,0.0,0.0,4.083333333333334,142.91666666666666,0.0,1.0,,,,0.5,0.9722222222222222,0.5208753722230247,0.0315742721238831,0.027777777777777776,0.0,,,,,,
259,T21,L1正则多因素逻辑回归,0.75,1.5,3.3333333333333335,141.41666666666666,0.18367346938775508,0.9895043731778426,0.3333333333333333,0.2368421052631579,0.23181452040950085,0.5865889212827988,0.9671201814058956,0.5084290842534431,0.21346709858495583,0.027777777777777776,0.015306122448979591,0.024081786834642033,0.12485105178559111,-1.2176443426588606,0.6183530674485819,0.027777777777777776,0.02535179483469498
260,T13,对应染色体三标准差Z值规则,0.6,2.5047619047619043,8.633333333333333,135.26190476190476,0.06498194945848376,0.9818188102727179,0.1932515337423313,0.09725974527209572,0.07897086118412754,0.5234003798656008,0.9242306446388079,0.47430098527718206,0.09599864966437024,0.06281179138321996,0.021120829284094592,,,,,,
260,T13,L1正则多因素逻辑回归,0.75,4.2,8.483333333333334,133.56666666666666,0.08122743682310468,0.969513670457295,0.15151515151515152,0.10575793184488837,0.06824770538812251,0.5253705536401998,0.913718820861678,0.6350468567874739,0.22592598628285324,0.06281179138321996,0.0336734693877551,0.055863628646699096,0.2471756971778785,-1.1895626089436973,0.41560928712213313,0.06281179138321996,0.04563294258987541
260,T18,对应染色体三标准差Z值规则,0.0,3.7976190476190474,16.533333333333335,126.66904761904762,0.0,0.9708920359150303,0.0,,-0.05797102865259347,0.48544601795751513,0.8616942014901199,0.5476179315537515,0.12782277990384616,0.11247165532879817,0.025834143181081955,,,,,,
260,T18,L1正则多因素逻辑回归,7.9,3.4166666666666665,8.633333333333333,127.05000000000001,0.47782258064516137,0.973811957077159,0.6980854197349043,0.5673249551166967,0.5352967742149205,0.7258172688611602,0.9180272108843539,0.9119394310627809,0.7352337064707667,0.11247165532879817,0.07698412698412699,0.0544847835570422,0.19695359278963748,0.423701624491849,1.0721199297927895,0.11247165532879817,0.09523800029341717
260,T21,对应染色体三标准差Z值规则,0.0,0.0,2.333333333333333,144.66666666666669,0.0,1.0,,,,0.5,0.9841269841269841,0.6528854744662841,0.03055040468529653,0.015873015873015872,0.0,,,,,,
260,T21,L1正则多因素逻辑回归,0.25,0.5,2.083333333333333,144.16666666666666,0.10714285714285715,0.9965437788018433,0.3333333333333333,0.16216216216216214,0.1818933598994668,0.5518433179723502,0.9824263038548752,0.463961840496567,0.12429847627258182,0.015873015873015872,0.00510204081632653,0.015028638633591898,0.08532559629838733,-2.9727041150648574,0.3012021983656322,0.015873015873015872,0.02496275473105782
261,T13,对应染色体三标准差Z值规则,0.0,3.992857142857143,5.449999999999999,137.55714285714285,0.0,0.9717918958470001,0.0,,-0.032787351410320104,0.48589594792350005,0.9357628765792031,0.43654078035225163,0.04861663845869446,0.03707482993197279,0.0271622934888241,,,,,,
261,T13,L1正则多因素逻辑回归,0.8333333333333333,4.25,4.616666666666667,137.3,0.1529051987767584,0.9699752737548569,0.16393442622950818,0.1582278481012658,0.1270705955320016,0.5614402362658076,0.9396825396825398,0.7082667261713793,0.25181746440636665,0.03707482993197279,0.03458049886621315,0.03279223160653479,0.1463295116218903,-1.0460991775088764,0.6273797504461085,0.03707482993197279,0.03981857960275652
261,T18,对应染色体三标准差Z值规则,0.0,6.3619047619047615,13.783333333333333,126.8547619047619,0.0,0.9522439277224714,0.0,,-0.06841320586619151,0.4761219638612357,0.8629575639779721,0.5407838396859476,0.1009219910517237,0.0937641723356009,0.04327826368642695,,,,,,
261,T18,L1正则多因素逻辑回归,6.9,4.25,6.883333333333334,128.96666666666667,0.5006045949214026,0.9680970849493307,0.6188340807174888,0.553475935828877,0.5160427321218483,0.7343508399353667,0.9242630385487529,0.9079383612500636,0.6784610218211305,0.0937641723356009,0.07585034013605442,0.05094036130227649,0.18254499819982067,-0.05625263263483182,0.9450962149504831,0.0937641723356009,0.09257620134488952
261,T21,对应染色体三标准差Z值规则,0.0,0.0,2.4166666666666665,144.58333333333331,0.0,1.0,,,,0.5,0.9835600907029479,0.5357353435262606,0.02116678077363713,0.016439909297052153,0.0,,,,,,
261,T21,L1正则多因素逻辑回归,0.3333333333333333,0.0,2.083333333333333,144.58333333333331,0.13793103448275862,1.0,1.0,0.2424242424242424,0.36874352446362474,0.5689655172413793,0.9858276643990931,0.5206596537054652,0.1582756367587753,0.016439909297052153,0.0022675736961451248,0.014910279918829044,0.08319371766669253,-1.417611831511498,0.7067567153331616,0.016439909297052153,0.023854657060320313
262,T13,对应染色体三标准差Z值规则,0.4,2.071428571428571,5.183333333333334,139.34523809523807,0.07164179104477611,0.9853523023823554,0.161849710982659,0.09932013006207509,0.08473757667432333,0.5284970467135658,0.9506478781988987,0.4327837535950184,0.06526077325896447,0.03798185941043084,0.016812439261418854,,,,,,
262,T13,L1正则多因素逻辑回归,1.4166666666666665,4.0,4.166666666666667,137.41666666666666,0.25373134328358204,0.971714790807307,0.26153846153846155,0.2575757575757575,0.2287534998034169,0.6127230670454445,0.9444444444444443,0.7162743233072788,0.2091998008758668,0.03798185941043084,0.036848072562358274,0.0343120819317753,0.15080223930127976,-1.0799449395120349,0.6167519353223526,0.03798185941043084,0.04047368174463017
262,T18,对应染色体三标准差Z值规则,0.0,3.34047619047619,11.766666666666666,131.8928571428571,0.0,0.9752984260009155,0.0,,-0.04498024616535909,0.48764921300045777,0.8972303206997084,0.5544262338035353,0.08963999788091656,0.0800453514739229,0.02272432782636864,,,,,,
262,T18,L1正则多因素逻辑回归,4.15,1.5,7.616666666666667,133.73333333333332,0.3526912181303116,0.9889080601429627,0.7345132743362832,0.47655502392344495,0.4821846890143306,0.6707996391366372,0.9379818594104308,0.9013808390292641,0.628701477061588,0.0800453514739229,0.03843537414965987,0.04712125114086722,0.1708647208018388,0.41441381110493986,1.0898637561766094,0.0800453514739229,0.06834940777403213
262,T21,对应染色体三标准差Z值规则,0.0,0.0,4.75,142.25,0.0,1.0,,,,0.5,0.967687074829932,0.523652717029833,0.03976483219529234,0.03231292517006803,0.0,,,,,,
262,T21,L1正则多因素逻辑回归,0.6666666666666666,0.0,4.083333333333333,142.25,0.14035087719298245,1.0,1.0,0.24615384615384614,0.36937038359638974,0.5701754385964912,0.9722222222222222,0.49968300951558764,0.174686459062078,0.03231292517006803,0.0045351473922902496,0.028553418926970355,0.14420048857059378,-1.3986782906752557,0.5184297616920238,0.03231292517006803,0.024150246842341055
263,T13,对应染色体三标准差Z值规则,0.4,7.064285714285715,9.483333333333334,130.05238095238096,0.04047217537942664,0.9484797443956311,0.05358851674641148,0.04611583859456492,-0.012602213902836714,0.49447595988752885,0.8874311629413671,0.6697356022422114,0.2050967403713186,0.06723356009070294,0.05077745383867833,,,,,,
263,T13,L1正则多因素逻辑回归,1.0,2.0,8.883333333333333,135.11666666666667,0.10118043844856661,0.9854138811231311,0.3333333333333333,0.15523932729624837,0.15337139776429304,0.5432971597858489,0.9259637188208617,0.5420489268652202,0.15239898380808126,0.06723356009070294,0.02040816326530612,0.06363326563000583,0.3049818513987313,-1.8851555069173518,0.1775424117740119,0.06723356009070294,0.03548722312352997
263,T18,对应染色体三标准差Z值规则,0.0,7.397619047619048,15.599999999999998,124.00238095238096,0.0,0.9437015293179677,0.0,,-0.07931661752093411,0.47185076465898385,0.8435536119209589,0.6322099897537495,0.1612870534552271,0.10612244897959183,0.05032393909944931,,,,,,
263,T18,L1正则多因素逻辑回归,7.25,4.166666666666666,8.350000000000001,127.23333333333332,0.4647435897435897,0.9682902080162354,0.635036496350365,0.5367057371992597,0.4983207386605186,0.7165168988799125,0.9148526077097505,0.8969644707848665,0.693526279593853,0.10612244897959183,0.07766439909297052,0.054852830793659546,0.2023054256020806,0.23996310361726564,0.94370535578519,0.10612244897959183,0.08909282456552652
263,T21,对应染色体三标准差Z值规则,0.0,0.0,3.6666666666666665,143.33333333333334,0.0,1.0,,,,0.5,0.9750566893424036,0.5127004681365146,0.029707693656554846,0.02494331065759637,0.0,,,,,,
263,T21,L1正则多因素逻辑回归,0.75,1.5,2.9166666666666665,141.83333333333334,0.20454545454545456,0.9895348837209302,0.3333333333333333,0.2535211267605634,0.24654165718173146,0.5970401691331924,0.9699546485260772,0.5066245092117185,0.23010199883637494,0.02494331065759637,0.015306122448979591,0.021684591283293194,0.11490585401479571,-1.3900543363624465,0.6339394902351607,0.02494331065759637,0.03007497850693166
264,T13,对应染色体三标准差Z值规则,0.0,3.1380952380952385,9.183333333333332,134.67857142857142,0.0,0.9772299293402207,0.0,,-0.038124965584340274,0.48861496467011034,0.9161807580174927,0.6352625990562621,0.19164098006156013,0.06247165532879818,0.0213475866537091,,,,,,
264,T13,L1正则多因素逻辑回归,1.4166666666666665,2.95,7.7666666666666675,134.86666666666667,0.15426497277676948,0.9785947514814368,0.32442748091603046,0.20910209102091015,0.18939078991413233,0.5664298621291032,0.9270975056689342,0.5411780187538335,0.20946391781653945,0.06247165532879818,0.029705215419501135,0.055837690793913965,0.2674661517120724,-1.6438032549078918,0.26956279644228376,0.06247165532879818,0.036532474185633365
264,T18,对应染色体三标准差Z值规则,0.0,4.607142857142857,14.883333333333333,127.50952380952381,0.0,0.965128223611887,0.0,,-0.06037303902282045,0.4825641118059435,0.8674117265954001,0.6639908877352426,0.1538438895984803,0.10124716553287981,0.03134110787172011,,,,,,
264,T18,L1正则多因素逻辑回归,7.7,3.4166666666666665,7.183333333333334,128.7,0.5173572228443449,0.974139018544216,0.6926536731634183,0.5923076923076924,0.5607621877530461,0.7457481206942804,0.9278911564625849,0.8732887486330685,0.6947267102948094,0.10124716553287981,0.0756235827664399,0.051773639255955815,0.20754163018084856,-0.045145177967379935,0.8197520713411505,0.10124716553287981,0.08991632065855333
264,T21,对应染色体三标准差Z值规则,0.0,0.0,4.166666666666667,142.83333333333334,0.0,1.0,,,,0.5,0.9716553287981861,0.398764127354559,0.025259560688172308,0.028344671201814053,0.0,,,,,,
264,T21,L1正则多因素逻辑回归,1.1666666666666665,1.0,3.0,141.83333333333331,0.28,0.9929988331388565,0.5384615384615384,0.3684210526315789,0.3759582693009249,0.6364994165694282,0.9727891156462585,0.5667547924654108,0.30903504209491955,0.028344671201814053,0.014739229024943309,0.022615041338458715,0.11659849677690191,-0.28920292580996665,0.9199616497435155,0.028344671201814053,0.029294571210544077
265,T13,对应染色体三标准差Z值规则,0.4,2.35,6.166666666666667,138.08333333333331,0.06091370558375634,0.9832660811773084,0.14545454545454548,0.08586762075134169,0.06736075488181446,0.5220898933805324,0.9420634920634922,0.4487875534713879,0.07977025373669297,0.04467120181405895,0.01870748299319728,,,,,,
265,T13,L1正则多因素逻辑回归,1.6666666666666665,3.0,4.9,137.43333333333334,0.25380710659898476,0.978637550439117,0.35714285714285715,0.2967359050445104,0.27388639219762534,0.6162223285190509,0.9462585034013605,0.6832622255744547,0.3687035691491017,0.04467120181405895,0.031746031746031744,0.03540833542376994,0.16337579564382398,-0.6236007483360775,0.7082119572442482,0.04467120181405895,0.03920587952139556
265,T18,对应染色体三标准差Z值规则,0.0,7.033333333333333,8.283333333333335,131.68333333333334,0.0,0.9492971284392647,0.0,,-0.05477804612638028,0.47464856421963236,0.8958049886621315,0.5389888290454004,0.06275320676635485,0.05634920634920635,0.04784580498866213,,,,,,
265,T18,L1正则多因素逻辑回归,3.2,4.333333333333333,5.083333333333334,134.38333333333333,0.38631790744466793,0.9687612639673194,0.42477876106194695,0.40463645943098,0.37133277771002016,0.6775395857059937,0.9359410430839001,0.8647369015244899,0.5157303268940978,0.05634920634920635,0.05124716553287982,0.04150890053271158,0.15685212808285723,-0.8271982786516119,0.7967041684222668,0.05634920634920635,0.07849596253314414
265,T21,对应染色体三标准差Z值规则,0.0,0.0,4.583333333333333,142.41666666666669,0.0,1.0,,,,0.5,0.9688208616780045,0.4562150468996578,0.03186325621521519,0.031179138321995464,0.0,,,,,,
265,T21,L1正则多因素逻辑回归,1.1666666666666665,1.0,3.4166666666666665,141.41666666666669,0.2545454545454545,0.9929783499122293,0.5384615384615384,0.345679012345679,0.35699142763391406,0.6237619022288419,0.9699546485260769,0.4771175771760908,0.28638130231638276,0.031179138321995464,0.014739229024943309,0.025279421535109127,0.134345791227559,-0.8738509446399865,0.6846982564537355,0.031179138321995464,0.026224831582591573
266,T13,对应染色体三标准差Z值规则,0.4,4.6761904761904765,5.816666666666666,136.10714285714286,0.064343163538874,0.9667844881530214,0.07879924953095685,0.07084123972169513,0.034308693952514444,0.5155638258459477,0.928620019436346,0.5019479153069106,0.06261244518843968,0.04229024943310657,0.034531908001295755,,,,,,
266,T13,L1正则多因素逻辑回归,0.5,4.15,5.716666666666667,136.63333333333333,0.08042895442359249,0.9705220788445602,0.1075268817204301,0.0920245398773006,0.05858712627495232,0.5254755166340763,0.9328798185941043,0.6390653470575558,0.18157199300534135,0.04229024943310657,0.031632653061224494,0.03835562678589254,0.17724229738113847,-1.428649557582922,0.451523570751835,0.04229024943310657,0.03671143866076842
266,T18,对应染色体三标准差Z值规则,0.0,6.895238095238094,12.216666666666665,127.88809523809523,0.0,0.9488420569167446,0.0,,-0.0667892322338441,0.4744210284583723,0.869987042436022,0.5654303640079408,0.10121741792292613,0.08310657596371882,0.04690638160025915,,,,,,
266,T18,L1正则多因素逻辑回归,5.25,4.333333333333333,6.966666666666668,130.45,0.42974079126875847,0.9678496352170148,0.5478260869565218,0.481651376146789,0.44458251169309654,0.6987952132428866,0.9231292517006802,0.8893513261561555,0.6046235781773366,0.08310657596371882,0.06519274376417233,0.049800760397769026,0.18272429317528538,-0.18207933629657813,0.8751270291156128,0.08310657596371882,0.08254014665386471
266,T21,对应染色体三标准差Z值规则,0.0,0.0,3.333333333333333,143.66666666666669,0.0,1.0,,,,0.5,0.9773242630385487,0.5607553032814054,0.029177479535317227,0.022675736961451243,0.0,,,,,,
266,T21,L1正则多因素逻辑回归,0.0,0.0,3.333333333333333,143.66666666666669,0.0,1.0,,,,0.5,0.9773242630385487,0.528929400066291,0.041199382074094924,0.022675736961451243,0.0,0.022282258035548015,0.11375708234755386,-3.6863227759565884,0.018906802415340263,0.022675736961451243,0.020924956781326134
267,T13,对应染色体三标准差Z值规则,0.4,4.354761904761905,6.433333333333333,135.81190476190477,0.05853658536585366,0.9689315440801766,0.08412618928392587,0.0690363673720978,0.03268771070936956,0.5137340647230151,0.9266115970197604,0.5785040622786047,0.08083029784935217,0.046485260770975055,0.03234531908001296,,,,,,
267,T13,L1正则多因素逻辑回归,0.5833333333333333,1.5,6.25,138.66666666666669,0.08536585365853658,0.9892984542211652,0.28,0.13084112149532712,0.1329882190967316,0.5373321539398509,0.9472789115646258,0.5921438307639405,0.1893779960954118,0.046485260770975055,0.014172335600907027,0.042301749959301055,0.20223337183717915,-1.5630169873120328,0.3619122432480804,0.046485260770975055,0.03164221777789773
267,T18,对应染色体三标准差Z值规则,0.0,4.940476190476191,9.816666666666666,132.24285714285713,0.0,0.963986323480917,0.0,,-0.0498862173528544,0.4819931617404585,0.8996112730806608,0.5929686499277339,0.08250587157051767,0.06678004535147392,0.03360868156786524,,,,,,
267,T18,L1正则多因素逻辑回归,2.9,2.4166666666666665,6.916666666666667,134.76666666666665,0.29541595925297115,0.9823836714858463,0.5454545454545454,0.3832599118942731,0.37143708531610564,0.6388998153694088,0.9365079365079364,0.8833648977574619,0.5434873967482434,0.06678004535147392,0.03616780045351474,0.04438291527420165,0.16349199377213255,-0.17605750704652556,0.8947928726452639,0.06678004535147392,0.06594316804043239
267,T21,对应染色体三标准差Z值规则,0.0,0.0,2.3333333333333335,144.66666666666666,0.0,1.0,,,,0.5,0.9841269841269841,0.5459712686918086,0.02370989585400842,0.015873015873015872,0.0,,,,,,
267,T21,L1正则多因素逻辑回归,0.3333333333333333,0.0,2.0,144.66666666666666,0.14285714285714285,1.0,1.0,0.25,0.37537859676477414,0.5714285714285714,0.9863945578231292,0.37849560331044846,0.15793108235372857,0.015873015873015872,0.0022675736961451248,0.01464808577501615,0.08913339638516223,-4.228419704798483,-0.025813244923836912,0.015873015873015872,0.02575493306332373
268,T13,对应染色体三标准差Z值规则,0.2,2.954761904761905,5.033333333333332,138.81190476190477,0.038216560509554146,0.979157569446777,0.06339622641509433,0.04768663071246097,0.02221510088584888,0.5086870649781656,0.9456592160673793,0.49809479878999935,0.05618462167576912,0.035600907029478455,0.02146096533851636,,,,,,
268,T13,L1正则多因素逻辑回归,1.5833333333333333,4.45,3.65,137.31666666666666,0.30254777070063693,0.968610392664002,0.26243093922651933,0.28106508875739644,0.25325735754855677,0.6355790816823195,0.9448979591836735,0.7121396618390871,0.33605284275974434,0.035600907029478455,0.041043083900226755,0.02930440435385388,0.13402105569436948,-0.5161410227238837,0.8071997947703915,0.035600907029478455,0.035217010392461584
268,T18,对应染色体三标准差Z值规则,0.0,4.921428571428571,9.333333333333334,132.7452380952381,0.0,0.9642511241784849,0.0,,-0.048460210033613324,0.48212556208924245,0.9030288305798511,0.5853611577803035,0.08913338104420437,0.06349206349206349,0.03347910592808551,,,,,,
268,T18,L1正则多因素逻辑回归,3.5,3.166666666666667,5.833333333333334,134.5,0.375,0.976997578692494,0.525,0.43750000000000006,0.41251303068280304,0.675998789346247,0.9387755102040817,0.8928585944062856,0.5793991213677852,0.06349206349206349,0.04535147392290249,0.03942555997908962,0.1489765100454142,-0.1336405897832756,0.9531656927631282,0.06349206349206349,0.06548824005590098
268,T21,对应染色体三标准差Z值规则,0.0,0.0,2.8333333333333335,144.16666666666666,0.0,1.0,,,,0.5,0.9807256235827664,0.575054646135911,0.03189519328809703,0.01927437641723356,0.0,,,,,,
268,T21,L1正则多因素逻辑回归,0.5833333333333333,0.5,2.25,143.66666666666666,0.20588235294117646,0.9965317919075144,0.5384615384615384,0.2978723404255319,0.32537832484615037,0.6012070724243455,0.9812925170068028,0.5697236119881476,0.22802733316019433,0.01927437641723356,0.0073696145124716545,0.016472021344897475,0.08869675454562069,-0.42223876575245545,0.9501045622886142,0.01927437641723356,0.024417983424991463
269,T13,对应染色体三标准差Z值规则,0.0,4.692857142857143,5.916666666666667,136.3904761904762,0.0,0.9667369842207408,0.0,,-0.03718827318332658,0.4833684921103704,0.9278263686426952,0.4599274322841954,0.05172597373296925,0.04024943310657596,0.03192419825072886,,,,,,
269,T13,L1正则多因素逻辑回归,1.8333333333333333,5.65,4.083333333333333,135.4333333333333,0.3098591549295775,0.9599527466036621,0.24498886414253895,0.2736318407960199,0.24125533116049178,0.6349059507666198,0.9337868480725624,0.6496918902665847,0.16316054519187162,0.04024943310657596,0.05090702947845805,0.037835770430080684,0.1734527007685094,-1.5591395772913854,0.42270332174366815,0.04024943310657596,0.03680504848975658
269,T18,对应染色体三标准差Z值规则,0.0,6.485714285714286,8.583333333333334,131.9309523809524,0.0,0.9531435451965252,0.0,,-0.0534998374533893,0.4765717725982626,0.897489471979268,0.586541525514071,0.07249978147719856,0.058390022675736966,0.04412050534499514,,,,,,
269,T18,L1正则多因素逻辑回归,4.0,1.25,4.583333333333334,137.16666666666669,0.4660194174757281,0.9909692956050572,0.7619047619047619,0.5783132530120482,0.5774128848445554,0.7284943565403926,0.9603174603174602,0.89618542712351,0.646163227114024,0.058390022675736966,0.03571428571428571,0.03316471865826449,0.13263550820657571,-0.031519050052870784,1.0570463645487298,0.058390022675736966,0.06331007495562044
269,T21,对应染色体三标准差Z值规则,0.0,0.0,3.916666666666667,143.08333333333334,0.0,1.0,,,,0.5,0.9733560090702948,0.6372659364988886,0.05420416094234341,0.026643990929705215,0.0,,,,,,
269,T21,L1正则多因素逻辑回归,0.5833333333333333,0.5,3.3333333333333335,142.58333333333334,0.14893617021276592,0.9965055329062318,0.5384615384615384,0.23333333333333328,0.2738471836520998,0.5727208515594988,0.9739229024943312,0.5542393574240312,0.18142405465220465,0.026643990929705215,0.0073696145124716545,0.023518118501879008,0.11920382639119997,-0.8825357342338713,0.7128219850334712,0.026643990929705215,0.023650278431282434
270,T13,对应染色体三标准差Z值规则,0.4,2.6333333333333337,6.449999999999999,137.51666666666665,0.05839416058394161,0.9812106076822452,0.13186813186813187,0.08094435075885328,0.05872165265852064,0.5198023841330934,0.9382086167800455,0.5441866682638431,0.08139509384090059,0.04659863945578231,0.020634920634920634,,,,,,
270,T13,L1正则多因素逻辑回归,0.0,2.5,6.85,137.65,0.0,0.9821619693185872,0.0,,-0.0290793580896199,0.4910809846592936,0.9363945578231293,0.6364366298534854,0.195011539730262,0.04659863945578231,0.017006802721088437,0.0424225806522003,0.19358233765015878,-1.4275000741568118,0.4234361496547755,0.04659863945578231,0.03825836754221309
270,T18,对应染色体三标准差Z值规则,0.0,4.6,11.383333333333335,131.01666666666665,0.0,0.9660808651837287,0.0,,-0.052071742994472224,0.48304043259186435,0.8912698412698412,0.537977652467238,0.08382503135293262,0.077437641723356,0.03129251700680272,,,,,,
270,T18,L1正则多因素逻辑回归,3.85,3.583333333333333,7.533333333333333,132.03333333333333,0.3382137628111274,0.9735774855597885,0.5179372197309416,0.40921169176262184,0.38034045620068285,0.655895624185458,0.92437641723356,0.8539531028933326,0.5733801091886803,0.077437641723356,0.05056689342403628,0.047903916710808986,0.18736083358591624,-0.2401877658933443,0.8261103103243912,0.077437641723356,0.0753574917982477
270,T21,对应染色体三标准差Z值规则,0.0,0.0,4.333333333333334,142.66666666666666,0.0,1.0,,,,0.5,0.9705215419501133,0.6583550503235083,0.046472006819557564,0.029478458049886618,0.0,,,,,,
270,T21,L1正则多因素逻辑回归,0.0,0.0,4.333333333333334,142.66666666666666,0.0,1.0,,,,0.5,0.9705215419501133,0.3543988138030197,0.02490708071652678,0.029478458049886618,0.0,0.029425004983015767,0.15377317724409714,-6.475048569552878,-0.7169247231088661,0.029478458049886618,0.024148511918200846
271,T13,对应染色体三标准差Z值规则,0.2,2.1761904761904765,6.133333333333334,138.4904761904762,0.031578947368421054,0.984529451591063,0.08416833667334668,0.04592673592126845,0.02593603744862671,0.5080541994797421,0.9434726271460965,0.4312488567390038,0.053008949989782464,0.04308390022675737,0.016164561062520247,,,,,,
271,T13,L1正则多因素逻辑回归,2.0,2.45,4.333333333333333,138.21666666666664,0.31578947368421056,0.9825829383886256,0.449438202247191,0.37094281298299847,0.3535955738813455,0.6491862060364181,0.9538548752834467,0.6860857267576526,0.3888332618980198,0.04308390022675737,0.030272108843537416,0.03299517948587963,0.1571793055142083,-0.640424516172201,0.7123325749254181,0.04308390022675737,0.039373041400539446
271,T18,对应染色体三标准差Z值规则,0.0,6.611904761904762,12.383333333333333,128.0047619047619,0.0,0.9508834609738411,0.0,,-0.06582146122000578,0.47544173048692057,0.8707806932296728,0.5779806855014845,0.10049983086812046,0.08424036281179138,0.04497894395853579,,,,,,
271,T18,L1正则多因素逻辑回归,4.2,2.9166666666666665,8.183333333333334,131.7,0.3391655450874832,0.9783335396805746,0.5901639344262295,0.43076923076923074,0.41085575718089523,0.6587495423840288,0.9244897959183672,0.9011037938842679,0.6126864008039562,0.08424036281179138,0.048412698412698414,0.05028595933275472,0.1807003773573255,0.4033253624733708,1.0035055040531193,0.08424036281179138,0.06642959086371412
271,T21,对应染色体三标准差Z值规则,0.0,0.0,3.5,143.5,0.0,1.0,,,,0.5,0.9761904761904762,0.23486980545218444,0.01752568929427714,0.023809523809523808,0.0,,,,,,
271,T21,L1正则多因素逻辑回归,2.0,2.0,1.4999999999999998,141.5,0.5714285714285714,0.9860627177700348,0.5,0.5333333333333333,0.5223962422083869,0.7787456445993031,0.9761904761904762,0.7657508144566381,0.6133544323311783,0.023809523809523808,0.027210884353741496,0.013878959609667044,0.07433470580555973,1.4563600465028992,1.5733904611314822,0.023809523809523808,0.028323727351079724
272,T13,对应染色体三标准差Z值规则,0.2,5.538095238095239,6.883333333333334,134.37857142857143,0.028235294117647056,0.9604186165234407,0.03485477178423236,0.031197771587743728,-0.012545944426499204,0.4943269553205439,0.9155004859086491,0.46500537368014483,0.05434486034421838,0.04818594104308391,0.03903466148364107,,,,,,
272,T13,L1正则多因素逻辑回归,0.5,2.45,6.583333333333333,137.46666666666667,0.07058823529411765,0.9824895771292437,0.1694915254237288,0.09966777408637874,0.08105857057190745,0.5265389062116806,0.9385487528344671,0.5467473736367687,0.22306756112844206,0.04818594104308391,0.020068027210884354,0.04263126414710392,0.2095504259917467,-1.7396427249568347,0.32481883935969114,0.04818594104308391,0.038271444679723744
272,T18,对应染色体三标准差Z值规则,0.0,6.780952380952381,12.216666666666669,128.00238095238097,0.0,0.9496899786253069,0.0,,-0.0662064202686692,0.47484498931265345,0.8707644962747003,0.565161805660975,0.0944188361714797,0.08310657596371882,0.04612892776158082,,,,,,
272,T18,L1正则多因素逻辑回归,6.2,4.166666666666666,6.0166666666666675,130.61666666666667,0.5075034106412005,0.9690861877086683,0.5980707395498392,0.5490774907749076,0.5138556298993211,0.7382947991749345,0.9307256235827664,0.9065618666539486,0.6833673831819793,0.08310657596371882,0.07052154195011338,0.04410568920772601,0.1639283137984326,-0.09981761482334232,0.9692479248971598,0.08310657596371882,0.08571398368198206
272,T21,对应染色体三标准差Z值规则,0.0,0.0,0.8333333333333333,146.16666666666666,0.0,1.0,,,,0.5,0.9943310657596371,0.6989824618558942,0.012739522101708011,0.005668934240362811,0.0,,,,,,
272,T21,L1正则多因素逻辑回归,0.0,0.0,0.8333333333333333,146.16666666666669,0.0,1.0,,,,0.5,0.9943310657596371,0.4234413856762776,0.0072390725928197066,0.005668934240362811,0.0,0.006294117816442082,0.04840390551945225,-7.424767179723286,-0.5536271720090974,0.005668934240362811,0.023979770721463473
273,T13,对应染色体三标准差Z值规则,0.0,3.6166666666666667,4.749999999999999,138.63333333333335,0.0,0.9745752782659637,0.0,,-0.029021882051721862,0.48728763913298184,0.9430839002267574,0.5288995775907254,0.04974954353567227,0.03231292517006803,0.0246031746031746,,,,,,
273,T13,L1正则多因素逻辑回归,0.8333333333333333,3.75,3.9166666666666665,138.5,0.17543859649122806,0.9736379613356766,0.18181818181818182,0.17857142857142855,0.1516740099023144,0.5745382789134523,0.9478458049886622,0.6603788322593243,0.1504654114089713,0.03231292517006803,0.031179138321995464,0.03036114249092159,0.14227377919424128,-1.5605920197063923,0.4775181266159562,0.03231292517006803,0.032477041603581655
273,T18,对应染色体三标准差Z值规则,0.0,6.366666666666666,9.483333333333334,131.15,0.0,0.953702581505272,0.0,,-0.055874642905163974,0.476851290752636,0.8921768707482993,0.5784810163430509,0.07504303768423827,0.0645124716553288,0.043310657596371885,,,,,,
273,T18,L1正则多因素逻辑回归,4.25,3.0,5.2333333333333325,134.51666666666665,0.4481546572934974,0.9781844624893952,0.5862068965517241,0.5079681274900398,0.4836914927721628,0.7131695598914463,0.9439909297052155,0.913954510280375,0.5605073652675747,0.0645124716553288,0.04931972789115646,0.04150761163591505,0.14744320827524562,-0.2891463781769732,0.9349386603948442,0.0645124716553288,0.07236689776291245
273,T21,对应染色体三标准差Z值规则,0.0,0.0,2.75,144.25,0.0,1.0,,,,0.5,0.9812925170068028,0.46950732046052657,0.02186112279569729,0.01870748299319728,0.0,,,,,,
273,T21,L1正则多因素逻辑回归,0.3333333333333333,0.0,2.4166666666666665,144.25,0.1212121212121212,1.0,1.0,0.21621621621621623,0.3452750729969626,0.5606060606060606,0.9835600907029479,0.5777661070555349,0.15267561428046203,0.01870748299319728,0.0022675736961451248,0.01700326634722552,0.09096412237447307,-1.1878769529989368,0.7422838352466796,0.01870748299319728,0.024858223255982297
274,T13,对应染色体三标准差Z值规则,0.4,6.576190476190476,7.983333333333333,132.0404761904762,0.047713717693836984,0.9525584431199436,0.05733788395904437,0.05208494807006666,0.00029684625772917884,0.5001360804068903,0.9009556203433755,0.5696225436846278,0.12515196175862392,0.057029478458049884,0.04745707806932297,,,,,,
274,T13,L1正则多因素逻辑回归,1.0833333333333333,3.25,7.3,135.36666666666667,0.12922465208747516,0.9765540459300228,0.25,0.1703800786369594,0.1450247094744618,0.552889349008749,0.9282312925170069,0.5859007995347109,0.24630631682374932,0.057029478458049884,0.029478458049886618,0.04933581817299468,0.23225691741229504,-1.3060652334233367,0.39562219475711563,0.057029478458049884,0.0382179313356801
274,T18,对应染色体三标准差Z值规则,0.0,8.161904761904763,14.533333333333333,124.30476190476189,0.0,0.9383852182040406,0.0,,-0.08031020810180742,0.4691926091020203,0.8456106252024619,0.5876109810425698,0.12421528027664783,0.09886621315192744,0.05552316164561062,,,,,,
274,T18,L1正则多因素逻辑回归,7.25,2.25,7.283333333333334,130.2166666666667,0.49885321100917424,0.9830145948666331,0.7631578947368421,0.6033287101248266,0.5849930158702308,0.7409339029379036,0.9351473922902495,0.9166629495719557,0.729895868529711,0.09886621315192744,0.06462585034013606,0.047612926776740894,0.17496196700614638,0.19816690684316535,1.0553228831099493,0.09886621315192744,0.09297858114826187
274,T21,对应染色体三标准差Z值规则,0.0,0.0,2.3333333333333335,144.66666666666666,0.0,1.0,,,,0.5,0.9841269841269841,0.49479862221386234,0.01743025234870896,0.015873015873015872,0.0,,,,,,
274,T21,L1正则多因素逻辑回归,0.3333333333333333,0.0,2.0,144.66666666666669,0.14285714285714285,1.0,1.0,0.25,0.37537859676477414,0.5714285714285714,0.9863945578231292,0.5877486363208879,0.16527068141350662,0.015873015873015872,0.0022675736961451248,0.014426481603444024,0.07915400457759708,-0.8225152868126565,0.9061187645488799,0.015873015873015872,0.025719858864472138
275,T13,对应染色体三标准差Z值规则,0.6,4.159523809523809,4.933333333333334,137.30714285714285,0.10843373493975904,0.9705971455500201,0.1260630315157579,0.11658570437196393,0.08498141277630367,0.5395154402448895,0.9381438289601554,0.634199633460461,0.08887050447386163,0.03764172335600907,0.03237771298995789,,,,,,
275,T13,L1正则多因素逻辑回归,0.0,4.0,5.533333333333333,137.46666666666667,0.0,0.9717247879359096,0.0,,-0.03307716908736705,0.4858623939679548,0.9351473922902495,0.6410847205977541,0.12850083448747263,0.03764172335600907,0.027210884353741496,0.03592184860080821,0.1598333512650393,-1.4565946579033702,0.4874212900054636,0.03764172335600907,0.03657660213510815
275,T18,对应染色体三标准差Z值规则,0.0,5.528571428571428,13.316666666666668,128.1547619047619,0.0,0.9586442730689083,0.0,,-0.06239233288765492,0.47932213653445416,0.8718011013929381,0.6454800739512386,0.12996159047753406,0.09058956916099774,0.03760932944606414,,,,,,
275,T18,L1正则多因素逻辑回归,5.75,3.4166666666666665,7.566666666666667,130.26666666666665,0.43178973717146435,0.9744420895150231,0.6272727272727273,0.5114899925871015,0.4822003197134399,0.7031159133432437,0.925283446712018,0.9228127541923353,0.6604286223692084,0.09058956916099774,0.06235827664399094,0.049664547440880315,0.17177363158588677,0.06575955923319032,1.0210794095943065,0.09058956916099774,0.08884105836670805
275,T21,对应染色体三标准差Z值规则,0.0,0.0,3.8333333333333335,143.16666666666666,0.0,1.0,,,,0.5,0.973922902494331,0.5244976464038063,0.030067091093891742,0.02607709750566893,0.0,,,,,,
275,T21,L1正则多因素逻辑回归,0.0,0.0,3.8333333333333335,143.16666666666666,0.0,1.0,,,,0.5,0.973922902494331,0.47790801090391105,0.030938812183046047,0.02607709750566893,0.0,0.025777035441377497,0.12837016613035945,-4.123412716784639,-0.12701517688298883,0.02607709750566893,0.02385185686567525
276,T13,对应染色体三标准差Z值规则,0.4,2.9333333333333336,5.833333333333333,137.83333333333334,0.06417112299465241,0.9791617333649064,0.12,0.08362369337979095,0.05865567354119299,0.5216664281797794,0.9403628117913834,0.39688425474596434,0.05040934770153271,0.04240362811791383,0.022675736961451247,,,,,,
276,T13,L1正则多因素逻辑回归,1.5833333333333333,4.0,4.65,136.76666666666665,0.25401069518716574,0.9715841818612361,0.2835820895522388,0.26798307475317346,0.23781664389484766,0.6127974385242009,0.9411564625850339,0.7608024158148825,0.32505524777185096,0.04240362811791383,0.037981859410430835,0.03479829139247419,0.1485337317201103,-0.4583909101405858,0.7879507170054574,0.04240362811791383,0.039668992353423686
276,T18,对应染色体三标准差Z值规则,0.0,4.976190476190476,11.933333333333334,130.09047619047618,0.0,0.963157523621492,0.0,,-0.055638410452412405,0.481578761810746,0.8849692257855523,0.5954247072573701,0.10611949789567697,0.08117913832199547,0.03385163589245222,,,,,,
276,T18,L1正则多因素逻辑回归,4.7,4.25,7.233333333333333,130.81666666666666,0.39385474860335196,0.9685340572556762,0.5251396648044694,0.4501197126895451,0.4139043852598393,0.681194402929514,0.9218820861678003,0.8794060592189801,0.5591313334689516,0.08117913832199547,0.060884353741496595,0.05223656223477962,0.1885536988677942,-0.3012223366598972,0.8345724283467085,0.08117913832199547,0.0827805035709723
276,T21,对应染色体三标准差Z值规则,0.0,0.0,2.916666666666667,144.08333333333331,0.0,1.0,,,,0.5,0.9801587301587302,0.4165574060740549,0.019894966574126767,0.01984126984126984,0.0,,,,,,
276,T21,L1正则多因素逻辑回归,0.8333333333333333,1.0,2.083333333333333,143.08333333333331,0.28571428571428575,0.9930595720069404,0.45454545454545453,0.3508771929824562,0.3503064614646375,0.6393869288606131,0.9790249433106577,0.5516153019912419,0.3061531970921065,0.01984126984126984,0.012471655328798185,0.015894950391461108,0.08868339392813217,-0.3491317776522062,0.9633536722897501,0.01984126984126984,0.024454463427442143
277,T13,对应染色体三标准差Z值规则,0.4,4.783333333333334,8.416666666666668,133.4,0.04536862003780718,0.965384151489567,0.07717041800643086,0.057142857142857134,0.01384306491152819,0.5053763857636872,0.9102040816326531,0.6681909968152664,0.18989710714166555,0.05997732426303855,0.03526077097505669,,,,,,
277,T13,L1正则多因素逻辑回归,0.0,2.2,8.816666666666666,135.98333333333335,0.0,0.9840791219394525,0.0,,-0.03113518409355125,0.49203956096972623,0.9250566893424037,0.4923816769909477,0.1055739679792434,0.05997732426303855,0.014965986394557824,0.05996450001963763,0.2809837101951201,-2.45172738467868,0.07550865785770332,0.05997732426303855,0.043229432633726854
277,T18,对应染色体三标准差Z值规则,0.0,4.842857142857143,16.71666666666667,125.44047619047619,0.0,0.9628282680604543,0.0,,-0.0661145271952628,0.48141413403022715,0.8533365727243278,0.6099949510314554,0.14943601835848314,0.11371882086167799,0.03294460641399417,,,,,,
277,T18,L1正则多因素逻辑回归,7.7,2.9166666666666665,9.016666666666666,127.36666666666667,0.4606181455633101,0.9776128949724959,0.7252747252747253,0.5634146341463415,0.5374618797824147,0.719115520267903,0.9188208616780045,0.8787278399455047,0.6957003193107926,0.11371882086167799,0.07222222222222223,0.058902159317101604,0.2228546458142106,0.11486594257448288,0.8918213251396642,0.11371882086167799,0.09797861135921314
277,T21,对应染色体三标准差Z值规则,0.0,0.0,4.833333333333333,142.16666666666669,0.0,1.0,,,,0.5,0.9671201814058956,0.514382157439117,0.036763441831756415,0.032879818594104306,0.0,,,,,,
277,T21,L1正则多因素逻辑回归,0.0,0.0,4.833333333333333,142.16666666666669,0.0,1.0,,,,0.5,0.9671201814058956,0.4573715486922425,0.03338720141300776,0.032879818594104306,0.0,0.032575018829323635,0.15823783733864322,-4.2968823925236475,-0.23173574072988848,0.032879818594104306,0.02573501941249538
278,T13,对应染色体三标准差Z值规则,0.2,4.166666666666666,6.499999999999999,136.13333333333333,0.029850746268656723,0.9703017343787124,0.04580152671755726,0.03614457831325302,0.00018732486472364138,0.5000762403236846,0.9274376417233559,0.6458823555237423,0.10260084569196656,0.045578231292517,0.029705215419501135,,,,,,
278,T13,L1正则多因素逻辑回归,0.5833333333333333,3.2,6.116666666666666,137.10000000000002,0.08706467661691542,0.9771917320028511,0.1541850220264317,0.11128775834658186,0.0846347277120599,0.5321282043098833,0.9366213151927438,0.6334662430980558,0.21859593246277395,0.045578231292517,0.025736961451247164,0.04074156261748161,0.18755907291589624,-1.2697731529236733,0.4670815017309909,0.045578231292517,0.034050244554190555
278,T18,对应染色体三标准差Z值规则,0.0,6.885714285714285,12.433333333333332,127.68095238095239,0.0,0.9488304610920416,0.0,,-0.06738423957088341,0.4744152305460208,0.8685779073534177,0.5849163857451476,0.10116285661341345,0.08458049886621315,0.04684159378036929,,,,,,
278,T18,L1正则多因素逻辑回归,5.35,3.0,7.083333333333334,131.56666666666666,0.4302949061662198,0.9777062174882338,0.6407185628742514,0.5148356054530874,0.4904793418375511,0.7040005618272268,0.9314058956916099,0.8526374477295284,0.6115866449533638,0.08458049886621315,0.05680272108843537,0.05001859282945222,0.19850814063714264,-0.20644091987764518,0.7819909463949261,0.08458049886621315,0.07697364581254004
278,T21,对应染色体三标准差Z值规则,0.0,0.0,3.166666666666667,143.83333333333334,0.0,1.0,,,,0.5,0.9784580498866213,0.4996546987398972,0.02394859135425766,0.021541950113378682,0.0,,,,,,
278,T21,L1正则多因素逻辑回归,0.3333333333333333,0.0,2.8333333333333335,143.83333333333331,0.10526315789473682,1.0,1.0,0.19047619047619047,0.32129373643407727,0.5526315789473684,0.9807256235827666,0.4423634404667519,0.12560964809085387,0.021541950113378682,0.0022675736961451248,0.019985656491944268,0.10760643602116061,-2.7601004425174964,0.27147195727671547,0.021541950113378682,0.02462893021860871
279,T13,对应染色体三标准差Z值规则,0.0,6.1761904761904765,7.833333333333333,132.9904761904762,0.0,0.9556201881950386,0.0,,-0.04968530814475042,0.4778100940975193,0.9046971169420148,0.5060974100431357,0.07878345505330467,0.05328798185941043,0.04201490119857467,,,,,,
279,T13,L1正则多因素逻辑回归,1.0833333333333333,4.5,6.75,134.66666666666666,0.13829787234042554,0.9676646706586827,0.19402985074626866,0.16149068322981366,0.12450770048258208,0.5529812714995541,0.923469387755102,0.5014090967002166,0.15440808682853957,0.05328798185941043,0.037981859410430835,0.04929237463945931,0.24173701928606692,-2.203339096670831,0.17186069653332361,0.05328798185941043,0.038869579577853336
279,T18,对应染色体三标准差Z值规则,0.0,5.628571428571428,12.416666666666668,128.9547619047619,0.0,0.9581777974347634,0.0,,-0.06060732811408382,0.4790888987173817,0.8772432782636864,0.6548417075060332,0.12514443411590312,0.0844671201814059,0.038289601554907675,,,,,,
279,T18,L1正则多因素逻辑回归,6.5,3.0,5.916666666666668,131.58333333333334,0.523489932885906,0.9777089783281734,0.6842105263157895,0.5931558935361216,0.5668851998444536,0.7505994556070397,0.9393424036281179,0.8755303972525077,0.6843320115641884,0.0844671201814059,0.06462585034013606,0.04405648824122522,0.17782718159259805,-0.02751264456516509,1.0091892168633958,0.0844671201814059,0.08657713188068769
279,T21,对应染色体三标准差Z值规则,0.0,0.0,3.8333333333333335,143.16666666666666,0.0,1.0,,,,0.5,0.973922902494331,0.5329416698602303,0.03326749111198746,0.02607709750566893,0.0,,,,,,
279,T21,L1正则多因素逻辑回归,0.5833333333333333,0.5,3.25,142.66666666666666,0.15217391304347824,0.9965075669383003,0.5384615384615384,0.23728813559322032,0.27703371239088614,0.5743407399908893,0.9744897959183674,0.4980419236581607,0.17705119338680184,0.02607709750566893,0.0073696145124716545,0.023261362336071737,0.1186772603977603,-1.2737197126146154,0.6430736210297707,0.02607709750566893,0.02797410872121821
280,T13,对应染色体三标准差Z值规则,0.2,3.2,9.633333333333333,133.96666666666667,0.02033898305084746,0.976670716889429,0.058823529411764705,0.030226700251889175,-0.004970187400497831,0.4985048499701382,0.9126984126984127,0.4637794560541024,0.09663075475072866,0.06689342403628117,0.023129251700680274,,,,,,
280,T13,L1正则多因素逻辑回归,1.6666666666666665,4.0,8.166666666666666,133.16666666666669,0.1694915254237288,0.9708383961117861,0.29411764705882354,0.21505376344086022,0.18211210786258547,0.5701649607677575,0.9172335600907028,0.5500473964324698,0.21147175126005124,0.06689342403628117,0.03854875283446712,0.0603910987413074,0.28788801228647193,-1.5753340267976919,0.2660305873146774,0.06689342403628117,0.037634646517570335
280,T18,对应染色体三标准差Z值规则,0.0,5.311904761904762,12.1,129.58809523809524,0.0,0.9606233894595644,0.0,,-0.05798893987738992,0.4803116947297822,0.8815516682863621,0.6144680416363144,0.10876885189527202,0.08231292517006802,0.03613540654356981,,,,,,
280,T18,L1正则多因素逻辑回归,5.95,3.083333333333333,6.15,131.81666666666666,0.4917355371900826,0.977143563133185,0.6586715867158672,0.5630914826498422,0.5365972357941744,0.7344395501616338,0.93718820861678,0.8730367075100548,0.6703579168600666,0.08231292517006802,0.06145124716553288,0.04350985558594085,0.17636361487313007,-0.10545197842272339,0.8815660066793753,0.08231292517006802,0.07808938330561965
280,T21,对应染色体三标准差Z值规则,0.0,0.0,2.7499999999999996,144.25,0.0,1.0,,,,0.5,0.9812925170068028,0.45546277331372653,0.02281361856566628,0.01870748299319728,0.0,,,,,,
280,T21,L1正则多因素逻辑回归,0.6666666666666666,0.0,2.083333333333333,144.25,0.24242424242424246,1.0,1.0,0.39024390243902446,0.4888485166493557,0.6212121212121212,0.9858276643990929,0.6673794143464854,0.2713332415142144,0.01870748299319728,0.0045351473922902496,0.015324104849804876,0.08117285839924562,0.1894561458626426,1.1480069398313282,0.01870748299319728,0.02450542152554672
281,T13,对应染色体三标准差Z值规则,0.0,3.2666666666666666,4.666666666666666,139.06666666666666,0.0,0.9770491803278688,0.0,,-0.0272975545216307,0.4885245901639344,0.946031746031746,0.3506523921043828,0.024779890008498878,0.031746031746031744,0.022222222222222223,,,,,,
281,T13,L1正则多因素逻辑回归,1.0,4.5,3.6666666666666665,137.83333333333331,0.2142857142857143,0.968384074941452,0.18181818181818182,0.19672131147540986,0.16875780331261947,0.5913348946135831,0.9444444444444445,0.6526388424222149,0.1854279345989524,0.031746031746031744,0.03741496598639456,0.02947963484355839,0.1393550900625171,-1.5664222524927214,0.5392911745583119,0.031746031746031744,0.0435775468211091
281,T18,对应染色体三标准差Z值规则,0.0,6.366666666666667,12.0,128.63333333333333,0.0,0.9528395061728394,0.0,,-0.06343598090460686,0.4764197530864197,0.8750566893424035,0.5928106995884774,0.10059417331574536,0.08163265306122448,0.04331065759637188,,,,,,
281,T18,L1正则多因素逻辑回归,5.5,4.25,6.500000000000001,130.75,0.4583333333333333,0.9685185185185186,0.5641025641025641,0.5057471264367815,0.4696520180121948,0.7134259259259259,0.9268707482993197,0.8811754115226339,0.5556894096324487,0.08163265306122448,0.0663265306122449,0.0523490125589928,0.18867555067048866,-0.22782297511012678,0.8920339874732233,0.08163265306122448,0.08521437933011025
281,T21,对应染色体三标准差Z值规则,0.0,0.0,4.0,143.0,0.0,1.0,,,,0.5,0.9727891156462585,0.595957167832168,0.03888831338831024,0.027210884353741496,0.0,,,,,,
281,T21,L1正则多因素逻辑回归,0.5,1.0,3.5,142.0,0.125,0.993006993006993,0.3333333333333333,0.18181818181818182,0.19104190154647405,0.5590034965034965,0.9693877551020408,0.5384008352758354,0.15854499484136544,0.027210884353741496,0.01020408163265306,0.02453577982965765,0.12304583907946971,-1.1743834157739945,0.6320527549461966,0.027210884353741496,0.024255675887528083
282,T13,对应染色体三标准差Z值规则,0.0,3.316666666666667,7.083333333333333,136.60000000000002,0.0,0.9762954139368673,0.0,,-0.034184704525966,0.4881477069684336,0.9292517006802721,0.42466313982412496,0.08844163412339287,0.048185941043083894,0.02256235827664399,,,,,,
282,T13,L1正则多因素逻辑回归,1.9166666666666665,1.5,5.166666666666666,138.41666666666666,0.2705882352941177,0.9892793329362716,0.5609756097560975,0.3650793650793651,0.36936209622008465,0.6299337841151946,0.9546485260770974,0.6970463611293238,0.3558221898382848,0.048185941043083894,0.023242630385487528,0.03789735119905358,0.17060595258112354,-0.6267795011427707,0.7053839456517397,0.048185941043083894,0.044113188118934485
282,T18,对应染色体三标准差Z值规则,0.0,3.8857142857142852,12.5,130.6142857142857,0.0,0.9711099309612322,0.0,,-0.05023284812388251,0.4855549654806161,0.8885325558794945,0.4875804095120081,0.08592062862518465,0.08503401360544217,0.026433430515063167,,,,,,
282,T18,L1正则多因素逻辑回归,5.5,4.416666666666666,7.000000000000001,130.08333333333334,0.44,0.9671623296158612,0.5546218487394958,0.49070631970260226,0.45280222624601896,0.7035811648079306,0.9223356009070296,0.9011716764029032,0.6285435026920088,0.08503401360544217,0.06746031746031747,0.04976637243998552,0.1781467486362023,-0.007492531098128882,0.9479543113291768,0.08503401360544217,0.08143204610579714
282,T21,对应染色体三标准差Z值规则,0.0,0.0,3.7499999999999996,143.25,0.0,1.0,,,,0.5,0.9744897959183674,0.36812247800031406,0.026071142186601465,0.025510204081632654,0.0,,,,,,
282,T21,L1正则多因素逻辑回归,1.6666666666666665,2.0,2.083333333333333,141.25,0.4444444444444445,0.9860383944153578,0.45454545454545453,0.449438202247191,0.4352206333078239,0.7152414194299012,0.9722222222222222,0.7799063685974683,0.48280782520951765,0.025510204081632654,0.02494331065759637,0.01723642069842614,0.08547507762789582,1.5651585856736714,1.5908507259795686,0.025510204081632654,0.03004685383029097
283,T13,对应染色体三标准差Z值规则,0.6,2.2666666666666666,7.133333333333334,137.0,0.07758620689655173,0.983724269985639,0.20930232558139533,0.11320754716981134,0.0989853301984922,0.5306552384410954,0.9360544217687075,0.6355028853538081,0.15227312283722755,0.052607709750566896,0.01950113378684807,,,,,,
283,T13,L1正则多因素逻辑回归,0.3333333333333333,3.4,7.4,135.86666666666667,0.043103448275862065,0.9755864049784585,0.08928571428571427,0.05813953488372092,0.026521121480266415,0.5093449266271602,0.9265306122448981,0.6129478065965994,0.1789330875348326,0.052607709750566896,0.025396825396825397,0.04799999638149607,0.21607943923961984,-1.3717246786859967,0.4011051908887324,0.052607709750566896,0.0351582717272367
283,T18,对应染色体三标准差Z值规则,0.0,5.935714285714285,13.383333333333333,127.68095238095239,0.0,0.9555765427038971,0.0,,-0.06492019084218857,0.47778827135194857,0.8685779073534177,0.6550099007941165,0.13378312605628354,0.09104308390022677,0.04037900874635568,,,,,,
283,T18,L1正则多因素逻辑回归,5.65,4.833333333333333,7.733333333333333,128.78333333333333,0.42216687422166876,0.9638268679057003,0.5389507154213037,0.47346368715083803,0.4314695905013231,0.6929968710636845,0.9145124716553288,0.8798912167541504,0.6102763145161476,0.09104308390022677,0.07131519274376417,0.05535818270159458,0.20237060574181992,-0.182170729989131,0.8271895591046676,0.09104308390022677,0.08669467859451571
283,T21,对应染色体三标准差Z值规则,0.0,0.0,3.1666666666666665,143.83333333333331,0.0,1.0,,,,0.5,0.9784580498866213,0.5172061091314615,0.025614983036775913,0.021541950113378682,0.0,,,,,,
283,T21,L1正则多因素逻辑回归,0.3333333333333333,0.0,2.833333333333333,143.83333333333331,0.10526315789473684,1.0,1.0,0.1904761904761905,0.3212937364340773,0.5526315789473684,0.9807256235827666,0.6440794918931165,0.14741628424274789,0.021541950113378682,0.0022675736961451248,0.019614523597294226,0.09840437128966711,-0.48243341628555114,0.9127859901870192,0.021541950113378682,0.025720152726179075
284,T13,对应染色体三标准差Z值规则,0.6,2.933333333333333,5.199999999999999,138.26666666666665,0.10344827586206898,0.9792256846081209,0.16981132075471697,0.1285714285714286,0.10508295544521284,0.5413369802350949,0.944671201814059,0.4846353233911843,0.06813876261921573,0.03945578231292517,0.024036281179138322,,,,,,
284,T13,L1正则多因素逻辑回归,0.8333333333333333,3.5,4.966666666666667,137.7,0.14367816091954022,0.9752124645892352,0.1923076923076923,0.1644736842105263,0.13683797894819835,0.5594453127543877,0.9424036281179138,0.6324723109914087,0.18230316366038463,0.03945578231292517,0.029478458049886618,0.036139757936840766,0.16490875747786413,-1.4057066312668307,0.4985458242955563,0.03945578231292517,0.03872244716442924
284,T18,对应染色体三标准差Z值规则,0.0,6.576190476190477,9.533333333333331,130.8904761904762,0.0,0.9521615629763059,0.0,,-0.056988930248707464,0.47608078148815297,0.8904114026563006,0.6132478094165777,0.08765715103337715,0.06485260770975057,0.044735989633948814,,,,,,
284,T18,L1正则多因素逻辑回归,3.2,2.25,6.333333333333333,135.21666666666667,0.3356643356643357,0.9836323957322988,0.5871559633027523,0.4271412680756397,0.41616195487007834,0.6596483656983172,0.941609977324263,0.8710069331735192,0.5493367850387455,0.06485260770975057,0.03707482993197279,0.04159121487723656,0.15932070229590845,-0.26623818044043024,0.904657085640633,0.06485260770975057,0.0689786910786785
284,T21,对应染色体三标准差Z值规则,0.0,0.0,3.583333333333333,143.41666666666669,0.0,1.0,,,,0.5,0.9756235827664399,0.4886678339295124,0.0257829083736233,0.02437641723356009,0.0,,,,,,
284,T21,L1正则多因素逻辑回归,0.3333333333333333,0.0,3.2499999999999996,143.41666666666669,0.09302325581395349,1.0,1.0,0.1702127659574468,0.30159898048851635,0.5465116279069767,0.9778911564625851,0.5402715333934338,0.12755471747902716,0.02437641723356009,0.0022675736961451248,0.022375780430380573,0.11369014221464632,-1.472784918205438,0.5801248590830386,0.02437641723356009,0.02388125642922428
285,T13,对应染色体三标准差Z值规则,0.0,2.766666666666666,6.766666666666667,137.46666666666664,0.0,0.9802709769431899,0.0,,-0.030423372963795613,0.49013548847159494,0.9351473922902495,0.45275279279683145,0.052144084507719776,0.046031746031746035,0.018820861678004536,,,,,,
285,T13,L1正则多因素逻辑回归,0.5,4.4,6.266666666666667,135.83333333333334,0.07389162561576355,0.9686237223674827,0.1020408163265306,0.08571428571428572,0.04963221750311749,0.5212576739916231,0.9274376417233561,0.55558536784057,0.13879404791891775,0.046031746031746035,0.03333333333333333,0.04522263694652635,0.20942216278055995,-2.118632160390705,0.24309865810658068,0.046031746031746035,0.04346457424283399
285,T18,对应染色体三标准差Z值规则,0.0,7.645238095238095,9.8,129.5547619047619,0.0,0.944276690267944,0.0,,-0.06259945943075539,0.472138345133972,0.8813249109167477,0.5831346589494237,0.08250075152591133,0.06666666666666667,0.05200842241658568,,,,,,
285,T18,L1正则多因素逻辑回归,4.95,4.75,4.85,132.45,0.5051020408163265,0.9653790087463556,0.5103092783505155,0.5076923076923076,0.4727277457168525,0.735240524781341,0.9346938775510203,0.8697482081823429,0.5880447647453265,0.06666666666666667,0.06598639455782312,0.04413640099716697,0.16855659582252225,-0.6436664898968957,0.8506518060115434,0.06666666666666667,0.08694541654975803
285,T21,对应染色体三标准差Z值规则,0.0,0.0,2.5,144.5,0.0,1.0,,,,0.5,0.9829931972789115,0.6000406437084639,0.02676934273994327,0.017006802721088437,0.0,,,,,,
285,T21,L1正则多因素逻辑回归,0.0,0.0,2.5,144.5,0.0,1.0,,,,0.5,0.9829931972789115,0.5168045257318614,0.023474332165027947,0.017006802721088437,0.0,0.017051138483694488,0.09185238087189194,-4.379065696026104,-0.08094209121897196,0.017006802721088437,0.023407711683036996
286,T13,对应染色体三标准差Z值规则,0.0,3.1595238095238094,5.916666666666666,137.92380952380952,0.0,0.977605265378449,0.0,,-0.03035085678715621,0.4888026326892245,0.9382572076449628,0.40937128975863446,0.0494017605198139,0.04024943310657596,0.02149335924846129,,,,,,
286,T13,L1正则多因素逻辑回归,1.3333333333333333,2.45,4.583333333333333,138.63333333333333,0.22535211267605634,0.9826343768458359,0.3524229074889868,0.27491408934707906,0.25815316149680206,0.6039932447609461,0.9521541950113379,0.6607374905071302,0.24228267494127567,0.04024943310657596,0.025736961451247164,0.03415553878329413,0.15968594530809346,-0.8747578736813031,0.6162699737597043,0.04024943310657596,0.032377740759116334
286,T18,对应染色体三标准差Z值规则,0.0,5.2595238095238095,7.2,134.54047619047617,0.0,0.9623782273996866,0.0,,-0.043715850441666995,0.4811891136998433,0.9152413346290897,0.6116039495197221,0.06647063451940494,0.0489795918367347,0.03577907353417557,,,,,,
286,T18,L1正则多因素逻辑回归,2.75,3.1666666666666665,4.45,136.63333333333333,0.3819444444444444,0.9773485932284216,0.46478873239436624,0.4193138500635324,0.39454107916764986,0.679646518836433,0.9481859410430838,0.8787201592474005,0.4625892825050138,0.0489795918367347,0.040249433106575964,0.03797086695388544,0.14194252569727317,-0.6804095476969951,0.813953872667103,0.0489795918367347,0.06239323831813671
286,T21,对应染色体三标准差Z值规则,0.0,0.0,3.5833333333333335,143.41666666666669,0.0,1.0,,,,0.5,0.9756235827664399,0.4246337503691934,0.025492003793915266,0.02437641723356009,0.0,,,,,,
286,T21,L1正则多因素逻辑回归,1.3333333333333333,2.0,2.25,141.41666666666666,0.37209302325581395,0.9860546194073213,0.4,0.38554216867469876,0.371012151091962,0.6790738213315677,0.9710884353741497,0.525487576758471,0.3988410957638611,0.02437641723356009,0.022675736961451247,0.018051713214320177,0.10220756817271028,-0.24486246123405805,0.9613543812419215,0.02437641723356009,0.0271749404715284
287,T13,对应染色体三标准差Z值规则,0.0,2.1833333333333336,1.6666666666666665,143.14999999999998,0.0,0.9849770642201835,0.0,,-0.01314899338080639,0.49248853211009175,0.9738095238095238,0.37427260812581903,0.010194653351963958,0.011337868480725622,0.014852607709750568,,,,,,
287,T13,L1正则多因素逻辑回归,0.5,2.8,1.1666666666666665,142.53333333333333,0.30000000000000004,0.9807339449541284,0.15151515151515152,0.20134228187919465,0.20063955993908267,0.6403669724770642,0.973015873015873,0.7928931847968546,0.2036148815336596,0.011337868480725622,0.022448979591836733,0.012828516090213104,0.06569631085299993,-1.6955976783632407,0.8114734179636445,0.011337868480725622,0.03431698636311419
287,T18,对应染色体三标准差Z值规则,0.0,4.3428571428571425,9.116666666666667,133.5404761904762,0.0,0.9685033931377458,0.0,,-0.04486453408032966,0.4842516965688729,0.9084386135406544,0.6225358984790281,0.08125163522893525,0.062018140589569164,0.029543245869776486,,,,,,
287,T18,L1正则多因素逻辑回归,3.75,1.5,5.366666666666667,136.38333333333333,0.41133455210237657,0.9891212377613925,0.7142857142857143,0.5220417633410673,0.5204599511385344,0.7002278949318845,0.9532879818594103,0.8844798629883963,0.604032301466107,0.062018140589569164,0.03571428571428571,0.036464984374500416,0.1444947851354647,-0.00875706439371668,0.9588673033574162,0.062018140589569164,0.05943585276025454
287,T21,对应染色体三标准差Z值规则,0.0,0.0,3.4166666666666665,143.58333333333331,0.0,1.0,,,,0.5,0.9767573696145125,0.568964538662881,0.028994942750435557,0.023242630385487528,0.0,,,,,,
287,T21,L1正则多因素逻辑回归,0.0,0.0,3.4166666666666665,143.58333333333334,0.0,1.0,,,,0.5,0.9767573696145125,0.3477608066852578,0.01912320814601229,0.023242630385487528,0.0,0.023257047969210177,0.12552281122728084,-6.756297417608559,-0.7121817347473189,0.023242630385487528,0.021659415731767242
288,T13,对应染色体三标准差Z值规则,0.0,3.3380952380952382,5.583333333333333,138.07857142857142,0.0,0.976395319471336,0.0,,-0.030288309304553628,0.488197659735668,0.9393100097181729,0.582535340805862,0.09797762364240943,0.03798185941043084,0.022708130871396174,,,,,,
288,T13,L1正则多因素逻辑回归,0.5,1.6,5.083333333333333,139.81666666666666,0.08955223880597016,0.9886859163229228,0.23809523809523808,0.13015184381778744,0.126029390955801,0.5391190775644464,0.9545351473922902,0.5980854210302139,0.17308897740809512,0.03798185941043084,0.014285714285714287,0.03578247018218755,0.17047311225607345,-1.8208926269260057,0.36477414498014205,0.03798185941043084,0.03622442444485616
288,T18,对应染色体三标准差Z值规则,0.0,5.483333333333333,14.333333333333332,127.18333333333334,0.0,0.9586683417085428,0.0,,-0.0647010338536263,0.4793341708542714,0.8651927437641723,0.5880956972014002,0.1177461018741445,0.09750566893424036,0.0373015873015873,,,,,,
288,T18,L1正则多因素逻辑回归,5.75,5.25,8.583333333333332,127.41666666666666,0.40116279069767447,0.960427135678392,0.5227272727272727,0.45394736842105265,0.40766650979302316,0.6807949631880332,0.9058956916099773,0.8480528472929432,0.5418899657174556,0.09750566893424036,0.07482993197278912,0.06521146688738626,0.23979409618045439,-0.3008634360272392,0.7122752036191022,0.09750566893424036,0.0882863531729042
288,T21,对应染色体三标准差Z值规则,0.0,0.0,4.166666666666666,142.83333333333331,0.0,1.0,,,,0.5,0.971655328798186,0.520490859587709,0.030932658809122507,0.028344671201814053,0.0,,,,,,
288,T21,L1正则多因素逻辑回归,0.25,0.5,3.9166666666666665,142.33333333333331,0.06000000000000001,0.9964994165694282,0.3333333333333333,0.10169491525423731,0.13160565743161295,0.5282497082847141,0.9699546485260772,0.546676001555815,0.10692076016130185,0.028344671201814053,0.00510204081632653,0.026706565898424146,0.13086286780651488,-1.9654431183777281,0.40898350795889393,0.028344671201814053,0.024647980897865497
289,T13,对应染色体三标准差Z值规则,0.0,3.0500000000000003,9.866666666666667,134.08333333333334,0.0,0.9777588721438988,0.0,,-0.03904431401285,0.4888794360719494,0.9121315192743765,0.7146717618809866,0.23187012561436504,0.06712018140589569,0.02074829931972789,,,,,,
289,T13,L1正则多因素逻辑回归,0.25,2.9,9.616666666666667,134.23333333333335,0.025337837837837836,0.978852698104035,0.07936507936507936,0.03841229193341869,0.007241292732691868,0.5020952679709364,0.9148526077097505,0.5064397771617023,0.09505259773843365,0.06712018140589569,0.02142857142857143,0.06599289729968057,0.31293164439343213,-2.238567910606219,0.09232274868579639,0.06712018140589569,0.03232826120120844
289,T18,对应染色体三标准差Z值规则,0.0,5.016666666666667,12.766666666666666,129.21666666666667,0.0,0.962627265954805,0.0,,-0.05796922721566682,0.4813136329774025,0.8790249433106576,0.622076819155643,0.12908965204143816,0.08684807256235828,0.034126984126984124,,,,,,
289,T18,L1正则多因素逻辑回归,7.4,3.0,5.366666666666666,131.23333333333335,0.5796344647519583,0.9776508567171592,0.7115384615384616,0.6388489208633095,0.6120748459192407,0.7786426607345588,0.9430839002267575,0.9150045288298763,0.7401736622635018,0.08684807256235828,0.0707482993197279,0.04178055292049089,0.15914949896700017,-0.07900890521363432,0.9880607963065532,0.08684807256235828,0.08963732984501338
289,T21,对应染色体三标准差Z值规则,0.0,0.0,3.75,143.25,0.0,1.0,,,,0.5,0.9744897959183674,0.46142589360739455,0.025392987372491443,0.025510204081632654,0.0,,,,,,
289,T21,L1正则多因素逻辑回归,0.0,0.0,3.75,143.25,0.0,1.0,,,,0.5,0.9744897959183674,0.6370499644496154,0.056718900908797006,0.025510204081632654,0.0,0.024987690373914337,0.11885059246009141,-1.7800261779663753,0.4900477280772143,0.025510204081632654,0.024977454434514493
290,T13,对应染色体三标准差Z值规则,0.2,2.4214285714285713,7.166666666666667,137.21190476190478,0.027149321266968326,0.9826586638474917,0.07629427792915532,0.0400476758045292,0.01616923510737833,0.50490399255723,0.9347748623258828,0.5786111715927902,0.10173986395486798,0.05011337868480726,0.017832847424684155,,,,,,
290,T13,L1正则多因素逻辑回归,0.6666666666666666,2.7,6.699999999999999,136.93333333333334,0.09049773755656108,0.9806636428741944,0.198019801980198,0.12422360248447205,0.10378790539433898,0.5355806902153777,0.9360544217687075,0.6340910714690782,0.29688252415644134,0.05011337868480726,0.02290249433106576,0.0422235140977959,0.1942510419130779,-1.0689145199175936,0.5365270222947607,0.05011337868480726,0.04295733087412128
290,T18,对应染色体三标准差Z值规则,0.0,5.780952380952381,15.633333333333333,125.58571428571429,0.0,0.955993765179251,0.0,,-0.06979692036866511,0.4779968825896255,0.8543245869776482,0.5978216385873789,0.13291413507111927,0.10634920634920635,0.039326206673145445,,,,,,
290,T18,L1正则多因素逻辑回归,7.35,3.0,8.283333333333335,128.36666666666667,0.4701492537313432,0.9771631565592489,0.7101449275362319,0.5657472738935214,0.5390193284303265,0.723656205145296,0.9232426303854876,0.8664557670352905,0.7001914628720859,0.10634920634920635,0.07040816326530612,0.05282554366629431,0.21224936830707505,0.058629570858960284,0.8844511950588898,0.10634920634920635,0.09352475057295606
290,T21,对应染色体三标准差Z值规则,0.0,0.0,1.1666666666666665,145.83333333333334,0.0,1.0,,,,0.5,0.9920634920634921,0.28545539358600575,0.008696130742574141,0.007936507936507936,0.0,,,,,,
290,T21,L1正则多因素逻辑回归,0.6666666666666666,0.0,0.5,145.83333333333334,0.5714285714285715,1.0,1.0,0.7272727272727273,0.7546363905912276,0.7857142857142858,0.9965986394557823,0.5778938775510205,0.5748816101026046,0.007936507936507936,0.0045351473922902496,0.005302433200942131,0.04569525127299816,-0.05509252945328713,1.4284133133193186,0.007936507936507936,0.026361746139163485
291,T13,对应染色体三标准差Z值规则,0.4,3.233333333333333,6.066666666666666,137.3,0.061855670103092786,0.9769924098671727,0.11009174311926608,0.07920792079207922,0.0513124504270565,0.5194240399851328,0.9367346938775512,0.5152236692814803,0.0687974136719271,0.04399092970521542,0.024716553287981856,,,,,,
291,T13,L1正则多因素逻辑回归,0.75,1.9,5.716666666666667,138.63333333333333,0.11597938144329897,0.9864800759013282,0.2830188679245283,0.16453382084095067,0.15792490767284645,0.5512297286723136,0.9481859410430838,0.670274655006665,0.2539865643030719,0.04399092970521542,0.01802721088435374,0.03770197409076136,0.17559110204790357,-1.0941785366334345,0.5301816784910333,0.04399092970521542,0.03696527145816646
291,T18,对应染色体三标准差Z值规则,0.0,7.542857142857143,12.633333333333331,126.82380952380952,0.0,0.9438636283091754,0.0,,-0.07131169602541436,0.4719318141545877,0.86274700356333,0.5264398330952459,0.09281066674455715,0.08594104308390023,0.051311953352769675,,,,,,
291,T18,L1正则多因素逻辑回归,4.75,3.25,7.883333333333334,131.11666666666667,0.37598944591029027,0.9758124534854875,0.59375,0.46042003231017775,0.43466086068072146,0.6759009496978889,0.9242630385487529,0.8931731306273853,0.6277599939220517,0.08594104308390023,0.05442176870748299,0.04940283172987265,0.18199807667600618,0.07337036772287533,0.9049993059326904,0.08594104308390023,0.07512982993855935
291,T21,对应染色体三标准差Z值规则,0.0,0.0,4.0,143.0,0.0,1.0,,,,0.5,0.9727891156462585,0.5288357475857475,0.03274684654493668,0.027210884353741496,0.0,,,,,,
291,T21,L1正则多因素逻辑回归,0.0,0.0,4.0,143.0,0.0,1.0,,,,0.5,0.9727891156462585,0.5971091408591407,0.04494686243023933,0.027210884353741496,0.0,0.02663605602557163,0.1259276492658337,-1.9121890971837445,0.4336298249505293,0.027210884353741496,0.024076664377048244
292,T13,对应染色体三标准差Z值规则,0.2,4.076190476190476,4.116666666666667,138.60714285714283,0.04633204633204633,0.9714319088224006,0.0467706013363029,0.046550290939318374,0.017845298331435947,0.5088819775772234,0.9442662779397473,0.35999764965006015,0.02727315121295687,0.029365079365079365,0.029089731130547452,,,,,,
292,T13,L1正则多因素逻辑回归,0.75,4.45,3.5666666666666664,138.23333333333332,0.17374517374517376,0.968812054666511,0.14423076923076922,0.15761821366024517,0.1302897756301595,0.5712786142058424,0.9454648526077096,0.6557534962260712,0.28160927215537956,0.029365079365079365,0.03537414965986395,0.025332084496791345,0.12534908309072873,-1.2474010445956656,0.6700082131899981,0.029365079365079365,0.041169989506570095
292,T18,对应染色体三标准差Z值规则,0.0,6.192857142857143,10.066666666666666,130.7404761904762,0.0,0.9547746557240228,0.0,,-0.05686190976215402,0.4773873278620114,0.8893909944930353,0.5691308649435903,0.08582352993368376,0.06848072562358276,0.04212827988338193,,,,,,
292,T18,L1正则多因素逻辑回归,3.25,2.6666666666666665,6.816666666666666,134.26666666666668,0.3228476821192053,0.9805258033106135,0.5492957746478874,0.40667361835245047,0.3898509959223092,0.6516867427149093,0.9354875283446713,0.8310840858780753,0.4917225960570538,0.06848072562358276,0.04024943310657596,0.04800071331265865,0.18795498123217722,-0.4782850220754134,0.7846788291113205,0.06848072562358276,0.07270303702654878
292,T21,对应染色体三标准差Z值规则,0.0,0.0,2.75,144.25,0.0,1.0,,,,0.5,0.9812925170068028,0.591978212428819,0.029780683874419407,0.01870748299319728,0.0,,,,,,
292,T21,L1正则多因素逻辑回归,0.25,0.5,2.5,143.75,0.09090909090909091,0.9965337954939342,0.3333333333333333,0.14285714285714288,0.16629154700731139,0.5437214432015125,0.9795918367346939,0.563717391793648,0.11301540609891203,0.01870748299319728,0.00510204081632653,0.017557224622798216,0.0914389722497131,-1.2521624802068032,0.718977182943762,0.01870748299319728,0.024112208219822632
293,T13,对应染色体三标准差Z值规则,0.0,4.988095238095238,4.666666666666667,137.34523809523807,0.0,0.9649548343927735,0.0,,-0.03393556408379026,0.48247741719638676,0.9343213475866537,0.40710551785116866,0.04022630365931453,0.031746031746031744,0.03393262066731454,,,,,,
293,T13,L1正则多因素逻辑回归,0.9166666666666666,1.95,3.75,140.38333333333333,0.1964285714285714,0.9862997658079626,0.3197674418604651,0.24336283185840707,0.23168173103201115,0.591364168618267,0.9612244897959182,0.7329350475553219,0.30680742858043347,0.031746031746031744,0.01950113378684807,0.02615313296619776,0.11961742974753148,-0.6116321000540389,0.837728774516714,0.031746031746031744,0.037461760695859755
293,T18,对应染色体三标准差Z值规则,0.0,5.804761904761905,11.85,129.3452380952381,0.0,0.9570494864612512,0.0,,-0.060038983474480126,0.4785247432306256,0.8798995788791708,0.5466468482854404,0.08822874381610171,0.08061224489795918,0.03948817622287009,,,,,,
293,T18,L1正则多因素逻辑回归,5.0,2.9166666666666665,6.8500000000000005,132.23333333333335,0.42194092827004215,0.9784190405722037,0.6315789473684211,0.5059021922428331,0.4828465381817479,0.700179984421123,0.933560090702948,0.8624096048383174,0.6052211415991369,0.08061224489795918,0.05385487528344671,0.047945408057449776,0.18774040605060055,-0.1669110852779611,0.8390002027068205,0.08061224489795918,0.07553482125056028
293,T21,对应染色体三标准差Z值规则,0.0,0.0,3.833333333333333,143.16666666666669,0.0,1.0,,,,0.5,0.973922902494331,0.497596873440878,0.02824410205900209,0.02607709750566893,0.0,,,,,,
293,T21,L1正则多因素逻辑回归,0.6666666666666666,0.0,3.1666666666666665,143.16666666666669,0.17391304347826086,1.0,1.0,0.29629629629629634,0.41249187794561526,0.5869565217391304,0.9784580498866212,0.5223653099443957,0.20501788573619506,0.02607709750566893,0.0045351473922902496,0.022506001941394668,0.11702572717044687,-0.969409773455286,0.7001068024513867,0.02607709750566893,0.024428365958056846
294,T13,对应染色体三标准差Z值规则,0.2,2.3595238095238096,4.2,140.2404761904762,0.045454545454545456,0.9834535497228345,0.07813953488372093,0.057475196715703045,0.03766010566716397,0.51445404758869,0.9553773890508583,0.44801927138883646,0.053596770813154504,0.029931972789115642,0.017411726595400065,,,,,,
294,T13,L1正则多因素逻辑回归,1.0833333333333333,2.45,3.3166666666666664,140.15,0.24621212121212122,0.9828190743338009,0.30660377358490565,0.27310924369747897,0.2548079253733581,0.614515597772961,0.9607709750566894,0.5963821368362042,0.26068628783417247,0.029931972789115642,0.024036281179138322,0.026853699119722824,0.13733851330638383,-1.7384600387982463,0.4594772162434116,0.029931972789115642,0.036445018613163925
294,T18,对应染色体三标准差Z值规则,0.0,5.40952380952381,11.5,130.09047619047618,0.0,0.9600773150588648,0.0,,-0.0569431869475808,0.4800386575294324,0.8849692257855523,0.5914435794461467,0.09877603670524154,0.0782312925170068,0.036799481697440885,,,,,,
294,T18,L1正则多因素逻辑回归,4.5,3.4166666666666665,7.0,132.08333333333334,0.391304347826087,0.9747847478474786,0.5684210526315789,0.46351931330472107,0.43550850029725846,0.6830445478367828,0.9291383219954649,0.8879129008681392,0.597861082907548,0.0782312925170068,0.053854875283446714,0.04771896992281608,0.17595636881560606,-0.11894273096199295,0.8704484730415779,0.0782312925170068,0.07355355202741301
294,T21,对应染色体三标准差Z值规则,0.0,0.0,3.6666666666666665,143.33333333333334,0.0,1.0,,,,0.5,0.9750566893424036,0.5020328702305445,0.02930400002818327,0.02494331065759637,0.0,,,,,,
294,T21,L1正则多因素逻辑回归,0.5833333333333333,0.5,3.083333333333333,142.83333333333334,0.1590909090909091,0.9965116279069768,0.5384615384615384,0.2456140350877193,0.2837216560445215,0.577801268498943,0.97562358276644,0.439354172958824,0.19012221161996856,0.02494331065759637,0.0073696145124716545,0.022002772883421017,0.11934739089852196,-2.1927568242838387,0.3789403753434042,0.02494331065759637,0.024316909759271237
295,T13,对应染色体三标准差Z值规则,0.0,4.004761904761905,6.0,136.9952380952381,0.0,0.971597433299561,0.0,,-0.03452181586822977,0.4857987166497805,0.9319403952057014,0.4265171770047656,0.04689269983660889,0.04081632653061224,0.027243278263686426,,,,,,
295,T13,L1正则多因素逻辑回归,1.4166666666666665,2.75,4.583333333333333,138.25,0.23611111111111108,0.9804964539007093,0.34,0.2786885245901639,0.2582555342124622,0.6083037825059102,0.9501133786848072,0.5946599778603325,0.23369478673082866,0.04081632653061224,0.028344671201814053,0.03577728443754873,0.17535058978962267,-1.5493210078269455,0.4252641598311564,0.04081632653061224,0.036533630416019876
295,T18,对应染色体三标准差Z值规则,0.0,6.038095238095238,11.183333333333332,129.7785714285714,0.0,0.9555423101870517,0.0,,-0.05938929923064858,0.47777115509352586,0.8828474246841594,0.6120285287959487,0.09700408100001223,0.07607709750566893,0.041075477810171686,,,,,,
295,T18,L1正则多因素逻辑回归,4.75,4.0,6.433333333333333,131.81666666666666,0.4247391952309985,0.9705485335624003,0.5428571428571428,0.47658862876254177,0.4429338838814956,0.6976438643966995,0.9290249433106575,0.868723761688603,0.589220210191863,0.07607709750566893,0.05952380952380952,0.04641385578894834,0.17830578762870553,-0.18914268095688586,0.8637375115508539,0.07607709750566893,0.07377754044347551
295,T21,对应染色体三标准差Z值规则,0.0,0.0,4.25,142.75,0.0,1.0,,,,0.5,0.9710884353741497,0.5112684186342371,0.03551054881097192,0.02891156462585034,0.0,,,,,,
295,T21,L1正则多因素逻辑回归,0.9166666666666666,0.5,3.3333333333333335,142.25,0.2156862745098039,0.9964973730297724,0.6470588235294118,0.32352941176470584,0.36391903082050725,0.6060918237697881,0.973922902494331,0.5502250871159904,0.24644163492842333,0.02891156462585034,0.00963718820861678,0.02412690346857558,0.12216293305566926,-0.40157932548807407,0.8492463164822805,0.02891156462585034,0.026331836253461832
296,T13,对应染色体三标准差Z值规则,0.4,4.883333333333334,4.566666666666666,137.14999999999998,0.08053691275167786,0.965618399436752,0.07570977917981071,0.07804878048780488,0.04480070715400085,0.523077656094215,0.9357142857142858,0.5542092134740613,0.06903274459282135,0.03378684807256236,0.035941043083900226,,,,,,
296,T13,L1正则多因素逻辑回归,1.4166666666666665,4.5,3.55,137.53333333333333,0.28523489932885904,0.9683172964092935,0.23943661971830985,0.2603369065849923,0.23308730208444028,0.6267760978690763,0.9452380952380952,0.711741625026467,0.2653120659103793,0.03378684807256236,0.04024943310657596,0.029096365863906723,0.13275798476664244,-0.7908714055834147,0.7391414074021699,0.03378684807256236,0.03619870782514141
296,T18,对应染色体三标准差Z值规则,0.0,8.16904761904762,8.700000000000001,130.13095238095238,0.0,0.940932410563647,0.0,,-0.0608402652227705,0.4704662052818235,0.8852445740200842,0.6550286295447159,0.08765219728197227,0.059183673469387764,0.055571752510528025,,,,,,
296,T18,L1正则多因素逻辑回归,3.5,3.833333333333333,5.2,134.46666666666664,0.40229885057471265,0.9722824777054712,0.4772727272727273,0.43659043659043656,0.4059941207319106,0.6872906641400919,0.9385487528344671,0.8679053043690139,0.5268097687082763,0.059183673469387764,0.049886621315192746,0.041170464385294085,0.1585223726875663,-0.5457449414649748,0.8584917516998605,0.059183673469387764,0.07343532205066182
296,T21,对应染色体三标准差Z值规则,0.0,0.0,3.75,143.25,0.0,1.0,,,,0.5,0.9744897959183674,0.4953484091587641,0.034533361396331036,0.025510204081632654,0.0,,,,,,
296,T21,L1正则多因素逻辑回归,0.9166666666666666,0.5,2.8333333333333335,142.75,0.24444444444444444,0.9965095986038395,0.6470588235294118,0.3548387096774193,0.3888727397967892,0.620477021524142,0.9773242630385487,0.6171499979993289,0.27739733789624876,0.025510204081632654,0.00963718820861678,0.02073537029973578,0.10548153365004517,0.04268095013658679,1.0119494871602395,0.025510204081632654,0.025435784664224356
297,T13,对应染色体三标准差Z值规则,0.0,2.7547619047619043,6.933333333333334,137.31190476190474,0.0,0.9803324947304006,0.0,,-0.030746446893656146,0.4901662473652003,0.9340945902170392,0.538861403103877,0.09949187120535442,0.047165532879818596,0.01873987690314221,,,,,,
297,T13,L1正则多因素逻辑回归,1.9166666666666665,4.95,5.016666666666667,135.11666666666667,0.27644230769230765,0.9646596858638744,0.27912621359223294,0.27777777777777773,0.24221192931715582,0.620550996778091,0.9321995464852607,0.6771700158480265,0.21770887468927122,0.047165532879818596,0.04671201814058957,0.042496321321313105,0.18632203732361113,-1.1706420868718372,0.5124949299904311,0.047165532879818596,0.043921992749111176
297,T18,对应染色体三标准差Z值规则,0.0,5.938095238095239,14.466666666666669,126.59523809523809,0.0,0.9551954584650761,0.0,,-0.06778605885388028,0.47759772923253807,0.8611920958859733,0.5710882656593501,0.11774072180344952,0.0984126984126984,0.040395205701328145,,,,,,
297,T18,L1正则多因素逻辑回归,6.45,3.1666666666666665,8.016666666666666,129.36666666666667,0.445852534562212,0.9761066398390342,0.6707105719237435,0.5356401384083045,0.5083208523504683,0.7109795872006232,0.9239229024943311,0.8639200658195387,0.6370458536851885,0.0984126984126984,0.06541950113378685,0.05570788755406643,0.2149340633177538,-0.07783223862980806,0.8106024759151338,0.0984126984126984,0.08620174956152277
297,T21,对应染色体三标准差Z值规则,0.0,0.0,5.0,142.0,0.0,1.0,,,,0.5,0.9659863945578231,0.3953834115805946,0.03198835730496899,0.034013605442176874,0.0,,,,,,
297,T21,L1正则多因素逻辑回归,1.1666666666666665,1.0,3.833333333333333,141.0,0.2333333333333333,0.9929577464788732,0.5384615384615384,0.3255813953488372,0.3403817722424411,0.6131455399061033,0.9671201814058956,0.7227146210596915,0.3027578622273584,0.034013605442176874,0.014739229024943309,0.027377056145370005,0.12510869041463915,0.9560860486260476,1.2288159887461954,0.034013605442176874,0.027981986996563023
298,T13,对应染色体三标准差Z值规则,0.0,2.9261904761904765,6.249999999999999,137.82380952380953,0.0,0.9792100143787533,0.0,,-0.03003133117824016,0.48960500718937666,0.9375769355361192,0.40737921377352987,0.047592555073128054,0.04251700680272109,0.019906057661159698,,,,,,
298,T13,L1正则多因素逻辑回归,1.0833333333333333,2.9,5.166666666666666,137.85,0.17333333333333334,0.9793960923623446,0.2719665271966527,0.21172638436482083,0.18978866811624923,0.576364712847839,0.945124716553288,0.6178188277087036,0.2924519147304149,0.04251700680272109,0.027097505668934242,0.03585901060920772,0.17301931984735106,-1.2320810035281384,0.5167026979576614,0.04251700680272109,0.038354447897042857
298,T18,对应染色体三标准差Z值规则,0.0,6.728571428571429,10.35,129.92142857142858,0.0,0.9507605457111494,0.0,,-0.06027568858596215,0.4753802728555747,0.8838192419825074,0.5909565017621673,0.09566144512415789,0.07040816326530612,0.045772594752186584,,,,,,
298,T18,L1正则多因素逻辑回归,5.25,4.416666666666666,5.1000000000000005,132.23333333333332,0.5072463768115941,0.9676789852421027,0.5431034482758621,0.5245628642797668,0.49020078584923316,0.7374626810268484,0.9352607709750566,0.9011280895657039,0.6402708023711087,0.07040816326530612,0.06575963718820861,0.040746454499533916,0.15334305237450493,-0.22136080515497525,0.9890878998650801,0.07040816326530612,0.07949565771734518
298,T21,对应染色体三标准差Z值规则,0.0,0.0,3.416666666666667,143.58333333333334,0.0,1.0,,,,0.5,0.9767573696145125,0.38308651886784173,0.02055836425436636,0.023242630385487528,0.0,,,,,,
298,T21,L1正则多因素逻辑回归,0.8333333333333333,1.0,2.5833333333333335,142.58333333333331,0.2439024390243902,0.9930354033662218,0.45454545454545453,0.31746031746031744,0.3216870519412497,0.6184689211953059,0.97562358276644,0.44531868152609067,0.2604812427428847,0.023242630385487528,0.012471655328798185,0.019441768878441436,0.10682907821180249,-1.1064022138541703,0.7091032197758672,0.023242630385487528,0.02613697902543715
299,T13,对应染色体三标准差Z值规则,0.2,4.126190476190476,4.466666666666666,138.20714285714286,0.042857142857142864,0.9710103713616594,0.046230049532195935,0.04447974583002384,0.014385679265126905,0.5069337571094011,0.941545189504373,0.42152905893036374,0.029404690292295855,0.031746031746031744,0.029429867184969222,,,,,,
299,T13,L1正则多因素逻辑回归,1.3333333333333333,4.2,3.3333333333333335,138.13333333333335,0.2857142857142857,0.9704918032786886,0.24096385542168675,0.261437908496732,0.23600742729330051,0.6281030444964871,0.9487528344671202,0.6822822372508721,0.2408905194780181,0.031746031746031744,0.03764172335600907,0.027340088380624367,0.13040781235246937,-1.0797802672778618,0.6760285796625743,0.031746031746031744,0.03778675360900814
299,T18,对应染色体三标准差Z值规则,0.0,6.526190476190476,9.766666666666667,130.70714285714286,0.0,0.9524445678198411,0.0,,-0.057501022713178244,0.47622228390992055,0.8891642371234207,0.623949767923063,0.09231749017438776,0.06643990929705215,0.04439585357952705,,,,,,
299,T18,L1正则多因素逻辑回归,3.95,4.166666666666667,5.816666666666666,133.06666666666666,0.40443686006825946,0.9696380859849406,0.486652977412731,0.44175209692451073,0.40789435011553155,0.6870374730266,0.9320861678004534,0.8890139551705971,0.5671453293570937,0.06643990929705215,0.05521541950113379,0.042781661489685256,0.1583709048777817,-0.21758624878029129,0.9494662514513488,0.06643990929705215,0.07237163288053734
299,T21,对应染色体三标准差Z值规则,0.0,0.0,3.5833333333333335,143.41666666666669,0.0,1.0,,,,0.5,0.9756235827664399,0.6405612899863132,0.06272940842544603,0.02437641723356009,0.0,,,,,,
299,T21,L1正则多因素逻辑回归,0.8333333333333333,1.0,2.75,142.41666666666666,0.23255813953488372,0.9930273097036607,0.45454545454545453,0.30769230769230765,0.3134731373302768,0.6127927246192723,0.9744897959183674,0.6395709826435607,0.27207779815799216,0.02437641723356009,0.012471655328798185,0.01999453478881226,0.10077649444597093,0.38549048831854554,1.1237866556624554,0.02437641723356009,0.02500276435393758
300,T13,对应染色体三标准差Z值规则,0.2,3.9166666666666665,2.2,140.68333333333334,0.08333333333333333,0.9729137851544492,0.04858299595141701,0.061381074168797956,0.04320424377667881,0.5281235592438912,0.9583900226757369,0.5435291298016056,0.02471422755217211,0.016326530612244896,0.028004535147392293,,,,,,
300,T13,L1正则多因素逻辑回归,0.0,2.25,2.4,142.35000000000002,0.0,0.9844398340248963,0.0,,-0.016062141489369273,0.49221991701244816,0.9683673469387755,0.5691083823647796,0.07966798949639009,0.016326530612244896,0.015306122448979591,0.017482738011296985,0.09350646203970134,-2.8760796458034505,0.3101391790750239,0.016326530612244896,0.031808379779271756
300,T18,对应染色体三标准差Z值规则,0.0,8.119047619047619,9.316666666666666,129.56428571428572,0.0,0.9410310062773445,0.0,,-0.06289567670682879,0.47051550313867224,0.8813896987366375,0.6763911363979491,0.09558423139554996,0.06337868480725624,0.05523161645610625,,,,,,
300,T18,L1正则多因素逻辑回归,3.25,2.5,6.066666666666667,135.18333333333334,0.3488372093023256,0.9818423919622322,0.5652173913043478,0.43141592920353977,0.4155757710488005,0.6653398006322789,0.9417233560090703,0.8123432632149692,0.5094462752827945,0.06337868480725624,0.0391156462585034,0.042512411606235485,0.17791793430283726,-0.4524641214675324,0.7466044947918582,0.06337868480725624,0.061961987133143916
300,T21,对应染色体三标准差Z值规则,0.0,0.0,1.5833333333333333,145.41666666666666,0.0,1.0,,,,0.5,0.9892290249433106,0.5202346841315323,0.014455757710677855,0.010770975056689341,0.0,,,,,,
300,T21,L1正则多因素逻辑回归,0.0,0.0,1.5833333333333333,145.41666666666666,0.0,1.0,,,,0.5,0.9892290249433106,0.3996507026879519,0.013470959250444765,0.010770975056689341,0.0,0.011054307580904595,0.06815202183990979,-6.583685725732997,-0.4927569921094376,0.010770975056689341,0.021235380845659395
301,T13,对应染色体三标准差Z值规则,0.8,3.3999999999999995,8.15,134.65,0.08938547486033518,0.9753712423035131,0.19047619047619052,0.12167300380228137,0.09294495004729901,0.5323783585819242,0.9214285714285716,0.5796351490001472,0.13156096701711884,0.060884353741496595,0.028571428571428574,,,,,,
301,T13,L1正则多因素逻辑回归,1.0833333333333333,3.7,7.866666666666667,134.35000000000002,0.12104283054003723,0.9731981166244116,0.2264808362369338,0.15776699029126212,0.12700733247490117,0.5471204735822244,0.9213151927437642,0.6514934562298178,0.25700380027268366,0.060884353741496595,0.03253968253968254,0.05224720304559961,0.22614412997378175,-0.8979752034540114,0.5309789666434932,0.060884353741496595,0.04540778771953955
301,T18,对应染色体三标准差Z值规则,0.0,4.6000000000000005,15.816666666666668,126.58333333333334,0.0,0.9649345699402871,0.0,,-0.062408259567172636,0.4824672849701436,0.8611111111111112,0.5734906880294057,0.1328789927046417,0.10759637188208616,0.03129251700680272,,,,,,
301,T18,L1正则多因素逻辑回归,6.95,4.166666666666667,8.866666666666667,127.01666666666667,0.43940990516332984,0.9682378350908397,0.6251874062968515,0.5160891089108911,0.4777618453427764,0.7038238701270848,0.9113378684807256,0.8829552508916501,0.6435894400155563,0.10759637188208616,0.0756235827664399,0.06132714314092831,0.22137085796275532,-0.0674807442467827,0.8412609383149091,0.10759637188208616,0.09810224882985179
301,T21,对应染色体三标准差Z值规则,0.0,0.0,4.166666666666667,142.83333333333334,0.0,1.0,,,,0.5,0.9716553287981861,0.5095270322831583,0.031100619443806723,0.028344671201814053,0.0,,,,,,
301,T21,L1正则多因素逻辑回归,0.5833333333333333,0.5,3.5833333333333335,142.33333333333334,0.13999999999999999,0.9964994165694282,0.5384615384615384,0.22222222222222218,0.26485395154590863,0.5682497082847141,0.9722222222222223,0.5680505639828862,0.18244179910127997,0.028344671201814053,0.0073696145124716545,0.025108722704970735,0.12453761742930816,-0.8235649345849201,0.7262511544839009,0.028344671201814053,0.025450614529954264
302,T13,对应染色体三标准差Z值规则,0.0,2.338095238095238,6.116666666666667,138.5452380952381,0.0,0.983404032380727,0.0,,-0.026489978557689264,0.4917020161903635,0.9424846128927761,0.4603176854484049,0.04092539281110888,0.04160997732426304,0.015905409782960803,,,,,,
302,T13,L1正则多因素逻辑回归,1.75,6.25,4.366666666666667,134.63333333333335,0.2861035422343324,0.9556370519342245,0.21875,0.24793388429752067,0.21280626422363053,0.6208702970842784,0.9277777777777777,0.6983634510185392,0.25326097215792487,0.04160997732426304,0.05442176870748299,0.036039835350407425,0.16013503478889587,-0.8673071806665483,0.6588173421197131,0.04160997732426304,0.03932909971731259
302,T18,对应染色体三标准差Z值规则,0.0,5.257142857142857,10.716666666666665,131.0261904761905,0.0,0.9614249026013731,0.0,,-0.05400485266394839,0.48071245130068657,0.8913346290897313,0.5627066907828047,0.08499283069020153,0.07290249433106576,0.03576287657920311,,,,,,
302,T18,L1正则多因素逻辑回归,4.15,3.25,6.566666666666667,133.03333333333333,0.3872472783825816,0.9761526232114467,0.5608108108108109,0.4581416743330266,0.4320932393904529,0.6816999507970142,0.9332199546485261,0.8778997299718185,0.5749788751020606,0.07290249433106576,0.05034013605442177,0.04553378097186521,0.17097174907065055,-0.2609010262261836,0.8702482228396441,0.07290249433106576,0.07425966475541049
302,T21,对应染色体三标准差Z值规则,0.0,0.0,4.333333333333333,142.66666666666666,0.0,1.0,,,,0.5,0.9705215419501133,0.555578591968779,0.04367228418426977,0.029478458049886618,0.0,,,,,,
302,T21,L1正则多因素逻辑回归,0.25,0.5,4.083333333333333,142.16666666666666,0.057692307692307696,0.9964953271028038,0.3333333333333333,0.09836065573770493,0.128645302354055,0.5270938173975557,0.9688208616780045,0.6161924232309748,0.10907826717778005,0.029478458049886618,0.00510204081632653,0.027541610883774156,0.12956073146321143,-0.5803033437069519,0.7697230421588447,0.029478458049886618,0.023476461108451068
303,T13,对应染色体三标准差Z值规则,0.4,3.616666666666667,6.483333333333333,136.5,0.05811138014527845,0.974188176519567,0.09958506224066388,0.07339449541284404,0.041856726051751475,0.5161497783324227,0.9312925170068027,0.4897145484350714,0.07404388207220343,0.046825396825396826,0.027324263038548752,,,,,,
303,T13,L1正则多因素逻辑回归,1.9166666666666665,4.6,4.966666666666667,135.51666666666665,0.2784503631961259,0.9671702152967765,0.29411764705882354,0.2860696517412935,0.2521064133234739,0.6228102892464512,0.9349206349206349,0.698254246710206,0.3489999335748821,0.046825396825396826,0.04433106575963719,0.037342742289198066,0.1686945326257933,-0.6244271898103129,0.7132844073096396,0.046825396825396826,0.042546299254974725
303,T18,对应染色体三标准差Z值规则,0.0,5.078571428571428,13.066666666666666,128.85476190476192,0.0,0.96208134821873,0.0,,-0.05908603709407527,0.481040674109365,0.876563006154843,0.5667062903523068,0.10420585670518522,0.08888888888888889,0.03454810495626822,,,,,,
303,T18,L1正则多因素逻辑回归,5.75,4.166666666666666,7.316666666666667,129.76666666666665,0.4400510204081633,0.9688899950223993,0.5798319327731093,0.5003625815808558,0.4639938564107002,0.7044705077152813,0.9218820861678003,0.8838898879967262,0.6144525537604513,0.08888888888888889,0.06746031746031746,0.05253129824264604,0.1923690245076374,-0.2220356118021775,0.8526019918957201,0.08888888888888889,0.08906523457031774
303,T21,对应染色体三标准差Z值规则,0.0,0.0,4.666666666666667,142.33333333333331,0.0,1.0,,,,0.5,0.9682539682539684,0.48715837037391063,0.03490228265364574,0.031746031746031744,0.0,,,,,,
303,T21,L1正则多因素逻辑回归,0.9166666666666666,0.5,3.75,141.83333333333331,0.1964285714285714,0.9964871194379391,0.6470588235294118,0.3013698630136986,0.34620599667933777,0.5964578454332552,0.9710884353741497,0.6366554350077268,0.2536111071868781,0.031746031746031744,0.00963718820861678,0.02650923956458639,0.1281635747703656,0.07350084237700857,0.965680718074348,0.031746031746031744,0.026788602535652822
304,T13,对应染色体三标准差Z值规则,0.0,3.9809523809523806,6.6499999999999995,136.36904761904762,0.0,0.9716355370078207,0.0,,-0.03631626401191708,0.48581776850391034,0.927680596047943,0.6275938601033492,0.09063885970841512,0.045238095238095244,0.027081308713961777,,,,,,
304,T13,L1正则多因素逻辑回归,0.25,2.7,6.4,137.65,0.03759398496240601,0.9807623797648736,0.0847457627118644,0.05208333333333333,0.027204206954336504,0.5091781823636398,0.9380952380952381,0.5950393057303549,0.12352255709181634,0.045238095238095244,0.020068027210884354,0.04344587459519186,0.19823111819231887,-1.8378111504044075,0.3163849357640466,0.045238095238095244,0.03730387572285597
304,T18,对应染色体三标准差Z值规则,0.0,7.547619047619048,14.266666666666666,125.18571428571428,0.0,0.943136973523714,0.0,,-0.07627167354831985,0.471568486761857,0.851603498542274,0.6399705858159673,0.1316353878293334,0.09705215419501133,0.051344347262714606,,,,,,
304,T18,L1正则多因素逻辑回归,7.3,3.833333333333333,6.966666666666666,128.9,0.5116822429906542,0.9711200401808135,0.655688622754491,0.5748031496062992,0.5401961771900494,0.7414011415857339,0.9265306122448981,0.8743605864239546,0.6774482659174452,0.09705215419501133,0.07573696145124716,0.05122260079312617,0.19970185363141565,-0.09198221305064004,0.8597630906251987,0.09705215419501133,0.09128380522251572
304,T21,对应染色体三标准差Z值规则,0.0,0.0,4.916666666666666,142.08333333333331,0.0,1.0,,,,0.5,0.9665532879818595,0.5919123122184906,0.04343241181204836,0.03344671201814058,0.0,,,,,,
304,T21,L1正则多因素逻辑回归,0.0,0.0,4.916666666666666,142.08333333333331,0.0,1.0,,,,0.5,0.9665532879818595,0.453706257292917,0.034998938375597685,0.03344671201814058,0.0,0.03297124798416235,0.16105032800478983,-4.17541853306981,-0.20178232121609668,0.03344671201814058,0.02401372003926897
305,T13,对应染色体三标准差Z值规则,0.0,4.188095238095238,6.2,136.61190476190478,0.0,0.9702550054112554,0.0,,-0.035935243007666186,0.4851275027056277,0.9293326854551344,0.46892455662616955,0.052710491983021766,0.042176870748299324,0.028490443796566248,,,,,,
305,T13,L1正则多因素逻辑回归,1.25,4.5,4.95,136.3,0.20161290322580644,0.9680397727272727,0.21739130434782608,0.20920502092050208,0.17588537772540397,0.5848263379765396,0.9357142857142858,0.6520828696672953,0.3191870968657727,0.042176870748299324,0.0391156462585034,0.03516047340796961,0.16738813500615346,-1.1960653491659785,0.5566648954086151,0.042176870748299324,0.04513018687699899
305,T18,对应染色体三标准差Z值规则,0.0,3.8642857142857143,14.516666666666667,128.61904761904762,0.0,0.9708319105727584,0.0,,-0.05438929618343881,0.4854159552863792,0.8749595076125688,0.5369748383438269,0.11095547502389316,0.09875283446712019,0.02628765792031098,,,,,,
305,T18,L1正则多因素逻辑回归,7.65,4.75,6.866666666666667,127.73333333333335,0.5269804822043628,0.9641464335136495,0.6169354838709677,0.5684210526315789,0.5271988314285363,0.7455634578590061,0.9209750566893425,0.8869217371948402,0.7001371837926771,0.09875283446712019,0.08435374149659865,0.05030432128591216,0.19325919586088686,-0.16462510579122266,0.86749545956159,0.09875283446712019,0.09742312683508036
305,T21,对应染色体三标准差Z值规则,0.0,0.0,1.8333333333333333,145.16666666666666,0.0,1.0,,,,0.5,0.9875283446712018,0.4837006277304783,0.014310274256992838,0.012471655328798185,0.0,,,,,,
305,T21,L1正则多因素逻辑回归,0.25,0.5,1.5833333333333333,144.66666666666666,0.13636363636363638,0.9965556831228473,0.3333333333333333,0.1935483870967742,0.20704450548901496,0.5664596597432419,0.9858276643990929,0.42745165282478725,0.150476455167812,0.012471655328798185,0.00510204081632653,0.011752730955690035,0.07298778697698745,-3.513229948387715,0.22049887912604554,0.012471655328798185,0.024464693493111388
306,T13,对应染色体三标准差Z值规则,0.2,3.488095238095238,4.616666666666666,138.6952380952381,0.041522491349480974,0.9754676222851114,0.05422853453841188,0.04703247480403135,0.01933978882936031,0.5084950568172962,0.9448655652737284,0.39810616545293526,0.030460660865459066,0.03276643990929705,0.025089083252348557,,,,,,
306,T13,L1正则多因素逻辑回归,1.3333333333333333,3.45,3.4833333333333334,138.73333333333335,0.2768166089965398,0.9757355526901889,0.2787456445993031,0.2777777777777778,0.2534009048406811,0.6262760808433643,0.9528344671201816,0.6832154059055824,0.2855934547058723,0.03276643990929705,0.03253968253968254,0.02771488452292901,0.13293789723734548,-1.0869697264828448,0.6696541183766709,0.03276643990929705,0.03988151046665035
306,T18,对应染色体三标准差Z值规则,0.0,5.497619047619048,7.466666666666666,134.03571428571428,0.0,0.960599959047164,0.0,,-0.04559632543534028,0.480299979523582,0.911807580174927,0.554388618950925,0.05943193200198543,0.050793650793650794,0.037398769031422086,,,,,,
306,T18,L1正则多因素逻辑回归,1.75,2.9166666666666665,5.716666666666666,136.61666666666667,0.23437500000000003,0.9790969899665553,0.37500000000000006,0.2884615384615385,0.26735392503310057,0.6067359949832777,0.9412698412698414,0.8630940827417923,0.3687140989226998,0.050793650793650794,0.03174603174603175,0.04099946969752743,0.15193909439484712,-0.6300225691770376,0.8230989398429363,0.050793650793650794,0.0639562042079459
306,T21,对应染色体三标准差Z值规则,0.0,0.0,5.416666666666666,141.58333333333331,0.0,1.0,,,,0.5,0.9631519274376418,0.5364262106345684,0.04602740265679696,0.036848072562358274,0.0,,,,,,
306,T21,L1正则多因素逻辑回归,1.0833333333333333,1.5,4.333333333333333,140.08333333333331,0.2,0.9894055326662743,0.41935483870967744,0.2708333333333333,0.2715600627625335,0.5947027663331371,0.9603174603174605,0.5306619925101382,0.23645434854545633,0.036848072562358274,0.017573696145124718,0.031091154484636323,0.1507161631896767,-0.29289017454000404,0.8042061932932446,0.036848072562358274,0.02630482523072557
307,T13,对应染色体三标准差Z值规则,0.0,2.1214285714285714,3.9499999999999997,140.92857142857142,0.0,0.9851700204723624,0.0,,-0.02010790135807963,0.4925850102361812,0.9586977648202137,0.6220288498946489,0.05517732903619613,0.02687074829931973,0.01443148688046647,,,,,,
307,T13,L1正则多因素逻辑回归,0.5,2.25,3.45,140.8,0.12658227848101264,0.9842712338343237,0.18181818181818182,0.1492537313432836,0.1323023867676597,0.5554267561576681,0.9612244897959185,0.6735131903856658,0.12655932198906583,0.02687074829931973,0.01870748299319728,0.025659520015017635,0.12049809024499364,-1.5127428044924522,0.5548922251427421,0.02687074829931973,0.03202062075240767
307,T18,对应染色体三标准差Z值规则,0.0,6.666666666666667,9.183333333333332,131.15,0.0,0.9516265570201959,0.0,,-0.05626304766264304,0.47581327851009797,0.8921768707482993,0.6045585061606902,0.08080962228897959,0.06247165532879819,0.04535147392290249,,,,,,
307,T18,L1正则多因素逻辑回归,3.4,2.333333333333333,5.783333333333334,135.48333333333335,0.3702359346642468,0.9830692949570685,0.5930232558139535,0.45586592178770946,0.4416494215857856,0.6766526148106576,0.9447845804988664,0.8292854855559588,0.5315497655312932,0.06247165532879819,0.03900226757369614,0.041011157050996234,0.16955867782519124,-0.4070273307815518,0.7936816881767187,0.06247165532879819,0.0632698829398203
307,T21,对应染色体三标准差Z值规则,0.0,0.0,3.1666666666666665,143.83333333333331,0.0,1.0,,,,0.5,0.9784580498866213,0.5320472386063654,0.026967254800990947,0.021541950113378682,0.0,,,,,,
307,T21,L1正则多因素逻辑回归,0.0,0.0,3.1666666666666665,143.83333333333331,0.0,1.0,,,,0.5,0.9784580498866213,0.5136301065525926,0.029402564553829225,0.021541950113378682,0.0,0.021337434227544236,0.10942753921764944,-3.8075546287347164,0.0020657426927210495,0.021541950113378682,0.02125844756241016
308,T13,对应染色体三标准差Z值规则,0.0,3.2833333333333337,6.433333333333334,137.28333333333333,0.0,0.9766421626748873,0.0,,-0.03233558884367612,0.4883210813374437,0.9339002267573696,0.4531070881369636,0.0488446067003597,0.043764172335600905,0.022335600907029476,,,,,,
308,T13,L1正则多因素逻辑回归,1.1666666666666665,2.7,5.266666666666667,137.86666666666667,0.18134715025906734,0.9807920322504151,0.3017241379310344,0.22653721682847894,0.20725662385813687,0.5810695912547412,0.9458049886621315,0.6978047159228438,0.3115628675880106,0.043764172335600905,0.026303854875283448,0.03591082890353209,0.16041571743264907,-0.7427478949612171,0.7252298457074929,0.043764172335600905,0.045949433787498196
308,T18,对应染色体三标准差Z值规则,0.0,7.333333333333333,10.866666666666667,128.8,0.0,0.9461312438785504,0.0,,-0.06473963734328074,0.4730656219392752,0.8761904761904763,0.5196429680192443,0.0775995195747474,0.07392290249433106,0.04988662131519274,,,,,,
308,T18,L1正则多因素逻辑回归,5.45,5.0,5.416666666666666,131.13333333333333,0.5015337423312883,0.9632713026444663,0.521531100478469,0.511336982017201,0.4732572194678295,0.7324025224878773,0.9291383219954648,0.8323434486218853,0.5929844251582195,0.07392290249433106,0.07108843537414966,0.04701941227319934,0.19239474003725202,-0.7000075957535423,0.7383376219709633,0.07392290249433106,0.0899239691530916
308,T21,对应染色体三标准差Z值规则,0.0,0.0,3.4166666666666665,143.58333333333334,0.0,1.0,,,,0.5,0.9767573696145125,0.4100363801084326,0.0219740402821144,0.023242630385487528,0.0,,,,,,
308,T21,L1正则多因素逻辑回归,0.6666666666666666,0.0,2.75,143.58333333333334,0.1951219512195122,1.0,1.0,0.326530612244898,0.4375558031129565,0.5975609756097561,0.9812925170068028,0.5857848619113002,0.22225272466037024,0.023242630385487528,0.0045351473922902496,0.019831486997201036,0.10130732925376262,-0.21180879977394473,0.9928816209230962,0.023242630385487528,0.02767025001596761
309,T13,对应染色体三标准差Z值规则,0.0,1.2833333333333334,6.499999999999999,139.21666666666667,0.0,0.9908659549228944,0.0,,-0.020185227084092195,0.4954329774614472,0.9470521541950113,0.41181503352321847,0.051917147629605975,0.04421768707482993,0.008730158730158729,,,,,,
309,T13,L1正则多因素逻辑回归,1.0833333333333333,2.45,5.416666666666666,138.05,0.16666666666666669,0.9825622775800713,0.30660377358490565,0.2159468438538206,0.20029960723168583,0.574614472123369,0.9464852607709752,0.5555240528550136,0.1908720033181552,0.04421768707482993,0.024036281179138322,0.040212986326639735,0.19590086086225797,-1.8863651172302982,0.3017488849763344,0.04421768707482993,0.032051872014348275
309,T18,对应染色体三标准差Z值规则,0.0,3.4428571428571426,7.916666666666667,135.6404761904762,0.0,0.9752460840537532,0.0,,-0.03694713202563536,0.4876230420268766,0.9227243278263687,0.5735836775882185,0.06552823739594008,0.05385487528344671,0.023420796890184642,,,,,,
309,T18,L1正则多因素逻辑回归,1.75,4.416666666666666,6.166666666666667,134.66666666666669,0.22105263157894736,0.9682444577591373,0.2837837837837838,0.24852071005917162,0.2131447770438564,0.5946485446690423,0.9280045351473922,0.8346846024588133,0.35994901628975146,0.05385487528344671,0.0419501133786848,0.04557721962804452,0.17049718086424095,-0.7244387078422346,0.7148347222207012,0.05385487528344671,0.06156282670687282
309,T21,对应染色体三标准差Z值规则,0.0,0.0,2.3333333333333335,144.66666666666669,0.0,1.0,,,,0.5,0.9841269841269841,0.4853151744568794,0.020334499695650016,0.015873015873015872,0.0,,,,,,
309,T21,L1正则多因素逻辑回归,0.5833333333333333,0.5,1.75,144.16666666666669,0.25,0.9965437788018433,0.5384615384615384,0.3414634146341463,0.36027421043776375,0.6232718894009217,0.9846938775510204,0.7112221386250351,0.28253908740045885,0.015873015873015872,0.0073696145124716545,0.013019651190173733,0.07007131338526686,0.7088981419690324,1.3522426516191952,0.015873015873015872,0.023937307220641163
310,T13,对应染色体三标准差Z值规则,0.4,4.154761904761905,6.25,136.1952380952381,0.06015037593984962,0.970397136410674,0.08782017773131207,0.07139821504462388,0.03663836396798603,0.5152737561752618,0.9292193067703273,0.46731193430503165,0.06646959125211233,0.045238095238095244,0.03098477486232588,,,,,,
310,T13,L1正则多因素逻辑回归,1.8333333333333333,4.0,4.816666666666666,136.35,0.2756892230576441,0.9714998218738867,0.3142857142857143,0.29372496662216285,0.26316114886929215,0.6235945224657654,0.9400226757369615,0.6762869223714961,0.2931709148919065,0.045238095238095244,0.03968253968253968,0.03813340272979261,0.17205624115248008,-0.9515025492243285,0.6016894477299266,0.045238095238095244,0.042046509888604526
310,T18,对应染色体三标准差Z值规则,0.0,6.047619047619048,14.449999999999998,126.50238095238095,0.0,0.9543748091465935,0.0,,-0.06839117456416158,0.4771874045732967,0.8605604146420472,0.5813368608957923,0.12024568173383196,0.09829931972789115,0.04114026563006155,,,,,,
310,T18,L1正则多因素逻辑回归,5.45,5.75,9.0,126.8,0.3771626297577855,0.956620143342135,0.4866071428571429,0.4249512670565302,0.3745663955313384,0.6668913865499602,0.8996598639455783,0.8483051181582391,0.5905260243540924,0.09829931972789115,0.07619047619047618,0.0599833326305858,0.22862908176196342,-0.23613234439109335,0.739962294002661,0.09829931972789115,0.08698789063513475
310,T21,对应染色体三标准差Z值规则,0.0,0.0,3.25,143.75,0.0,1.0,,,,0.5,0.9778911564625851,0.5487682044203782,0.03347787908371613,0.022108843537414966,0.0,,,,,,
310,T21,L1正则多因素逻辑回归,0.8333333333333333,1.0,2.4166666666666665,142.75,0.2564102564102564,0.9930434782608696,0.45454545454545453,0.3278688524590163,0.3305075979311695,0.624726867335563,0.9767573696145125,0.5716114738723435,0.28370624374657505,0.022108843537414966,0.012471655328798185,0.018101939663498358,0.09805785574820514,-0.42510835116387,0.9399703359695519,0.022108843537414966,0.02733622520641207
311,T13,对应染色体三标准差Z值规则,0.4,1.7833333333333332,9.85,134.96666666666667,0.03902439024390244,0.9869591712370506,0.18320610687022904,0.064343163538874,0.05470852202403809,0.5129917807404765,0.9208616780045352,0.49191685286749287,0.11619786544061303,0.06972789115646258,0.014852607709750568,,,,,,
311,T13,L1正则多因素逻辑回归,0.0,2.65,10.25,134.10000000000002,0.0,0.9806215722120658,0.0,,-0.037094780710825635,0.4903107861060329,0.9122448979591836,0.5137593362875391,0.11009392064049545,0.06972789115646258,0.01802721088435374,0.06814069692994633,0.3183618900914321,-2.073470968884379,0.12577399495416733,0.06972789115646258,0.03833637746921516
311,T18,对应染色体三标准差Z值规则,0.0,5.6761904761904765,14.333333333333332,126.99047619047619,0.0,0.9572146446518306,0.0,,-0.06587391941873419,0.4786073223259153,0.8638807904114026,0.5637881684168352,0.1125794060464208,0.09750566893424036,0.03861354065435698,,,,,,
311,T18,L1正则多因素逻辑回归,5.65,5.333333333333333,8.683333333333332,127.33333333333333,0.394186046511628,0.9597989949748744,0.5144157814871017,0.446346280447663,0.39937076803662724,0.6769925207432512,0.9046485260770974,0.8671803995058349,0.6090988420052106,0.09750566893424036,0.07471655328798187,0.058504226165658126,0.21648006873345546,-0.10659279107204041,0.8466488087450729,0.09750566893424036,0.08995124657769836
311,T21,对应染色体三标准差Z值规则,0.0,0.0,3.9166666666666665,143.08333333333331,0.0,1.0,,,,0.5,0.9733560090702948,0.5941311599423844,0.045128583412762054,0.02664399092970521,0.0,,,,,,
311,T21,L1正则多因素逻辑回归,0.0,0.0,3.9166666666666665,143.08333333333331,0.0,1.0,,,,0.5,0.9733560090702948,0.4547297747833072,0.0308179977437363,0.02664399092970521,0.0,0.026402301142493874,0.13274765869294763,-4.47923946010275,-0.22012402098443043,0.02664399092970521,0.024017072572249634
312,T13,对应染色体三标准差Z值规则,0.0,1.6666666666666665,7.916666666666666,137.41666666666669,0.0,0.988016776512882,0.0,,-0.025549087391870996,0.494008388256441,0.9348072562358276,0.38634104734574587,0.058569878254015925,0.05385487528344671,0.011337868480725622,,,,,,
312,T13,L1正则多因素逻辑回归,1.3333333333333333,4.4,6.583333333333333,134.68333333333334,0.16842105263157894,0.9683642899940084,0.23255813953488372,0.19536019536019536,0.1594868361083309,0.5683926713127937,0.9252834467120182,0.5139397324948081,0.13746023796779863,0.05385487528344671,0.039002267573696146,0.050844387641944516,0.24694081829367254,-2.207068372491963,0.16150639519599805,0.05385487528344671,0.034351185416918346
312,T18,对应染色体三标准差Z值规则,0.0,4.059523809523809,7.833333333333334,135.10714285714286,0.0,0.9708297690333619,0.0,,-0.03998210224228452,0.48541488451668097,0.9190962099125365,0.6077150865442369,0.07061366733320545,0.05328798185941044,0.027615808228053124,,,,,,
312,T18,L1正则多因素逻辑回归,4.25,5.416666666666666,3.583333333333333,133.75,0.5425531914893618,0.9610778443113773,0.43965517241379315,0.48571428571428577,0.45638046796601334,0.7518155179003696,0.9387755102040817,0.911813879839106,0.6244233632405541,0.05328798185941044,0.06575963718820861,0.033560832822227264,0.12798598202782538,-0.548621371674727,0.9841415183269117,0.05328798185941044,0.07340210593878774
312,T21,对应染色体三标准差Z值规则,0.0,0.0,3.916666666666667,143.08333333333334,0.0,1.0,,,,0.5,0.9733560090702948,0.6052556265817891,0.04389260473681239,0.026643990929705215,0.0,,,,,,
312,T21,L1正则多因素逻辑回归,0.3333333333333333,0.0,3.5833333333333335,143.08333333333331,0.08510638297872339,1.0,1.0,0.1568627450980392,0.2881441988027436,0.5425531914893617,0.97562358276644,0.5083127837189225,0.11557200939352558,0.026643990929705215,0.0022675736961451248,0.024672833216746994,0.1251479924786388,-2.1239842842063634,0.3806959788772764,0.026643990929705215,0.023983876174663382
313,T13,对应染色体三标准差Z值规则,0.4,4.016666666666667,5.35,137.23333333333332,0.06956521739130435,0.9715634218289084,0.09056603773584905,0.07868852459016393,0.04670794904709111,0.5205643196101064,0.936281179138322,0.538573688292811,0.06758197303924049,0.0391156462585034,0.0300453514739229,,,,,,
313,T13,L1正则多因素逻辑回归,0.25,2.4,5.5,138.85,0.043478260869565216,0.9830088495575221,0.09433962264150944,0.05952380952380952,0.03859503167286603,0.5132435552135437,0.9462585034013605,0.6674396623854106,0.17582049673684502,0.0391156462585034,0.01802721088435374,0.03563147653496998,0.16076853971261465,-1.2280929126890134,0.5362789971424963,0.0391156462585034,0.0361954969186344
313,T18,对应染色体三标准差Z值规则,0.0,4.992857142857143,11.283333333333331,130.7238095238095,0.0,0.9632111717338293,0.0,,-0.05406567035857493,0.48160558586691465,0.8892776158082281,0.5630297968029121,0.09811952950483349,0.07675736961451249,0.03396501457725948,,,,,,
313,T18,L1正则多因素逻辑回归,3.9,4.583333333333333,7.383333333333334,131.13333333333333,0.345642540620384,0.966228662655041,0.4597249508840865,0.39460370994940974,0.35602155711168465,0.6559356016377125,0.9185941043083901,0.8933429787453262,0.5983928458699496,0.07675736961451249,0.05770975056689343,0.04639676968976034,0.17008392360908825,-0.07355746024902772,0.92707653658459,0.07675736961451249,0.07473246292794851
313,T21,对应染色体三标准差Z值规则,0.0,0.0,2.1666666666666665,144.83333333333334,0.0,1.0,,,,0.5,0.9852607709750567,0.49832193123332336,0.01930166608398521,0.014739229024943309,0.0,,,,,,
313,T21,L1正则多因素逻辑回归,0.25,0.5,1.9166666666666665,144.33333333333334,0.11538461538461539,0.996547756041427,0.3333333333333333,0.17142857142857146,0.1893247752090059,0.5559661857130211,0.9835600907029479,0.7281459047281831,0.15171220749978673,0.014739229024943309,0.00510204081632653,0.013550067499543466,0.0724657657930867,0.24108422308199895,1.24571885392861,0.014739229024943309,0.025437116284032113
314,T13,对应染色体三标准差Z值规则,0.2,3.892857142857143,7.666666666666667,135.2404761904762,0.02542372881355932,0.9720206721883771,0.048865619546247824,0.033446147720485764,-0.0034959355454309052,0.4987222005009682,0.9213637836086814,0.6262202977964594,0.14077846285644263,0.053514739229024944,0.027842565597667637,,,,,,
314,T13,L1正则多因素逻辑回归,1.1666666666666665,3.15,6.7,135.98333333333335,0.14830508474576268,0.977359846669861,0.27027027027027023,0.19151846785225712,0.16751904461420464,0.5628324657078119,0.9329931972789116,0.5982033002061649,0.26513254808176423,0.053514739229024944,0.029365079365079365,0.046233907445943204,0.21896839902000456,-1.3068137433512708,0.412665109512229,0.053514739229024944,0.03701550287465388
314,T18,对应染色体三标准差Z值规则,0.0,6.519047619047619,13.583333333333332,126.89761904761903,0.0,0.951137681806014,0.0,,-0.06873556256932405,0.475568840903007,0.8632491091674765,0.6117370990195109,0.1255964102346049,0.09240362811791382,0.044347262714609655,,,,,,
314,T18,L1正则多因素逻辑回归,5.35,3.5,8.233333333333334,129.91666666666669,0.3938650306748466,0.9737663960024985,0.6045197740112994,0.47696879643387813,0.4475831946426228,0.6838157133386725,0.9201814058956915,0.8499928123362864,0.6243241500033885,0.09240362811791382,0.06020408163265306,0.054109774920518716,0.21367068024707003,-0.14807429084455442,0.7912735258640528,0.09240362811791382,0.08237605706106825
314,T21,对应染色体三标准差Z值规则,0.0,0.0,5.083333333333333,141.91666666666666,0.0,1.0,,,,0.5,0.9654195011337868,0.4879739707170566,0.03723312962289263,0.03458049886621315,0.0,,,,,,
314,T21,L1正则多因素逻辑回归,0.9166666666666666,0.5,4.166666666666666,141.41666666666666,0.18032786885245902,0.9964768056371109,0.6470588235294118,0.2820512820512821,0.33067021010329456,0.588402337244785,0.9682539682539681,0.5610823165071694,0.2250054670899273,0.03458049886621315,0.00963718820861678,0.029513246096221846,0.14459120380570775,-0.625855074403676,0.7306732420269633,0.03458049886621315,0.026847864497207673
315,T13,对应染色体三标准差Z值规则,0.2,3.683333333333333,4.9833333333333325,138.13333333333333,0.038585209003215444,0.9740275002938066,0.05150214592274678,0.04411764705882353,0.014505381330961235,0.506306354648511,0.9410430839002266,0.4908245710059867,0.057520179333851326,0.03526077097505669,0.0264172335600907,,,,,,
315,T13,L1正则多因素逻辑回归,0.75,1.5,4.433333333333334,140.31666666666666,0.14469453376205788,0.9894229639205547,0.3333333333333333,0.20179372197309417,0.20148981709059613,0.5670587488413064,0.9596371882086168,0.6056780755743344,0.234946088846445,0.03526077097505669,0.015306122448979591,0.03152119463753278,0.15533515890272329,-1.627380345733278,0.4491396007872626,0.03526077097505669,0.037417570358662604
315,T18,对应染色体三标准差Z值规则,0.0,5.192857142857143,10.35,131.45714285714286,0.0,0.9619988500339762,0.0,,-0.05266468501318338,0.4809994250169881,0.8942662779397473,0.5255744641813286,0.07554141148270097,0.07040816326530612,0.035325558794946546,,,,,,
315,T18,L1正则多因素逻辑回归,3.9,3.25,6.45,133.4,0.37681159420289856,0.9762166117819246,0.5454545454545454,0.4457142857142857,0.41985578583195954,0.6765141029924115,0.9340136054421769,0.8877555048668174,0.616855532552781,0.07040816326530612,0.04863945578231293,0.041395643728220265,0.15783115886165874,-0.10562600096727075,0.9118678753548709,0.07040816326530612,0.06809098888992275
315,T21,对应染色体三标准差Z值规则,0.0,0.0,2.8333333333333335,144.16666666666666,0.0,1.0,,,,0.5,0.9807256235827664,0.49572578164213643,0.020949197668095228,0.01927437641723356,0.0,,,,,,
315,T21,L1正则多因素逻辑回归,0.0,0.0,2.8333333333333335,144.16666666666666,0.0,1.0,,,,0.5,0.9807256235827664,0.5360889558135393,0.039174855318718,0.01927437641723356,0.0,0.019114359829544833,0.10011410623941805,-3.8765847007739205,0.013544477667250079,0.01927437641723356,0.02440524588922783
316,T13,对应染色体三标准差Z值规则,0.0,4.021428571428571,5.749999999999999,137.22857142857143,0.0,0.9715297092288243,0.0,,-0.0338371983318288,0.48576485461441216,0.933527696793003,0.3609595061999834,0.04123256924060846,0.0391156462585034,0.027356656948493683,,,,,,
316,T13,L1正则多因素逻辑回归,1.5833333333333333,4.85,4.166666666666666,136.4,0.27536231884057977,0.9656637168141593,0.2461139896373057,0.2599179206566347,0.22841935872315364,0.6205130178273696,0.9386621315192745,0.6713280443638274,0.3303731336221161,0.0391156462585034,0.043764172335600905,0.03205118086493063,0.15260356120403057,-1.0531202032881732,0.6222609742767067,0.0391156462585034,0.042124209101525596
316,T18,对应染色体三标准差Z值规则,0.0,5.854761904761904,13.749999999999998,127.3952380952381,0.0,0.9560618243545073,0.0,,-0.06542432401574715,0.47803091217725363,0.8666342727567218,0.5378402771573502,0.1080070623953558,0.0935374149659864,0.03982831227729187,,,,,,
316,T18,L1正则多因素逻辑回归,6.25,5.583333333333334,7.5,127.66666666666666,0.45454545454545453,0.9580988117573482,0.528169014084507,0.4885993485342019,0.44164408862526017,0.7063221331514014,0.9109977324263038,0.8678538805368075,0.6453929784255853,0.0935374149659864,0.08049886621315192,0.05212026258846768,0.2012063740738815,-0.2028729490050749,0.8143196342200953,0.0935374149659864,0.08881118275337853
316,T21,对应染色体三标准差Z值规则,0.0,0.0,2.75,144.25,0.0,1.0,,,,0.5,0.9812925170068028,0.5426293970488076,0.029365803087655115,0.01870748299319728,0.0,,,,,,
316,T21,L1正则多因素逻辑回归,0.5833333333333333,0.5,2.1666666666666665,143.75,0.2121212121212121,0.9965337954939342,0.5384615384615384,0.3043478260869565,0.3305366085306116,0.6043275038075732,0.981859410430839,0.6278838563067333,0.24298836065071805,0.01870748299319728,0.0073696145124716545,0.015833432789532535,0.08511813732158097,-0.2227041620275302,1.0281601880658433,0.01870748299319728,0.025106407149422985
317,T13,对应染色体三标准差Z值规则,0.0,3.688095238095238,4.6,138.71190476190475,0.0,0.9741004547886571,0.0,,-0.028832602906304197,0.48705022739432857,0.9436183997408486,0.31436064407715003,0.022491113943098277,0.03129251700680272,0.025089083252348557,,,,,,
317,T13,L1正则多因素逻辑回归,0.3333333333333333,2.5,4.266666666666667,139.9,0.07246376811594203,0.9824438202247191,0.1176470588235294,0.08968609865470852,0.06953204706041158,0.5274537941703306,0.953968253968254,0.6835677913283863,0.17928804982473487,0.03129251700680272,0.01927437641723356,0.028596968440035602,0.1323384233500141,-1.2786919982940987,0.6011933926890332,0.03129251700680272,0.036865896301538026
317,T18,对应染色体三标准差Z值规则,0.0,6.873809523809523,10.05,130.0761904761905,0.0,0.9498078895669257,0.0,,-0.05999859792226848,0.4749039447834629,0.8848720440557175,0.5597589686782278,0.08466625127436392,0.06836734693877551,0.046760609005506965,,,,,,
317,T18,L1正则多因素逻辑回归,3.45,3.583333333333333,6.6000000000000005,133.36666666666667,0.34328358208955223,0.9738347328708774,0.490521327014218,0.4039024390243902,0.3749664957250841,0.6585591574802148,0.9307256235827664,0.8499618425890683,0.5330512605444959,0.06836734693877551,0.04784580498866214,0.04520254367394315,0.17620354208612668,-0.35362648227684673,0.819489962724984,0.06836734693877551,0.07027644099120818
317,T21,对应染色体三标准差Z值规则,0.0,0.0,3.6666666666666665,143.33333333333331,0.0,1.0,,,,0.5,0.9750566893424036,0.5111114466928423,0.029479846359896523,0.02494331065759637,0.0,,,,,,
317,T21,L1正则多因素逻辑回归,0.3333333333333333,0.0,3.333333333333333,143.33333333333331,0.09090909090909091,1.0,1.0,0.16666666666666669,0.29806538746827277,0.5454545454545454,0.9773242630385489,0.4913394744790094,0.11722273204485208,0.02494331065759637,0.0022675736961451248,0.02308912021852326,0.11762587227847442,-1.9297717824117795,0.454458228489121,0.02494331065759637,0.024475774559544458
318,T13,对应染色体三标准差Z值规则,0.4,3.642857142857143,9.0,133.95714285714286,0.0425531914893617,0.9735257475083057,0.09893992932862192,0.05951115834218916,0.024053783828236763,0.5080394694988337,0.9139941690962099,0.4874351407607685,0.10850712028336025,0.06394557823129252,0.02750242954324587,,,,,,
318,T13,L1正则多因素逻辑回归,1.4166666666666665,3.2,7.9833333333333325,134.39999999999998,0.15070921985815602,0.9767441860465117,0.3068592057761732,0.20214030915576692,0.17878486542144287,0.5637267029523338,0.9239229024943311,0.5780454164801332,0.23935343774770929,0.06394557823129252,0.031405895691609974,0.055945139486405386,0.2621283062516585,-1.3281568197153715,0.3548777489369789,0.06394557823129252,0.04025605269420195
318,T18,对应染色体三标准差Z值规则,0.0,6.361904761904762,13.516666666666666,127.12142857142857,0.0,0.9523393325366106,0.0,,-0.06768047126502506,0.4761696662683053,0.8647716229348882,0.5742545126721283,0.11623438794978316,0.09195011337868482,0.04327826368642694,,,,,,
318,T18,L1正则多因素逻辑回归,6.2,3.4166666666666665,7.316666666666666,130.06666666666666,0.4586929716399507,0.9744037957298041,0.6447140381282496,0.5360230547550433,0.506120536358704,0.7165483836848774,0.9269841269841269,0.8759739269013747,0.6630271070023781,0.09195011337868482,0.06541950113378685,0.049887280642997946,0.19336407590397933,-0.06201493843752697,0.8683955208034471,0.09195011337868482,0.08442563183839383
318,T21,对应染色体三标准差Z值规则,0.0,0.0,3.1666666666666665,143.83333333333331,0.0,1.0,,,,0.5,0.9784580498866213,0.3894466757856402,0.019395880946214732,0.021541950113378682,0.0,,,,,,
318,T21,L1正则多因素逻辑回归,0.9166666666666666,0.5,2.25,143.33333333333331,0.2894736842105263,0.996523754345307,0.6470588235294118,0.4,0.42501418433399507,0.6429987192779167,0.9812925170068028,0.5696956760382997,0.3082593309471189,0.021541950113378682,0.00963718820861678,0.017187120061301738,0.09285627334662917,-0.20026734463502183,1.0099181285465253,0.021541950113378682,0.026609504493122535
319,T13,对应染色体三标准差Z值规则,0.2,3.4595238095238097,6.216666666666667,137.12380952380954,0.03116883116883117,0.9753916504361081,0.05465191932335719,0.03969754253308128,0.008603212892109769,0.5032802408024696,0.9341755749919014,0.44962149714118566,0.042177629963870096,0.043650793650793655,0.024894719792678974,,,,,,
319,T13,L1正则多因素逻辑回归,1.3333333333333333,4.75,5.083333333333333,135.83333333333331,0.2077922077922078,0.966212211025489,0.2191780821917808,0.21333333333333335,0.17849659967034814,0.5870022094088484,0.9331065759637189,0.6521372978786817,0.30024141753203143,0.043650793650793655,0.041383219954648526,0.035955463951926996,0.17061945648907562,-0.9379569771396158,0.5929706500503737,0.043650793650793655,0.03642029793362273
319,T18,对应染色体三标准差Z值规则,0.0,5.711904761904761,10.033333333333331,131.2547619047619,0.0,0.9582971178249836,0.0,,-0.05441928993838566,0.4791485589124918,0.8928895367670877,0.5857197837337861,0.08855618111537558,0.06825396825396825,0.03885649497894395,,,,,,
319,T18,L1正则多因素逻辑回归,3.7,1.9166666666666665,6.333333333333335,135.05,0.3687707641196013,0.986006327573619,0.658753709198813,0.4728434504792332,0.46671009990511664,0.6773885458466101,0.9438775510204082,0.8518446317441555,0.5682927385583288,0.06825396825396825,0.03820861678004535,0.04194225934225546,0.16904465294625506,-0.19147487370085872,0.8624720370843277,0.06825396825396825,0.0654210371787407
319,T21,对应染色体三标准差Z值规则,0.0,0.0,3.583333333333333,143.41666666666666,0.0,1.0,,,,0.5,0.9756235827664398,0.4164429627370321,0.023568525603002464,0.02437641723356009,0.0,,,,,,
319,T21,L1正则多因素逻辑回归,1.0833333333333333,1.5,2.5,141.91666666666666,0.3023255813953488,0.989540964555491,0.41935483870967744,0.3513513513513513,0.3425538502098372,0.6459332729754199,0.9727891156462585,0.5976722951386139,0.33582801685447167,0.02437641723356009,0.017573696145124718,0.018999644188537106,0.10050348523818221,0.1135632665715619,1.0609482088831361,0.02437641723356009,0.026307517921357403
320,T13,对应染色体三标准差Z值规则,0.0,3.288095238095238,7.55,136.16190476190474,0.0,0.9764209735525619,0.0,,-0.03519573489615469,0.4882104867762809,0.9262714609653385,0.5299399885201721,0.06237951038221573,0.05136054421768707,0.022367994816974407,,,,,,
320,T13,L1正则多因素逻辑回归,0.5,2.75,7.050000000000001,136.7,0.0662251655629139,0.980279670132664,0.15384615384615385,0.09259259259259259,0.0698128298276943,0.523252417847789,0.9333333333333332,0.5947003811319396,0.13684885253626744,0.05136054421768707,0.022108843537414966,0.048508637441664906,0.22333686853363222,-1.8119415010701574,0.2860789806821305,0.05136054421768707,0.03810790282422725
320,T18,对应染色体三标准差Z值规则,0.0,5.847619047619048,10.233333333333333,130.9190476190476,0.0,0.9572438285575015,0.0,,-0.055675466057727836,0.4786219142787507,0.8906057661159701,0.5687198201454475,0.08116877987951981,0.06961451247165533,0.03977972141237448,,,,,,
320,T18,L1正则多因素逻辑回归,3.35,4.583333333333333,6.883333333333333,132.18333333333334,0.32736156351791534,0.9664879356568364,0.4222689075630252,0.36880733944954136,0.3309666793915351,0.6469247495873759,0.9219954648526077,0.8616941694593625,0.48823746567877135,0.06961451247165533,0.053968253968253964,0.051367996011221155,0.18617212906103986,-0.615333771454292,0.7927084778807354,0.06961451247165533,0.08501650477740866
320,T21,对应染色体三标准差Z值规则,0.0,0.0,1.8333333333333333,145.16666666666666,0.0,1.0,,,,0.5,0.9875283446712018,0.6062840144929699,0.022771958863081435,0.012471655328798185,0.0,,,,,,
320,T21,L1正则多因素逻辑回归,0.0,0.0,1.8333333333333333,145.16666666666666,0.0,1.0,,,,0.5,0.9875283446712018,0.6881581105461704,0.02924927235208892,0.012471655328798185,0.0,0.012563333427642933,0.06853753816693699,-1.1747833712928326,0.858003889560502,0.012471655328798185,0.024117197393048427
321,T13,对应染色体三标准差Z值规则,0.4,2.7380952380952377,5.233333333333333,138.62857142857143,0.07100591715976332,0.9806312527368882,0.12746585735963584,0.09120521172638438,0.06858240371881728,0.5258185849483258,0.9457725947521867,0.5113837108785687,0.08598230122268778,0.038321995464852605,0.0213475866537091,,,,,,
321,T13,L1正则多因素逻辑回归,1.0833333333333333,3.95,4.55,137.41666666666669,0.19230769230769232,0.9720584767743458,0.2152317880794702,0.20312500000000003,0.17351923644153686,0.5821830845410191,0.9421768707482994,0.7034406110458566,0.18709528271533876,0.038321995464852605,0.03424036281179138,0.03538381952063432,0.1548509725583918,-1.233503446453935,0.5686635882793084,0.038321995464852605,0.04295569640592345
321,T18,对应染色体三标准差Z值规则,0.0,5.430952380952381,16.1,125.46904761904761,0.0,0.9585106769980719,0.0,,-0.06869054418116145,0.47925533849903595,0.8535309361839973,0.5945960039075545,0.13816291904846628,0.10952380952380954,0.036945254292193065,,,,,,
321,T18,L1正则多因素逻辑回归,7.25,2.5,8.850000000000001,128.39999999999998,0.45031055900621114,0.9809014514896868,0.7435897435897436,0.5609284332688588,0.5411468385426653,0.7156060052479489,0.9227891156462585,0.8892053151017607,0.6378347029529179,0.10952380952380954,0.0663265306122449,0.0623747401584231,0.22339550097533126,0.21355760814524324,0.8879678098014973,0.10952380952380954,0.0876486271165793
321,T21,对应染色体三标准差Z值规则,0.0,0.0,4.0,143.0,0.0,1.0,,,,0.5,0.9727891156462585,0.5189263283013283,0.03379606933088679,0.027210884353741496,0.0,,,,,,
321,T21,L1正则多因素逻辑回归,0.8333333333333333,1.0,3.1666666666666665,142.0,0.20833333333333331,0.993006993006993,0.45454545454545453,0.2857142857142857,0.295171629546178,0.6006701631701632,0.9716553287981861,0.6074625605875605,0.25155022632930035,0.027210884353741496,0.012471655328798185,0.02283551803366855,0.11490871351612415,-0.20121757779550803,0.9226176096775723,0.027210884353741496,0.025814627511256984
322,T13,对应染色体三标准差Z值规则,0.2,4.9261904761904765,2.783333333333333,139.09047619047618,0.0670391061452514,0.9657943029080629,0.03901532745006967,0.04932472108044627,0.025236246460448756,0.5164167045266571,0.9475542597991576,0.32820672579998483,0.019254062637823716,0.020294784580498864,0.034872044055717526,,,,,,
322,T13,L1正则多因素逻辑回归,0.6666666666666666,3.5,2.3166666666666664,140.51666666666668,0.223463687150838,0.9756972572618909,0.15999999999999998,0.18648018648018647,0.16922022952346014,0.5995804722063645,0.9604308390022676,0.6965415626036455,0.1576259333613178,0.020294784580498864,0.028344671201814053,0.020393629919830215,0.0980424791162604,-1.6253282233667674,0.6382729185187231,0.020294784580498864,0.036967433638671214
322,T18,对应染色体三标准差Z值规则,0.0,7.769047619047619,8.9,130.3309523809524,0.0,0.9437433191958897,0.0,,-0.05996725352689016,0.47187165959794486,0.8866051182377714,0.6011038256418987,0.07703500576538064,0.06054421768707482,0.05285066407515387,,,,,,
322,T18,L1正则多因素逻辑回归,3.5,2.75,5.4,135.35000000000002,0.3932584269662921,0.9800868935553947,0.56,0.46204620462046203,0.4413044882922358,0.6866726602608434,0.9445578231292516,0.8981002140311061,0.5801317813069276,0.06054421768707482,0.04251700680272109,0.03768026984208808,0.1418712380967454,-0.07720001941044809,1.017409369558735,0.06054421768707482,0.06485117502225633
322,T21,对应染色体三标准差Z值规则,0.0,0.0,2.9999999999999996,144.0,0.0,1.0,,,,0.5,0.9795918367346939,0.4197939631099354,0.019606398839723684,0.02040816326530612,0.0,,,,,,
322,T21,L1正则多因素逻辑回归,0.6666666666666666,0.0,2.333333333333333,144.0,0.22222222222222224,1.0,1.0,0.36363636363636365,0.467631067712304,0.6111111111111112,0.9841269841269841,0.5348352072310405,0.2439944966678246,0.02040816326530612,0.0045351473922902496,0.01712530524947232,0.09266727179772162,-0.524413783125777,0.9093141702873906,0.02040816326530612,0.025029794883356653
323,T13,对应染色体三标准差Z值规则,0.2,3.7380952380952377,4.716666666666666,138.34523809523807,0.04067796610169492,0.9736908253037285,0.05078597339782347,0.0451734337187416,0.01600007736461776,0.5071843957027117,0.9424846128927761,0.5149481158535286,0.05928160723136616,0.03344671201814059,0.026789763524457402,,,,,,
323,T13,L1正则多因素逻辑回归,0.8333333333333333,1.7,4.083333333333334,140.38333333333333,0.16949152542372878,0.9880351906158359,0.3289473684210526,0.22371364653243847,0.21763622080250752,0.5787633580197823,0.9606575963718821,0.6554787017247377,0.2598815596623082,0.03344671201814059,0.017233560090702947,0.028840029908846716,0.13732924474561242,-1.0000779519866276,0.6479809274707762,0.03344671201814059,0.03252760446330588
323,T18,对应染色体三标准差Z值规则,0.0,5.114285714285715,11.699999999999998,130.18571428571428,0.0,0.9622004012247913,0.0,,-0.05582994377138389,0.48110020061239567,0.8856171039844509,0.6054921441100305,0.10048474601837486,0.07959183673469387,0.0347910592808552,,,,,,
323,T18,L1正则多因素逻辑回归,4.7,3.25,7.000000000000001,132.04999999999998,0.40170940170940167,0.9759793052475979,0.5911949685534591,0.4783715012722646,0.4519670430571962,0.6888443534784998,0.9302721088435374,0.870797224455761,0.5741204925384993,0.07959183673469387,0.05408163265306123,0.05064579138801056,0.18972442776770065,-0.18715291614379953,0.8237447857298565,0.07959183673469387,0.07369356035581193
323,T21,对应染色体三标准差Z值规则,0.0,0.0,3.9166666666666665,143.08333333333331,0.0,1.0,,,,0.5,0.9733560090702948,0.4770475116526492,0.028076270070108822,0.02664399092970521,0.0,,,,,,
323,T21,L1正则多因素逻辑回归,0.5833333333333333,0.5,3.333333333333333,142.58333333333331,0.14893617021276595,0.9965055329062318,0.5384615384615384,0.23333333333333334,0.2738471836520998,0.5727208515594988,0.9739229024943312,0.519635399978403,0.18994592103062802,0.02664399092970521,0.0073696145124716545,0.023480119500600753,0.12148497603204754,-1.317024382910336,0.5970371137357989,0.02664399092970521,0.024326201304562426
324,T13,对应染色体三标准差Z值规则,0.6,4.447619047619048,9.066666666666666,132.88571428571427,0.06206896551724138,0.9676144244105409,0.11886792452830189,0.08155339805825243,0.04040408010238222,0.5148416949638911,0.9080660835762875,0.6218122578793821,0.12521155250889934,0.06575963718820861,0.03433754454162617,,,,,,
324,T13,L1正则多因素逻辑回归,1.0,2.15,8.666666666666668,135.18333333333334,0.10344827586206895,0.9843446601941748,0.31746031746031744,0.15604681404421325,0.15027118653793106,0.5438964680281219,0.9264172335600908,0.627375830981874,0.270868627032421,0.06575963718820861,0.02142857142857143,0.056021682355995105,0.2518822543744403,-0.9127579940898856,0.47326175345570815,0.06575963718820861,0.03897810631855869
324,T18,对应染色体三标准差Z值规则,0.0,6.090476190476189,14.466666666666667,126.44285714285715,0.0,0.9540457027881576,0.0,,-0.06868740801084527,0.4770228513940788,0.8601554907677357,0.5685525471790587,0.11709450142555844,0.09841269841269841,0.04143181081956592,,,,,,
324,T18,L1正则多因素逻辑回归,6.1,2.4166666666666665,8.366666666666667,130.11666666666667,0.42165898617511516,0.9817655935613683,0.716242661448141,0.5308194343727338,0.5143699325159713,0.7017122898682417,0.9266439909297052,0.8816521164511759,0.6770542132644148,0.09841269841269841,0.05793650793650793,0.052483288917336474,0.19901749682926548,0.010478380024619946,0.8862179434879193,0.09841269841269841,0.08862739939177489
324,T21,对应染色体三标准差Z值规则,0.0,0.0,3.75,143.25,0.0,1.0,,,,0.5,0.9744897959183674,0.5259861307330764,0.030742952288574897,0.025510204081632654,0.0,,,,,,
324,T21,L1正则多因素逻辑回归,0.25,0.5,3.5,142.75,0.06666666666666667,0.9965095986038395,0.3333333333333333,0.1111111111111111,0.1398100299274356,0.5315881326352531,0.9727891156462585,0.5798912250570192,0.11289628806422433,0.025510204081632654,0.00510204081632653,0.02390486984783944,0.11764962954912686,-1.4205116960515647,0.5904340784489681,0.025510204081632654,0.025002354113431127
325,T13,对应染色体三标准差Z值规则,0.0,2.4714285714285715,6.933333333333333,137.59523809523807,0.0,0.9823553409940845,0.0,,-0.029093824852465075,0.49117767049704225,0.9360220278587625,0.4950385565568813,0.05518190055270113,0.047165532879818596,0.016812439261418854,,,,,,
325,T13,L1正则多因素逻辑回归,0.25,2.1,6.683333333333334,137.96666666666667,0.036057692307692304,0.9850071394574013,0.10638297872340426,0.05385996409335727,0.0356043680382522,0.5105324158825468,0.9402494331065759,0.5475117160326584,0.19542476206508866,0.047165532879818596,0.01598639455782313,0.04303418620865863,0.2098605477378585,-1.902645281136632,0.2754044899404926,0.047165532879818596,0.032154876216983
325,T18,对应染色体三标准差Z值规则,0.0,6.6380952380952385,6.916666666666667,133.4452380952381,0.0,0.9526132404181185,0.0,,-0.04832282352960225,0.47630662020905923,0.9077907353417558,0.5611744505002247,0.059085694139331735,0.04705215419501133,0.04515711046323292,,,,,,
325,T18,L1正则多因素逻辑回归,2.95,4.333333333333333,3.966666666666667,135.75,0.42650602409638555,0.9690660321237358,0.4050343249427918,0.41549295774647893,0.38599178388760147,0.6977860281100606,0.9435374149659863,0.8912580311899421,0.5132806092392134,0.04705215419501133,0.04954648526077098,0.03553913490052869,0.13417246935545263,-0.808194864422029,0.893877383213069,0.04705215419501133,0.07202380730759685
325,T21,对应染色体三标准差Z值规则,0.0,0.0,2.0833333333333335,144.91666666666669,0.0,1.0,,,,0.5,0.9858276643990929,0.5290729757112737,0.017611694042248143,0.014172335600907027,0.0,,,,,,
325,T21,L1正则多因素逻辑回归,0.25,0.5,1.8333333333333333,144.41666666666669,0.12000000000000002,0.9965497412305923,0.3333333333333333,0.17647058823529413,0.19336207318483675,0.5582748706152961,0.9841269841269841,0.6231123524740547,0.15356165065430902,0.014172335600907027,0.00510204081632653,0.013099965938674907,0.07322032858619598,-0.7554671676703545,0.9458011314955992,0.014172335600907027,0.02449252993030622
326,T13,对应染色体三标准差Z值规则,0.0,4.70952380952381,3.9333333333333336,138.35714285714286,0.0,0.9670816136333378,0.0,,-0.030165583406209357,0.4835408068166689,0.9412050534499514,0.33094209001938396,0.020329645834351935,0.026757369614512472,0.03203757693553611,,,,,,
326,T13,L1正则多因素逻辑回归,1.5,4.2,2.4333333333333336,138.86666666666667,0.3813559322033898,0.9706430568499534,0.2631578947368421,0.3114186851211072,0.2942269927936086,0.6759994945266716,0.954875283446712,0.8137040250570351,0.35563441257703643,0.026757369614512472,0.03877551020408163,0.02188189785714381,0.09813847955937613,-0.5028101487578701,1.000449869663666,0.026757369614512472,0.04068120656980692
326,T18,对应染色体三标准差Z值规则,0.0,6.861904761904762,8.8,131.33809523809524,0.0,0.950348011853077,0.0,,-0.055838218327277,0.4751740059265385,0.8934564301911241,0.5655978762889038,0.06835500586239611,0.0598639455782313,0.046679624230644645,,,,,,
326,T18,L1正则多因素逻辑回归,4.2,4.0,4.6,134.2,0.47727272727272724,0.9710564399421129,0.5121951219512195,0.4941176470588235,0.4634369873328409,0.7241645836074201,0.9414965986394557,0.8552982207332787,0.5866089675165601,0.0598639455782313,0.055782312925170066,0.03841908618786819,0.1558427239442765,-0.5875237950084511,0.8383223352411723,0.0598639455782313,0.07359754154647948
326,T21,对应染色体三标准差Z值规则,0.0,0.0,3.1666666666666665,143.83333333333331,0.0,1.0,,,,0.5,0.9784580498866213,0.4458887659473133,0.024668550196158802,0.021541950113378682,0.0,,,,,,
326,T21,L1正则多因素逻辑回归,1.0,0.0,2.1666666666666665,143.83333333333331,0.31578947368421056,1.0,1.0,0.48000000000000004,0.5577661698384855,0.6578947368421053,0.9852607709750567,0.6016761196153768,0.3406968009423384,0.021541950113378682,0.006802721088435374,0.016415928153190637,0.08926629182566237,0.2367356202135378,1.1326457582929201,0.021541950113378682,0.02566552242123325
327,T13,对应染色体三标准差Z值规则,0.6,2.466666666666667,7.6499999999999995,136.28333333333333,0.07272727272727272,0.9822222222222222,0.19565217391304346,0.1060382916053019,0.08848979669649072,0.5274747474747474,0.9311791383219954,0.5410753784087117,0.10696466446902957,0.05612244897959184,0.020861678004535145,,,,,,
327,T13,L1正则多因素逻辑回归,1.1666666666666665,4.2,7.083333333333333,134.55,0.1414141414141414,0.9697297297297298,0.21739130434782605,0.17135862913096694,0.13639358371399865,0.5555719355719356,0.9232426303854876,0.6610132556799225,0.29142064775160426,0.05612244897959184,0.03650793650793651,0.04792228859996855,0.21203270696139845,-0.6962701217145424,0.5835210270721106,0.05612244897959184,0.03536177869328707
327,T18,对应染色体三标准差Z值规则,0.0,4.242857142857143,11.033333333333333,131.72380952380954,0.0,0.968794872692887,0.0,,-0.049109716288970304,0.4843974363464435,0.8960803368966636,0.6079446469558971,0.09677031207559564,0.07505668934240363,0.028862973760932945,,,,,,
327,T18,L1正则多因素逻辑回归,3.6,4.916666666666666,7.433333333333334,131.05,0.32628398791540786,0.9638391762686934,0.42270058708414876,0.3682864450127878,0.32720386201239093,0.6450615820920507,0.9159863945578232,0.8461121962941023,0.5161678245415242,0.07505668934240363,0.05793650793650793,0.0521643014649285,0.1958955504199071,-0.4857807169569155,0.7668379853710632,0.07505668934240363,0.08092975030416434
327,T21,对应染色体三标准差Z值规则,0.0,0.0,3.333333333333333,143.66666666666669,0.0,1.0,,,,0.5,0.9773242630385487,0.42979325488896253,0.022984578147792485,0.022675736961451243,0.0,,,,,,
327,T21,L1正则多因素逻辑回归,0.9166666666666666,0.5,2.4166666666666665,143.16666666666669,0.275,0.9965197215777262,0.6470588235294118,0.3859649122807018,0.4137415078464319,0.635759860788863,0.98015873015873,0.6529582366589326,0.31599765985526046,0.022675736961451243,0.00963718820861678,0.017931414416687934,0.0932703664452653,0.31966005963216954,1.1452016714835505,0.022675736961451243,0.025991082627031373
328,T13,对应染色体三标准差Z值规则,0.0,2.2666666666666666,7.416666666666666,137.31666666666666,0.0,0.9837611940298506,0.0,,-0.028846766850129213,0.4918805970149253,0.9341269841269841,0.3187107160825087,0.03850498639247381,0.05045351473922903,0.015419501133786848,,,,,,
328,T13,L1正则多因素逻辑回归,1.25,3.25,6.166666666666666,136.33333333333334,0.16853932584269665,0.9767164179104477,0.2777777777777778,0.20979020979020982,0.18456136278893617,0.5726278718765722,0.9359410430839002,0.5011678685225558,0.2147812818585404,0.05045351473922903,0.030612244897959183,0.04567050601539396,0.2320548592955433,-2.271951435529116,0.16397559070044904,0.05045351473922903,0.03496909044496082
328,T18,对应染色体三标准差Z值规则,0.0,6.966666666666667,7.233333333333333,132.8,0.0,0.9501550202718817,0.0,,-0.05074160941681337,0.47507751013594085,0.9034013605442177,0.5742740900549999,0.05806886652386134,0.049206349206349205,0.04739229024943311,,,,,,
328,T18,L1正则多因素逻辑回归,1.75,5.25,5.4833333333333325,134.51666666666668,0.24193548387096778,0.9624373956594324,0.25,0.24590163934426232,0.20757797434777622,0.6021864397652001,0.926984126984127,0.8440993932173547,0.34954282125249364,0.049206349206349205,0.047619047619047616,0.04212813558771646,0.1581639569699655,-0.8053493688550537,0.741387687035395,0.049206349206349205,0.06331284216029698
328,T21,对应染色体三标准差Z值规则,0.0,0.0,3.25,143.75,0.0,1.0,,,,0.5,0.9778911564625851,0.4669520624303235,0.026812449865502005,0.022108843537414966,0.0,,,,,,
328,T21,L1正则多因素逻辑回归,1.0,0.0,2.25,143.75,0.3076923076923077,1.0,1.0,0.47058823529411764,0.550409369636229,0.6538461538461539,0.9846938775510204,0.6797175771088815,0.3361587225370766,0.022108843537414966,0.006802721088435374,0.017017969454086602,0.08790118093930982,0.5363784946558292,1.2459813282375152,0.022108843537414966,0.027253327307607125
329,T13,对应染色体三标准差Z值规则,0.0,4.109523809523809,7.45,135.4404761904762,0.0,0.9705516029414274,0.0,,-0.039183869797222624,0.4852758014707137,0.9213637836086817,0.31609405003993085,0.03713884841255291,0.05068027210884353,0.02795594428247489,,,,,,
329,T13,L1正则多因素逻辑回归,1.3333333333333333,2.65,6.116666666666666,136.89999999999998,0.1789709172259508,0.9810103905410247,0.33472803347280333,0.23323615160349856,0.21612034309433859,0.5799906538834877,0.9403628117913833,0.5970943982577734,0.27508798490932396,0.05068027210884353,0.027097505668934242,0.0424005044609981,0.2085046051735803,-1.2359318413103417,0.4400585111335417,0.05068027210884353,0.035368439627853875
329,T18,对应染色体三标准差Z值规则,0.0,6.311904761904763,12.033333333333333,128.65476190476193,0.0,0.9532336026532123,0.0,,-0.06324573679259678,0.47661680132660617,0.8752024619371558,0.5520393579912399,0.09935209265197774,0.081859410430839,0.042938127632005184,,,,,,
329,T18,L1正则多因素逻辑回归,4.4,4.0,7.633333333333334,130.96666666666667,0.3656509695290859,0.9703630526055816,0.5238095238095238,0.4306688417618271,0.3968646143961497,0.6680070110673337,0.9208616780045352,0.8401263880346641,0.5599412453013211,0.081859410430839,0.05714285714285715,0.052135081728795975,0.20605325460903368,-0.32644035082426953,0.7189658529824011,0.081859410430839,0.07274825222775512
329,T21,对应染色体三标准差Z值规则,0.0,0.0,3.5833333333333335,143.41666666666666,0.0,1.0,,,,0.5,0.9756235827664398,0.4573258613067812,0.025873746229652078,0.02437641723356009,0.0,,,,,,
329,T21,L1正则多因素逻辑回归,0.8333333333333333,1.0,2.75,142.41666666666669,0.23255813953488372,0.9930273097036607,0.45454545454545453,0.30769230769230765,0.31347313733027676,0.6127927246192723,0.9744897959183674,0.5021267477573303,0.2715668093330091,0.02437641723356009,0.012471655328798185,0.020199438555952354,0.10992242149521644,-0.9012389222518923,0.7338583066251309,0.02437641723356009,0.02397313770087603
330,T13,对应染色体三标准差Z值规则,0.0,3.2761904761904765,2.5166666666666666,141.20714285714286,0.0,0.9773247861839396,0.0,,-0.019926186183636053,0.4886623930919698,0.9605928085519922,0.3830046629975433,0.014069980670581538,0.01712018140589569,0.02228701004211208,,,,,,
330,T13,L1正则多因素逻辑回归,0.5,2.65,2.0166666666666666,141.83333333333331,0.19867549668874174,0.9816587841734917,0.15873015873015872,0.17647058823529413,0.16154361864504832,0.5901671404311167,0.9682539682539684,0.7737077482123199,0.30782850148847474,0.01712018140589569,0.02142857142857143,0.015738765154014425,0.08022530196990506,-1.0850928090223724,0.9420321464906326,0.01712018140589569,0.03932589269055273
330,T18,对应染色体三标准差Z值规则,0.0,7.126190476190476,6.516666666666666,133.35714285714286,0.0,0.949273765740725,0.0,,-0.04861394478419907,0.4746368828703625,0.9071914480077745,0.46029501671559514,0.0424035155408792,0.04433106575963718,0.048477486232588275,,,,,,
330,T18,L1正则多因素逻辑回归,1.95,2.583333333333333,4.566666666666666,137.9,0.29923273657289,0.9816111045201091,0.43014705882352944,0.35294117647058826,0.33436791807501237,0.6404219205464996,0.951360544217687,0.8426263643536613,0.47287399666811997,0.04433106575963718,0.030839002267573697,0.033626893367885935,0.137524271970603,-0.8621864977669117,0.8159981877106196,0.04433106575963718,0.06479395281190556
330,T21,对应染色体三标准差Z值规则,0.0,0.0,1.6666666666666665,145.33333333333334,0.0,1.0,,,,0.5,0.9886621315192744,0.3804546199213631,0.011650868058231689,0.011337868480725622,0.0,,,,,,
330,T21,L1正则多因素逻辑回归,0.25,0.5,1.4166666666666665,144.83333333333334,0.15000000000000002,0.9965596330275229,0.3333333333333333,0.20689655172413793,0.21779243570019582,0.5732798165137615,0.9869614512471656,0.6705660222804718,0.18034928179666418,0.011337868480725622,0.00510204081632653,0.010347521549346195,0.06160902599010617,-0.08093179328667376,1.2170498080447516,0.011337868480725622,0.024655223818780735
331,T13,对应染色体三标准差Z值规则,0.2,4.833333333333333,3.8000000000000003,138.16666666666666,0.05,0.9662004662004662,0.039735099337748346,0.04428044280442805,0.014494541693322099,0.5081002331002331,0.9412698412698411,0.3860194203944204,0.024613311918257334,0.027210884353741496,0.03424036281179138,,,,,,
331,T13,L1正则多因素逻辑回归,0.8333333333333333,3.2,3.166666666666667,139.8,0.20833333333333331,0.9776223776223777,0.20661157024793386,0.20746887966804978,0.1852072918938032,0.5929778554778555,0.9566893424036282,0.6922673160173161,0.369560310926954,0.027210884353741496,0.02743764172335601,0.022335206933343774,0.11215920279491379,-0.9478392684529658,0.7788332473584512,0.027210884353741496,0.0378264122295685
331,T18,对应染色体三标准差Z值规则,0.0,7.185714285714286,8.25,131.56428571428572,0.0,0.9482110682110683,0.0,,-0.05528020905386059,0.47410553410553413,0.8949951409135083,0.5325277254166145,0.06203194422929302,0.05612244897959184,0.0488824101068999,,,,,,
331,T18,L1正则多因素逻辑回归,2.7,2.583333333333333,5.55,136.16666666666666,0.32727272727272727,0.9813813813813813,0.5110410094637224,0.39901477832512317,0.38163751768335885,0.6543270543270543,0.9446712018140588,0.8578176791510126,0.4928194489200914,0.05612244897959184,0.035941043083900226,0.03909953631341362,0.15238494824648974,-0.41856499539496517,0.824505037292339,0.05612244897959184,0.059096088396581294
331,T21,对应染色体三标准差Z值规则,0.0,0.0,2.5,144.5,0.0,1.0,,,,0.5,0.9829931972789115,0.35136870434448286,0.0158014431588041,0.017006802721088437,0.0,,,,,,
331,T21,L1正则多因素逻辑回归,0.5833333333333333,0.5,1.9166666666666665,144.0,0.2333333333333333,0.9965397923875432,0.5384615384615384,0.3255813953488372,0.34750305420590744,0.6149365628604383,0.9835600907029479,0.5562525402317788,0.2604689405868803,0.017006802721088437,0.0073696145124716545,0.014308873273187958,0.08085321334266407,-0.4714695668376021,0.9912139975047992,0.017006802721088437,0.02573365214389498
332,T13,对应染色体三标准差Z值规则,0.4,3.6095238095238096,5.116666666666666,137.87380952380954,0.07250755287009064,0.9744879928647157,0.09976247030878861,0.08397900524868784,0.05483372578606367,0.5234977728674032,0.940638160025915,0.5299131176536411,0.055247184753511966,0.037528344671201815,0.027275672173631357,,,,,,
332,T13,L1正则多因素逻辑回归,0.75,4.45,4.766666666666667,137.03333333333333,0.13595166163141995,0.9685475321003653,0.14423076923076922,0.1399688958009331,0.1075137885455613,0.5522495968658926,0.9373015873015873,0.6785218963452817,0.2515534178644711,0.037528344671201815,0.03537414965986395,0.03355723020511741,0.1533796178236213,-1.2237870577337675,0.5707328046310596,0.037528344671201815,0.03882408223806885
332,T18,对应染色体三标准差Z值规则,0.0,7.885714285714285,12.15,126.96428571428572,0.0,0.9415223263944066,0.0,,-0.0714656449379945,0.4707611631972033,0.8637026239067056,0.5533627429042393,0.09251800713254413,0.0826530612244898,0.05364431486880466,,,,,,
332,T18,L1正则多因素逻辑回归,3.85,5.25,8.3,129.6,0.3168724279835391,0.9610678531701891,0.42307692307692313,0.3623529411764706,0.317586678792795,0.6389701405768641,0.9078231292517006,0.8968170288521662,0.573442415060517,0.0826530612244898,0.0619047619047619,0.05221347449613882,0.18276272854869818,-0.051313261379093096,0.9450793655555902,0.0826530612244898,0.08089530070869667
332,T21,对应染色体三标准差Z值规则,0.0,0.0,3.8333333333333335,143.16666666666666,0.0,1.0,,,,0.5,0.973922902494331,0.56313542879317,0.03956930564883239,0.02607709750566893,0.0,,,,,,
332,T21,L1正则多因素逻辑回归,0.25,0.5,3.5833333333333335,142.66666666666666,0.06521739130434782,0.9965075669383003,0.3333333333333333,0.10909090909090909,0.1380675076788413,0.5308624791213241,0.9722222222222222,0.6473650086648008,0.11609583902263444,0.02607709750566893,0.00510204081632653,0.02429005509867,0.11553935517821469,-0.421826616837438,0.855356641894704,0.02607709750566893,0.024111235593251693
333,T13,对应染色体三标准差Z值规则,0.0,4.869047619047619,2.7666666666666666,139.3642857142857,0.0,0.9662418699858034,0.0,,-0.02563440706625771,0.4831209349929017,0.9480563654033043,0.42423290176122624,0.016893645244993552,0.018820861678004536,0.033122772918691284,,,,,,
333,T13,L1正则多因素逻辑回归,0.5,2.5,2.2666666666666666,141.73333333333335,0.18072289156626506,0.9826669748093367,0.16666666666666666,0.17341040462427745,0.15703428565014393,0.5816949331878009,0.9675736961451247,0.7358761202822448,0.24893653079404945,0.018820861678004536,0.02040816326530612,0.01745604522326046,0.0873499340858116,-1.160994049784393,0.8366205787652842,0.018820861678004536,0.03661743101158816
333,T18,对应染色体三标准差Z值规则,0.0,6.269047619047618,7.783333333333333,132.94761904761904,0.0,0.9549691299960664,0.0,,-0.04990489780463886,0.4774845649980332,0.9044055717525105,0.5873822697369662,0.06584697958324416,0.05294784580498866,0.04264658244250081,,,,,,
333,T18,L1正则多因素逻辑回归,2.45,3.0,5.333333333333334,136.21666666666664,0.3147751605995717,0.9784508559798875,0.44954128440366975,0.37027707808564236,0.3475183513210705,0.6466130082897296,0.9433106575963718,0.8586386845917906,0.49372074613722194,0.05294784580498866,0.03707482993197279,0.03779357237830436,0.1478951525053184,-0.43719313626506995,0.8804346775185574,0.05294784580498866,0.06229206746816961
333,T21,对应染色体三标准差Z值规则,0.0,0.0,2.4166666666666665,144.58333333333334,0.0,1.0,,,,0.5,0.9835600907029479,0.5761542283613238,0.023220808364179744,0.016439909297052153,0.0,,,,,,
333,T21,L1正则多因素逻辑回归,0.25,0.5,2.1666666666666665,144.08333333333334,0.10344827586206898,0.9965417867435159,0.3333333333333333,0.15789473684210525,0.17846200326037134,0.5499950313027925,0.981859410430839,0.48214534149146104,0.12355954355201194,0.016439909297052153,0.00510204081632653,0.01537596384532581,0.08657806770077617,-2.7525506357137313,0.3457551589655256,0.016439909297052153,0.02364678028108834
334,T13,对应染色体三标准差Z值规则,0.2,3.8666666666666667,6.983333333333333,135.95,0.027842227378190258,0.9723447371557992,0.049180327868852465,0.035555555555555556,0.00024576252722967583,0.5000934822669947,0.926190476190476,0.5551920134061314,0.09650744337356926,0.04886621315192744,0.02766439909297052,,,,,,
334,T13,L1正则多因素逻辑回归,0.75,5.45,6.433333333333334,134.36666666666667,0.10440835266821345,0.9610203838359758,0.12096774193548386,0.112079701120797,0.07018007749671741,0.5327143682520946,0.9191609977324263,0.600627714062637,0.2190166236686811,0.04886621315192744,0.042176870748299324,0.04328079495946579,0.2046577041042403,-1.5052343995084443,0.38996897424719407,0.04886621315192744,0.038601511132420274
334,T18,对应染色体三标准差Z值规则,0.0,4.933333333333333,9.966666666666667,132.1,0.0,0.9639990270007297,0.0,,-0.05025577686310286,0.48199951350036485,0.8986394557823129,0.5111089506983874,0.0729033955625937,0.06780045351473923,0.033560090702947847,,,,,,
334,T18,L1正则多因素逻辑回归,4.9,3.1666666666666665,5.066666666666666,133.86666666666665,0.4916387959866221,0.9768912673315495,0.6074380165289257,0.5434380776340111,0.5172199370859594,0.7342650316590857,0.9439909297052155,0.9081176694552262,0.6568639661030119,0.06780045351473923,0.05487528344671202,0.03869767002751053,0.14589791590058132,-0.3371465070340817,0.997093840806087,0.06780045351473923,0.0821181695017323
334,T21,对应染色体三标准差Z值规则,0.0,0.0,2.8333333333333335,144.16666666666669,0.0,1.0,,,,0.5,0.9807256235827664,0.5883270996259775,0.025442363225343198,0.01927437641723356,0.0,,,,,,
334,T21,L1正则多因素逻辑回归,0.0,0.0,2.8333333333333335,144.16666666666669,0.0,1.0,,,,0.5,0.9807256235827664,0.4681502890173407,0.020293737868558613,0.01927437641723356,0.0,0.01934278655439667,0.10304682969702822,-5.13140972574824,-0.2947456022199671,0.01927437641723356,0.02262326933196726
335,T13,对应染色体三标准差Z值规则,0.2,4.804761904761905,7.466666666666668,134.5285714285714,0.02608695652173913,0.965516062884484,0.039961941008563276,0.03156708004509583,-0.010294976340664265,0.49580150970311154,0.9165208940719145,0.5176733335314572,0.08287507391773674,0.05215419501133786,0.034045999352121804,,,,,,
335,T13,L1正则多因素逻辑回归,1.4166666666666665,3.4,6.25,135.93333333333334,0.18478260869565216,0.9755980861244019,0.29411764705882354,0.22696929238985314,0.2003019848434546,0.5801903474100271,0.9343537414965986,0.5808040357811524,0.328510115391084,0.05215419501133786,0.03276643990929705,0.04277921577185757,0.2060287261872383,-1.1634284034598474,0.4896169175215704,0.05215419501133786,0.04153847985423736
335,T18,对应染色体三标准差Z值规则,0.0,5.757142857142857,13.183333333333332,128.0595238095238,0.0,0.9569773855488141,0.0,,-0.06336913351388247,0.47848869277440703,0.8711532231940394,0.6050031116883439,0.1173439357176925,0.08968253968253968,0.039164237123420806,,,,,,
335,T18,L1正则多因素逻辑回归,6.45,3.083333333333333,6.733333333333333,130.73333333333332,0.4892541087231353,0.976958525345622,0.6765734265734266,0.5678650036683786,0.5409170472186842,0.7331063170343787,0.9332199546485259,0.8619413826612322,0.6738204617314184,0.08968253968253968,0.06485260770975058,0.04724129963142446,0.19114985497688172,-0.2110326980223085,0.8575509730444069,0.08968253968253968,0.08913355751645086
335,T21,对应染色体三标准差Z值规则,0.0,0.0,1.9166666666666665,145.08333333333331,0.0,1.0,,,,0.5,0.9869614512471656,0.31863675120673834,0.011627229851900496,0.013038548752834465,0.0,,,,,,
335,T21,L1正则多因素逻辑回归,0.9166666666666666,0.5,1.0,144.58333333333331,0.4782608695652174,0.996553704767375,0.6470588235294118,0.55,0.5513361020438766,0.7374072871662962,0.9897959183673469,0.6099179096756697,0.485860978042574,0.013038548752834465,0.00963718820861678,0.009038871106660474,0.05874887238206162,0.4059570517613228,1.4117892450015828,0.013038548752834465,0.027117666304617406
336,T13,对应染色体三标准差Z值规则,0.2,3.047619047619048,4.8,138.95238095238096,0.04,0.9785378940308519,0.061583577712609965,0.04849884526558892,0.022861225439972467,0.5092689470154259,0.9466148364107547,0.3776378828526715,0.0311393791440663,0.034013605442176874,0.0220926465824425,,,,,,
336,T13,L1正则多因素逻辑回归,0.8333333333333333,2.25,4.166666666666667,139.75,0.16666666666666666,0.9841549295774648,0.2702702702702703,0.20618556701030927,0.1907773985762377,0.5754107981220657,0.9563492063492064,0.6012548066174831,0.2334482657532864,0.034013605442176874,0.0209750566893424,0.030401979907956865,0.15022281516798305,-1.6201670330381353,0.4620734836440378,0.034013605442176874,0.036499458924569725
336,T18,对应染色体三标准差Z值规则,0.0,5.516666666666667,8.166666666666668,133.31666666666666,0.0,0.9602641056422568,0.0,,-0.04789181204433459,0.4801320528211284,0.9069160997732426,0.5935412182365658,0.07507126693305147,0.055555555555555566,0.037528344671201815,,,,,,
336,T18,L1正则多因素逻辑回归,3.2,2.75,4.966666666666667,136.08333333333331,0.39183673469387753,0.9801920768307323,0.5378151260504201,0.4533648170011807,0.4324150859432601,0.6860144057623049,0.9475056689342404,0.8289094529940257,0.5360046513134018,0.055555555555555566,0.04047619047619048,0.03720907074250078,0.15625788351625206,-0.6456630668908163,0.7991144552312035,0.055555555555555566,0.0668655980581235
336,T21,对应染色体三标准差Z值规则,0.0,0.0,2.4166666666666665,144.58333333333331,0.0,1.0,,,,0.5,0.9835600907029479,0.5226742001580521,0.019667165360607183,0.016439909297052153,0.0,,,,,,
336,T21,L1正则多因素逻辑回归,0.3333333333333333,0.0,2.083333333333333,144.58333333333331,0.13793103448275862,1.0,1.0,0.2424242424242424,0.36874352446362474,0.5689655172413793,0.9858276643990931,0.35349223700212473,0.14949382932604832,0.016439909297052153,0.0022675736961451248,0.01513287149903663,0.08951683347341308,-3.7690622876078392,0.08139188644742412,0.016439909297052153,0.02388180630990269
337,T13,对应染色体三标准差Z值规则,0.0,2.8000000000000003,4.183333333333334,140.01666666666665,0.0,0.9803944450927762,0.0,,-0.023848890238675827,0.4901972225463881,0.9524943310657595,0.34874420705167036,0.02182069488810845,0.028458049886621317,0.019047619047619046,,,,,,
337,T13,L1正则多因素逻辑回归,1.0833333333333333,2.75,3.1,140.06666666666666,0.2589641434262948,0.9807445442875481,0.2826086956521739,0.2702702702702703,0.25010663122992755,0.6198543438569215,0.9602040816326531,0.7651843321079086,0.28937828141056665,0.028458049886621317,0.02607709750566893,0.023978153155634233,0.10917222405244906,-0.4302242653149633,0.9575428550176306,0.028458049886621317,0.037750864670093864
337,T18,对应染色体三标准差Z值规则,0.0,7.183333333333333,6.266666666666667,133.55,0.0,0.9489578398863098,0.0,,-0.04783032678187027,0.4744789199431549,0.9085034013605443,0.4777212868426445,0.04539329269038777,0.042630385487528344,0.048866213151927435,,,,,,
337,T18,L1正则多因素逻辑回归,1.2,4.833333333333333,5.066666666666666,135.9,0.19148936170212766,0.9656560871624822,0.19889502762430938,0.19512195121951217,0.160022745358339,0.5785727244323049,0.9326530612244898,0.8326550011590756,0.29645823162223667,0.042630385487528344,0.041043083900226755,0.03998449651165308,0.15161896356665283,-1.0608741427006603,0.7461559690006256,0.042630385487528344,0.06894728836906362
337,T21,对应染色体三标准差Z值规则,0.0,0.0,3.0833333333333335,143.91666666666666,0.0,1.0,,,,0.5,0.9790249433106575,0.6199815333573295,0.0456461481600944,0.0209750566893424,0.0,,,,,,
337,T21,L1正则多因素逻辑回归,0.5833333333333333,0.5,2.5,143.41666666666666,0.18918918918918917,0.9965257672264042,0.5384615384615384,0.28,0.3111567039118862,0.5928574782077967,0.9795918367346939,0.6183570947902157,0.21714564495238695,0.0209750566893424,0.0073696145124716545,0.017972821886073208,0.09294716797751301,0.1030067526543197,1.0948407240040015,0.0209750566893424,0.025631788245535567
338,T13,对应染色体三标准差Z值规则,0.6,3.5214285714285714,9.183333333333334,133.6952380952381,0.06132879045996593,0.974336728496816,0.14558058925476605,0.0863013698630137,0.05385028017929683,0.5178327594783909,0.9135730482669258,0.5134913184135879,0.11575539622631938,0.06655328798185942,0.028036929057337224,,,,,,
338,T13,L1正则多因素逻辑回归,1.3333333333333333,2.7,8.45,134.51666666666665,0.1362862010221465,0.9803230900036439,0.3305785123966942,0.19300361881785283,0.17792237178249054,0.5583046455128953,0.9241496598639457,0.5986837128666526,0.24279714192316815,0.06655328798185942,0.02743764172335601,0.057540473512528174,0.2633334475626043,-1.1292157738808872,0.4033951124612658,0.06655328798185942,0.03986340246090132
338,T18,对应染色体三标准差Z值规则,0.0,6.788095238095237,13.866666666666667,126.3452380952381,0.0,0.9490128049216683,0.0,,-0.07101075888052884,0.47450640246083414,0.8594914156138647,0.5429083557800072,0.10580966764818292,0.09433106575963719,0.046177518626498215,,,,,,
338,T18,L1正则多因素逻辑回归,5.75,3.083333333333333,8.116666666666667,130.05,0.4146634615384615,0.9768402603905858,0.6509433962264152,0.5066079295154184,0.4815056486691175,0.6957518609645237,0.9238095238095239,0.888160902927193,0.6423538991047212,0.09433106575963719,0.06009070294784581,0.05318924228046319,0.1967422204898094,0.02752263751382234,0.897707805749136,0.09433106575963719,0.08458872251592982
338,T21,对应染色体三标准差Z值规则,0.0,0.0,5.25,141.75,0.0,1.0,,,,0.5,0.9642857142857143,0.4945898615504729,0.03788743135602396,0.03571428571428571,0.0,,,,,,
338,T21,L1正则多因素逻辑回归,0.8333333333333333,1.0,4.416666666666666,140.75,0.15873015873015875,0.9929453262786596,0.45454545454545453,0.23529411764705885,0.2536310432887719,0.5758377425044092,0.9631519274376418,0.5213346113152948,0.19575347683743202,0.03571428571428571,0.012471655328798185,0.031213137858228605,0.15319692099310542,-1.0285004026138393,0.6042150724979186,0.03571428571428571,0.026400096515051968
339,T13,对应染色体三标准差Z值规则,0.2,5.57142857142857,5.383333333333333,135.84523809523813,0.03582089552238806,0.9606027443387489,0.03465346534653466,0.035227511008597195,-0.0035199409393416553,0.4982118199305685,0.9254778101716877,0.48530322543356946,0.04958796599566935,0.03798185941043084,0.03926141885325559,,,,,,
339,T13,L1正则多因素逻辑回归,2.0,5.5,3.5833333333333335,135.91666666666669,0.3582089552238806,0.9611078373600471,0.26666666666666666,0.3057324840764331,0.2773965780006548,0.6596583962919639,0.9382086167800453,0.7214331072141607,0.2888853056337569,0.03798185941043084,0.05102040816326531,0.03248560020693346,0.14535524849875792,-0.8580060338899113,0.683975543582566,0.03798185941043084,0.03907458739938145
339,T18,对应染色体三标准差Z值规则,0.0,7.164285714285715,10.216666666666667,129.61904761904762,0.0,0.9476231091925011,0.0,,-0.06186078355286835,0.4738115545962506,0.8817622287010042,0.5477526460308635,0.08615859998263903,0.06950113378684808,0.04873663751214772,,,,,,
339,T18,L1正则多因素逻辑回归,4.45,3.75,5.766666666666667,133.03333333333333,0.4355628058727569,0.9725843791884976,0.5426829268292683,0.4832579185520362,0.45225809587365956,0.7040735925306273,0.9352607709750566,0.8569630821146508,0.5786613253737601,0.06950113378684808,0.055782312925170066,0.04343804272820678,0.17267996900958033,-0.43995354256830094,0.8174558753635516,0.06950113378684808,0.07569698032523527
339,T21,对应染色体三标准差Z值规则,0.0,0.0,3.833333333333333,143.16666666666666,0.0,1.0,,,,0.5,0.973922902494331,0.5065745233154251,0.03952592670135201,0.02607709750566893,0.0,,,,,,
339,T21,L1正则多因素逻辑回归,0.75,1.5,3.083333333333333,141.66666666666666,0.1956521739130435,0.989522700814901,0.3333333333333333,0.2465753424657534,0.24037581171837258,0.5925874373639722,0.9688208616780045,0.5867023622730458,0.22882005995728252,0.02607709750566893,0.015306122448979591,0.022324714598731567,0.11236076280233534,-0.27757236531683865,0.9115209094592418,0.02607709750566893,0.025586795530006118
340,T13,对应染色体三标准差Z值规则,0.2,2.3833333333333333,6.116666666666667,138.3,0.031662269129287594,0.9830588792797063,0.07741935483870968,0.04494382022471909,0.022719988829000302,0.5073605742044969,0.9421768707482994,0.4821930585221894,0.062267461224318865,0.042970521541950114,0.017573696145124718,,,,,,
340,T13,L1正则多因素逻辑回归,0.75,1.7,5.566666666666666,138.98333333333335,0.1187335092348285,0.9879161236820283,0.3061224489795918,0.17110266159695817,0.16894003488126344,0.5533248164584283,0.9505668934240363,0.49022475824187167,0.1689429557294071,0.042970521541950114,0.016666666666666666,0.040015587025706525,0.20709155948759142,-2.4295471380058724,0.16179320859917068,0.042970521541950114,0.03237216245248691
340,T18,对应染色体三标准差Z值规则,0.0,5.9261904761904765,11.066666666666668,130.00714285714287,0.0,0.9564036992923702,0.0,,-0.058480359967111116,0.4782018496461851,0.8844023323615161,0.5922965842210011,0.09242286833173885,0.07528344671201814,0.04031422092646582,,,,,,
340,T18,L1正则多因素逻辑回归,3.5,2.9166666666666665,7.566666666666666,133.01666666666668,0.31626506024096385,0.9785434036292301,0.5454545454545455,0.4003813155386082,0.3807059705710993,0.647404231935097,0.9286848072562359,0.8448462015229701,0.5033489426613178,0.07528344671201814,0.043650793650793655,0.0517213752350112,0.19630295663811223,-0.33361346273650355,0.77448765276288,0.07528344671201814,0.07127173122906214
340,T21,对应染色体三标准差Z值规则,0.0,0.0,2.5,144.5,0.0,1.0,,,,0.5,0.9829931972789115,0.4702099924937294,0.018570558636581316,0.017006802721088437,0.0,,,,,,
340,T21,L1正则多因素逻辑回归,0.5,1.0,1.9999999999999998,143.5,0.2,0.9930795847750865,0.3333333333333333,0.25,0.24840661561379104,0.5965397923875433,0.9795918367346939,0.6348331227916004,0.24112045068885632,0.017006802721088437,0.01020408163265306,0.014642635519030573,0.07992393869952936,-0.20131756134269316,1.0593894875937468,0.017006802721088437,0.02476224559973341
341,T13,对应染色体三标准差Z值规则,0.2,5.2214285714285715,6.1499999999999995,135.42857142857144,0.03149606299212599,0.9628764410136611,0.03689064558629776,0.03398058252427185,-0.006070385787383705,0.49718625200289357,0.9226433430515062,0.47400531563487025,0.05437394202567185,0.04319727891156462,0.036880466472303204,,,,,,
341,T13,L1正则多因素逻辑回归,0.5833333333333333,3.0,5.766666666666667,137.65,0.09186351706036745,0.9786704585851405,0.1627906976744186,0.11744966442953018,0.09298473924379198,0.535266987822754,0.9403628117913834,0.5601759787136458,0.12575850556891804,0.04319727891156462,0.02437641723356009,0.04134261379808423,0.19945411836951737,-2.047402422022976,0.2625119309983666,0.04319727891156462,0.03659419578687081
341,T18,对应染色体三标准差Z值规则,0.0,5.257142857142857,13.416666666666666,128.32619047619048,0.0,0.9606452187862043,0.0,,-0.06103380907849805,0.4803226093931022,0.8729672821509556,0.625436180276445,0.12968284617387837,0.09126984126984126,0.03576287657920311,,,,,,
341,T18,L1正则多因素逻辑回归,4.65,3.25,8.766666666666666,130.33333333333334,0.34658385093167704,0.975670617592015,0.5886075949367089,0.4362783424550431,0.41154780592952905,0.661127234261846,0.9182539682539683,0.8611856540061033,0.5852758937932184,0.09126984126984126,0.05374149659863946,0.05617820686086581,0.21282826399258994,0.07602687800407162,0.8438632718892987,0.09126984126984126,0.07277693059480062
341,T21,对应染色体三标准差Z值规则,0.0,0.0,3.0833333333333335,143.91666666666669,0.0,1.0,,,,0.5,0.9790249433106575,0.38986302043626886,0.018873281749397404,0.0209750566893424,0.0,,,,,,
341,T21,L1正则多因素逻辑回归,0.5833333333333333,0.5,2.5,143.41666666666666,0.18918918918918917,0.9965257672264042,0.5384615384615384,0.28,0.3111567039118862,0.5928574782077967,0.9795918367346939,0.580091796652306,0.2192367309861946,0.0209750566893424,0.0073696145124716545,0.018089529499492742,0.09492408869522817,-0.4541601354672575,0.9223369729681249,0.0209750566893424,0.02511894116905255
342,T13,对应染色体三标准差Z值规则,0.0,3.3047619047619046,5.266666666666666,138.42857142857144,0.0,0.9766832414997985,0.0,,-0.029233500039566363,0.48834162074989923,0.9416909620991255,0.4241402088837252,0.03297231271114853,0.03582766439909297,0.022481373501781664,,,,,,
342,T13,L1正则多因素逻辑回归,0.5833333333333333,3.4,4.683333333333333,138.33333333333331,0.11075949367088608,0.9760112888052681,0.14644351464435143,0.12612612612612611,0.09932550445488904,0.543385391238077,0.9450113378684808,0.6410030531318949,0.12066758716697308,0.03582766439909297,0.027097505668934242,0.03461933279799937,0.1587490575385208,-1.6557567449171247,0.42807305559778785,0.03582766439909297,0.03525819142020069
342,T18,对应染色体三标准差Z值规则,0.0,4.738095238095238,10.766666666666666,131.4952380952381,0.0,0.965220734733825,0.0,,-0.05130462596018541,0.4826103673669125,0.8945254292193069,0.582327746495299,0.08953979513231825,0.07324263038548752,0.0322319403952057,,,,,,
342,T18,L1正则多因素逻辑回归,3.95,3.0,6.816666666666667,133.23333333333335,0.36687306501547984,0.9779789576706631,0.5683453237410072,0.4459078080903104,0.42333204452830414,0.6724260113430715,0.9332199546485259,0.8539871732758111,0.5109613877110748,0.07324263038548752,0.04727891156462585,0.04912686482635373,0.1879792205369206,-0.2994312613500003,0.774462073031588,0.07324263038548752,0.06818125642670474
342,T21,对应染色体三标准差Z值规则,0.0,0.0,3.8333333333333335,143.16666666666669,0.0,1.0,,,,0.5,0.973922902494331,0.45223416896241697,0.02599679079100488,0.02607709750566893,0.0,,,,,,
342,T21,L1正则多因素逻辑回归,0.3333333333333333,0.0,3.5,143.16666666666669,0.08695652173913043,1.0,1.0,0.16,0.29134416576430905,0.5434782608695652,0.9761904761904762,0.6353789012694717,0.14904209212615543,0.02607709750566893,0.0022675736961451248,0.023737890181949817,0.11494727259914433,-0.389667696365471,0.8537227354127859,0.02607709750566893,0.02318454681536459
343,T13,对应染色体三标准差Z值规则,0.4,6.338095238095239,5.883333333333334,134.37857142857143,0.0636604774535809,0.9549584609397472,0.05936395759717314,0.061437191442676904,0.018008780120483632,0.5093094691966641,0.9168610301263364,0.5346489759000431,0.05816732595977428,0.04274376417233561,0.045837382572076445,,,,,,
343,T13,L1正则多因素逻辑回归,0.25,3.4,6.033333333333333,137.31666666666666,0.03978779840848806,0.9758379722847329,0.0684931506849315,0.050335570469798654,0.02031252838789661,0.5078128853466105,0.9358276643990929,0.754144380004611,0.23849132143580773,0.04274376417233561,0.024829931972789116,0.037006175316387294,0.1551580430159949,-0.4359626457371983,0.7734280030538779,0.04274376417233561,0.036641980756564656
343,T18,对应染色体三标准差Z值规则,0.0,5.2214285714285715,13.299999999999999,128.47857142857143,0.0,0.9609466823378567,0.0,,-0.060527047479567615,0.48047334116892837,0.8740038872691934,0.5357953895078307,0.09714160565966626,0.09047619047619049,0.03551992225461613,,,,,,
343,T18,L1正则多因素逻辑回归,4.05,3.75,9.249999999999998,129.95,0.3045112781954888,0.9719521316379955,0.5192307692307693,0.38388625592417075,0.3538036144452627,0.6382317049167422,0.9115646258503401,0.8336340191576638,0.48420889250365545,0.09047619047619049,0.053061224489795916,0.06313020792939174,0.23648495578832646,-0.3631444011213068,0.6898087492689903,0.09047619047619049,0.08104897316893665
343,T21,对应染色体三标准差Z值规则,0.0,0.0,5.583333333333333,141.41666666666669,0.0,1.0,,,,0.5,0.9620181405895691,0.5197281544127164,0.04169859979022678,0.037981859410430835,0.0,,,,,,
343,T21,L1正则多因素逻辑回归,0.25,0.5,5.333333333333333,140.91666666666669,0.04477611940298508,0.9964643488509134,0.3333333333333333,0.07894736842105264,0.11064762466255212,0.5206202341269492,0.9603174603174602,0.5042984421272707,0.10384940575927508,0.037981859410430835,0.00510204081632653,0.03586853281316025,0.17215522191738508,-2.6815990237642517,0.1403459953787282,0.037981859410430835,0.023956326163248984
344,T13,对应染色体三标准差Z值规则,0.0,2.6333333333333333,4.25,140.11666666666667,0.0,0.9815528312901344,0.0,,-0.02330375256296761,0.4907764156450672,0.9531746031746032,0.4429930290855396,0.043537490366127876,0.02891156462585034,0.017913832199546485,,,,,,
344,T13,L1正则多因素逻辑回归,0.5,3.75,3.75,139.0,0.11764705882352941,0.9737302977232924,0.11764705882352941,0.11764705882352941,0.09137735654682189,0.5456886782734109,0.9489795918367347,0.6492084749836887,0.2211527495250565,0.02891156462585034,0.02891156462585034,0.02607318201466011,0.1278584653492628,-1.5148553330157926,0.5586954418259442,0.02891156462585034,0.03812033166651892
344,T18,对应染色体三标准差Z值规则,0.0,6.066666666666667,8.350000000000001,132.58333333333331,0.0,0.9562447409544417,0.0,,-0.05091567497456466,0.47812237047722084,0.9019274376417235,0.5677091543562712,0.07232591336458113,0.05680272108843537,0.04126984126984127,,,,,,
344,T18,L1正则多因素逻辑回归,3.75,2.75,4.6000000000000005,135.89999999999998,0.44910179640718556,0.9801658853227552,0.5769230769230769,0.5050505050505051,0.4833219591626843,0.7146338408649704,0.9500000000000001,0.855529234834814,0.5773890262325863,0.05680272108843537,0.04421768707482993,0.03671711489637852,0.15049806800719026,-0.5999866400381961,0.8392919405963561,0.05680272108843537,0.07094384647339486
344,T21,对应染色体三标准差Z值规则,0.0,0.0,2.9166666666666665,144.08333333333331,0.0,1.0,,,,0.5,0.9801587301587302,0.6362918284722796,0.030382608086429112,0.019841269841269837,0.0,,,,,,
344,T21,L1正则多因素逻辑回归,0.0,0.0,2.9166666666666665,144.08333333333331,0.0,1.0,,,,0.5,0.9801587301587302,0.35797405601916854,0.018126995332135427,0.019841269841269837,0.0,0.020011390954267676,0.11096265610464065,-7.347916963219254,-0.8211803835464896,0.019841269841269837,0.02289215340025309
345,T13,对应染色体三标准差Z值规则,0.4,2.6714285714285713,5.6,138.32857142857142,0.06666666666666667,0.9810536980749747,0.1302325581395349,0.08818897637795275,0.06601539384805517,0.5238601823708207,0.9437317784256559,0.4092962681526512,0.05388912051078299,0.04081632653061224,0.020894071914480075,,,,,,
345,T13,L1正则多因素逻辑回归,1.75,3.0,4.25,138.0,0.2916666666666667,0.9787234042553191,0.3684210526315789,0.32558139534883723,0.302554055631218,0.6351950354609929,0.9506802721088435,0.7876097602161432,0.36511115929575444,0.04081632653061224,0.03231292517006803,0.032001308782651776,0.13670226840133917,-0.3948810941155191,0.8988949309634743,0.04081632653061224,0.0467139295803633
345,T18,对应染色体三标准差Z值规则,0.0,3.6071428571428568,12.433333333333334,130.9595238095238,0.0,0.9731943805513288,0.0,,-0.04821064626855324,0.4865971902756644,0.8908811143505021,0.4625131408466325,0.0778861709616484,0.08458049886621315,0.02453838678328474,,,,,,
345,T18,L1正则多因素逻辑回归,4.15,3.5,8.283333333333333,131.06666666666666,0.33378016085790885,0.9739905870696062,0.542483660130719,0.4132780082987552,0.38557216295303176,0.6538853739637576,0.9198412698412699,0.8809618838839168,0.579355389850555,0.08458049886621315,0.05204081632653061,0.05225927505605721,0.1908355639392512,-0.12877572680942095,0.8809368685596665,0.08458049886621315,0.08122384462983379
345,T21,对应染色体三标准差Z值规则,0.0,0.0,4.916666666666666,142.08333333333334,0.0,1.0,,,,0.5,0.9665532879818595,0.4241937614053527,0.03201977410346875,0.03344671201814058,0.0,,,,,,
345,T21,L1正则多因素逻辑回归,1.0,0.0,3.9166666666666665,142.08333333333334,0.2033898305084746,1.0,1.0,0.33802816901408456,0.4448972875517016,0.6016949152542372,0.9733560090702948,0.6453373854139298,0.26791299485091785,0.03344671201814058,0.006802721088435374,0.027592089982076472,0.13207843932203947,0.26379906969761363,0.9999937806602497,0.03344671201814058,0.026404793086346034
346,T13,对应染色体三标准差Z值规则,0.6,4.721428571428571,8.7,132.9785714285714,0.06451612903225806,0.96571221081025,0.11275167785234902,0.08207132388861749,0.0393963999234161,0.515114169921254,0.9086977648202137,0.5577527041614467,0.11339714863002492,0.06326530612244899,0.03620019436345967,,,,,,
346,T13,L1正则多因素逻辑回归,1.25,4.75,8.05,132.95,0.13440860215053763,0.9655047204066812,0.20833333333333334,0.16339869281045752,0.12292682490153926,0.5499566612786094,0.9129251700680271,0.5038291833393388,0.16231586599948872,0.06326530612244899,0.04081632653061224,0.05909417840376659,0.2831934390723983,-2.0107431126395072,0.17123631382016472,0.06326530612244899,0.03810951512763821
346,T18,对应染色体三标准差Z值规则,0.0,4.807142857142857,13.466666666666665,128.72619047619048,0.0,0.9640004279295343,0.0,,-0.05839018267630748,0.48200021396476717,0.8756883705863298,0.6319129862490566,0.13375893845787315,0.09160997732426304,0.03270165208940719,,,,,,
346,T18,L1正则多因素逻辑回归,5.45,2.0,8.016666666666666,131.53333333333333,0.4047029702970298,0.9850224663005491,0.7315436241610739,0.5211155378486056,0.5125551432005863,0.6948627182987894,0.9318594104308389,0.8590677014887852,0.6528130019797083,0.09160997732426304,0.05068027210884354,0.050247010426007786,0.2002879341559185,0.0513049879439954,0.8975442061951656,0.09160997732426304,0.07977411756722132
346,T21,对应染色体三标准差Z值规则,0.0,0.0,3.0,144.0,0.0,1.0,,,,0.5,0.9795918367346939,0.5079233416617677,0.03011820825636252,0.02040816326530612,0.0,,,,,,
346,T21,L1正则多因素逻辑回归,0.5,1.0,2.5,143.0,0.16666666666666666,0.9930555555555556,0.3333333333333333,0.2222222222222222,0.2247139796748772,0.5798611111111112,0.9761904761904762,0.6935693464628649,0.20606534617007058,0.02040816326530612,0.01020408163265306,0.01783931698523254,0.08950547521839779,0.29243094142269377,1.1546023199635225,0.02040816326530612,0.02505802059516589
347,T13,对应染色体三标准差Z值规则,0.4,2.838095238095238,6.033333333333333,137.72857142857143,0.06217616580310881,0.9798096141468207,0.1235294117647059,0.08271787296898081,0.05851870509123319,0.5209928899749647,0.9396501457725948,0.47088346716885776,0.0512639726147381,0.043764172335600905,0.02202785876255264,,,,,,
347,T13,L1正则多因素逻辑回归,1.8333333333333333,4.0,4.6,136.56666666666666,0.2849740932642487,0.9715437514820963,0.3142857142857143,0.29891304347826086,0.2688142614343689,0.6282589223731725,0.9414965986394558,0.7473312174278901,0.4408072389532556,0.043764172335600905,0.03968253968253968,0.032310023991700694,0.14663008316483916,-0.12044043611917683,0.8996570393125861,0.043764172335600905,0.03906882915860178
347,T18,对应染色体三标准差Z值规则,0.0,5.95,9.683333333333334,131.36666666666667,0.0,0.9566694987255736,0.0,,-0.05454095679748336,0.4783347493627868,0.8936507936507937,0.46490652847723307,0.06000378799451543,0.06587301587301587,0.04047619047619048,,,,,,
347,T18,L1正则多因素逻辑回归,2.6,2.0,7.083333333333334,135.31666666666666,0.2685025817555938,0.9854351256220415,0.5652173913043479,0.3640606767794633,0.36179899078199207,0.6269688536888176,0.9382086167800453,0.848418645414755,0.6054565790049532,0.06587301587301587,0.03129251700680272,0.039271304053031135,0.1629556335773596,-0.0417029106619425,0.9191810403272256,0.06587301587301587,0.06091097528289562
347,T21,对应染色体三标准差Z值规则,0.0,0.0,3.0833333333333335,143.91666666666669,0.0,1.0,,,,0.5,0.9790249433106575,0.5000704236373026,0.03118127273290822,0.0209750566893424,0.0,,,,,,
347,T21,L1正则多因素逻辑回归,0.8333333333333333,1.0,2.25,142.91666666666669,0.2702702702702703,0.9930515344528084,0.45454545454545453,0.33898305084745767,0.34001528290210153,0.6316609023615394,0.9778911564625851,0.49163389545555153,0.28893657767790176,0.0209750566893424,0.012471655328798185,0.017138811050106846,0.09735821395654332,-0.9775682879163828,0.7731124894974915,0.0209750566893424,0.025688398293659383
348,T13,对应染色体三标准差Z值规则,0.2,4.621428571428572,5.799999999999999,136.37857142857143,0.03333333333333334,0.9672239108409322,0.04148148148148148,0.036963696369636964,0.0006190500694372462,0.5002786220871328,0.9291059280855198,0.37799356135940054,0.0342532540194931,0.04081632653061224,0.03279883381924198,,,,,,
348,T13,L1正则多因素逻辑回归,1.3333333333333333,5.4,4.666666666666666,135.60000000000002,0.22222222222222224,0.9617021276595744,0.198019801980198,0.20942408376963348,0.17407328116538723,0.5919621749408983,0.9315192743764172,0.6456720702465384,0.2107705653320858,0.04081632653061224,0.04580498866213152,0.037633490656649136,0.17400718364527445,-1.5369058090148102,0.4415253482851195,0.04081632653061224,0.04179313153000898
348,T18,对应染色体三标准差Z值规则,0.0,4.797619047619048,11.799999999999999,130.40238095238095,0.0,0.9645146520146521,0.0,,-0.05426403746187743,0.48225732600732607,0.8870910268869453,0.557106846627707,0.09170723992053761,0.08027210884353742,0.03263686426951733,,,,,,
348,T18,L1正则多因素逻辑回归,5.2,3.166666666666667,6.6000000000000005,132.03333333333333,0.4406779661016949,0.976577909270217,0.6215139442231076,0.515702479338843,0.4893524240085514,0.708627937685956,0.9335600907029478,0.9046111700120828,0.6496116133766761,0.08027210884353742,0.056916099773242634,0.045209449980008386,0.16564133164645878,-0.0014202669918565447,1.0117660282834924,0.08027210884353742,0.08122144779063475
348,T21,对应染色体三标准差Z值规则,0.0,0.0,3.6666666666666665,143.33333333333331,0.0,1.0,,,,0.5,0.9750566893424036,0.6537012987012984,0.05300784522572533,0.02494331065759637,0.0,,,,,,
348,T21,L1正则多因素逻辑回归,0.3333333333333333,0.0,3.333333333333333,143.33333333333331,0.09090909090909091,1.0,1.0,0.16666666666666669,0.29806538746827277,0.5454545454545454,0.9773242630385489,0.5966822712171547,0.12951840384911917,0.02494331065759637,0.0022675736961451248,0.022871917863003608,0.11358864615779458,-0.9875164721642598,0.708211739257178,0.02494331065759637,0.02405169511236121
349,T13,对应染色体三标准差Z值规则,0.0,5.159523809523809,2.85,138.99047619047622,0.0,0.9642072576515864,0.0,,-0.026817594940062094,0.4821036288257932,0.9455134434726271,0.554056645061994,0.05150801916903395,0.019387755102040816,0.03509880142533204,,,,,,
349,T13,L1正则多因素逻辑回归,0.25,1.95,2.6,142.2,0.08771929824561403,0.9864724245577524,0.11363636363636363,0.099009900990099,0.08425381755742077,0.5370958614016832,0.9690476190476189,0.5695934251167287,0.14304458676540577,0.019387755102040816,0.014965986394557824,0.019939079600364205,0.10528084246582795,-2.597733455969944,0.3346081245071589,0.019387755102040816,0.032315006951799514
349,T18,对应染色体三标准差Z值规则,0.0,5.011904761904762,10.649999999999999,131.33809523809524,0.0,0.9632423559816299,0.0,,-0.052507660800715214,0.48162117799081494,0.8934564301911241,0.5985022759755009,0.09060502936998813,0.07244897959183673,0.03409459021703919,,,,,,
349,T18,L1正则多因素逻辑回归,2.95,3.5,7.7,132.85,0.27699530516431925,0.9743307664099743,0.45736434108527135,0.3450292397660819,0.31808605921361965,0.6256630357871468,0.9238095238095237,0.8137735128805128,0.469475592808056,0.07244897959183673,0.04387755102040816,0.05238398703727706,0.2074968875161458,-0.48111740977836615,0.6963181094360815,0.07244897959183673,0.06714612598338995
349,T21,对应染色体三标准差Z值规则,0.0,0.0,2.75,144.25,0.0,1.0,,,,0.5,0.9812925170068028,0.5728517326437605,0.02746937128747312,0.01870748299319728,0.0,,,,,,
349,T21,L1正则多因素逻辑回归,0.0,0.0,2.75,144.25,0.0,1.0,,,,0.5,0.9812925170068028,0.4678414082226908,0.02695985660669916,0.01870748299319728,0.0,0.01866840291858653,0.10049251545963812,-5.001197500183702,-0.2564292634130084,0.01870748299319728,0.02285258320698575
350,T13,对应染色体三标准差Z值规则,0.0,4.609523809523809,6.366666666666667,136.02380952380952,0.0,0.9672231063556023,0.0,,-0.038282428583580844,0.48361155317780113,0.9253320375769355,0.4713896526197895,0.04823741296090271,0.043310657596371885,0.03135730482669258,,,,,,
350,T13,L1正则多因素逻辑回归,0.5,2.5,5.866666666666667,138.13333333333333,0.07853403141361257,0.9822232756577388,0.16666666666666666,0.10676156583629894,0.08746953841038448,0.5303786535356757,0.9430839002267574,0.5582448988202565,0.17877909860172775,0.043310657596371885,0.02040816326530612,0.04015400651528874,0.1930471551938433,-1.7969611664026481,0.3361735843455995,0.043310657596371885,0.037821691282681154
350,T18,对应染色体三标准差Z值规则,0.0,5.002380952380952,13.766666666666666,128.23095238095237,0.0,0.9624539833446514,0.0,,-0.06033312235997363,0.4812269916723257,0.872319403952057,0.594692899358596,0.11798438833880638,0.09365079365079365,0.03402980239714933,,,,,,
350,T18,L1正则多因素逻辑回归,6.9,4.416666666666666,6.866666666666666,128.81666666666666,0.5012106537530266,0.9668501376032025,0.6097201767304861,0.5501661129568106,0.511564729295263,0.7340303956781146,0.9232426303854876,0.8767140471230283,0.6716925930224531,0.09365079365079365,0.07698412698412699,0.04987409478066202,0.19258277187806,-0.0946051464579476,0.8565138248565294,0.09365079365079365,0.08749273878156527
350,T21,对应染色体三标准差Z值规则,0.0,0.0,2.9166666666666665,144.08333333333331,0.0,1.0,,,,0.5,0.9801587301587302,0.5536295999024248,0.03126974197227692,0.01984126984126984,0.0,,,,,,
350,T21,L1正则多因素逻辑回归,0.25,0.5,2.6666666666666665,143.58333333333331,0.08571428571428572,0.9965297860034702,0.3333333333333333,0.13636363636363638,0.16098162493559762,0.541122035858878,0.9784580498866213,0.4563636721316634,0.10944387020649425,0.01984126984126984,0.00510204081632653,0.01872729966471317,0.10133279866438426,-3.1235935592462405,0.1987724203637476,0.01984126984126984,0.02420508499804776
351,T13,对应染色体三标准差Z值规则,0.2,2.8214285714285716,5.7,138.2785714285714,0.03389830508474576,0.9800040498126961,0.06619385342789598,0.04483586869495596,0.01923192637415619,0.5069511774487209,0.9420310981535471,0.48920404274522644,0.0592886698649743,0.0401360544217687,0.020553935860058308,,,,,,
351,T13,L1正则多因素逻辑回归,0.3333333333333333,3.45,5.566666666666666,137.65,0.05649717514124294,0.9755492558469172,0.08810572687224669,0.06884681583476764,0.03972236500219575,0.51602321549408,0.9386621315192745,0.49111624773794926,0.08484837982786364,0.0401360544217687,0.025736961451247164,0.04031984806743462,0.20212101330387852,-2.788727087319882,0.09260563978229339,0.0401360544217687,0.03615410889860253
351,T18,对应染色体三标准差Z值规则,0.0,4.523809523809524,9.866666666666665,132.6095238095238,0.0,0.9670115980276408,0.0,,-0.047796348591995476,0.4835057990138204,0.9021056041464205,0.6311040177183227,0.09779743859022066,0.06712018140589569,0.030774214447683836,,,,,,
351,T18,L1正则多因素逻辑回归,3.75,2.1666666666666665,6.116666666666667,134.96666666666667,0.38006756756756754,0.9842002916869228,0.6338028169014085,0.4751847940865892,0.4637684395165122,0.6821339296272452,0.9436507936507936,0.8829188881829259,0.6006570248267916,0.06712018140589569,0.040249433106575964,0.04024143025646669,0.15614365203314165,-0.05077469887041468,0.9986366845335114,0.06712018140589569,0.06924079129513008
351,T21,对应染色体三标准差Z值规则,0.0,0.0,3.25,143.75,0.0,1.0,,,,0.5,0.9778911564625851,0.5351443789704661,0.028721640042586188,0.022108843537414966,0.0,,,,,,
351,T21,L1正则多因素逻辑回归,0.3333333333333333,0.0,2.9166666666666665,143.75,0.10256410256410256,1.0,1.0,0.18604651162790695,0.31705595014835397,0.5512820512820513,0.9801587301587302,0.3776701881049707,0.12224070841846965,0.022108843537414966,0.0022675736961451248,0.020594219472872325,0.11530042908032928,-4.525281334651629,-0.18316052636831148,0.022108843537414966,0.024403276233144394
352,T13,对应染色体三标准差Z值规则,0.4,5.016666666666667,8.666666666666668,132.91666666666666,0.044117647058823525,0.9636297728371193,0.07384615384615385,0.05523590333716916,0.009893350906831523,0.5038737099479714,0.9069160997732426,0.5336157934657672,0.09831473361474642,0.06167800453514739,0.036848072562358274,,,,,,
352,T13,L1正则多因素逻辑回归,0.5,3.5,8.566666666666666,134.43333333333334,0.05514705882352941,0.9746254229096182,0.125,0.07653061224489796,0.04402257718066243,0.5148862408665738,0.9179138321995465,0.543716473116555,0.1208034713283769,0.06167800453514739,0.027210884353741496,0.05914136437367552,0.2777204070354516,-1.9336493485696504,0.19118320106499606,0.06167800453514739,0.03424550124255772
352,T18,对应染色体三标准差Z值规则,0.0,7.092857142857143,12.883333333333333,127.02380952380952,0.0,0.9471142750625787,0.0,,-0.06978521307747497,0.47355713753128936,0.8641075477810172,0.5579499899679969,0.09895295715989225,0.08764172335600906,0.04825072886297376,,,,,,
352,T18,L1正则多因素逻辑回归,5.45,3.5,7.4333333333333345,130.61666666666667,0.4230271668822768,0.9739033180067106,0.6089385474860336,0.4992366412213741,0.46939691263314137,0.6984652424444937,0.9256235827664399,0.8937929738557551,0.6562527256728259,0.08764172335600906,0.060884353741496595,0.048294125534681875,0.18005486720330505,0.07751755748593035,0.9726732352731232,0.08764172335600906,0.08173378770800462
352,T21,对应染色体三标准差Z值规则,0.0,0.0,4.166666666666666,142.83333333333331,0.0,1.0,,,,0.5,0.971655328798186,0.5573312218703119,0.03560336478217459,0.028344671201814053,0.0,,,,,,
352,T21,L1正则多因素逻辑回归,0.0,0.0,4.166666666666666,142.83333333333331,0.0,1.0,,,,0.5,0.971655328798186,0.49134089014835813,0.03830874438148739,0.028344671201814053,0.0,0.02790837854930077,0.13860568159328343,-4.213420080086892,-0.17046120319446495,0.028344671201814053,0.02400047003845121
353,T13,对应染色体三标准差Z值规则,0.2,5.054761904761905,6.566666666666667,135.17857142857144,0.029556650246305417,0.9639546334340725,0.038060715903942006,0.033273915626856804,-0.007323877095068452,0.49675564184018894,0.9209426627793973,0.3888577291034608,0.03934787425896719,0.046031746031746035,0.03574667962423064,,,,,,
353,T13,L1正则多因素逻辑回归,1.6666666666666665,3.2,5.1,137.03333333333333,0.24630541871921183,0.977180888994533,0.34246575342465746,0.28653295128939826,0.2617581240450429,0.6117431538568724,0.9435374149659863,0.6905527331462409,0.3352505042890414,0.046031746031746035,0.03310657596371882,0.03747159004098934,0.17044042861502465,-0.8142293447712522,0.6540593860219426,0.046031746031746035,0.04328596671851846
353,T18,对应染色体三标准差Z值规则,0.0,5.038095238095238,8.866666666666667,133.0952380952381,0.0,0.9635273028130172,0.0,,-0.04772854800837048,0.4817636514065086,0.9054097829608034,0.47760399818838345,0.05658783820008434,0.06031746031746032,0.03427275672173631,,,,,,
353,T18,L1正则多因素逻辑回归,3.15,3.833333333333333,5.716666666666667,134.3,0.35526315789473684,0.9722490347490347,0.45107398568019097,0.39747634069400634,0.366552052845676,0.6637560963218858,0.9350340136054422,0.8440789862480249,0.4854555442300106,0.06031746031746032,0.04750566893424036,0.04380174782811665,0.16993982492223328,-0.7427302116755732,0.7423383326244983,0.06031746031746032,0.07343811763804094
353,T21,对应染色体三标准差Z值规则,0.0,0.0,4.25,142.75,0.0,1.0,,,,0.5,0.9710884353741497,0.3240670154031645,0.0227340537218247,0.02891156462585034,0.0,,,,,,
353,T21,L1正则多因素逻辑回归,1.1666666666666665,1.0,3.0833333333333335,141.75,0.2745098039215686,0.9929947460595446,0.5384615384615384,0.3636363636363636,0.3719489892012333,0.6337522749905566,0.9722222222222222,0.6784999424949976,0.32849213735027183,0.02891156462585034,0.014739229024943309,0.02267708520578942,0.11020431843185483,0.7183063823081951,1.2214395821584403,0.02891156462585034,0.02852935397387999
354,T13,对应染色体三标准差Z值规则,0.0,1.75,5.083333333333333,140.16666666666669,0.0,0.9876688197298884,0.0,,-0.020773924425022017,0.4938344098649442,0.9535147392290249,0.5499562465649314,0.10792028621085728,0.03458049886621315,0.011904761904761904,,,,,,
354,T13,L1正则多因素逻辑回归,0.5833333333333333,2.45,4.5,139.46666666666667,0.11475409836065573,0.9827363476218439,0.1923076923076923,0.14373716632443528,0.12530315583686416,0.5487452229912498,0.9527210884353742,0.5442083882829724,0.1370745774445052,0.03458049886621315,0.020634920634920634,0.033849516808557176,0.17040659328709934,-2.351661212692161,0.2319878091040252,0.03458049886621315,0.031169586345965866
354,T18,对应染色体三标准差Z值规则,0.0,5.959523809523809,9.950000000000001,131.09047619047618,0.0,0.9565156963916541,0.0,,-0.055386754465052215,0.47825784819582706,0.8917719468739876,0.6799172709754442,0.11076242282579571,0.06768707482993197,0.04054097829608033,,,,,,
354,T18,L1正则多因素逻辑回归,4.5,2.083333333333333,5.45,134.96666666666667,0.45226130653266333,0.9847987352547731,0.6835443037974683,0.5443548387096774,0.5308354414863636,0.7185300208937182,0.9487528344671202,0.8452800942337277,0.5889806959694518,0.06768707482993197,0.04478458049886621,0.040963421995913775,0.17054806002029363,-0.39035365993035065,0.7998959084955857,0.06768707482993197,0.06892953288376
354,T21,对应染色体三标准差Z值规则,0.0,0.0,2.6666666666666665,144.33333333333331,0.0,1.0,,,,0.5,0.981859410430839,0.5855996714505662,0.0298154995575949,0.018140589569160998,0.0,,,,,,
354,T21,L1正则多因素逻辑回归,0.3333333333333333,0.0,2.333333333333333,144.33333333333331,0.125,1.0,1.0,0.2222222222222222,0.350729758698009,0.5625,0.9841269841269843,0.22266647421093136,0.13768990593530986,0.018140589569160998,0.0022675736961451248,0.01704191230247216,0.10589381238013007,-7.1312079108032265,-0.7478302414415771,0.018140589569160998,0.024653017775054343
355,T13,对应染色体三标准差Z值规则,0.2,3.1214285714285714,6.6499999999999995,137.0285714285714,0.029197080291970805,0.9777279445492075,0.06021505376344086,0.03932584269662921,0.009822108181968204,0.5034625124205891,0.9335276967930028,0.3723404004671991,0.039790479924789866,0.04659863945578231,0.02259475218658892,,,,,,
355,T13,L1正则多因素逻辑回归,1.5833333333333333,6.95,5.266666666666667,133.2,0.23114355231143552,0.9504102747056725,0.185546875,0.20585048754062837,0.16364972155375898,0.590776913508554,0.9168934240362812,0.6663217278043418,0.2698176105060559,0.04659863945578231,0.05804988662131519,0.040230403902549554,0.18020109095794903,-1.0915031578340275,0.5698025339947151,0.04659863945578231,0.04611102665511802
355,T18,对应染色体三标准差Z值规则,0.0,6.9904761904761905,11.016666666666666,128.99285714285713,0.0,0.9485931399156059,0.0,,-0.06359996173334022,0.47429656995780295,0.8775024295432458,0.5021171191801475,0.07627153892989111,0.07494331065759637,0.047554259799157755,,,,,,
355,T18,L1正则多因素逻辑回归,5.4,3.25,5.616666666666667,132.73333333333335,0.49016641452344933,0.976100012256404,0.6242774566473989,0.5491525423728814,0.5216803228061136,0.7331332133899267,0.9396825396825397,0.8942924228590228,0.6551353992093418,0.07494331065759637,0.058843537414965986,0.04136307901498696,0.15903610418094744,-0.242964877093853,0.9377599785123518,0.07494331065759637,0.08125430593957873
355,T21,对应染色体三标准差Z值规则,0.0,0.0,2.4166666666666665,144.58333333333331,0.0,1.0,,,,0.5,0.9835600907029479,0.6089027696937864,0.038453324852197455,0.016439909297052153,0.0,,,,,,
355,T21,L1正则多因素逻辑回归,0.3333333333333333,0.0,2.083333333333333,144.58333333333331,0.13793103448275862,1.0,1.0,0.2424242424242424,0.36874352446362474,0.5689655172413793,0.9858276643990931,0.8069760508794596,0.18058787191754086,0.016439909297052153,0.0022675736961451248,0.01448226707788541,0.07267455676723587,1.7122634809516981,1.621748426197769,0.016439909297052153,0.023484604293640313
356,T13,对应染色体三标准差Z值规则,0.2,3.7261904761904763,3.533333333333333,139.54047619047623,0.053571428571428575,0.9739912251545569,0.050939963614311703,0.05222256760957414,0.026895290412803047,0.5137813268629927,0.9506154842889537,0.40875563958715166,0.027227880665815024,0.025396825396825397,0.026708778749595076,,,,,,
356,T13,L1正则多因素逻辑回归,1.4166666666666665,2.7,2.3166666666666664,140.56666666666666,0.3794642857142857,0.9811540251279666,0.34412955465587036,0.3609341825902335,0.34387855954075003,0.6803091554211261,0.9658730158730158,0.752502647173341,0.3231936589297709,0.025396825396825397,0.028004535147392286,0.021717728916428754,0.10348192564150681,-0.8575289409752002,0.8427501697933626,0.025396825396825397,0.03798764792791021
356,T18,对应染色体三标准差Z值规则,0.0,8.002380952380951,8.566666666666666,130.43095238095236,0.0,0.9421932510061574,0.0,,-0.05968861841588358,0.4710966255030787,0.8872853903466149,0.5585225152731086,0.06471365883495567,0.0582766439909297,0.05443796566245546,,,,,,
356,T18,L1正则多因素逻辑回归,2.5,3.9166666666666665,6.066666666666667,134.51666666666665,0.2918287937743191,0.9717071996147364,0.38961038961038963,0.3337041156840935,0.302165275076636,0.6317679966945278,0.9320861678004534,0.8796092205223573,0.4557574124404912,0.0582766439909297,0.043650793650793655,0.043310227103456486,0.157357395443457,-0.42472959032202334,0.8420562727647236,0.0582766439909297,0.06397143791043579
356,T21,对应染色体三标准差Z值规则,0.0,0.0,4.0,143.0,0.0,1.0,,,,0.5,0.9727891156462585,0.4344701594701591,0.02780941539430159,0.027210884353741496,0.0,,,,,,
356,T21,L1正则多因素逻辑回归,0.6666666666666666,0.0,3.3333333333333335,143.0,0.16666666666666666,1.0,1.0,0.2857142857142857,0.40357175254631356,0.5833333333333334,0.9773242630385487,0.6365955803455803,0.21458990970438077,0.027210884353741496,0.0045351473922902496,0.023320415043664517,0.1135191439518978,0.0936900938589711,1.0057567134093115,0.027210884353741496,0.02541499318043862
357,T13,对应染色体三标准差Z值规则,0.6,4.847619047619047,5.7,135.85238095238094,0.09523809523809523,0.9655464175720039,0.11013986013986014,0.1021483583299554,0.06517008829330599,0.5303922564050496,0.9282474894719791,0.609334280976072,0.10845636309180554,0.042857142857142864,0.03705863297700032,,,,,,
357,T13,L1正则多因素逻辑回归,0.75,2.75,5.55,137.95,0.11904761904761905,0.98045486851457,0.21428571428571427,0.15306122448979592,0.1321877739123275,0.5497512437810945,0.9435374149659863,0.627152274476876,0.28413853786666515,0.042857142857142864,0.023809523809523808,0.03635102803028636,0.17332354925798027,-1.1981404249416578,0.5246798450947787,0.042857142857142864,0.03830522207421194
357,T18,对应染色体三标准差Z值规则,0.0,8.480952380952381,14.483333333333333,124.03571428571429,0.0,0.9360008624252115,0.0,,-0.08180249978796705,0.46800043121260576,0.8437803692905734,0.5539784790257225,0.11167547523572711,0.09852607709750566,0.05769355361192096,,,,,,
357,T18,L1正则多因素逻辑回归,5.2,2.75,9.283333333333333,129.76666666666668,0.35903337169159955,0.9792478933467489,0.6540880503144654,0.4635958395245171,0.4457367063602285,0.6691406325191742,0.918140589569161,0.8645626044265496,0.657860964403638,0.09852607709750566,0.05408163265306123,0.05431724976736467,0.211137778696241,0.15983605485607089,0.8776122004264931,0.09852607709750566,0.07950782437694189
357,T21,对应染色体三标准差Z值规则,0.0,0.0,2.9166666666666665,144.08333333333334,0.0,1.0,,,,0.5,0.9801587301587302,0.5994239916903717,0.030454448543791646,0.019841269841269837,0.0,,,,,,
357,T21,L1正则多因素逻辑回归,0.25,0.5,2.6666666666666665,143.58333333333334,0.08571428571428572,0.9965297860034702,0.3333333333333333,0.13636363636363638,0.16098162493559764,0.541122035858878,0.9784580498866213,0.5433273922640197,0.11085897713647148,0.019841269841269837,0.00510204081632653,0.01866919494466489,0.09771220878899838,-1.8932509172914724,0.5229000963833544,0.019841269841269837,0.023991103646193813
358,T13,对应染色体三标准差Z值规则,0.4,3.471428571428571,8.683333333333334,134.4452380952381,0.044036697247706424,0.9748295209322401,0.10332103321033212,0.06175335416283771,0.02836723854949081,0.5094331090899733,0.9173145448655653,0.6004486873382353,0.1472840299208619,0.06179138321995464,0.02633624878522838,,,,,,
358,T13,L1正则多因素逻辑回归,1.5833333333333333,5.95,7.5,131.96666666666667,0.17431192660550457,0.9568580060422962,0.21017699115044247,0.19057171514543628,0.14323082542947022,0.5655849663239004,0.9085034013605443,0.6135864392820518,0.28672626476293916,0.06179138321995464,0.05124716553287982,0.05207990811208973,0.24028057564096744,-1.037265099399296,0.458850919302598,0.06179138321995464,0.03990476356594077
358,T18,对应染色体三标准差Z值规则,0.0,6.214285714285714,14.933333333333334,125.85238095238097,0.0,0.9529458426480132,0.0,,-0.0706477094356042,0.4764729213240066,0.8561386459345642,0.5830076213505342,0.12445922071111006,0.10158730158730159,0.042274052478134115,,,,,,
358,T18,L1正则多因素逻辑回归,7.9,2.333333333333333,7.033333333333334,129.73333333333335,0.5290178571428572,0.9823321554770318,0.7719869706840391,0.6278145695364239,0.6070082131868983,0.7556750063099444,0.936281179138322,0.9026744788179027,0.7297512270540478,0.10158730158730159,0.06961451247165533,0.04728036747749957,0.1826432206446818,0.20542524119409106,0.9675477630170434,0.10158730158730159,0.08937726530832323
358,T21,对应染色体三标准差Z值规则,0.0,0.0,2.5,144.5,0.0,1.0,,,,0.5,0.9829931972789115,0.3831335933066038,0.016075631372543725,0.017006802721088437,0.0,,,,,,
358,T21,L1正则多因素逻辑回归,0.8333333333333333,1.0,1.6666666666666665,143.5,0.3333333333333333,0.9930795847750865,0.45454545454545453,0.3846153846153846,0.38029191834067194,0.6632064590542099,0.981859410430839,0.6517738598707455,0.3607761487851495,0.017006802721088437,0.012471655328798185,0.01313372924599813,0.07372200823963197,0.34299274751812436,1.2593907189405058,0.017006802721088437,0.026111683734493376
359,T13,对应染色体三标准差Z值规则,0.0,4.871428571428571,7.183333333333334,134.9452380952381,0.0,0.9651584558009639,0.0,,-0.04196343315783877,0.48257922790048197,0.9179948169744088,0.31832446430532135,0.03583002814505901,0.04886621315192744,0.03313896987366375,,,,,,
359,T13,L1正则多因素逻辑回归,1.9166666666666665,2.7,5.266666666666666,137.11666666666667,0.26682134570765664,0.980688997496722,0.4151624548736461,0.3248587570621469,0.3059440397718499,0.6237551716021893,0.9458049886621315,0.6695053377544731,0.37299949082946765,0.04886621315192744,0.031405895691609974,0.03821096688806386,0.18205335038145828,-0.7284698494358631,0.6187189390831508,0.04886621315192744,0.0378265826313136
359,T18,对应染色体三标准差Z值规则,0.0,8.114285714285714,10.7,128.1857142857143,0.0,0.9404674562414842,0.0,,-0.06772364435896107,0.4702337281207421,0.8720116618075802,0.5079420586651063,0.07511376748826336,0.0727891156462585,0.05519922254616132,,,,,,
359,T18,L1正则多因素逻辑回归,3.45,4.083333333333333,7.25,132.21666666666664,0.3224299065420561,0.9700415749572022,0.45796460176991155,0.3784277879341865,0.3445835484704695,0.6462357407496292,0.9229024943310656,0.847228738886435,0.49518776167480194,0.0727891156462585,0.05124716553287982,0.05093592444974669,0.1920944533376975,-0.4082047436466271,0.7561595777742594,0.0727891156462585,0.07145217789600436
359,T21,对应染色体三标准差Z值规则,0.0,0.0,3.4166666666666665,143.58333333333331,0.0,1.0,,,,0.5,0.9767573696145125,0.3532834109536684,0.021206618797613243,0.023242630385487528,0.0,,,,,,
359,T21,L1正则多因素逻辑回归,1.6666666666666665,2.0,1.75,141.58333333333334,0.4878048780487805,0.9860708067324434,0.45454545454545453,0.4705882352941176,0.45783441006185205,0.7369378423906119,0.9744897959183674,0.710838198507182,0.506478412927926,0.023242630385487528,0.02494331065759637,0.01522024558158743,0.08102910200496609,1.0482461705736306,1.438806241327417,0.023242630385487528,0.028722210556270267
360,T13,对应染色体三标准差Z值规则,0.2,2.9499999999999997,4.716666666666666,139.13333333333333,0.04067796610169492,0.9792375366568916,0.0634920634920635,0.049586776859504134,0.0247279444192526,0.5099577513792932,0.947845804988662,0.5123046445080344,0.054156535521008714,0.03344671201814059,0.02142857142857143,,,,,,
360,T13,L1正则多因素逻辑回归,0.5833333333333333,1.7,4.333333333333334,140.38333333333333,0.11864406779661014,0.9880351906158359,0.2554744525547445,0.162037037037037,0.15511114571493914,0.553339629206223,0.9589569160997733,0.6942150206272676,0.2962832905082975,0.03344671201814059,0.015532879818594103,0.028258989630320575,0.13170939118312117,-0.8668915689472437,0.7312354996794913,0.03344671201814059,0.03844224268796061
360,T18,对应染色体三标准差Z值规则,0.0,6.252380952380952,11.533333333333333,129.21428571428572,0.0,0.953845613048369,0.0,,-0.061498339123528194,0.4769228065241845,0.8790087463556852,0.5379151627226149,0.0836779362410614,0.07845804988662132,0.042533203757693545,,,,,,
360,T18,L1正则多因素逻辑回归,4.45,4.333333333333333,7.083333333333334,131.13333333333333,0.3858381502890173,0.968011811023622,0.506641366223909,0.4380639868744873,0.4014236050405395,0.6769249806563197,0.9223356009070294,0.8845294802158039,0.5770792447145628,0.07845804988662132,0.05975056689342405,0.04908384016033282,0.18043609209235684,-0.1570521937599799,0.8868619591844582,0.07845804988662132,0.07721111183508766
360,T21,对应染色体三标准差Z值规则,0.0,0.0,3.583333333333333,143.41666666666666,0.0,1.0,,,,0.5,0.9756235827664398,0.4750822843089374,0.02583836962875575,0.02437641723356009,0.0,,,,,,
360,T21,L1正则多因素逻辑回归,0.5833333333333333,0.5,2.9999999999999996,142.91666666666666,0.1627906976744186,0.9965136548518303,0.5384615384615384,0.25,0.28723513052069916,0.5796521762631245,0.9761904761904762,0.5148019095750944,0.19243308607384566,0.02437641723356009,0.0073696145124716545,0.02144250208051515,0.11207771220184415,-1.226596158749001,0.6615946101956038,0.02437641723356009,0.026076747501331248
361,T13,对应染色体三标准差Z值规则,0.2,3.1476190476190475,6.066666666666666,137.5857142857143,0.03191489361702128,0.9776341611964539,0.059743954480796585,0.04160475482912333,0.012931614253868611,0.5047745274067376,0.9373177842565598,0.39410068934999126,0.03885092777077517,0.042630385487528344,0.02277291869128604,,,,,,
361,T13,L1正则多因素逻辑回归,1.0833333333333333,2.75,5.183333333333334,137.98333333333335,0.1728723404255319,0.9804594978683089,0.2826086956521739,0.2145214521452145,0.19437476321344113,0.5766659191469203,0.9460317460317462,0.7051510199864943,0.3194704689807972,0.042630385487528344,0.02607709750566893,0.03459864394117347,0.15752206043668124,-0.6883504124394252,0.6972916156896195,0.042630385487528344,0.038722111536551106
361,T18,对应染色体三标准差Z值规则,0.0,6.464285714285714,9.683333333333334,130.85238095238094,0.0,0.9529242453140984,0.0,,-0.05695314797343567,0.4764621226570492,0.8901522513767411,0.4776211688032155,0.06601620620765222,0.06587301587301587,0.04397473275024295,,,,,,
361,T18,L1正则多因素逻辑回归,4.4,2.6666666666666665,5.283333333333333,134.65,0.45438898450946646,0.9805801674960554,0.6226415094339623,0.5253731343283582,0.5043878683428262,0.7174845760027609,0.9459183673469389,0.8865376768237496,0.6540638547811785,0.06587301587301587,0.048072562358276644,0.035681625170648205,0.14355824916906387,-0.23580742942160896,0.9216458008370232,0.06587301587301587,0.0695369465392601
361,T21,对应染色体三标准差Z值规则,0.0,0.0,4.25,142.75,0.0,1.0,,,,0.5,0.9710884353741497,0.47167085553816784,0.029246412978618158,0.02891156462585034,0.0,,,,,,
361,T21,L1正则多因素逻辑回归,0.3333333333333333,0.0,3.9166666666666665,142.75,0.0784313725490196,1.0,1.0,0.14545454545454545,0.2762913288464224,0.5392156862745098,0.9733560090702948,0.44874200312543766,0.1084364271997105,0.02891156462585034,0.0022675736961451248,0.026967272665348593,0.13849100238611536,-3.0241744928880037,0.12277485844116232,0.02891156462585034,0.023265257643098572
362,T13,对应染色体三标准差Z值规则,0.2,2.716666666666667,4.633333333333334,139.45,0.041379310344827586,0.9808909730363423,0.06857142857142857,0.05161290322580646,0.028477229462283985,0.5111351416905849,0.9499999999999998,0.4681223615289992,0.06525916469852715,0.032879818594104306,0.019841269841269844,,,,,,
362,T13,L1正则多因素逻辑回归,1.4166666666666665,3.9,3.416666666666667,138.26666666666668,0.293103448275862,0.9725674091441969,0.2664576802507837,0.27914614121510667,0.25373891724216446,0.6328354287100295,0.9502267573696145,0.6323131919218753,0.27706117102150374,0.032879818594104306,0.03616780045351474,0.02847923990124596,0.14076853946307158,-1.4083025487438514,0.547766121212581,0.032879818594104306,0.037994549800596945
362,T18,对应染色体三标准差Z值规则,0.0,4.542857142857144,12.783333333333331,129.67380952380952,0.0,0.9661528090684927,0.0,,-0.05511137638619776,0.48307640453424633,0.8821347586653709,0.6367877766030261,0.12196677264092814,0.08696145124716552,0.030903790087463554,,,,,,
362,T18,L1正则多因素逻辑回归,4.7,3.5,8.083333333333334,130.71666666666664,0.3676662320730117,0.973922761703713,0.5731707317073171,0.4479745830023828,0.41939909681980314,0.6707944968883623,0.9212018140589568,0.8842420084466949,0.6050170760322474,0.08696145124716552,0.055782312925170066,0.05285843740961597,0.19288632560490523,0.04309899337437475,0.9047580053147937,0.08696145124716552,0.0766968449572443
362,T21,对应染色体三标准差Z值规则,0.0,0.0,3.75,143.25,0.0,1.0,,,,0.5,0.9744897959183674,0.33868602085006955,0.02082940913272221,0.025510204081632654,0.0,,,,,,
362,T21,L1正则多因素逻辑回归,0.9166666666666666,0.5,2.8333333333333335,142.75,0.24444444444444444,0.9965095986038395,0.6470588235294118,0.3548387096774193,0.3888727397967892,0.620477021524142,0.9773242630385487,0.6135937283581264,0.28550483456407766,0.025510204081632654,0.00963718820861678,0.02072605557924086,0.1056452360999378,0.037015609070972455,1.0297132637878605,0.025510204081632654,0.026926741245650483
363,T13,对应染色体三标准差Z值规则,0.2,5.021428571428571,5.2,136.57857142857142,0.037037037037037035,0.9645379338175948,0.038303693570451436,0.03765971755211835,0.0016006672503063955,0.5007874854273159,0.9304664723032069,0.31291875707875383,0.029593723452079,0.03673469387755102,0.035519922254616136,,,,,,
363,T13,L1正则多因素逻辑回归,2.083333333333333,2.5,3.3166666666666664,139.1,0.38580246913580246,0.9823446327683616,0.45454545454545453,0.4173622704507512,0.3984545243924335,0.684073550952082,0.9604308390022676,0.6531618157481309,0.3890861321780457,0.03673469387755102,0.031179138321995464,0.029553203132701808,0.14832891991930922,-1.1308228190430398,0.5939450577523172,0.03673469387755102,0.03810613199747177
363,T18,对应染色体三标准差Z值规则,0.0,5.347619047619048,10.666666666666666,130.9857142857143,0.0,0.9607754104086622,0.0,,-0.05434775720581363,0.4803877052043311,0.8910592808551993,0.5675425962713938,0.0836527264799311,0.07256235827664399,0.03637836086815678,,,,,,
363,T18,L1正则多因素逻辑回归,4.25,3.75,6.416666666666667,132.58333333333331,0.39843749999999994,0.9724938875305623,0.53125,0.4553571428571428,0.4241862423356636,0.6854656937652811,0.9308390022675738,0.8834484696996158,0.582941813246596,0.07256235827664399,0.05442176870748299,0.046479189681189186,0.1708688693823122,-0.2274346342013037,0.8985600531865152,0.07256235827664399,0.07530456378990591
363,T21,对应染色体三标准差Z值规则,0.0,0.0,3.0,144.0,0.0,1.0,,,,0.5,0.9795918367346939,0.3084757128159905,0.0176980719698384,0.02040816326530612,0.0,,,,,,
363,T21,L1正则多因素逻辑回归,1.3333333333333333,0.0,1.6666666666666665,144.0,0.4444444444444444,1.0,1.0,0.6153846153846153,0.662841811999329,0.7222222222222222,0.9886621315192744,0.686406893004115,0.46748453667883927,0.02040816326530612,0.009070294784580499,0.013764489363657784,0.07652125332191365,0.786912732150803,1.3857115179185193,0.02040816326530612,0.02818049833291525
364,T13,对应染色体三标准差Z值规则,0.4,3.126190476190476,6.083333333333333,137.3904761904762,0.06169665809768638,0.9777521731026653,0.11343686698176908,0.07992388201712655,0.05293684283106719,0.5197244156001758,0.9373501781665048,0.5839083096313193,0.11210356407930214,0.04410430839002267,0.023987690314220926,,,,,,
364,T13,L1正则多因素逻辑回归,0.5,2.0,5.983333333333333,138.51666666666665,0.07712082262210797,0.9857668129522003,0.2,0.11131725417439703,0.0998675587294638,0.5314438177871541,0.9456916099773242,0.5818117066438921,0.16758212081810492,0.04410430839002267,0.017006802721088437,0.04325351278381696,0.19976840371218527,-1.88571162674428,0.3118734609427215,0.04410430839002267,0.04192674447383936
364,T18,对应染色体三标准差Z值规则,0.0,6.619047619047619,15.0,125.38095238095238,0.0,0.9498556998556998,0.0,,-0.07319852409671312,0.4749278499278499,0.8529316488500162,0.6047890679279568,0.12805660260949736,0.1020408163265306,0.04502753482345319,,,,,,
364,T18,L1正则多因素逻辑回归,7.95,2.0,7.050000000000001,130.0,0.53,0.9848484848484849,0.798994974874372,0.6372745490981964,0.6203845502357767,0.7574242424242424,0.9384353741496598,0.9162248877665544,0.737107146395754,0.1020408163265306,0.06768707482993197,0.04838750824697036,0.17855440919411955,0.3012774945558997,1.0193429447941573,0.1020408163265306,0.08915311925343623
364,T21,对应染色体三标准差Z值规则,0.0,0.0,3.1666666666666665,143.83333333333331,0.0,1.0,,,,0.5,0.9784580498866213,0.5049222128321962,0.024256779126088306,0.021541950113378682,0.0,,,,,,
364,T21,L1正则多因素逻辑回归,0.0,0.0,3.1666666666666665,143.83333333333331,0.0,1.0,,,,0.5,0.9784580498866213,0.49319547420114596,0.027583749004989614,0.021541950113378682,0.0,0.02147860080909819,0.11058612814290947,-4.2937996367970435,-0.11969139731693762,0.021541950113378682,0.023507024638591247
365,T13,对应染色体三标准差Z值规则,0.2,4.359523809523809,7.3,135.1404761904762,0.02666666666666667,0.9687489332650623,0.04386422976501306,0.03316880552813426,-0.005818670885745168,0.49770779996586445,0.920683511499838,0.5671036012971499,0.10129289487463751,0.05102040816326531,0.03101716877227081,,,,,,
365,T13,L1正则多因素逻辑回归,1.0833333333333333,5.5,6.416666666666666,134.0,0.14444444444444446,0.9605734767025089,0.16455696202531644,0.15384615384615383,0.1117246236468578,0.5525089605734766,0.9189342403628119,0.5602704670876719,0.15346064154584593,0.05102040816326531,0.04478458049886621,0.04754513247581741,0.22677491323201343,-1.9347712234419159,0.2500228176029208,0.05102040816326531,0.03755368066971799
365,T18,对应染色体三标准差Z值规则,0.0,5.376190476190476,12.033333333333331,129.59047619047618,0.0,0.9601665314186923,0.0,,-0.05817667551768644,0.4800832657093462,0.8815678652413346,0.5952233047815625,0.10368943392063161,0.08185941043083901,0.03657272432782637,,,,,,
365,T18,L1正则多因素逻辑回归,5.95,3.75,6.083333333333334,131.21666666666664,0.4944598337950138,0.9722153618177327,0.6134020618556701,0.5475460122699386,0.5153470769313355,0.7333375978063732,0.9331065759637187,0.8867443514220293,0.6560155130633413,0.08185941043083901,0.06598639455782312,0.04591187709693834,0.17576733596935867,-0.20529853067503134,0.9049536767449605,0.08185941043083901,0.08498599360917357
365,T21,对应染色体三标准差Z值规则,0.0,0.0,4.666666666666666,142.33333333333331,0.0,1.0,,,,0.5,0.9682539682539684,0.6270258806098553,0.06574580889693787,0.031746031746031744,0.0,,,,,,
365,T21,L1正则多因素逻辑回归,0.3333333333333333,0.0,4.333333333333333,142.33333333333331,0.07142857142857144,1.0,1.0,0.13333333333333336,0.2632834628649924,0.5357142857142857,0.9705215419501135,0.608259152607179,0.11853961027324425,0.031746031746031744,0.0022675736961451248,0.029361114301997667,0.13758777244683928,-0.761831890310442,0.7125366218357163,0.031746031746031744,0.02541616639145035
366,T13,对应染色体三标准差Z值规则,0.2,2.1999999999999997,8.9,135.7,0.02197802197802198,0.9840464104423496,0.08333333333333334,0.034782608695652174,0.011455899602976943,0.5030122162101858,0.9244897959183672,0.4824772157984632,0.09686129961949343,0.0619047619047619,0.016326530612244896,,,,,,
366,T13,L1正则多因素逻辑回归,0.8333333333333333,2.4,8.266666666666666,135.5,0.09157509157509157,0.9825960841189267,0.25773195876288657,0.13513513513513511,0.12186630707525832,0.5370855878470091,0.9274376417233561,0.5883751652424607,0.2189626744291547,0.0619047619047619,0.02199546485260771,0.0544501380682482,0.2505317258911802,-1.2995433378593946,0.3786373102434995,0.0619047619047619,0.04121908533268249
366,T18,对应染色体三标准差Z值规则,0.0,4.95,13.9,128.15,0.0,0.962809917355372,0.0,,-0.060325419801870846,0.481404958677686,0.8717687074829933,0.5481094713510435,0.10824475472597234,0.0945578231292517,0.033673469387755096,,,,,,
366,T18,L1正则多因素逻辑回归,6.65,3.0,7.25,130.1,0.4784172661870504,0.9774605559729527,0.689119170984456,0.5647558386411891,0.5386006884385953,0.7279389110800015,0.9302721088435374,0.9000580151956572,0.725077815130321,0.0945578231292517,0.06564625850340136,0.04571397122192338,0.17582328665578512,0.15839324019167433,1.015633219895402,0.0945578231292517,0.08800008520470676
366,T21,对应染色体三标准差Z值规则,0.0,0.0,4.083333333333333,142.91666666666666,0.0,1.0,,,,0.5,0.9722222222222222,0.5009801471609053,0.03071586478597551,0.027777777777777776,0.0,,,,,,
366,T21,L1正则多因素逻辑回归,0.5833333333333333,0.5,3.4999999999999996,142.41666666666666,0.14285714285714285,0.9965014577259476,0.5384615384615384,0.2258064516129032,0.26776211488184093,0.5696793002915452,0.9727891156462585,0.49065667083159814,0.17235900754315292,0.027777777777777776,0.0073696145124716545,0.02476081430217867,0.12655673491338781,-1.4788356231714375,0.5473771705153561,0.027777777777777776,0.025302466815802137
367,T13,对应染色体三标准差Z值规则,0.6,4.621428571428572,3.8666666666666667,137.91190476190474,0.13432835820895522,0.9675765067486303,0.11491108071135431,0.12386335709019415,0.09450285778673201,0.5509524324787928,0.9422578555231617,0.5293430241216742,0.06094033724783643,0.030385487528344673,0.035519922254616136,,,,,,
367,T13,L1正则多因素逻辑回归,1.0,3.7,3.466666666666667,138.83333333333331,0.22388059701492538,0.9740411599625819,0.2127659574468085,0.2181818181818182,0.19310439188944345,0.5989608784887537,0.9512471655328799,0.7573243132194167,0.2710182291284969,0.030385487528344673,0.03197278911564626,0.026319026113509777,0.11797519029452261,-0.8132758129345125,0.8142829192081042,0.030385487528344673,0.041182725160072625
367,T18,对应染色体三标准差Z值规则,0.0,3.7380952380952377,12.899999999999999,130.36190476190478,0.0,0.9721245694400057,0.0,,-0.050100295415285115,0.48606228472000285,0.8868156786524133,0.5609121367811228,0.11133154387698507,0.08775510204081632,0.025429219306770324,,,,,,
367,T18,L1正则多因素逻辑回归,4.2,4.166666666666666,8.7,129.93333333333334,0.32558139534883723,0.9689286602038281,0.50199203187251,0.3949843260188088,0.3596659341927105,0.6472550277763327,0.9124716553287981,0.8751531315827312,0.538935097041008,0.08775510204081632,0.056916099773242634,0.05716284416302344,0.2028713874088355,-0.1261931159126462,0.8497075940822996,0.08775510204081632,0.08092340530341904
367,T21,对应染色体三标准差Z值规则,0.0,0.0,3.75,143.25,0.0,1.0,,,,0.5,0.9744897959183674,0.46955021838093375,0.029283272074522946,0.025510204081632654,0.0,,,,,,
367,T21,L1正则多因素逻辑回归,0.5,1.0,3.25,142.25,0.13333333333333333,0.9930191972076788,0.3333333333333333,0.19047619047619044,0.19823017630300113,0.5631762652705061,0.9710884353741497,0.7295817982030894,0.19420345975474973,0.025510204081632654,0.01020408163265306,0.022531208825250792,0.10506477146383697,0.83601085585644,1.257481338819702,0.025510204081632654,0.02587363734871629
368,T13,对应染色体三标准差Z值规则,0.0,3.2166666666666663,8.0,135.78333333333333,0.0,0.9768585131894484,0.0,,-0.03588280201377656,0.4884292565947242,0.9236961451247165,0.3876923461231015,0.052101815438599985,0.05442176870748299,0.021882086167800453,,,,,,
368,T13,L1正则多因素逻辑回归,2.0,2.7,6.0,136.3,0.25,0.9805755395683454,0.425531914893617,0.3149606299212599,0.2973132389785635,0.6152877697841728,0.9408163265306123,0.5796312949640288,0.31717137976035803,0.05442176870748299,0.03197278911564626,0.04508089013602355,0.2174532168924708,-1.3683817872938238,0.42296261476085883,0.05442176870748299,0.04551032265636318
368,T18,对应染色体三标准差Z值规则,0.0,6.083333333333334,10.133333333333333,130.78333333333333,0.0,0.9555528494885532,0.0,,-0.05653494129598071,0.4777764247442766,0.8896825396825396,0.5835091831807966,0.08680733801809373,0.06893424036281179,0.04138321995464853,,,,,,
368,T18,L1正则多因素逻辑回归,4.25,2.5,5.883333333333334,134.36666666666667,0.41940789473684215,0.9817340477350219,0.6296296296296297,0.5034550839091806,0.4855341276646348,0.700570971235932,0.9429705215419502,0.9123911253108418,0.5766389023524569,0.06893424036281179,0.04591836734693878,0.04288469407404155,0.1536282005332537,-0.07827428841536727,1.0151952044822978,0.06893424036281179,0.07343715426309212
368,T21,对应染色体三标准差Z值规则,0.0,0.0,3.333333333333333,143.66666666666669,0.0,1.0,,,,0.5,0.9773242630385487,0.24979988399071928,0.017429298245491578,0.022675736961451243,0.0,,,,,,
368,T21,L1正则多因素逻辑回归,1.75,1.5,1.5833333333333333,142.16666666666669,0.525,0.9895591647331786,0.5384615384615384,0.5316455696202531,0.5209632532918685,0.7572795823665893,0.9790249433106575,0.8383584686774943,0.5588392819958052,0.022675736961451243,0.022108843537414966,0.014002043750619602,0.07168529475311716,1.9427584105663858,1.803464975669532,0.022675736961451243,0.030417965398283765
369,T13,对应染色体三标准差Z值规则,0.2,4.826190476190477,5.666666666666667,136.30714285714285,0.03409090909090909,0.9658040353600108,0.03979156797726196,0.03672131147540983,-0.00011316338079615344,0.49994747222545993,0.9286200194363459,0.5486869206608224,0.06029696245612941,0.039909297052154194,0.034191771946873985,,,,,,
369,T13,L1正则多因素逻辑回归,0.75,3.0,5.116666666666666,138.13333333333333,0.1278409090909091,0.9787435049598489,0.2,0.1559792027729636,0.13232480383608475,0.553292207025379,0.9447845804988662,0.6435251466176715,0.20053774596882784,0.039909297052154194,0.025510204081632654,0.036068392130724616,0.1674775172530357,-1.484410708179958,0.4738735224852631,0.039909297052154194,0.04143290361956427
369,T18,对应染色体三标准差Z值规则,0.0,7.0928571428571425,13.383333333333333,126.52380952380952,0.0,0.9469163741335376,0.0,,-0.07125945449621061,0.4734581870667688,0.8607061872367995,0.5537937377350542,0.1025449328385014,0.09104308390022675,0.04825072886297376,,,,,,
369,T18,L1正则多因素逻辑回归,4.85,1.75,8.533333333333333,131.86666666666667,0.36239103362391034,0.9869028314830984,0.7348484848484849,0.4854045037531276,0.4852302864775335,0.6746469325535044,0.9300453514739229,0.8755201015312661,0.6891730250841759,0.09104308390022675,0.044897959183673466,0.04853074893384135,0.1890042900958881,0.34406325253113507,1.0223155746442443,0.09104308390022675,0.07591822654232037
369,T21,对应染色体三标准差Z值规则,0.0,0.0,4.166666666666666,142.83333333333331,0.0,1.0,,,,0.5,0.971655328798186,0.5294150136133798,0.03598789428978551,0.028344671201814053,0.0,,,,,,
369,T21,L1正则多因素逻辑回归,0.0,0.0,4.166666666666666,142.83333333333331,0.0,1.0,,,,0.5,0.971655328798186,0.595687170083903,0.05315115978820347,0.028344671201814053,0.0,0.027684698691010857,0.1309614333726757,-2.0818263599286686,0.37604552831839244,0.028344671201814053,0.02368697970320698
370,T13,对应染色体三标准差Z值规则,0.2,3.4095238095238094,3.6166666666666667,139.77380952380952,0.05240174672489083,0.9761877047408417,0.0554089709762533,0.05386341776210324,0.0293771096424132,0.5142947257328663,0.9522027858762552,0.4369420778402658,0.029737980874683816,0.025963718820861677,0.024554583738257207,,,,,,
370,T13,L1正则多因素逻辑回归,1.0833333333333333,4.2,2.7333333333333334,138.98333333333335,0.2838427947598253,0.9706669770690258,0.20504731861198738,0.2380952380952381,0.21743444371780615,0.6272548859144256,0.9528344671201816,0.6981102755694731,0.1104597798803733,0.025963718820861677,0.035941043083900226,0.026863454790281613,0.12169436187733466,-1.7454860983050582,0.5343279802262068,0.025963718820861677,0.04221972084704054
370,T18,对应染色体三标准差Z值规则,0.0,7.071428571428572,10.966666666666667,128.96190476190475,0.0,0.9480169426261069,0.0,,-0.06382855768099727,0.47400847131305346,0.8772918691286037,0.6048661744698088,0.09551952985117204,0.07460317460317459,0.048104956268221574,,,,,,
370,T18,L1正则多因素逻辑回归,4.75,3.583333333333333,6.216666666666667,132.45000000000002,0.4331306990881459,0.9736584170546434,0.5700000000000001,0.4922279792746114,0.4622042146785586,0.7033945580713946,0.9333333333333332,0.8699290677289022,0.5799054947877718,0.07460317460317459,0.05668934240362812,0.04568480645525605,0.1754255272801019,-0.2326891519669688,0.8596805967985395,0.07460317460317459,0.07476380775701068
370,T21,对应染色体三标准差Z值规则,0.0,0.0,3.5833333333333335,143.41666666666666,0.0,1.0,,,,0.5,0.9756235827664398,0.5234393972445132,0.03401595626885936,0.02437641723356009,0.0,,,,,,
370,T21,L1正则多因素逻辑回归,0.5833333333333333,0.5,3.0,142.91666666666666,0.1627906976744186,0.9965136548518303,0.5384615384615384,0.25,0.28723513052069916,0.5796521762631245,0.9761904761904762,0.6629943573716124,0.20858912072986546,0.02437641723356009,0.0073696145124716545,0.021066997164979454,0.10316139692394694,0.33141867021424304,1.1111673564679183,0.02437641723356009,0.025334641634827425
371,T13,对应染色体三标准差Z值规则,0.4,3.3000000000000003,7.866666666666666,135.43333333333334,0.048387096774193554,0.9762133589620374,0.10810810810810811,0.06685236768802229,0.036180521224324844,0.5123002278681155,0.9240362811791384,0.5461386222615414,0.08310172758752159,0.056235827664399086,0.025170068027210887,,,,,,
371,T13,L1正则多因素逻辑回归,1.5,5.2,6.766666666666666,133.53333333333333,0.18145161290322584,0.9625180201826046,0.22388059701492538,0.20044543429844103,0.15902312535574495,0.5719848165429152,0.9185941043083901,0.6606881965866286,0.2737724428595647,0.056235827664399086,0.04557823129251701,0.04795799712089419,0.21249968532598487,-0.9179672222681516,0.5403981068086526,0.056235827664399086,0.04180339266703609
371,T18,对应染色体三标准差Z值规则,0.0,4.45952380952381,11.899999999999999,130.6404761904762,0.0,0.966990941454302,0.0,,-0.05249536346431579,0.483495470727151,0.8887107223841918,0.5717295800629654,0.10393978050753061,0.08095238095238096,0.03033689666342727,,,,,,
371,T18,L1正则多因素逻辑回归,5.85,2.5,6.050000000000001,132.6,0.49159663865546216,0.9814951887490747,0.7005988023952096,0.5777777777777777,0.5574981444595489,0.7365459137022684,0.9418367346938775,0.9150602999650391,0.6853086568296082,0.08095238095238096,0.05680272108843537,0.04229841074670892,0.15678728553321603,-0.036037450359265755,1.0249789107518053,0.08095238095238096,0.08425549471138231
371,T21,对应染色体三标准差Z值规则,0.0,0.0,3.75,143.25,0.0,1.0,,,,0.5,0.9744897959183674,0.5470256793817005,0.03645150407657194,0.025510204081632654,0.0,,,,,,
371,T21,L1正则多因素逻辑回归,0.5,1.0,3.25,142.25,0.13333333333333333,0.9930191972076788,0.3333333333333333,0.19047619047619044,0.19823017630300113,0.5631762652705061,0.9710884353741497,0.5652477907975288,0.1669528855811995,0.025510204081632654,0.01020408163265306,0.022894287423579487,0.11327113256835653,-0.5409604043551793,0.8365530005758065,0.025510204081632654,0.024988018114928626
372,T13,对应染色体三标准差Z值规则,0.0,3.4499999999999997,6.966666666666666,136.58333333333334,0.0,0.9753630088074269,0.0,,-0.03457838865666928,0.48768150440371344,0.9291383219954649,0.3560279699920637,0.036244455241243104,0.04739229024943311,0.023469387755102034,,,,,,
372,T13,L1正则多因素逻辑回归,0.5833333333333333,4.25,6.383333333333334,135.78333333333333,0.08373205741626794,0.9696500833134968,0.12068965517241378,0.09887005649717513,0.06360656620020842,0.5266910703648824,0.9276643990929706,0.6032004146394205,0.21110059625606148,0.04739229024943311,0.032879818594104306,0.041755848605926606,0.19701439418589323,-1.3693712361492847,0.4302284025598153,0.04739229024943311,0.035155772960473175
372,T18,对应染色体三标准差Z值规则,0.0,5.95952380952381,11.833333333333334,129.20714285714286,0.0,0.9559098115201692,0.0,,-0.06082087223142645,0.4779549057600846,0.8789601554907677,0.5795009183750264,0.10330075818497757,0.08049886621315193,0.04054097829608033,,,,,,
372,T18,L1正则多因素逻辑回归,4.1,4.416666666666666,7.733333333333333,130.75,0.3464788732394366,0.967324290998767,0.4814090019569472,0.4029484029484029,0.3654366410638044,0.6569015821191018,0.9173469387755102,0.854036053559334,0.543699271049372,0.08049886621315193,0.05793650793650793,0.05277026185473555,0.19899454881038572,-0.2371727248458448,0.8077871208226816,0.08049886621315193,0.075652767352559
372,T21,对应染色体三标准差Z值规则,0.0,0.0,3.1666666666666665,143.83333333333331,0.0,1.0,,,,0.5,0.9784580498866213,0.531609440751357,0.03114709948619095,0.021541950113378682,0.0,,,,,,
372,T21,L1正则多因素逻辑回归,0.5833333333333333,0.5,2.583333333333333,143.33333333333331,0.1842105263157895,0.996523754345307,0.5384615384615384,0.27450980392156865,0.30678772556970946,0.5903671403305483,0.9790249433106577,0.6726648602967442,0.2252300828879075,0.021541950113378682,0.0073696145124716545,0.018358023267237927,0.09222430637401811,0.418165206506234,1.1599658969001279,0.021541950113378682,0.02409784003835139
373,T13,对应染色体三标准差Z值规则,0.2,2.866666666666667,4.45,139.48333333333335,0.04301075268817204,0.9798618428755415,0.06521739130434781,0.05183585313174945,0.02800958569757535,0.5114362977818567,0.9502267573696144,0.5182551582610501,0.06383484618241844,0.03163265306122449,0.020861678004535148,,,,,,
373,T13,L1正则多因素逻辑回归,0.8333333333333333,1.7,3.8166666666666664,140.65,0.17921146953405018,0.9880576044959607,0.3289473684210526,0.2320185614849188,0.22495252381222597,0.5836345370150055,0.9624716553287983,0.7367403385962821,0.3165621737417849,0.03163265306122449,0.017233560090702947,0.02586103406146425,0.12022384134759911,-0.6228763066778873,0.8172735968092831,0.03163265306122449,0.03608335174018055
373,T18,对应染色体三标准差Z值规则,0.0,5.126190476190476,9.716666666666665,132.15714285714284,0.0,0.9626597755770998,0.0,,-0.05057035460055682,0.4813298877885499,0.899028182701652,0.5276895149536087,0.07226546040878981,0.06609977324263039,0.034872044055717526,,,,,,
373,T18,L1正则多因素逻辑回归,3.25,2.25,6.466666666666668,135.03333333333333,0.3344768439108061,0.9836105378171665,0.5909090909090909,0.4271631982475355,0.41644191666870184,0.6590436908639863,0.940702947845805,0.8853793717169054,0.5790323094158693,0.06609977324263039,0.03741496598639456,0.040642689728873506,0.15522920774722332,-0.026388616948358094,0.9611165443607883,0.06609977324263039,0.06444210808182158
373,T21,对应染色体三标准差Z值规则,0.0,0.0,5.666666666666666,141.33333333333331,0.0,1.0,,,,0.5,0.961451247165533,0.5492094597272872,0.04735772609412255,0.03854875283446712,0.0,,,,,,
373,T21,L1正则多因素逻辑回归,0.5833333333333333,0.5,5.083333333333333,140.83333333333334,0.10294117647058823,0.9964622641509434,0.5384615384615384,0.17283950617283952,0.2237453652228207,0.5497017203107658,0.9620181405895692,0.4760306009196131,0.1417125025969228,0.03854875283446712,0.0073696145124716545,0.03511671145402151,0.17125690784906938,-1.8946160861420174,0.34122412027970794,0.03854875283446712,0.024938826956007853
374,T13,对应染色体三标准差Z值规则,0.0,2.2095238095238097,4.0,140.7904761904762,0.0,0.9845487845487846,0.0,,-0.0206605235034177,0.4922743922743923,0.9577583414318108,0.49548611111111096,0.04942579543343871,0.027210884353741496,0.015030774214447682,,,,,,
374,T13,L1正则多因素逻辑回归,0.8333333333333333,2.75,3.1666666666666665,140.25,0.20833333333333331,0.9807692307692307,0.23255813953488372,0.21978021978021975,0.19950418720456492,0.594551282051282,0.9597505668934241,0.5604634948384947,0.1783958005317077,0.027210884353741496,0.02437641723356009,0.025076714520442925,0.12852653392791946,-1.9681351900992072,0.42622896018335366,0.027210884353741496,0.03355453473949774
374,T18,对应染色体三标准差Z值规则,0.0,6.019047619047619,10.866666666666665,130.1142857142857,0.0,0.9557856443262907,0.0,,-0.058378052517362534,0.4778928221631453,0.8851311953352768,0.670196255496965,0.1082344106692637,0.07392290249433107,0.040945902170391964,,,,,,
374,T18,L1正则多因素逻辑回归,5.25,2.4166666666666665,5.616666666666667,133.71666666666667,0.4831288343558282,0.9822477962781587,0.6847826086956522,0.566546762589928,0.5476513704605929,0.7326883153169934,0.9453514739229025,0.8992777440618184,0.6529584268868591,0.07392290249433107,0.05215419501133786,0.04092148594431195,0.15569080164566973,0.10841360494847967,1.0057149222534985,0.07392290249433107,0.06976731089443806
374,T21,对应染色体三标准差Z值规则,0.0,0.0,3.0833333333333335,143.91666666666669,0.0,1.0,,,,0.5,0.9790249433106575,0.498410214333781,0.02428632742530394,0.0209750566893424,0.0,,,,,,
374,T21,L1正则多因素逻辑回归,0.5833333333333333,0.5,2.5,143.41666666666666,0.18918918918918917,0.9965257672264042,0.5384615384615384,0.28,0.3111567039118862,0.5928574782077967,0.9795918367346939,0.44946153863351257,0.20582425204018578,0.0209750566893424,0.0073696145124716545,0.018281250550246948,0.10015452780491352,-1.3802498395223801,0.6469904624077828,0.0209750566893424,0.02405860284827288
375,T13,对应染色体三标准差Z值规则,0.8,2.842857142857143,6.6499999999999995,136.70714285714286,0.10738255033557048,0.9796283973998055,0.2196078431372549,0.1442369607211848,0.12276829297184406,0.543505473867688,0.9354227405247814,0.49649624960006594,0.10293693013873273,0.05068027210884353,0.02478134110787172,,,,,,
375,T13,L1正则多因素逻辑回归,2.0,4.4,5.45,135.15,0.2684563758389262,0.9684700824077391,0.3125,0.2888086642599278,0.25466776200104546,0.6184632291233326,0.9329931972789116,0.7445231074009098,0.34928251402409083,0.05068027210884353,0.0435374149659864,0.04035302436696264,0.17176889886066224,-0.3789515167920338,0.7612840142109849,0.05068027210884353,0.042479135994812615
375,T18,对应染色体三标准差Z值规则,0.0,7.885714285714285,11.149999999999999,127.96428571428571,0.0,0.9419527840580472,0.0,,-0.06820909166027317,0.4709763920290236,0.8705053449951409,0.5371727547795522,0.08601051763870252,0.07585034013605442,0.05364431486880466,,,,,,
375,T18,L1正则多因素逻辑回归,3.95,3.333333333333333,7.2,132.51666666666665,0.3542600896860987,0.9754631333578702,0.5423340961098398,0.4285714285714286,0.4022792115961424,0.6648616115219844,0.9283446712018139,0.8747624022582721,0.6090519891089277,0.07585034013605442,0.049546485260770975,0.04579641396583754,0.1749612190433741,-0.1337320429125735,0.9060092378557244,0.07585034013605442,0.07501342721560093
375,T21,对应染色体三标准差Z值规则,0.0,0.0,3.4166666666666665,143.58333333333331,0.0,1.0,,,,0.5,0.9767573696145125,0.42336281086051064,0.02553559072912277,0.023242630385487524,0.0,,,,,,
375,T21,L1正则多因素逻辑回归,1.25,0.5,2.1666666666666665,143.08333333333331,0.36585365853658536,0.9965177016831108,0.7142857142857143,0.4838709677419355,0.5034195676630276,0.6811856801098481,0.981859410430839,0.7036969928608168,0.3960172675732694,0.023242630385487524,0.011904761904761904,0.016907017898020446,0.0875026974414554,0.7973632641591485,1.3193539330438409,0.023242630385487524,0.027511566132139252
376,T13,对应染色体三标准差Z值规则,0.0,3.9214285714285713,1.8333333333333333,141.2452380952381,0.0,0.9729867147777596,0.0,,-0.018604676455319182,0.4864933573888798,0.9608519598315518,0.3353467428094294,0.012124545826463102,0.012471655328798185,0.026676384839650145,,,,,,
376,T13,L1正则多因素逻辑回归,0.25,3.5,1.5833333333333333,141.66666666666666,0.13636363636363638,0.9758897818599311,0.06666666666666667,0.08955223880597014,0.07901158883700925,0.5561267091117837,0.9654195011337868,0.7481652675682526,0.16099018030084175,0.012471655328798185,0.025510204081632654,0.015041332955639468,0.07344806259833031,-1.9587778816179446,0.6964514030215412,0.012471655328798185,0.035397921935685674
376,T18,对应染色体三标准差Z值规则,0.0,4.5809523809523816,11.716666666666665,130.70238095238096,0.0,0.9661380876115385,0.0,,-0.052780529106563695,0.48306904380576926,0.8891318432134759,0.6742400821234719,0.12003004165301345,0.07970521541950114,0.031162941367023,,,,,,
376,T18,L1正则多因素逻辑回归,4.75,4.0,6.966666666666668,131.28333333333333,0.4054054054054053,0.9704324257730689,0.5428571428571428,0.4641693811074918,0.4302175095566451,0.6879189155892371,0.9253968253968253,0.8383933188858523,0.5291697557645912,0.07970521541950114,0.05952380952380952,0.05290958414702847,0.20567250226266473,-0.36892028905232416,0.7351103467527348,0.07970521541950114,0.0747905470509016
376,T21,对应染色体三标准差Z值规则,0.0,0.0,2.8333333333333335,144.16666666666669,0.0,1.0,,,,0.5,0.9807256235827664,0.5470709671151699,0.023325925073778623,0.01927437641723356,0.0,,,,,,
376,T21,L1正则多因素逻辑回归,0.0,0.0,2.8333333333333335,144.16666666666666,0.0,1.0,,,,0.5,0.9807256235827664,0.41115072618642834,0.021670124273699225,0.01927437641723356,0.0,0.01930178162552021,0.10318557099649163,-5.610344376177695,-0.4173221288154752,0.01927437641723356,0.02332420848552801
377,T13,对应染色体三标准差Z值规则,0.4,4.7023809523809526,7.6499999999999995,134.24761904761905,0.04968944099378883,0.9661577477338542,0.07839477368175454,0.060825488776249104,0.019697243389635632,0.5079235943638215,0.9159701976028507,0.5147771892523456,0.09395196973987303,0.05476190476190477,0.03471007450599288,,,,,,
377,T13,L1正则多因素逻辑回归,0.8333333333333333,3.95,7.216666666666667,135.0,0.10351966873706002,0.9715725080964377,0.17421602787456444,0.12987012987012986,0.09629003379605709,0.5375460884167489,0.9240362811791384,0.5724086193556646,0.17581160584364136,0.05476190476190477,0.03253968253968254,0.05084198538146767,0.2386491038913554,-1.7521490279827976,0.2822141639133571,0.05476190476190477,0.040628516618131695
377,T18,对应染色体三标准差Z值规则,0.0,7.078571428571428,15.883333333333333,124.03809523809522,0.0,0.9460131834607493,0.0,,-0.07828392088428719,0.4730065917303746,0.8437965662455458,0.5876207794284167,0.12985014258695357,0.10804988662131519,0.04815354713313898,,,,,,
377,T18,L1正则多因素逻辑回归,8.25,4.5,7.633333333333334,126.61666666666667,0.5194123819517313,0.9656794203635439,0.6470588235294118,0.5762514551804423,0.5350710706570606,0.7425459011576376,0.9174603174603175,0.9007816712704813,0.664950870425359,0.10804988662131519,0.08673469387755102,0.059569557332804515,0.21107032234074147,0.004424004932948627,0.8730827873219005,0.10804988662131519,0.09806594299055357
377,T21,对应染色体三标准差Z值规则,0.0,0.0,1.8333333333333333,145.16666666666666,0.0,1.0,,,,0.5,0.9875283446712018,0.567755378949409,0.018498515930497214,0.012471655328798185,0.0,,,,,,
377,T21,L1正则多因素逻辑回归,0.3333333333333333,0.0,1.5,145.16666666666669,0.18181818181818182,1.0,1.0,0.3076923076923077,0.42421536710254903,0.5909090909090909,0.9897959183673469,0.6907778788375802,0.20253678861004873,0.012471655328798185,0.0022675736961451248,0.011050656701937984,0.06336919424827565,0.05457805528468122,1.2380101893090583,0.012471655328798185,0.024761478180005105
378,T13,对应染色体三标准差Z值规则,0.4,1.3166666666666667,8.033333333333331,137.25,0.0474308300395257,0.9904979552561944,0.23300970873786409,0.0788177339901478,0.08210073921232793,0.5189643926478601,0.9363945578231293,0.4699099652583039,0.09218927238982241,0.057369614512471655,0.011678004535147392,,,,,,
378,T13,L1正则多因素逻辑回归,1.3333333333333333,4.45,7.1,134.11666666666667,0.15810276679841895,0.9678854943468849,0.23054755043227665,0.18757327080890973,0.1507047739415867,0.5629941305726519,0.9214285714285716,0.6497437805001788,0.26825060770559683,0.057369614512471655,0.03934240362811791,0.04898952995385332,0.21673190263265033,-0.8398339141885927,0.5447004514219161,0.057369614512471655,0.039914460991199
378,T18,对应染色体三标准差Z值规则,0.0,1.569047619047619,13.700000000000001,131.73095238095237,0.0,0.9882292001571822,0.0,,-0.033299280277789445,0.4941146000785911,0.8961289277615808,0.5306721405759852,0.11330775770449043,0.09319727891156464,0.010673793326854551,,,,,,
378,T18,L1正则多因素逻辑回归,5.35,2.5,8.35,130.8,0.39051094890510946,0.981245311327832,0.6815286624203821,0.49651972157772617,0.48068128686954315,0.6858781301164707,0.9261904761904762,0.8723422383228758,0.6693069169764172,0.09319727891156464,0.05340136054421769,0.04993853587206202,0.19466453012346102,0.16615766115665573,0.9362381634872763,0.09319727891156464,0.07939854145813813
378,T21,对应染色体三标准差Z值规则,0.0,0.0,2.8333333333333335,144.16666666666666,0.0,1.0,,,,0.5,0.9807256235827664,0.5959829018312526,0.03143463306629236,0.01927437641723356,0.0,,,,,,
378,T21,L1正则多因素逻辑回归,0.3333333333333333,0.0,2.5,144.16666666666669,0.1176470588235294,1.0,1.0,0.21052631578947364,0.3400613345118002,0.5588235294117647,0.9829931972789115,0.6320916112109582,0.14689995462094377,0.01927437641723356,0.0022675736961451248,0.01743705007417229,0.08916854598901197,-0.19529114653756538,1.0001511266992924,0.01927437641723356,0.023195045171280994
379,T13,对应染色体三标准差Z值规则,0.2,2.3166666666666664,5.816666666666667,138.66666666666666,0.03324099722991689,0.9835677976120109,0.07947019867549669,0.04687499999999999,0.025673005555848318,0.5084043974209639,0.9446712018140588,0.3515493832234285,0.036568243762091224,0.0409297052154195,0.01712018140589569,,,,,,
379,T13,L1正则多因素逻辑回归,2.0,3.15,4.016666666666667,137.83333333333334,0.33240997229916897,0.9776569334436694,0.3883495145631068,0.3582089552238806,0.33411732351326445,0.6550334528714192,0.9512471655328799,0.7926540893519631,0.493912740125098,0.0409297052154195,0.03503401360544218,0.029026969245753046,0.12842622335153783,0.27567706852263174,1.0970665129120765,0.0409297052154195,0.039669341481080346
379,T18,对应染色体三标准差Z值规则,0.0,3.3833333333333333,11.383333333333333,132.23333333333335,0.0,0.9750522305518005,0.0,,-0.044468058295311454,0.48752611527590023,0.8995464852607711,0.5080339354488982,0.0781990796337993,0.077437641723356,0.023015873015873017,,,,,,
379,T18,L1正则多因素逻辑回归,3.4,4.75,7.983333333333333,130.86666666666667,0.2986822840409956,0.9649748064397198,0.4171779141104294,0.34812286689419797,0.3079491206273782,0.6318285452403577,0.9133786848072564,0.8423987745725607,0.49920859591638955,0.077437641723356,0.0554421768707483,0.05363623404579913,0.20434763978851125,-0.30495634452029957,0.7347753674793154,0.077437641723356,0.06879140251444109
379,T21,对应染色体三标准差Z值规则,0.0,0.0,4.583333333333334,142.41666666666666,0.0,1.0,,,,0.5,0.9688208616780045,0.4746330478571557,0.03654092928303338,0.031179138321995464,0.0,,,,,,
379,T21,L1正则多因素逻辑回归,1.5,1.0,3.0833333333333335,141.41666666666666,0.3272727272727272,0.9929783499122293,0.6,0.4235294117647058,0.43048478000668966,0.6601255385924782,0.9722222222222222,0.6326301044381797,0.364810822224388,0.031179138321995464,0.017006802721088437,0.023376806297839125,0.11721307354831954,0.4267576966000822,1.0905411187613767,0.031179138321995464,0.027661597761957202
380,T13,对应染色体三标准差Z值规则,0.2,2.592857142857143,6.116666666666666,138.09047619047618,0.0316622691292876,0.9815695499856143,0.07161125319693094,0.04391008886565604,0.019654731389924844,0.506615909557451,0.9407515387107223,0.39489890129515337,0.05205485407708781,0.042970521541950114,0.01899902818270165,,,,,,
380,T13,L1正则多因素逻辑回归,1.5833333333333333,3.5,4.733333333333333,137.18333333333334,0.25065963060686014,0.975121431110058,0.3114754098360656,0.2777777777777778,0.25058889452652267,0.6128905308584591,0.9439909297052155,0.6437898268431422,0.32209800322162807,0.042970521541950114,0.03458049886621315,0.03503583157986408,0.1670012218785208,-0.9205054272569424,0.6116237759985531,0.042970521541950114,0.037404671739104965
380,T18,对应染色体三标准差Z值规则,0.0,5.385714285714285,12.95,128.6642857142857,0.0,0.9598230937283531,0.0,,-0.0606135327845809,0.47991154686417653,0.8752672497570456,0.5566275803926999,0.10328694601814026,0.08809523809523809,0.036637512147716225,,,,,,
380,T18,L1正则多因素逻辑回归,4.5,4.583333333333333,8.45,129.46666666666667,0.3474903474903475,0.9658087778192216,0.49541284403669733,0.4084720121028745,0.3688047227322744,0.6566495626547846,0.9113378684807256,0.8745362220078479,0.5677188112677871,0.08809523809523809,0.06179138321995465,0.05629055382066818,0.20318646973310275,-0.19610994902905957,0.8054688254981401,0.08809523809523809,0.0814513062840473
380,T21,对应染色体三标准差Z值规则,0.0,0.0,3.1666666666666665,143.83333333333331,0.0,1.0,,,,0.5,0.9784580498866213,0.473120954181514,0.025794209635609317,0.021541950113378682,0.0,,,,,,
380,T21,L1正则多因素逻辑回归,0.8333333333333333,1.0,2.333333333333333,142.83333333333331,0.26315789473684215,0.9930475086906141,0.45454545454545453,0.33333333333333337,0.33516994114588267,0.6281027017137282,0.9773242630385489,0.6137224579409126,0.2943288127185636,0.021541950113378682,0.012471655328798185,0.017390801712510055,0.09179612637710037,0.08785946347167155,1.0709076136323392,0.021541950113378682,0.024629166977651145
381,T13,对应染色体三标准差Z值规则,0.0,5.0547619047619055,5.683333333333334,136.26190476190476,0.0,0.964230957154651,0.0,,-0.03784380621426974,0.4821154785773255,0.926951733074182,0.5513098651820884,0.0762721525808571,0.038662131519274376,0.03438613540654357,,,,,,
381,T13,L1正则多因素逻辑回归,0.5,4.5,5.183333333333334,136.81666666666666,0.0879765395894428,0.9681566222431891,0.1,0.09360374414976598,0.05970195983706565,0.528066580916316,0.9341269841269841,0.6175686371311996,0.20660063121200187,0.038662131519274376,0.034013605442176874,0.03488687964274801,0.16331591693271028,-1.4896488004044408,0.48062592160541934,0.038662131519274376,0.039414090449261134
381,T18,对应染色体三标准差Z值规则,0.0,6.557142857142857,13.116666666666667,127.32619047619049,0.0,0.9510234568120787,0.0,,-0.06763258350613964,0.47551172840603934,0.8661645610625204,0.56014646607612,0.10469076857468837,0.08922902494331064,0.04460641399416909,,,,,,
381,T18,L1正则多因素逻辑回归,5.95,3.75,7.166666666666667,130.13333333333333,0.4536213468869123,0.9719905390265157,0.6134020618556701,0.5215485756026297,0.4887284391217035,0.712805942956714,0.9257369614512471,0.8560911507774125,0.6303112532697169,0.08922902494331064,0.06598639455782312,0.051027093986473884,0.2021723185678413,-0.22810248960334079,0.7993860802449128,0.08922902494331064,0.08421342641718194
381,T21,对应染色体三标准差Z值规则,0.0,0.0,3.1666666666666665,143.83333333333331,0.0,1.0,,,,0.5,0.9784580498866213,0.5945665147805783,0.038916515310432165,0.021541950113378682,0.0,,,,,,
381,T21,L1正则多因素逻辑回归,0.25,0.5,2.9166666666666665,143.33333333333334,0.07894736842105264,0.996523754345307,0.3333333333333333,0.12765957446808512,0.1537918034736191,0.5377355613831798,0.9767573696145125,0.6194979046689724,0.1193486213840089,0.021541950113378682,0.00510204081632653,0.02008374829745274,0.10057008930412395,-0.8235087494873186,0.8000424325666536,0.021541950113378682,0.024277720146684174
382,T13,对应染色体三标准差Z值规则,0.0,4.121428571428572,8.600000000000001,134.2785714285714,0.0,0.9702208918249381,0.0,,-0.042337140280392836,0.48511044591246905,0.9134596695821187,0.565640523079779,0.12266906139863114,0.058503401360544216,0.028036929057337217,,,,,,
382,T13,L1正则多因素逻辑回归,0.25,3.25,8.35,135.14999999999998,0.029069767441860465,0.9765173410404624,0.07142857142857142,0.04132231404958678,0.00860090997390323,0.5027935542411615,0.9210884353741496,0.44110501523502244,0.07506224864116953,0.058503401360544216,0.023809523809523808,0.05818502180721723,0.28567923133137796,-2.9577587313840787,-0.04233403755502246,0.058503401360544216,0.03245384119584209
382,T18,对应染色体三标准差Z值规则,0.0,5.807142857142858,13.316666666666666,127.87619047619046,0.0,0.9565604573708302,0.0,,-0.06400796547517776,0.4782802286854151,0.8699060576611598,0.6346871332945904,0.1363932644818098,0.09058956916099772,0.03950437317784256,,,,,,
382,T18,L1正则多因素逻辑回归,5.95,6.0,7.366666666666667,127.68333333333332,0.4468085106382979,0.9551178157336989,0.497907949790795,0.47097625329815307,0.42213523556743454,0.7009631631859984,0.9090702947845805,0.8654935452046104,0.6198319700191025,0.09058956916099772,0.08129251700680272,0.0539384310516835,0.20353444443551222,-0.25011423408068406,0.8372957450397271,0.09058956916099772,0.09056233883606589
382,T21,对应染色体三标准差Z值规则,0.0,0.0,2.0,145.0,0.0,1.0,,,,0.5,0.9863945578231292,0.6586761083743842,0.024055723393091775,0.013605442176870748,0.0,,,,,,
382,T21,L1正则多因素逻辑回归,0.0,0.0,2.0,145.0,0.0,1.0,,,,0.5,0.9863945578231292,0.6217302955665023,0.028525944551781042,0.013605442176870748,0.0,0.013782111011607692,0.07499259040999691,-2.357651318767124,0.5078639355418847,0.013605442176870748,0.02469594039020449
383,T13,对应染色体三标准差Z值规则,0.4,4.121428571428571,6.9,135.57857142857142,0.0547945205479452,0.9704980059310768,0.08846761453396525,0.06767371601208459,0.03182286183844036,0.512646263239511,0.9250242954324587,0.3791535709343928,0.049563157398060484,0.049659863945578225,0.03075801749271137,,,,,,
383,T13,L1正则多因素逻辑回归,2.1666666666666665,3.0,5.133333333333333,136.7,0.29680365296803657,0.9785254115962777,0.41935483870967744,0.3475935828877006,0.3248009686683612,0.6376645322821571,0.9446712018140588,0.7299981415772592,0.36740088616556155,0.049659863945578225,0.03514739229024943,0.03836657868163848,0.1709067860178212,-0.3959034990452313,0.7372915649455061,0.049659863945578225,0.03936929606558732
383,T18,对应染色体三标准差Z值规则,0.0,4.9714285714285715,11.950000000000001,130.07857142857142,0.0,0.96318823716084,0.0,,-0.055653105183555214,0.48159411858042,0.88488824101069,0.5753575878525726,0.11285913520799663,0.08129251700680272,0.03381924198250729,,,,,,
383,T18,L1正则多因素逻辑回归,4.25,4.916666666666666,7.7,130.13333333333333,0.3556485355648536,0.9635937307170185,0.4636363636363637,0.4025256511444357,0.360801872626545,0.6596211331409361,0.9141723356009069,0.8158736896055633,0.5025224044437917,0.08129251700680272,0.06235827664399093,0.057568419276555365,0.225498323341352,-0.6068322477085968,0.6266659085972502,0.08129251700680272,0.07818892302432515
383,T21,对应染色体三标准差Z值规则,0.0,0.0,3.9166666666666665,143.08333333333334,0.0,1.0,,,,0.5,0.9733560090702948,0.3633537678817049,0.02386624709223073,0.026643990929705215,0.0,,,,,,
383,T21,L1正则多因素逻辑回归,1.4166666666666665,1.5,2.5,141.58333333333331,0.36170212765957444,0.9895165987186954,0.4857142857142857,0.41463414634146334,0.4055834465454628,0.6756093631891349,0.9727891156462585,0.680926476341537,0.405893851872921,0.026643990929705215,0.01984126984126984,0.019429584611637286,0.09844672397334127,0.8275800836851464,1.2799710445640167,0.026643990929705215,0.027831098891760896
384,T13,对应染色体三标准差Z值规则,0.6,3.976190476190476,4.266666666666667,138.15714285714284,0.12328767123287672,0.9720249262932189,0.13111342351716962,0.1270801815431165,0.09819078478439132,0.5476562987630478,0.9439261418853254,0.420993249358393,0.05491085006783332,0.033106575963718826,0.031130547457078068,,,,,,
384,T13,L1正则多因素逻辑回归,1.6666666666666665,4.0,3.2,138.13333333333333,0.34246575342465746,0.9718574108818011,0.29411764705882354,0.31645569620253167,0.29211511191984235,0.6571615821532293,0.9510204081632652,0.7206682809339009,0.3256781386758469,0.033106575963718826,0.03854875283446712,0.028159496756961843,0.128909091247835,-0.7644854230406937,0.7679030993433886,0.033106575963718826,0.03779954493627108
384,T18,对应染色体三标准差Z值规则,0.0,7.126190476190477,7.8500000000000005,132.02380952380952,0.0,0.9487877076809882,0.0,,-0.05361097858141657,0.4743938538404941,0.898121153223194,0.5821399717575546,0.07165711859473006,0.05340136054421769,0.048477486232588275,,,,,,
384,T18,L1正则多因素逻辑回归,1.75,4.75,6.1000000000000005,134.39999999999998,0.22292993630573246,0.9658641753503413,0.2692307692307692,0.2439024390243902,0.20647621868333196,0.5943970558280369,0.9261904761904762,0.8113836433365147,0.40706795959940484,0.05340136054421769,0.04421768707482993,0.04213515023413274,0.1674349649742677,-0.8213914710550478,0.7073149061582585,0.05340136054421769,0.06500840568651889
384,T21,对应染色体三标准差Z值规则,0.0,0.0,3.4999999999999996,143.5,0.0,1.0,,,,0.5,0.9761904761904762,0.5312004708968373,0.03960267058685732,0.023809523809523808,0.0,,,,,,
384,T21,L1正则多因素逻辑回归,0.6666666666666666,0.0,2.833333333333333,143.5,0.1904761904761905,1.0,1.0,0.32,0.4321899523328767,0.5952380952380952,0.9807256235827664,0.681927358632187,0.23124989084474865,0.023809523809523808,0.0045351473922902496,0.020053874807993765,0.09883278519577032,0.4878050281966747,1.1600300697453265,0.023809523809523808,0.024881796912392028
385,T13,对应染色体三标准差Z值规则,0.2,3.9833333333333334,7.55,135.26666666666665,0.025806451612903226,0.9713943746259726,0.04780876494023904,0.033519553072625705,-0.0037620765644437305,0.49860041311943787,0.9215419501133785,0.4436266996132636,0.06055882988352654,0.05272108843537415,0.028458049886621317,,,,,,
385,T13,L1正则多因素逻辑回归,1.0833333333333333,1.65,6.666666666666666,137.6,0.13978494623655915,0.9881508078994614,0.3963414634146341,0.2066772655007949,0.21164649912400224,0.5639678770680103,0.9434240362811792,0.5666355034513951,0.22227882231740467,0.05272108843537415,0.018594104308390022,0.04649725770855556,0.22386932807787238,-1.6088509670877746,0.3361482882511935,0.05272108843537415,0.03963810612788999
385,T18,对应染色体三标准差Z值规则,0.0,5.478571428571428,9.35,132.17142857142858,0.0,0.9601992631415079,0.0,,-0.05127908411980124,0.48009963157075397,0.8991253644314869,0.5229835464659509,0.06654362290717482,0.06360544217687075,0.03726919339164237,,,,,,
385,T18,L1正则多因素逻辑回归,3.2,4.5,6.150000000000001,133.15,0.3422459893048128,0.9673083908463495,0.4155844155844156,0.37536656891495607,0.3390860678254895,0.6547771900755811,0.9275510204081632,0.8628275755260222,0.5431492436082401,0.06360544217687075,0.05238095238095238,0.04212953429287608,0.16345670855596922,-0.4129705147319048,0.833259188827596,0.06360544217687075,0.06920454851469598
385,T21,对应染色体三标准差Z值规则,0.0,0.0,5.583333333333333,141.41666666666669,0.0,1.0,,,,0.5,0.9620181405895691,0.4569413225144589,0.037852724760108834,0.037981859410430835,0.0,,,,,,
385,T21,L1正则多因素逻辑回归,0.8333333333333333,1.0,4.75,140.41666666666669,0.14925373134328357,0.9929286977018268,0.45454545454545453,0.22471910112359547,0.2449000288050972,0.5710912145225552,0.9608843537414966,0.4880540474661796,0.18769290512685968,0.037981859410430835,0.012471655328798185,0.03344277587163037,0.1639702920370017,-1.2205249216102716,0.52899896133692,0.037981859410430835,0.025799837102245697
386,T13,对应染色体三标准差Z值规则,0.4,2.038095238095238,6.25,138.31190476190477,0.06015037593984962,0.9854784806690755,0.16406250000000003,0.08802724652868746,0.07425134983305076,0.5228144283044626,0.9436183997408488,0.5852981309024339,0.125223140232489,0.045238095238095244,0.016585681891804344,,,,,,
386,T13,L1正则多因素逻辑回归,0.3333333333333333,1.5,6.316666666666666,138.85,0.050125313283208024,0.9893124332027076,0.18181818181818182,0.07858546168958744,0.07385415820320652,0.5197188732429578,0.9468253968253969,0.49253828244589787,0.0988318250529426,0.045238095238095244,0.012471655328798185,0.04426844520080409,0.21708453659234342,-2.5756812841504613,0.11642402798334792,0.045238095238095244,0.036159101930706046
386,T18,对应染色体三标准差Z值规则,0.0,3.5904761904761906,14.499999999999998,128.90952380952382,0.0,0.9729020664869722,0.0,,-0.05234353999948392,0.4864510332434861,0.8769355361192096,0.6781419999793457,0.16160082543342869,0.09863945578231292,0.024425008098477485,,,,,,
386,T18,L1正则多因素逻辑回归,5.95,3.75,8.55,128.75,0.4103448275862069,0.9716981132075472,0.6134020618556701,0.49173553719008267,0.4588629405616987,0.691021470396877,0.9163265306122448,0.8419957451642553,0.6212385527727143,0.09863945578231292,0.06598639455782312,0.05730790023145225,0.22678116080105978,-0.12503955176276732,0.7940784607303621,0.09863945578231292,0.0866582902328767
386,T21,对应染色体三标准差Z值规则,0.0,0.0,4.25,142.75,0.0,1.0,,,,0.5,0.9710884353741497,0.5152661882032437,0.03526519375837322,0.02891156462585034,0.0,,,,,,
386,T21,L1正则多因素逻辑回归,0.3333333333333333,0.0,3.9166666666666665,142.75,0.0784313725490196,1.0,1.0,0.14545454545454545,0.2762913288464224,0.5392156862745098,0.9733560090702948,0.5363849684649107,0.11797416000323636,0.02891156462585034,0.0022675736961451248,0.02679123304341161,0.13191937496677641,-1.640404714271841,0.4885772637011673,0.02891156462585034,0.024261037384438775
387,T13,对应染色体三标准差Z值规则,0.4,6.430952380952381,3.9,136.26904761904763,0.0930232558139535,0.9549337604698501,0.0585569884977344,0.07187165775401069,0.03839119929399937,0.5239785081419018,0.9297214123744737,0.3624389929697862,0.03383053803924148,0.029251700680272108,0.04646906381600259,,,,,,
387,T13,L1正则多因素逻辑回归,1.4166666666666665,2.75,2.8833333333333333,139.95,0.32945736434108525,0.9807288016818501,0.34,0.3346456692913386,0.31496295346887504,0.6550930830114676,0.9616780045351473,0.7538103929826685,0.3638297450258773,0.029251700680272108,0.028344671201814053,0.024073855516843736,0.10992439514473665,-0.46003366910013843,0.9383100311331249,0.029251700680272108,0.03793422220424214
387,T18,对应染色体三标准差Z值规则,0.0,4.497619047619048,9.833333333333332,132.6690476190476,0.0,0.9672105537233119,0.0,,-0.047567065699893156,0.48360527686165594,0.9025105280207322,0.6490912006213612,0.10178535345751752,0.06689342403628117,0.030596047942986718,,,,,,
387,T18,L1正则多因素逻辑回归,3.0,3.9166666666666665,6.833333333333333,133.25,0.3050847457627119,0.971445929526124,0.4337349397590362,0.35820895522388063,0.3262693895453986,0.638265337644418,0.9268707482993197,0.8127832973912839,0.4565202208912599,0.06689342403628117,0.04705215419501134,0.04885093835374398,0.19314965412839982,-0.6143187245276193,0.7191397499734379,0.06689342403628117,0.07203617839572819
387,T21,对应染色体三标准差Z值规则,0.0,0.0,3.583333333333333,143.41666666666666,0.0,1.0,,,,0.5,0.9756235827664398,0.4604519893981131,0.025930878797263742,0.02437641723356009,0.0,,,,,,
387,T21,L1正则多因素逻辑回归,0.9166666666666666,0.5,2.6666666666666665,142.91666666666666,0.2558139534883721,0.9965136548518303,0.6470588235294118,0.3666666666666667,0.39830753390218193,0.6261638041701012,0.9784580498866212,0.48111061134587185,0.277700390813073,0.02437641723356009,0.00963718820861678,0.019886431562435525,0.10876355754946576,-0.8190683351147443,0.773807277001997,0.02437641723356009,0.02573969556912945
388,T13,对应染色体三标准差Z值规则,0.2,3.5666666666666664,3.8833333333333333,139.35,0.0489795918367347,0.9750437317784256,0.05309734513274337,0.05095541401273886,0.024985112193576242,0.5120116618075802,0.9493197278911564,0.42828182134994774,0.028659524244767132,0.027777777777777783,0.02562358276643991,,,,,,
388,T13,L1正则多因素逻辑回归,1.25,4.45,2.833333333333333,138.46666666666667,0.30612244897959184,0.968862973760933,0.21929824561403508,0.2555366269165247,0.23407229832713783,0.6374927113702624,0.950453514739229,0.7833391189045382,0.34083801747578735,0.027777777777777783,0.03877551020408163,0.02293096396590368,0.10328929228344455,-0.5753558277022418,0.8947801486909454,0.027777777777777783,0.03586943205916405
388,T18,对应染色体三标准差Z值规则,0.0,3.819047619047619,13.35,129.8309523809524,0.0,0.9714250084620456,0.0,,-0.05161679855496886,0.4857125042310228,0.8832037576935537,0.5820459225462233,0.11123902000812766,0.09081632653061224,0.025979915775834143,,,,,,
388,T18,L1正则多因素逻辑回归,5.45,1.6666666666666665,7.900000000000001,131.98333333333335,0.4082397003745318,0.9875296171592468,0.765807962529274,0.5325732899022801,0.5298414587267565,0.6978846587668893,0.9349206349206348,0.8792888959347553,0.6539335405087167,0.09081632653061224,0.048412698412698414,0.0505209083704306,0.19216619941652544,0.23982887922249604,0.9457257882703949,0.09081632653061224,0.0744849291049654
388,T21,对应染色体三标准差Z值规则,0.0,0.0,2.5,144.5,0.0,1.0,,,,0.5,0.9829931972789115,0.5446004284066568,0.028884149115228706,0.017006802721088437,0.0,,,,,,
388,T21,L1正则多因素逻辑回归,0.5,1.0,2.0,143.5,0.2,0.9930795847750865,0.3333333333333333,0.25,0.24840661561379104,0.5965397923875433,0.9795918367346939,0.588115010710166,0.22025741534113638,0.017006802721088437,0.01020408163265306,0.014749488416938466,0.07986666595064919,-0.09823264903111163,1.0863626601244483,0.017006802721088437,0.024520449060017924
389,T13,对应染色体三标准差Z值规则,0.0,4.233333333333333,7.933333333333334,134.83333333333334,0.0,0.9695589645254076,0.0,,-0.04112862134290788,0.4847794822627038,0.917233560090703,0.48346004269397114,0.08210111383976072,0.05396825396825397,0.028798185941043084,,,,,,
389,T13,L1正则多因素逻辑回归,0.6666666666666666,2.7,7.266666666666667,136.36666666666667,0.08403361344537814,0.9805848513902206,0.198019801980198,0.11799410029498522,0.09760416053881085,0.5323092324177994,0.9321995464852607,0.5290189541780279,0.15138126490025816,0.05396825396825397,0.02290249433106576,0.049956888561387844,0.2361468129135387,-1.9292478161283992,0.24039766404976806,0.05396825396825397,0.03607711972804118
389,T18,对应染色体三标准差Z值规则,0.0,5.335714285714285,13.000000000000002,128.6642857142857,0.0,0.960181236673774,0.0,,-0.060448478205047264,0.480090618336887,0.8752672497570456,0.6579443821794569,0.13171496791935788,0.08843537414965986,0.03629737609329446,,,,,,
389,T18,L1正则多因素逻辑回归,6.45,2.333333333333333,6.550000000000001,131.66666666666666,0.49615384615384617,0.9825870646766168,0.7343453510436433,0.5921958684009181,0.5734753130577731,0.7393704554152315,0.9395691609977322,0.9046469575200919,0.6671671838700048,0.08843537414965986,0.05975056689342405,0.04757098907666439,0.17591823954271416,0.12557244539754148,0.9818924916348919,0.08843537414965986,0.08115621308370567
389,T21,对应染色体三标准差Z值规则,0.0,0.0,2.833333333333333,144.16666666666669,0.0,1.0,,,,0.5,0.9807256235827664,0.38573630608312687,0.017127050009277757,0.01927437641723356,0.0,,,,,,
389,T21,L1正则多因素逻辑回归,0.6666666666666666,0.0,2.1666666666666665,144.16666666666669,0.23529411764705885,1.0,1.0,0.380952380952381,0.4814667838687455,0.6176470588235294,0.9852607709750566,0.6117562863295606,0.2621181431209939,0.01927437641723356,0.0045351473922902496,0.01598085453263379,0.08613754449076431,-0.1330376791708361,1.062120582372534,0.01927437641723356,0.026260809026909627
390,T13,对应染色体三标准差Z值规则,0.0,3.566666666666667,3.6666666666666665,139.76666666666665,0.0,0.9751162790697675,0.0,,-0.02522135009583456,0.48755813953488375,0.9507936507936509,0.2727548323769252,0.01744246007297707,0.02494331065759637,0.024263038548752835,,,,,,
390,T13,L1正则多因素逻辑回归,1.0833333333333333,4.2,2.583333333333333,139.13333333333333,0.29545454545454547,0.9706976744186048,0.20504731861198738,0.24208566108007448,0.22298463482000574,0.6330761099365751,0.9538548752834467,0.7413209755360919,0.390314434485597,0.02494331065759637,0.035941043083900226,0.01951075721866866,0.09898704973292775,-0.7760951465031044,0.8864884307622387,0.02494331065759637,0.03823193007442326
390,T18,对应染色体三标准差Z值规则,0.0,4.352380952380953,10.383333333333333,132.26428571428573,0.0,0.9681416546123147,0.0,,-0.048155704709229016,0.48407082730615736,0.899757045675413,0.522730770148541,0.08039724846333618,0.07063492063492063,0.02960803368966634,,,,,,
390,T18,L1正则多因素逻辑回归,2.75,2.1666666666666665,7.633333333333333,134.45000000000002,0.2648475120385233,0.9841405392216666,0.5593220338983051,0.3594771241830066,0.35480668607225363,0.6244940256300949,0.9333333333333332,0.8325772397253743,0.5024307130139092,0.07063492063492063,0.03344671201814059,0.04807740838797632,0.19045128397936426,-0.2799467848479202,0.7997514866531333,0.07063492063492063,0.06579216391387069
390,T21,对应染色体三标准差Z值规则,0.0,0.0,3.6666666666666665,143.33333333333331,0.0,1.0,,,,0.5,0.9750566893424036,0.5446103896103894,0.03541763336531398,0.02494331065759637,0.0,,,,,,
390,T21,L1正则多因素逻辑回归,0.5833333333333333,0.5,3.083333333333333,142.83333333333331,0.1590909090909091,0.9965116279069768,0.5384615384615384,0.2456140350877193,0.2837216560445215,0.577801268498943,0.97562358276644,0.509913545756569,0.18711050761790446,0.02494331065759637,0.0073696145124716545,0.021936496755663386,0.11475780107597168,-1.2786255123805987,0.6355313392151598,0.02494331065759637,0.025274072582168117
391,T13,对应染色体三标准差Z值规则,0.0,2.826190476190476,2.1666666666666665,142.00714285714287,0.0,0.9804866020055893,0.0,,-0.0171245558080042,0.4902433010027947,0.9660349854227406,0.36416853189005083,0.012915488902213935,0.014739229024943313,0.019225785552316164,,,,,,
391,T13,L1正则多因素逻辑回归,0.25,2.45,1.9166666666666665,142.38333333333333,0.11538461538461539,0.9830840046029921,0.09259259259259259,0.10273972602739727,0.08837168132819019,0.5492343099938037,0.9702947845804988,0.6938163102720065,0.20310837231344087,0.014739229024943313,0.018367346938775512,0.016125811424253584,0.08208270312058616,-1.935834358499225,0.6495697953644217,0.014739229024943313,0.03759597363100954
391,T18,对应染色体三标准差Z值规则,0.0,5.235714285714286,8.066666666666666,133.69761904761907,0.0,0.9623149163696189,0.0,,-0.046307184909853825,0.48115745818480943,0.909507612568837,0.5563368836494165,0.06625294122758976,0.05487528344671202,0.03561710398445092,,,,,,
391,T18,L1正则多因素逻辑回归,3.0,3.6666666666666665,5.066666666666666,135.26666666666665,0.37190082644628103,0.9736084452975049,0.45000000000000007,0.407239819004525,0.37815965975927557,0.672754635871893,0.9405895691609978,0.8863406567041405,0.4976543396311893,0.05487528344671202,0.045351473922902494,0.039404226975286304,0.14466489363255097,-0.5205895672588099,0.8842286675713125,0.05487528344671202,0.06833820883354592
391,T21,对应染色体三标准差Z值规则,0.0,0.0,3.6666666666666665,143.33333333333331,0.0,1.0,,,,0.5,0.9750566893424036,0.6113628813047416,0.03842514871441113,0.02494331065759637,0.0,,,,,,
391,T21,L1正则多因素逻辑回归,0.0,0.0,3.6666666666666665,143.33333333333331,0.0,1.0,,,,0.5,0.9750566893424036,0.5795835850196313,0.04156633429105114,0.02494331065759637,0.0,0.024367789656971547,0.11802695911902335,-2.2143411108237068,0.37489889657384246,0.02494331065759637,0.023234805697475876
392,T13,对应染色体三标准差Z值规则,0.2,2.55,2.8666666666666667,141.38333333333333,0.06521739130434782,0.982283464566929,0.07272727272727274,0.06876790830945559,0.050106163931476586,0.5237504279356384,0.9631519274376416,0.2985097411097268,0.022302997803723173,0.020861678004535145,0.01870748299319728,,,,,,
392,T13,L1正则多因素逻辑回归,1.0833333333333333,1.7,1.9833333333333334,142.23333333333335,0.3532608695652174,0.9881889763779529,0.38922155688622756,0.3703703703703704,0.3580556754525598,0.6707249229715851,0.9749433106575963,0.7935642975094864,0.4369302480189835,0.020861678004535145,0.01893424036281179,0.016122727022134326,0.0802658002161408,-0.6022848207599544,1.0195516165377314,0.020861678004535145,0.03557360763965467
392,T18,对应染色体三标准差Z值规则,0.0,5.661904761904761,11.116666666666667,130.2214285714286,0.0,0.958332603248585,0.0,,-0.05724741206087958,0.4791663016242925,0.8858600583090378,0.5717144669241664,0.08847376050398915,0.0756235827664399,0.03851635892452219,,,,,,
392,T18,L1正则多因素逻辑回归,3.75,1.9166666666666665,7.366666666666667,133.96666666666667,0.3373313343328336,0.9858947626640501,0.661764705882353,0.4468718967229395,0.4439056487953059,0.6616130484984418,0.9368480725623582,0.8536562876242664,0.5649979860402784,0.0756235827664399,0.03854875283446712,0.04714020428957431,0.18474864216579082,-0.07064042904646928,0.8419908038780453,0.0756235827664399,0.06465287290275479
392,T21,对应染色体三标准差Z值规则,0.0,0.0,1.8333333333333333,145.16666666666669,0.0,1.0,,,,0.5,0.9875283446712018,0.49655642864598093,0.015270490968901264,0.012471655328798185,0.0,,,,,,
392,T21,L1正则多因素逻辑回归,0.3333333333333333,0.0,1.5,145.16666666666666,0.18181818181818182,1.0,1.0,0.3076923076923077,0.424215367102549,0.5909090909090909,0.9897959183673469,0.4669338124562001,0.1928350851050601,0.012471655328798185,0.0022675736961451248,0.011172720139860362,0.06887832269707699,-1.6713114507086417,0.7144016698837476,0.012471655328798185,0.02383623767567583
393,T13,对应染色体三标准差Z值规则,0.0,1.9833333333333334,5.016666666666667,140.0,0.0,0.9860312243221037,0.0,,-0.021982538125093678,0.49301561216105183,0.9523809523809523,0.39670515847589627,0.028085200736645676,0.034126984126984124,0.013492063492063491,,,,,,
393,T13,L1正则多因素逻辑回归,0.75,2.35,4.266666666666666,139.63333333333333,0.14950166112956814,0.9834487615917361,0.24193548387096772,0.18480492813141688,0.16799826058963102,0.5664752113606522,0.9549886621315192,0.5951279623820852,0.1947289798081891,0.034126984126984124,0.021088435374149662,0.03118067208625072,0.1552164430429406,-1.854469308723517,0.39045558180842543,0.034126984126984124,0.0365394773274771
393,T18,对应染色体三标准差Z值规则,0.0,4.526190476190475,7.633333333333334,134.84047619047618,0.0,0.9675231489390782,0.0,,-0.041713492419267105,0.4837615744695391,0.9172821509556203,0.47573983674574916,0.04826552564335927,0.051927437641723355,0.0307904114026563,,,,,,
393,T18,L1正则多因素逻辑回归,2.7,2.9166666666666665,4.933333333333334,136.45,0.3537117903930131,0.9790719923463287,0.4807121661721068,0.4075471698113208,0.3851769507151021,0.6663918913696709,0.9465986394557822,0.8882873358566057,0.49452777750655125,0.051927437641723355,0.038208616780045355,0.036150152383215485,0.13629403497015424,-0.4111257513414269,0.9271846529181524,0.051927437641723355,0.06269780006382641
393,T21,对应染色体三标准差Z值规则,0.0,0.0,4.916666666666666,142.08333333333334,0.0,1.0,,,,0.5,0.9665532879818595,0.5963594706733032,0.045135180235840025,0.03344671201814058,0.0,,,,,,
393,T21,L1正则多因素逻辑回归,0.25,0.5,4.666666666666666,141.58333333333334,0.05084745762711865,0.9964809384164223,0.3333333333333333,0.08823529411764705,0.11944010289951057,0.5236641980217704,0.9648526077097507,0.40395608036942077,0.08204789325911835,0.03344671201814058,0.00510204081632653,0.031965492851880106,0.16206766673489678,-4.370951537712336,-0.24835201782558666,0.03344671201814058,0.023466396305898175
394,T13,对应染色体三标准差Z值规则,0.2,3.15952380952381,7.616666666666667,136.02380952380952,0.0255863539445629,0.9772995535179704,0.05953224663359319,0.0357903706859821,0.004333207979658982,0.5014429537312667,0.9266925817946225,0.4020893676772893,0.05928711173998198,0.05317460317460317,0.022853903466148365,,,,,,
394,T13,L1正则多因素逻辑回归,1.1666666666666665,5.15,6.65,134.03333333333333,0.14925373134328357,0.9629984433002036,0.18469656992084432,0.1650943396226415,0.12420351061452106,0.5561260873217435,0.9197278911564625,0.5613040591533522,0.10480912189302381,0.05317460317460317,0.042970521541950114,0.052610077932931265,0.2395894680776582,-2.0770799952916983,0.20813132885991106,0.05317460317460317,0.04298700192580227
394,T18,对应染色体三标准差Z值规则,0.0,6.309523809523808,12.966666666666665,127.72380952380952,0.0,0.952925711443493,0.0,,-0.0658678831046413,0.4764628557217465,0.8688694525429219,0.5884814191159289,0.1052614201758701,0.08820861678004534,0.042921930677032726,,,,,,
394,T18,L1正则多因素逻辑回归,5.75,5.0,7.216666666666667,129.03333333333333,0.4434447300771208,0.9626958468042776,0.5348837209302325,0.4848910751932537,0.4424095327065184,0.7030702884406992,0.9168934240362812,0.9043689378467783,0.6267910200702914,0.08820861678004534,0.07312925170068027,0.05243198200205806,0.1839999534403738,-0.035858841984255874,0.9741071998453308,0.08820861678004534,0.08812064098834126
394,T21,对应染色体三标准差Z值规则,0.0,0.0,4.083333333333333,142.91666666666669,0.0,1.0,,,,0.5,0.9722222222222222,0.47750806778354826,0.03162343395695662,0.027777777777777776,0.0,,,,,,
394,T21,L1正则多因素逻辑回归,0.6666666666666666,0.0,3.4166666666666665,142.91666666666669,0.163265306122449,1.0,1.0,0.28070175438596495,0.3993160439567582,0.5816326530612245,0.9767573696145123,0.6450551499233594,0.21416215029105207,0.027777777777777776,0.0045351473922902496,0.023872407466636957,0.11699637189510129,-0.16688313790877113,0.9291757284055151,0.027777777777777776,0.026048639771415607
395,T13,对应染色体三标准差Z值规则,0.0,2.0666666666666664,5.35,139.58333333333334,0.0,0.9854100482409696,0.0,,-0.023207036142591515,0.4927050241204848,0.949546485260771,0.417672374136741,0.05154113353222241,0.03639455782312925,0.014058956916099772,,,,,,
395,T13,L1正则多因素逻辑回归,0.5833333333333333,3.95,4.766666666666667,137.7,0.10903426791277258,0.9721143663960466,0.12867647058823528,0.11804384485666103,0.08790244139970256,0.5405743171544096,0.940702947845805,0.6193189669739411,0.2399912214242235,0.03639455782312925,0.030839002267573697,0.03181427196271644,0.15425770688924026,-1.385269077973303,0.5157639770321858,0.03639455782312925,0.036372952771906775
395,T18,对应染色体三标准差Z值规则,0.0,5.133333333333334,12.683333333333332,129.18333333333334,0.0,0.9617818587914134,0.0,,-0.05845360510427777,0.4808909293957067,0.8787981859410431,0.5868030763265465,0.10766810431153362,0.08628117913832198,0.034920634920634915,,,,,,
395,T18,L1正则多因素逻辑回归,4.45,3.25,8.233333333333334,131.06666666666666,0.3508541392904074,0.9758034495594987,0.577922077922078,0.43663123466884707,0.4116740454583672,0.6633287944249531,0.9218820861678003,0.8283821403222196,0.576858993893015,0.08628117913832198,0.05238095238095238,0.05343088315316602,0.21395498364070284,-0.2820724841758715,0.7844326165655391,0.08628117913832198,0.08143128453850935
395,T21,对应染色体三标准差Z值规则,0.0,0.0,3.25,143.75,0.0,1.0,,,,0.5,0.9778911564625851,0.5226458565589002,0.02771264301601352,0.022108843537414966,0.0,,,,,,
395,T21,L1正则多因素逻辑回归,0.3333333333333333,0.0,2.9166666666666665,143.75,0.10256410256410256,1.0,1.0,0.18604651162790695,0.31705595014835397,0.5512820512820513,0.9801587301587302,0.42224600520252675,0.12983020264460715,0.022108843537414966,0.0022675736961451248,0.02040237104731166,0.11153120773176123,-3.349445458661816,0.11035988682439829,0.022108843537414966,0.02315601053653331
396,T13,对应染色体三标准差Z值规则,0.0,2.933333333333333,2.583333333333333,141.48333333333335,0.0,0.9796884016156953,0.0,,-0.01908448831654647,0.48984420080784763,0.9624716553287983,0.5211899133385275,0.054211237119273226,0.017573696145124714,0.0199546485260771,,,,,,
396,T13,L1正则多因素逻辑回归,0.0,2.2,2.583333333333333,142.21666666666667,0.0,0.9847663012117716,0.0,,-0.01648574678823131,0.4923831506058858,0.9674603174603175,0.6155379047548138,0.053927639880206255,0.017573696145124714,0.014965986394557824,0.020557011765801957,0.09950588781469104,-2.6264341522484718,0.3614423282576776,0.017573696145124714,0.035294439195653754
396,T18,对应染色体三标准差Z值规则,0.0,5.859523809523809,8.566666666666666,132.57380952380953,0.0,0.9576725946819855,0.0,,-0.05068634421492227,0.47883629734099276,0.9018626498218335,0.5908627100670074,0.07227173110018371,0.0582766439909297,0.0398607061872368,,,,,,
396,T18,L1正则多因素逻辑回归,4.5,2.4166666666666665,4.066666666666666,136.01666666666665,0.5252918287937743,0.9825427401878161,0.6506024096385543,0.5812701829924651,0.5618325235700835,0.7539172844907952,0.9558956916099774,0.9227192930443874,0.6633403717794305,0.0582766439909297,0.04705215419501134,0.031945274989739876,0.12243594104388186,-0.048491215943310906,1.0988341091460863,0.0582766439909297,0.06575137110009227
396,T21,对应染色体三标准差Z值规则,0.0,0.0,3.083333333333333,143.91666666666666,0.0,1.0,,,,0.5,0.9790249433106575,0.6395360535487922,0.03417552552331897,0.0209750566893424,0.0,,,,,,
396,T21,L1正则多因素逻辑回归,0.0,0.0,3.083333333333333,143.91666666666666,0.0,1.0,,,,0.5,0.9790249433106575,0.21495485062364045,0.015643349792414767,0.0209750566893424,0.0,0.021416833814934626,0.12450661834958393,-9.674036880000234,-1.3208039430664944,0.0209750566893424,0.022848933966519602
397,T13,对应染色体三标准差Z值规则,0.2,3.9880952380952377,5.283333333333332,137.5285714285714,0.03647416413373861,0.9718189006847586,0.04775440591245027,0.041358936484490405,0.009446059971793989,0.5041465324092487,0.9369290573372205,0.5114533418516288,0.053450508322266804,0.037301587301587294,0.028490443796566248,,,,,,
397,T13,L1正则多因素逻辑回归,0.8333333333333333,3.0,4.65,138.51666666666665,0.1519756838905775,0.9788010835001767,0.21739130434782608,0.17889087656529518,0.15550611355952512,0.5653883836953771,0.9479591836734693,0.6840850568809977,0.2374656394558346,0.037301587301587294,0.02607709750566893,0.03277178380995696,0.14819270870592893,-0.9810884051809402,0.6420080648562411,0.037301587301587294,0.03722560391307121
397,T18,对应染色体三标准差Z值规则,0.0,4.821428571428572,10.716666666666667,131.46190476190475,0.0,0.9646220234455528,0.0,,-0.051639173547689356,0.4823110117227764,0.8942986718496921,0.5848128486496431,0.09173576138616119,0.07290249433106574,0.03279883381924198,,,,,,
397,T18,L1正则多因素逻辑回归,4.75,2.1666666666666665,5.966666666666667,134.11666666666667,0.4432348367029549,0.9841017488076312,0.6867469879518073,0.5387523629489603,0.5246620522628207,0.7136682927552931,0.9446712018140591,0.9058507428281466,0.657378478942048,0.07290249433106574,0.04705215419501133,0.04007772477990346,0.151115859828821,0.055915526679015594,1.0256987452691533,0.07290249433106574,0.07233748557261421
397,T21,对应染色体三标准差Z值规则,0.0,0.0,2.9166666666666665,144.08333333333331,0.0,1.0,,,,0.5,0.9801587301587302,0.49362401293658,0.022937114829929578,0.019841269841269837,0.0,,,,,,
397,T21,L1正则多因素逻辑回归,0.3333333333333333,0.0,2.583333333333333,144.08333333333331,0.11428571428571428,1.0,1.0,0.20512820512820512,0.33507122716331117,0.5571428571428572,0.9824263038548754,0.6189393420757545,0.14499114394488036,0.019841269841269837,0.0022675736961451248,0.01804065580004505,0.09224248843334008,-0.5275859513583127,0.8978556444379104,0.019841269841269837,0.02335900291643556
398,T13,对应染色体三标准差Z值规则,0.0,3.7428571428571424,8.45,134.80714285714288,0.0,0.9729855132236944,0.0,,-0.039917981488663906,0.4864927566118472,0.9170553935860059,0.5568831566943885,0.13406662967550304,0.057482993197278905,0.025461613216715258,,,,,,
398,T13,L1正则多因素逻辑回归,2.0,6.4,6.45,132.15,0.2366863905325444,0.9538072897870804,0.23809523809523808,0.2373887240356083,0.19102531907775816,0.5952468401598124,0.9125850340136055,0.6331096226440869,0.2402765831701423,0.057482993197278905,0.05714285714285715,0.05104919950960819,0.2295111450251347,-1.1834297964316205,0.4317828883701653,0.057482993197278905,0.040856057380566455
398,T18,对应染色体三标准差Z值规则,0.0,5.5928571428571425,14.483333333333333,126.92380952380952,0.0,0.957795066209102,0.0,,-0.06574764491504151,0.478897533104551,0.8634272756721736,0.5302375951271323,0.1095647870631777,0.09852607709750565,0.038046647230320696,,,,,,
398,T18,L1正则多因素逻辑回归,7.65,2.9166666666666665,6.833333333333334,129.6,0.5281933256616801,0.9779901899132185,0.7239747634069401,0.6107784431137725,0.5840476268777082,0.7530917577874493,0.9336734693877551,0.9239272195989685,0.7500193205663196,0.09852607709750565,0.07188208616780045,0.045818495446906526,0.16779749438422195,0.2725338399981519,1.0295712028783985,0.09852607709750565,0.08820000154165879
398,T21,对应染色体三标准差Z值规则,0.0,0.0,3.4999999999999996,143.5,0.0,1.0,,,,0.5,0.9761904761904762,0.5833795539121572,0.039695693386595815,0.023809523809523808,0.0,,,,,,
398,T21,L1正则多因素逻辑回归,0.25,0.5,3.2499999999999996,143.0,0.07142857142857144,0.9965156794425087,0.3333333333333333,0.11764705882352942,0.1453898599700606,0.5339721254355401,0.9744897959183674,0.5318696816705776,0.10281098844609624,0.023809523809523808,0.00510204081632653,0.02251323306657349,0.11462346983731851,-2.258620268151264,0.37152591336768653,0.023809523809523808,0.023221265729897866
399,T13,对应染色体三标准差Z值规则,0.4,4.50952380952381,7.483333333333333,134.60714285714286,0.0507399577167019,0.9675845898440842,0.08147429679922404,0.06253489670575096,0.022976063199923062,0.509162273780393,0.918415937803693,0.5031340145501759,0.09209976646536358,0.05362811791383219,0.033398121153223194,,,,,,
399,T13,L1正则多因素逻辑回归,0.0,2.95,7.883333333333333,136.16666666666669,0.0,0.9787947765664311,0.0,,-0.03406589004449573,0.48939738828321555,0.9263038548752834,0.4978813302511277,0.08994603696950992,0.05362811791383219,0.020068027210884354,0.052847957069221733,0.25561114834377413,-2.4719482600072626,0.09666426532411582,0.05362811791383219,0.03777324678366398
399,T18,对应染色体三标准差Z值规则,0.0,5.809523809523809,9.783333333333333,131.40714285714284,0.0,0.9576616751401157,0.0,,-0.05416360464633428,0.47883083757005784,0.8939261418853255,0.5386904768063115,0.0749089917345147,0.06655328798185942,0.03952057013281503,,,,,,
399,T18,L1正则多因素逻辑回归,4.0,4.0,5.783333333333334,133.21666666666667,0.40885860306643945,0.9708490222276206,0.5,0.4498594189315839,0.4171995036421204,0.68985381264703,0.9334467120181406,0.8916601735466939,0.556595687859396,0.06655328798185942,0.05442176870748299,0.04412558679022193,0.16084961419124688,-0.3960774991810406,0.9223905309402114,0.06655328798185942,0.07957128965876299
399,T21,对应染色体三标准差Z值规则,0.0,0.0,2.9166666666666665,144.08333333333334,0.0,1.0,,,,0.5,0.9801587301587302,0.5410634907519976,0.022524576540436245,0.01984126984126984,0.0,,,,,,
399,T21,L1正则多因素逻辑回归,0.0,0.0,2.9166666666666665,144.08333333333334,0.0,1.0,,,,0.5,0.9801587301587302,0.4503077159145902,0.021761444102614665,0.01984126984126984,0.0,0.019894510923918047,0.1058547798652573,-5.335830624104978,-0.35724589343404356,0.01984126984126984,0.02394631713786005
400,T13,对应染色体三标准差Z值规则,0.6,3.216666666666667,6.95,136.23333333333335,0.07947019867549669,0.9769331899127525,0.15720524017467247,0.10557184750733138,0.07828879003148781,0.5282016942941246,0.9308390022675735,0.6120468765035049,0.18479399075627903,0.05136054421768707,0.025963718820861677,,,,,,
400,T13,L1正则多因素逻辑回归,1.4166666666666665,3.0,6.133333333333333,136.45,0.18763796909492275,0.9784869128719972,0.32075471698113206,0.23676880222841226,0.21480071713760548,0.5830624409834599,0.9378684807256235,0.6384709463455435,0.2470549051732285,0.05136054421768707,0.0300453514739229,0.04531956750600238,0.2044856439870297,-1.1342499862587558,0.47916547019605144,0.05136054421768707,0.039093598537195746
400,T18,对应染色体三标准差Z值规则,0.0,7.7023809523809526,16.199999999999996,123.09761904761903,0.0,0.9411132954710937,0.0,,-0.08275500817935769,0.47055664773554684,0.8373987690314222,0.550793111445507,0.12091675107540832,0.11020408163265305,0.05239714933592484,,,,,,
400,T18,L1正则多因素逻辑回归,7.95,1.5,8.25,129.3,0.49074074074074076,0.9885321100917431,0.8412698412698414,0.6198830409356726,0.6119247316099635,0.739636425416242,0.9336734693877551,0.8930104076213489,0.7297154692982167,0.11020408163265305,0.06428571428571428,0.05282646086204334,0.20427830809894446,0.4112377984538744,0.9614557249188391,0.11020408163265305,0.08618794632053219
400,T21,对应染色体三标准差Z值规则,0.0,0.0,3.6666666666666665,143.33333333333334,0.0,1.0,,,,0.5,0.9750566893424036,0.47711680761099357,0.027197746803280486,0.02494331065759637,0.0,,,,,,
400,T21,L1正则多因素逻辑回归,0.6666666666666666,0.0,3.0,143.33333333333334,0.18181818181818182,1.0,1.0,0.3076923076923077,0.42200794069388964,0.5909090909090909,0.9795918367346939,0.5151887647236482,0.20837524557133705,0.02494331065759637,0.0045351473922902496,0.021575126260145638,0.11391179203475685,-1.2171523498534484,0.6535718892899309,0.02494331065759637,0.025864502364956528
